trade_time,active_symbols,down_breadth,up_breadth,common_return
2022-12-23 09:00:00,0,0.0,0.0,0.0
2022-12-23 09:30:00,0,0.0,0.0,0.0031682027649768685
2022-12-23 10:00:00,0,0.0,0.0,0.0008613264427217437
2022-12-23 10:30:00,0,0.0,0.0,0.0
2022-12-23 11:00:00,0,0.0,0.0,-0.0011474469305794432
2022-12-23 13:30:00,0,0.0,0.0,-0.0028719126938541173
2022-12-23 14:00:00,0,0.0,0.0,-0.006048387096774244
2022-12-23 14:30:00,0,0.0,0.0,-0.011301072152999136
2022-12-26 09:00:00,0,0.0,0.0,0.002637749120750321
2022-12-26 09:30:00,0,0.0,0.0,0.0029231218941829784
2022-12-26 10:00:00,1,0.0,0.0,0.0034975225881668237
2022-12-26 10:30:00,1,0.0,0.0,0.006389776357827559
2022-12-26 11:00:00,1,0.0,0.0,-0.0051948051948051965
2022-12-26 13:30:00,1,0.0,0.0,-0.003481288076588318
2022-12-26 14:00:00,1,0.0,0.0,-0.0029112081513827937
2022-12-26 14:30:00,1,0.0,0.0,0.0026277372262772936
2022-12-27 09:00:00,1,0.0,0.0,0.00815375655212569
2022-12-27 09:30:00,1,0.0,0.0,-0.0008665511265164572
2022-12-27 10:00:00,1,0.0,0.0,-0.0008673026886383273
2022-12-27 10:30:00,1,0.0,0.0,-0.0002893518518518601
2022-12-27 11:00:00,1,0.0,0.0,-0.0005788712011577379
2022-12-27 13:30:00,1,0.0,0.0,0.0011584129742252536
2022-12-27 14:00:00,1,0.0,0.0,0.0002892681515764828
2022-12-27 14:30:00,1,0.0,0.0,-0.007229612492770432
2022-12-28 09:00:00,1,0.0,0.0,0.018351296242353543
2022-12-28 09:30:00,1,0.0,0.0,-0.0022883295194507935
2022-12-28 10:00:00,1,0.0,0.0,0.0011467889908256534
2022-12-28 10:30:00,1,0.0,0.0,-0.001145475372279492
2022-12-28 11:00:00,1,0.0,0.0,0.0005733944954129377
2022-12-28 13:30:00,1,0.0,0.0,-0.0005730659025787732
2022-12-28 14:00:00,1,0.0,0.0,-0.0031536697247706025
2022-12-28 14:30:00,1,0.0,0.0,0.0023008340523440474
2022-12-29 09:00:00,1,0.0,0.0,0.004017216642754562
2022-12-29 09:30:00,1,0.0,0.0,0.0005715918833952838
2022-12-29 10:00:00,1,0.0,0.0,0.0011425307055126233
2022-12-29 10:30:00,1,0.0,0.0,-0.0014265335235378318
2022-12-29 11:00:00,1,0.0,0.0,-0.003142857142857114
2022-12-29 13:30:00,1,0.0,0.0,0.00028661507595306723
2022-12-29 14:00:00,1,0.0,0.0,-0.0008595988538682153
2022-12-29 14:30:00,1,0.0,0.0,0.004588471465443167
2022-12-30 09:00:00,1,0.0,0.0,0.014844419069369064
2022-12-30 09:30:00,1,0.0,0.0,-0.0002812939521800173
2022-12-30 10:00:00,1,0.0,0.0,0.0011254924029262536
2022-12-30 10:30:00,1,0.0,0.0,-0.0005621135469364713
2022-12-30 11:00:00,1,0.0,0.0,0.030933633295838092
2022-12-30 13:30:00,1,0.0,0.0,0.0
2022-12-30 14:00:00,1,0.0,0.0,-0.008183306055646433
2022-12-30 14:30:00,1,0.0,0.0,-0.015676567656765727
2023-01-03 09:00:00,1,0.0,0.0,-0.007823414361553538
2023-01-03 09:30:00,1,0.0,0.0,0.013798929878907407
2023-01-03 10:00:00,1,0.0,0.0,-0.0038888888888889417
2023-01-03 10:30:00,1,0.0,0.0,0.0
2023-01-03 11:00:00,1,0.0,0.0,-0.0002788622420524245
2023-01-03 13:30:00,1,0.0,0.0,-0.002789400278940035
2023-01-03 14:00:00,1,0.0,0.0,-0.0008391608391608019
2023-01-03 14:30:00,1,0.0,0.0,-0.0050391937290034106
2023-01-04 09:00:00,1,0.0,0.0,0.012661789532920631
2023-01-04 09:30:00,1,0.0,0.0,0.0013892747985551068
2023-01-04 10:00:00,1,0.0,0.0,-0.0016648168701443034
2023-01-04 10:30:00,1,0.0,0.0,-0.0019455252918287869
2023-01-04 11:00:00,1,0.0,0.0,-0.011695906432748537
2023-01-04 13:30:00,1,0.0,0.0,0.00028176951253877647
2023-01-04 14:00:00,1,0.0,0.0,-0.0022535211267605826
2023-01-04 14:30:00,1,0.0,0.0,-0.0039525691699604515
2023-01-05 09:00:00,1,0.0,0.0,0.007086167800453458
2023-01-05 09:30:00,1,0.0,0.0,-0.005347593582887722
2023-01-05 10:00:00,1,0.0,0.0,-0.000848896434634927
2023-01-05 10:30:00,1,0.0,0.0,0.000849617672047609
2023-01-05 11:00:00,1,0.0,0.0,-0.002263723825693287
2023-01-05 13:30:00,1,0.0,0.0,0.00028360748723765816
2023-01-05 14:00:00,1,0.0,0.0,-0.00226821661468668
2023-01-05 14:30:00,1,0.0,0.0,-0.0005683432793407439
2023-01-06 09:00:00,1,0.0,0.0,0.001705999431333538
2023-01-06 09:30:00,1,0.0,0.0,-0.002554640931024643
2023-01-06 10:00:00,1,0.0,0.0,0.0017074558907228532
2023-01-06 10:30:00,1,0.0,0.0,0.0042613636363635354
2023-01-06 11:00:00,1,0.0,0.0,0.001697312588401667
2023-01-06 13:30:00,1,0.0,0.0,-0.003671279299632846
2023-01-06 14:00:00,1,0.0,0.0,0.0005668934240363743
2023-01-06 14:30:00,1,0.0,0.0,0.00963172804532575
2023-01-09 09:00:00,1,0.0,0.0,-0.0030864197530864335
2023-01-09 09:30:00,1,0.0,0.0,-0.0008443568815086344
2023-01-09 10:00:00,1,0.0,0.0,0.0008450704225351213
2023-01-09 10:30:00,1,0.0,0.0,-0.0005629045876723859
2023-01-09 11:00:00,1,0.0,0.0,-0.00028161081385524867
2023-01-09 13:30:00,1,0.0,0.0,0.003943661971830936
2023-01-09 14:00:00,1,0.0,0.0,-0.002525252525252486
2023-01-09 14:30:00,1,0.0,0.0,-0.004500703234880499
2023-01-10 09:00:00,1,0.0,0.0,0.0002825656965244061
2023-01-10 09:30:00,1,0.0,0.0,0.0028248587570620654
2023-01-10 10:00:00,1,0.0,0.0,-0.0011267605633802358
2023-01-10 10:30:00,1,0.0,0.0,0.0011280315848842815
2023-01-10 11:00:00,1,0.0,0.0,-0.00028169014084511446
2023-01-10 13:30:00,1,0.0,0.0,-0.007889546351084853
2023-01-10 14:00:00,1,0.0,0.0,0.001988071570576455
2023-01-10 14:30:00,1,0.0,0.0,-0.009353741496598622
2023-01-11 09:00:00,1,0.0,0.0,0.0028612303290413976
2023-01-11 09:30:00,1,0.0,0.0,-0.0005706134094151105
2023-01-11 10:00:00,1,0.0,0.0,-0.0005709391949757503
2023-01-11 10:30:00,1,0.0,0.0,-0.004570122822050826
2023-01-11 11:00:00,1,0.0,0.0,0.0002869440459110084
2023-01-11 13:30:00,1,0.0,0.0,0.0
2023-01-11 14:00:00,1,0.0,0.0,-0.0005737234652897216
2023-01-11 14:30:00,1,0.0,0.0,-0.0040183696900114585
2023-01-12 09:00:00,1,0.0,0.0,0.007492795389048901
2023-01-12 09:30:00,1,0.0,0.0,0.008295194508009196
2023-01-12 10:00:00,1,0.0,0.0,-0.0036879432624113972
2023-01-12 10:30:00,1,0.0,0.0,-0.00028473804100226374
2023-01-12 11:00:00,1,0.0,0.0,0.00284819139846193
2023-01-12 13:30:00,1,0.0,0.0,-0.0008520306731042426
2023-01-12 14:00:00,1,0.0,0.0,-0.005685048322910724
2023-01-12 14:30:00,1,0.0,0.0,-0.002572898799313883
2023-01-13 09:00:00,1,0.0,0.0,0.01003152765835491
2023-01-13 09:30:00,1,0.0,0.0,0.0008513053348466748
2023-01-13 10:00:00,1,0.0,0.0,-0.0011341083073433955
2023-01-13 10:30:00,1,0.0,0.0,-0.0008515469770081774
2023-01-13 11:00:00,1,0.0,0.0,-0.002272727272727315
2023-01-13 13:30:00,1,0.0,0.0,-0.0005694760820045275
2023-01-13 14:00:00,1,0.0,0.0,-0.0014245014245014564
2023-01-13 14:30:00,1,0.0,0.0,-0.00028530670470761077
2023-01-16 09:00:00,1,0.0,0.0,0.005136986301369939
2023-01-16 09:30:00,1,0.0,0.0,-0.0025553662691651935
2023-01-16 10:00:00,1,0.0,0.0,-0.000569313976658159
2023-01-16 10:30:00,1,0.0,0.0,0.0
2023-01-16 11:00:00,1,0.0,0.0,0.0005696382796924748
2023-01-16 13:30:00,1,0.0,0.0,-0.002846569883290684
2023-01-16 14:00:00,1,0.0,0.0,0.0005709391949757503
2023-01-16 14:30:00,1,0.0,0.0,-0.0005706134094151105
2023-01-17 09:00:00,1,0.0,0.0,0.003711104767342377
2023-01-17 09:30:00,1,0.0,0.0,0.0011376564277587597
2023-01-17 10:00:00,1,0.0,0.0,0.005965909090908994
2023-01-17 10:30:00,1,0.0,0.0,-0.0019768426998023614
2023-01-17 11:00:00,1,0.0,0.0,0.004244482173174857
2023-01-17 13:30:00,1,0.0,0.0,0.00028176951253877647
2023-01-17 14:00:00,1,0.0,0.0,-0.004225352112676051
2023-01-17 14:30:00,1,0.0,0.0,-0.0033946251768034452
2023-01-18 09:00:00,1,0.0,0.0,0.005960828839057575
2023-01-18 09:30:00,1,0.0,0.0,0.0002821670428894141
2023-01-18 10:00:00,1,0.0,0.0,0.0014104372355430161
2023-01-18 10:30:00,1,0.0,0.0,0.00028169014084511446
2023-01-18 11:00:00,1,0.0,0.0,0.0014080540692762433
2023-01-18 13:30:00,1,0.0,0.0,-0.0022497187851518996
2023-01-18 14:00:00,1,0.0,0.0,-0.0033821871476887866
2023-01-18 14:30:00,1,0.0,0.0,0.0016968325791855143
2023-01-19 09:00:00,1,0.0,0.0,0.0031055900621117516
2023-01-19 09:30:00,1,0.0,0.0,0.003940332113706813
2023-01-19 10:00:00,1,0.0,0.0,0.001682085786375076
2023-01-19 10:30:00,1,0.0,0.0,-0.0011195074167366093
2023-01-19 11:00:00,1,0.0,0.0,0.0005603810591201519
2023-01-19 13:30:00,1,0.0,0.0,-0.0008401008120973996
2023-01-19 14:00:00,1,0.0,0.0,0.0022421524663676085
2023-01-19 14:30:00,1,0.0,0.0,0.025167785234899265
2023-01-20 09:00:00,1,0.0,0.0,-0.006273867975995606
2023-01-20 09:30:00,1,0.0,0.0,0.005489980785067239
2023-01-20 10:00:00,1,0.0,0.0,-0.0016380016380016515
2023-01-20 10:30:00,1,0.0,0.0,0.0
2023-01-20 11:00:00,1,0.0,0.0,0.001640689089417613
2023-01-20 13:30:00,1,0.0,0.0,-0.00354900354900356
2023-01-20 14:00:00,1,0.0,0.0,0.009041095890411022
2023-01-20 14:30:00,1,0.0,0.0,0.009503122454520785
2023-01-30 09:00:00,1,0.0,0.0,-0.008337816030123735
2023-01-30 09:30:00,1,0.0,0.0,-0.003525901817195587
2023-01-30 10:00:00,1,0.0,0.0,-0.0062602068590092985
2023-01-30 10:30:00,1,0.0,0.0,0.0032867707477404196
2023-01-30 11:00:00,1,0.0,0.0,-0.00354900354900356
2023-01-30 13:30:00,1,0.0,0.0,-0.004931506849315093
2023-01-30 14:00:00,1,0.0,0.0,-0.00798458149779735
2023-01-30 14:30:00,1,0.0,0.0,0.0033305578684430515
2023-01-31 09:00:00,1,0.0,0.0,0.0016597510373443924
2023-01-31 09:30:00,1,0.0,0.0,0.0013808340237504435
2023-01-31 10:00:00,1,0.0,0.0,-0.001654715940430207
2023-01-31 10:30:00,1,0.0,0.0,0.001933701657458542
2023-01-31 11:00:00,1,0.0,0.0,-0.0035842293906810374
2023-01-31 13:30:00,1,0.0,0.0,-0.003320420586607642
2023-01-31 14:00:00,1,0.0,0.0,-0.003331482509716821
2023-01-31 14:30:00,1,0.0,0.0,-0.005013927576601684
2023-02-01 09:00:00,1,0.0,0.0,0.0019596864501678635
2023-02-01 09:30:00,1,0.0,0.0,-0.0033528918692372622
2023-02-01 10:00:00,1,0.0,0.0,0.0005606952621250993
2023-02-01 10:30:00,1,0.0,0.0,-0.008685906416363132
2023-02-01 11:00:00,1,0.0,0.0,0.004804974561899433
2023-02-01 13:30:00,1,0.0,0.0,0.0005625879043600346
2023-02-01 14:00:00,1,0.0,0.0,0.006747258926061317
2023-02-01 14:30:00,1,0.0,0.0,-0.0002792516056967509
2023-02-02 09:00:00,1,0.0,0.0,0.003910614525139744
2023-02-02 09:30:00,1,0.0,0.0,-0.0011129660545353692
2023-02-02 10:00:00,1,0.0,0.0,-0.002506963788300842
2023-02-02 10:30:00,1,0.0,0.0,-0.0005585032113935018
2023-02-02 11:00:00,1,0.0,0.0,-0.0011176306230791244
2023-02-02 13:30:00,1,0.0,0.0,0.0013986013986013734
2023-02-02 14:00:00,1,0.0,0.0,-0.010055865921787754
2023-02-02 14:30:00,1,0.0,0.0,-0.005361173814898423
2023-02-03 09:00:00,1,0.0,0.0,0.007659574468085184
2023-02-03 09:30:00,1,0.0,0.0,-0.0045045045045044585
2023-02-03 10:00:00,1,0.0,0.0,-0.005373303167420795
2023-02-03 10:30:00,1,0.0,0.0,0.0002843332385555897
2023-02-03 11:00:00,1,0.0,0.0,0.0017055144968731728
2023-02-03 13:30:00,1,0.0,0.0,0.0031214528944381037
2023-02-03 14:00:00,1,0.0,0.0,0.0008486562942009446
2023-02-03 14:30:00,1,0.0,0.0,0.003109101187111385
2023-02-06 09:00:00,1,0.0,0.0,-0.004790081713158645
2023-02-06 09:30:00,1,0.0,0.0,0.003963759909399789
2023-02-06 10:00:00,1,0.0,0.0,-0.0005640157924421407
2023-02-06 10:30:00,1,0.0,0.0,0.003103837471783333
2023-02-06 11:00:00,1,0.0,0.0,-0.0008438818565400519
2023-02-06 13:30:00,1,0.0,0.0,-0.00028153153153154253
2023-02-06 14:00:00,1,0.0,0.0,0.00028161081385524867
2023-02-06 14:30:00,1,0.0,0.0,0.0002815315315314315
2023-02-07 09:00:00,1,0.0,0.0,-0.0033774275260343156
2023-02-07 09:30:00,1,0.0,0.0,0.0019768426998023614
2023-02-07 10:00:00,1,0.0,0.0,0.0005636978579481866
2023-02-07 10:30:00,1,0.0,0.0,-0.0016901408450704647
2023-02-07 11:00:00,1,0.0,0.0,-0.0028216704288939187
2023-02-07 13:30:00,1,0.0,0.0,0.0014148273910583598
2023-02-07 14:00:00,1,0.0,0.0,0.0
2023-02-07 14:30:00,1,0.0,0.0,0.0011302627860978465
2023-02-08 09:00:00,1,0.0,0.0,0.0019757267852102967
2023-02-08 09:30:00,1,0.0,0.0,0.0028169014084507005
2023-02-08 10:00:00,1,0.0,0.0,0.0
2023-02-08 10:30:00,1,0.0,0.0,-0.0008426966292134352
2023-02-08 11:00:00,1,0.0,0.0,-0.0005622715771718134
2023-02-08 13:30:00,1,0.0,0.0,0.004500703234880499
2023-02-08 14:00:00,1,0.0,0.0,0.007280873704844648
2023-02-08 14:30:00,1,0.0,0.0,-0.006116207951070374
2023-02-09 09:00:00,1,0.0,0.0,0.0011188811188811432
2023-02-09 09:30:00,1,0.0,0.0,0.0083822296730931
2023-02-09 10:00:00,1,0.0,0.0,-0.00193959545580491
2023-02-09 10:30:00,1,0.0,0.0,-0.0005552470849528035
2023-02-09 11:00:00,1,0.0,0.0,0.0016666666666667052
2023-02-09 13:30:00,1,0.0,0.0,-0.0002773155851358844
2023-02-09 14:00:00,1,0.0,0.0,0.0005547850208045269
2023-02-09 14:30:00,1,0.0,0.0,-0.000831716107568603
2023-02-10 09:00:00,1,0.0,0.0,0.002497225305216455
2023-02-10 09:30:00,1,0.0,0.0,-0.00913368391918079
2023-02-10 10:00:00,1,0.0,0.0,-0.004748603351955261
2023-02-10 10:30:00,1,0.0,0.0,0.002806623631770977
2023-02-10 11:00:00,1,0.0,0.0,0.00027987685418406905
2023-02-10 13:30:00,1,0.0,0.0,0.0022383883603804833
2023-02-10 14:00:00,1,0.0,0.0,0.004466778336124966
2023-02-10 14:30:00,1,0.0,0.0,-0.0019455252918287869
2023-02-13 09:00:00,1,0.0,0.0,-0.001113895850737956
2023-02-13 09:30:00,1,0.0,0.0,0.001115137998327187
2023-02-13 10:00:00,1,0.0,0.0,0.0019493177387914784
2023-02-13 10:30:00,1,0.0,0.0,0.0038910505836575737
2023-02-13 11:00:00,1,0.0,0.0,-0.001384274640088612
2023-02-13 13:30:00,1,0.0,0.0,-0.002772387025228751
2023-02-13 14:00:00,1,0.0,0.0,0.0022240756185709643
2023-02-13 14:30:00,1,0.0,0.0,-0.005825242718446644
2023-02-14 09:00:00,1,0.0,0.0,0.00390625
2023-02-14 09:30:00,1,0.0,0.0,-0.0011117287381878782
2023-02-14 10:00:00,1,0.0,0.0,0.0011129660545352582
2023-02-14 10:30:00,1,0.0,0.0,0.0013896609227348478
2023-02-14 11:00:00,1,0.0,0.0,-0.0005550929780738789
2023-02-14 13:30:00,1,0.0,0.0,0.0
2023-02-14 14:00:00,1,0.0,0.0,0.00027770063871157546
2023-02-14 14:30:00,1,0.0,0.0,-0.0036091060521932228
2023-02-15 09:00:00,1,0.0,0.0,0.0022290331568681765
2023-02-15 09:30:00,1,0.0,0.0,-0.0022240756185710753
2023-02-15 10:00:00,1,0.0,0.0,0.003622178879910898
2023-02-15 10:30:00,1,0.0,0.0,-0.0036091060521932228
2023-02-15 11:00:00,1,0.0,0.0,0.0002786291446086331
2023-02-15 13:30:00,1,0.0,0.0,-0.00027855153203337757
2023-02-15 14:00:00,1,0.0,0.0,-0.0013931457230426103
2023-02-15 14:30:00,1,0.0,0.0,-0.001953125
2023-02-16 09:00:00,1,0.0,0.0,-0.0005591277606933343
2023-02-16 09:30:00,1,0.0,0.0,0.0
2023-02-16 10:00:00,1,0.0,0.0,-0.009510489510489495
2023-02-16 10:30:00,1,0.0,0.0,0.0019768426998023614
2023-02-16 11:00:00,1,0.0,0.0,0.0
2023-02-16 13:30:00,1,0.0,0.0,0.0005636978579481866
2023-02-16 14:00:00,1,0.0,0.0,-0.00028169014084511446
2023-02-16 14:30:00,1,0.0,0.0,-0.006480698788391082
2023-02-17 09:00:00,1,0.0,0.0,0.005955757231990821
2023-02-17 09:30:00,1,0.0,0.0,-0.0014096419509445068
2023-02-17 10:00:00,1,0.0,0.0,-0.0022586109542631627
2023-02-17 10:30:00,1,0.0,0.0,0.000848896434634927
2023-02-17 11:00:00,1,0.0,0.0,-0.0016963528413910245
2023-02-17 13:30:00,1,0.0,0.0,0.0002832058906825363
2023-02-17 14:00:00,1,0.0,0.0,-0.003397508493771184
2023-02-17 14:30:00,1,0.0,0.0,-0.01278409090909094
2023-02-20 09:00:00,1,0.0,0.0,0.0
2023-02-20 09:30:00,1,0.0,0.0,0.0014388489208632116
2023-02-20 10:00:00,1,0.0,0.0,0.0022988505747125743
2023-02-20 10:30:00,1,0.0,0.0,0.0011467889908256534
2023-02-20 11:00:00,1,0.0,0.0,0.001145475372279492
2023-02-20 13:30:00,1,0.0,0.0,-0.0017162471395880674
2023-02-20 14:00:00,1,0.0,0.0,0.0
2023-02-20 14:30:00,1,0.0,0.0,0.0011461318051575464
2023-02-21 09:00:00,1,0.0,0.0,0.006582713222667458
2023-02-21 09:30:00,1,0.0,0.0,0.001705999431333538
2023-02-21 10:00:00,1,0.0,0.0,0.001986942946352599
2023-02-21 10:30:00,1,0.0,0.0,0.0
2023-02-21 11:00:00,1,0.0,0.0,0.007082152974504208
2023-02-21 13:30:00,1,0.0,0.0,-0.00421940928270037
2023-02-21 14:00:00,1,0.0,0.0,-0.003107344632768405
2023-02-21 14:30:00,1,0.0,0.0,0.0017001983564748357
2023-02-22 09:00:00,1,0.0,0.0,0.0028288543140029265
2023-02-22 09:30:00,1,0.0,0.0,-0.003102961918194591
2023-02-22 10:00:00,1,0.0,0.0,0.0011318619128466434
2023-02-22 10:30:00,1,0.0,0.0,-0.0005652911249293124
2023-02-22 11:00:00,1,0.0,0.0,-0.0002828054298642524
2023-02-22 13:30:00,1,0.0,0.0,-0.0033946251768034452
2023-02-22 14:00:00,1,0.0,0.0,-0.0028384899233607763
2023-02-22 14:30:00,1,0.0,0.0,0.000569313976658048
2023-02-23 09:00:00,1,0.0,0.0,0.005120910384068367
2023-02-23 09:30:00,1,0.0,0.0,-0.002264364562694632
2023-02-23 10:00:00,1,0.0,0.0,0.003120567375886507
2023-02-23 10:30:00,1,0.0,0.0,0.0002828054298642524
2023-02-23 11:00:00,1,0.0,0.0,-0.0014136273678257982
2023-02-23 13:30:00,1,0.0,0.0,-0.0014156285390714007
2023-02-23 14:00:00,1,0.0,0.0,-0.0011341083073433955
2023-02-23 14:30:00,1,0.0,0.0,0.0002838489923360221
2023-02-24 09:00:00,1,0.0,0.0,-0.0002837684449489286
2023-02-24 09:30:00,1,0.0,0.0,-0.0014192449616803327
2023-02-24 10:00:00,1,0.0,0.0,0.003126776577600854
2023-02-24 10:30:00,1,0.0,0.0,-0.0025502975347123646
2023-02-24 11:00:00,1,0.0,0.0,-0.001136363636363602
2023-02-24 13:30:00,1,0.0,0.0,0.0017064846416381396
2023-02-24 14:00:00,1,0.0,0.0,0.0
2023-02-24 14:30:00,1,0.0,0.0,0.0014196479273140827
2023-02-27 09:00:00,1,0.0,0.0,0.002268216614686791
2023-02-27 09:30:00,1,0.0,0.0,-0.0031117397454031304
2023-02-27 10:00:00,1,0.0,0.0,0.0005675368898978572
2023-02-27 10:30:00,1,0.0,0.0,0.0005672149744753163
2023-02-27 11:00:00,1,0.0,0.0,-0.0014172335600907138
2023-02-27 13:30:00,1,0.0,0.0,-0.005676979846721553
2023-02-27 14:00:00,1,0.0,0.0,0.001998287182415126
2023-02-27 14:30:00,1,0.0,0.0,-0.0039886039886040114
2023-02-28 09:00:00,1,0.0,0.0,0.0017162471395881784
2023-02-28 09:30:00,1,0.0,0.0,0.0005711022272987254
2023-02-28 10:00:00,1,0.0,0.0,-0.003424657534246589
2023-02-28 10:30:00,1,0.0,0.0,0.001145475372279492
2023-02-28 11:00:00,1,0.0,0.0,0.0017162471395881784
2023-02-28 13:30:00,1,0.0,0.0,-0.0008566533409479771
2023-02-28 14:00:00,1,0.0,0.0,0.0014289797084880984
2023-02-28 14:30:00,1,0.0,0.0,0.0
2023-03-01 09:00:00,1,0.0,0.0,0.0
2023-03-01 09:30:00,1,0.0,0.0,0.003139269406392753
2023-03-01 10:00:00,1,0.0,0.0,0.0
2023-03-01 10:30:00,1,0.0,0.0,-0.0002844950213370945
2023-03-01 11:00:00,1,0.0,0.0,0.0005691519635742104
2023-03-01 13:30:00,1,0.0,0.0,-0.0017064846416382506
2023-03-01 14:00:00,1,0.0,0.0,-0.0002849002849002469
2023-03-01 14:30:00,1,0.0,0.0,-0.00028498147620403813
2023-03-02 09:00:00,1,0.0,0.0,0.0014253135689852314
2023-03-02 09:30:00,1,0.0,0.0,-0.001423284941645342
2023-03-02 10:00:00,1,0.0,0.0,-0.0005701254275940482
2023-03-02 10:30:00,1,0.0,0.0,0.0
2023-03-02 11:00:00,1,0.0,0.0,0.00028522532800923095
2023-03-02 13:30:00,1,0.0,0.0,0.0
2023-03-02 14:00:00,1,0.0,0.0,-0.0002851439977188397
2023-03-02 14:30:00,1,0.0,0.0,-0.00028522532800911993
2023-03-03 09:00:00,1,0.0,0.0,0.00028530670470749975
2023-03-03 09:30:00,1,0.0,0.0,0.0005704506560182399
2023-03-03 10:00:00,1,0.0,0.0,-0.0008551881413910722
2023-03-03 10:30:00,1,0.0,0.0,0.00028530670470749975
2023-03-03 11:00:00,1,0.0,0.0,0.00028522532800923095
2023-03-03 13:30:00,1,0.0,0.0,-0.0002851439977188397
2023-03-03 14:00:00,1,0.0,0.0,-0.00028522532800911993
2023-03-03 14:30:00,1,0.0,0.0,-0.0019971469329529423
2023-03-06 09:00:00,1,0.0,0.0,-0.002001143510577452
2023-03-06 09:30:00,1,0.0,0.0,-0.0025780578630765216
2023-03-06 10:00:00,1,0.0,0.0,-0.0005743825387708457
2023-03-06 10:30:00,1,0.0,0.0,0.0011494252873562871
2023-03-06 11:00:00,1,0.0,0.0,0.0
2023-03-06 13:30:00,1,0.0,0.0,-0.00086107921928813
2023-03-06 14:00:00,1,0.0,0.0,-0.0017236426314277686
2023-03-06 14:30:00,1,0.0,0.0,-0.004316546762589968
2023-03-07 09:00:00,1,0.0,0.0,0.0031791907514451268
2023-03-07 09:30:00,1,0.0,0.0,0.0005762028233937677
2023-03-07 10:00:00,1,0.0,0.0,0.0
2023-03-07 10:30:00,1,0.0,0.0,-0.0008638065073423018
2023-03-07 11:00:00,1,0.0,0.0,0.0008645533141209416
2023-03-07 13:30:00,1,0.0,0.0,-0.0020155485171321486
2023-03-07 14:00:00,1,0.0,0.0,-0.006058857472590828
2023-03-07 14:30:00,1,0.0,0.0,-0.005515239477503653
2023-03-08 09:00:00,1,0.0,0.0,0.0026269702276706663
2023-03-08 09:30:00,1,0.0,0.0,-0.0014556040756914523
2023-03-08 10:00:00,1,0.0,0.0,-0.0026239067055393583
2023-03-08 10:30:00,1,0.0,0.0,-0.0026308097047647028
2023-03-08 11:00:00,1,0.0,0.0,-0.0002930832356389246
2023-03-08 13:30:00,1,0.0,0.0,0.0005863383172091119
2023-03-08 14:00:00,1,0.0,0.0,0.00205098154116623
2023-03-08 14:30:00,1,0.0,0.0,0.004385964912280604
2023-03-09 09:00:00,1,0.0,0.0,-0.005531295487627319
2023-03-09 09:30:00,1,0.0,0.0,0.0002927400468384356
2023-03-09 10:00:00,1,0.0,0.0,-0.0008779631255487752
2023-03-09 10:30:00,1,0.0,0.0,-0.00205038078500297
2023-03-09 11:00:00,1,0.0,0.0,0.001174053419430665
2023-03-09 13:30:00,1,0.0,0.0,-0.00029316915860455595
2023-03-09 14:00:00,1,0.0,0.0,0.0017595307917888103
2023-03-09 14:30:00,1,0.0,0.0,-0.0002927400468384356
2023-03-10 09:00:00,1,0.0,0.0,-0.002635431918008746
2023-03-10 09:30:00,1,0.0,0.0,-0.00822078684674099
2023-03-10 10:00:00,1,0.0,0.0,0.001776198934280604
2023-03-10 10:30:00,1,0.0,0.0,0.004137115839243588
2023-03-10 11:00:00,1,0.0,0.0,-0.002354326074161306
2023-03-10 13:30:00,1,0.0,0.0,0.0023598820058996495
2023-03-10 14:00:00,1,0.0,0.0,-0.0008828722778104758
2023-03-10 14:30:00,1,0.0,0.0,-0.0008836524300441795
2023-03-13 09:00:00,1,0.0,0.0,-0.0026533018867924696
2023-03-13 09:30:00,1,0.0,0.0,-0.0011823825007389877
2023-03-13 10:00:00,1,0.0,0.0,0.0011837821840781082
2023-03-13 10:30:00,1,0.0,0.0,0.0038427431274017376
2023-03-13 11:00:00,1,0.0,0.0,0.0002944640753828054
2023-03-13 13:30:00,1,0.0,0.0,-0.005887547836326168
2023-03-13 14:00:00,1,0.0,0.0,0.007106899615042961
2023-03-13 14:30:00,1,0.0,0.0,-0.0020582181711261693
2023-03-14 09:00:00,1,0.0,0.0,0.0014731879787861502
2023-03-14 09:30:00,1,0.0,0.0,-0.003530450132391838
2023-03-14 10:00:00,1,0.0,0.0,0.0008857395925598865
2023-03-14 10:30:00,1,0.0,0.0,-0.002949852507374673
2023-03-14 11:00:00,1,0.0,0.0,0.0002958579881657819
2023-03-14 13:30:00,1,0.0,0.0,-0.0017746228926353025
2023-03-14 14:00:00,1,0.0,0.0,0.004444444444444473
2023-03-14 14:30:00,1,0.0,0.0,-0.0026548672566372167
2023-03-15 09:00:00,1,0.0,0.0,0.0017746228926354135
2023-03-15 09:30:00,1,0.0,0.0,0.0002952465308532215
2023-03-15 10:00:00,1,0.0,0.0,-0.0008854781582053883
2023-03-15 10:30:00,1,0.0,0.0,-0.001477104874446078
2023-03-15 11:00:00,1,0.0,0.0,-0.0035502958579881616
2023-03-15 13:30:00,1,0.0,0.0,0.0038598574821853138
2023-03-15 14:00:00,1,0.0,0.0,-0.0041407867494823725
2023-03-15 14:30:00,1,0.0,0.0,-0.005643005643005683
2023-03-16 09:00:00,1,0.0,0.0,-0.014038231780167276
2023-03-16 09:30:00,1,0.0,0.0,-0.003332323538321691
2023-03-16 10:00:00,1,0.0,0.0,-0.0027355623100303594
2023-03-16 10:30:00,1,0.0,0.0,-0.00487656202377329
2023-03-16 11:00:00,1,0.0,0.0,-0.001225114854517595
2023-03-16 13:30:00,1,0.0,0.0,-0.0018399264029438367
2023-03-16 14:00:00,1,0.0,0.0,-0.007373271889400956
2023-03-16 14:30:00,1,0.0,0.0,-0.011142061281337101
2023-03-17 09:00:00,1,0.0,0.0,0.014084507042253502
2023-03-17 09:30:00,1,0.0,0.0,0.00030864197530866555
2023-03-17 10:00:00,1,0.0,0.0,0.003085467448318502
2023-03-17 10:30:00,1,0.0,0.0,0.0006151953245154829
2023-03-17 11:00:00,1,0.0,0.0,-0.0021518598217030727
2023-03-17 13:30:00,1,0.0,0.0,-0.005853357979051177
2023-03-17 14:00:00,1,0.0,0.0,-0.005577936163619457
2023-03-17 14:30:00,1,0.0,0.0,0.004674353381115548
2023-03-20 09:00:00,1,0.0,0.0,0.008684863523573227
2023-03-20 09:30:00,1,0.0,0.0,-0.005535055350553542
2023-03-20 10:00:00,1,0.0,0.0,0.0018552875695732052
2023-03-20 10:30:00,1,0.0,0.0,-0.0009259259259258856
2023-03-20 11:00:00,1,0.0,0.0,-0.00030892801977144835
2023-03-20 13:30:00,1,0.0,0.0,-0.004326328800988821
2023-03-20 14:00:00,1,0.0,0.0,-0.0015518311607697344
2023-03-20 14:30:00,1,0.0,0.0,-0.00031084861672370234
2023-03-21 09:00:00,1,0.0,0.0,0.005286069651741387
2023-03-21 09:30:00,1,0.0,0.0,-0.011753789050417573
2023-03-21 10:00:00,1,0.0,0.0,-0.004381846635367781
2023-03-21 10:30:00,1,0.0,0.0,-0.0034580320653881946
2023-03-21 11:00:00,1,0.0,0.0,-0.0025236593059937418
2023-03-21 13:30:00,1,0.0,0.0,0.0006325110689437974
2023-03-21 14:00:00,1,0.0,0.0,0.0025284450063212116
2023-03-21 14:30:00,1,0.0,0.0,0.0006305170239595537
2023-03-22 09:00:00,1,0.0,0.0,0.002835538752362865
2023-03-22 09:30:00,1,0.0,0.0,-0.002827521206409056
2023-03-22 10:00:00,1,0.0,0.0,-0.002520478890989275
2023-03-22 10:30:00,1,0.0,0.0,0.0012634238787112562
2023-03-22 11:00:00,1,0.0,0.0,-0.0003154574132492316
2023-03-22 13:30:00,1,0.0,0.0,-0.000631113916061854
2023-03-22 14:00:00,1,0.0,0.0,-0.000315756236185627
2023-03-22 14:30:00,1,0.0,0.0,0.008528111181301368
2023-03-23 09:00:00,1,0.0,0.0,0.0
2023-03-23 09:30:00,1,0.0,0.0,0.0028186658315063617
2023-03-23 10:00:00,1,0.0,0.0,-0.002498438475952547
2023-03-23 10:30:00,1,0.0,0.0,-0.0018785222291797243
2023-03-23 11:00:00,1,0.0,0.0,0.0
2023-03-23 13:30:00,1,0.0,0.0,-0.0031367628607277265
2023-03-23 14:00:00,1,0.0,0.0,0.0022026431718060735
2023-03-23 14:30:00,1,0.0,0.0,-0.0018838304552589724
2023-03-24 09:00:00,1,0.0,0.0,-0.0009436929852154607
2023-03-24 09:30:00,1,0.0,0.0,-0.0012594458438287548
2023-03-24 10:00:00,1,0.0,0.0,0.0034678436317781003
2023-03-24 10:30:00,1,0.0,0.0,-0.0015708451146716484
2023-03-24 11:00:00,1,0.0,0.0,0.0022026431718060735
2023-03-24 13:30:00,1,0.0,0.0,-0.0006279434850863241
2023-03-24 14:00:00,1,0.0,0.0,0.0015708451146716484
2023-03-24 14:30:00,1,0.0,0.0,-0.0028230865746549094
2023-03-27 09:00:00,1,0.0,0.0,0.006605850896508336
2023-03-27 09:30:00,1,0.0,0.0,-0.0009375000000000355
2023-03-27 10:00:00,1,0.0,0.0,-0.0003127932436659542
2023-03-27 10:30:00,1,0.0,0.0,-0.0031289111389236623
2023-03-27 11:00:00,1,0.0,0.0,-0.0003138731952291307
2023-03-27 13:30:00,1,0.0,0.0,0.0
2023-03-27 14:00:00,1,0.0,0.0,0.00031397174254310656
2023-03-27 14:30:00,1,0.0,0.0,-0.0009416195856873921
2023-03-28 09:00:00,1,0.0,0.0,0.002827521206409056
2023-03-28 09:30:00,1,0.0,0.0,-0.0025062656641604564
2023-03-28 10:00:00,1,0.0,0.0,-0.0006281407035175768
2023-03-28 10:30:00,1,0.0,0.0,0.001571338780641085
2023-03-28 11:00:00,1,0.0,0.0,0.0
2023-03-28 13:30:00,1,0.0,0.0,0.0009413241292752783
2023-03-28 14:00:00,1,0.0,0.0,-0.0018808777429467627
2023-03-28 14:30:00,1,0.0,0.0,-0.0006281407035175768
2023-03-29 09:00:00,1,0.0,0.0,-0.0028284098051539752
2023-03-29 09:30:00,1,0.0,0.0,0.0003151591553733901
2023-03-29 10:00:00,1,0.0,0.0,0.000945179584120881
2023-03-29 10:30:00,1,0.0,0.0,-0.0047214353163361755
2023-03-29 11:00:00,1,0.0,0.0,-0.008855154965211942
2023-03-29 13:30:00,1,0.0,0.0,0.00957243139757491
2023-03-29 14:00:00,1,0.0,0.0,-0.005056890012642201
2023-03-29 14:30:00,1,0.0,0.0,0.0006353240152476847
2023-03-30 09:00:00,1,0.0,0.0,-0.0028571428571428914
2023-03-30 09:30:00,1,0.0,0.0,-0.0006367398917541678
2023-03-30 10:00:00,1,0.0,0.0,0.0003185727938834759
2023-03-30 10:30:00,1,0.0,0.0,-0.0003184713375796733
2023-03-30 11:00:00,1,0.0,0.0,0.0
2023-03-30 13:30:00,1,0.0,0.0,0.0012742911755336817
2023-03-30 14:00:00,1,0.0,0.0,-0.0012726694241170788
2023-03-30 14:30:00,1,0.0,0.0,0.0022300095571838874
2023-03-31 09:00:00,1,0.0,0.0,0.004450095359186168
2023-03-31 09:30:00,1,0.0,0.0,-0.004113924050632933
2023-03-31 10:00:00,1,0.0,0.0,0.0
2023-03-31 10:30:00,1,0.0,0.0,-0.0003177629488401168
2023-03-31 11:00:00,1,0.0,0.0,-0.0012714558169103496
2023-03-31 13:30:00,1,0.0,0.0,-0.0015913430935710071
2023-03-31 14:00:00,1,0.0,0.0,-0.002231431303793441
2023-03-31 14:30:00,1,0.0,0.0,-0.008626198083067083
2023-04-03 09:00:00,1,0.0,0.0,0.0
2023-04-03 09:30:00,1,0.0,0.0,-0.0038672252658716877
2023-04-03 10:00:00,1,0.0,0.0,-0.0025881591717891173
2023-04-03 10:30:00,1,0.0,0.0,0.0003243593902042541
2023-04-03 11:00:00,1,0.0,0.0,0.0009727626459143934
2023-04-03 13:30:00,1,0.0,0.0,-0.0019436345966957758
2023-04-03 14:00:00,1,0.0,0.0,-0.004868549172346692
2023-04-03 14:30:00,1,0.0,0.0,-0.001304631441617743
2023-04-04 09:00:00,1,0.0,0.0,-0.0104506858262573
2023-04-04 09:30:00,1,0.0,0.0,-0.001980198019801982
2023-04-04 10:00:00,1,0.0,0.0,0.0
2023-04-04 10:30:00,1,0.0,0.0,0.0023148148148148806
2023-04-04 11:00:00,1,0.0,0.0,-0.0009897723523589752
2023-04-04 13:30:00,1,0.0,0.0,-0.004623513870541607
2023-04-04 14:00:00,1,0.0,0.0,-0.0013271400132713884
2023-04-04 14:30:00,1,0.0,0.0,0.0013289036544850141
2023-04-06 09:00:00,1,0.0,0.0,-0.013271400132713995
2023-04-06 09:30:00,1,0.0,0.0,-0.00806993947545398
2023-04-06 10:00:00,1,0.0,0.0,0.002372881355932277
2023-04-06 10:30:00,1,0.0,0.0,-0.002705444707473803
2023-04-06 11:00:00,1,0.0,0.0,0.003390979993218135
2023-04-06 13:30:00,1,0.0,0.0,0.019601216627239015
2023-04-06 14:00:00,1,0.0,0.0,0.007623467020218655
2023-04-06 14:30:00,1,0.0,0.0,0.00164473684210531
2023-04-07 09:00:00,1,0.0,0.0,0.0009852216748769127
2023-04-07 09:30:00,1,0.0,0.0,0.001312335958005173
2023-04-07 10:00:00,1,0.0,0.0,0.00032765399737866296
2023-04-07 10:30:00,1,0.0,0.0,-0.005895840157222443
2023-04-07 11:00:00,1,0.0,0.0,0.0013179571663921585
2023-04-07 13:30:00,1,0.0,0.0,0.0036196117143796336
2023-04-07 14:00:00,1,0.0,0.0,-0.0003278688524590567
2023-04-07 14:30:00,1,0.0,0.0,-0.0013119055428009174
2023-04-10 09:00:00,1,0.0,0.0,-0.012151067323481146
2023-04-10 09:30:00,1,0.0,0.0,-0.0006648936170212671
2023-04-10 10:00:00,1,0.0,0.0,-0.0006653359946773296
2023-04-10 10:30:00,1,0.0,0.0,-0.0023302263648469212
2023-04-10 11:00:00,1,0.0,0.0,0.008341675008341598
2023-04-10 13:30:00,1,0.0,0.0,-0.004301786896095283
2023-04-10 14:00:00,1,0.0,0.0,-0.0023263542705217466
2023-04-10 14:30:00,1,0.0,0.0,-0.00532978014656893
2023-04-11 09:00:00,1,0.0,0.0,0.0010046885465506694
2023-04-11 09:30:00,1,0.0,0.0,0.0023419203747072626
2023-04-11 10:00:00,1,0.0,0.0,0.0010013351134845472
2023-04-11 10:30:00,1,0.0,0.0,0.0010003334444814715
2023-04-11 11:00:00,1,0.0,0.0,-0.0009993337774816258
2023-04-11 13:30:00,1,0.0,0.0,-0.0010003334444814715
2023-04-11 14:00:00,1,0.0,0.0,0.0016688918558076526
2023-04-11 14:30:00,1,0.0,0.0,-0.002665778073975389
2023-04-12 09:00:00,1,0.0,0.0,0.02004677581022385
2023-04-12 09:30:00,1,0.0,0.0,-0.0022928267278087278
2023-04-12 10:00:00,1,0.0,0.0,-0.00032829940906109467
2023-04-12 10:30:00,1,0.0,0.0,-0.0022988505747126853
2023-04-12 11:00:00,1,0.0,0.0,-0.003291639236339683
2023-04-12 13:30:00,1,0.0,0.0,0.00297225891677666
2023-04-12 14:00:00,1,0.0,0.0,-0.0019756338491933034
2023-04-12 14:30:00,1,0.0,0.0,0.0
2023-04-13 09:00:00,1,0.0,0.0,0.0019795447047179504
2023-04-13 09:30:00,1,0.0,0.0,-0.0003292723081989024
2023-04-13 10:00:00,1,0.0,0.0,0.00032938076416333395
2023-04-13 10:30:00,1,0.0,0.0,-0.005926901547579799
2023-04-13 11:00:00,1,0.0,0.0,0.0
2023-04-13 13:30:00,1,0.0,0.0,-0.0029811195760185427
2023-04-13 14:00:00,1,0.0,0.0,0.0023255813953488857
2023-04-13 14:30:00,1,0.0,0.0,-0.0013258203513424327
2023-04-14 09:00:00,1,0.0,0.0,0.006969797543976197
2023-04-14 09:30:00,1,0.0,0.0,0.0
2023-04-14 10:00:00,1,0.0,0.0,0.0019775873434411118
2023-04-14 10:30:00,1,0.0,0.0,-0.002960526315789469
2023-04-14 11:00:00,1,0.0,0.0,-0.00395908940943579
2023-04-14 13:30:00,1,0.0,0.0,-0.0013249420337859696
2023-04-14 14:00:00,1,0.0,0.0,0.0
2023-04-14 14:30:00,1,0.0,0.0,0.0006633499170811685
2023-04-17 09:00:00,1,0.0,0.0,0.00861783228372559
2023-04-17 09:30:00,1,0.0,0.0,0.0006572461386789019
2023-04-17 10:00:00,1,0.0,0.0,-0.0006568144499179418
2023-04-17 10:30:00,1,0.0,0.0,0.0029576076240551696
2023-04-17 11:00:00,1,0.0,0.0,-0.000327653997378774
2023-04-17 13:30:00,1,0.0,0.0,-0.00032776138970824764
2023-04-17 14:00:00,1,0.0,0.0,0.0003278688524590567
2023-04-17 14:30:00,1,0.0,0.0,0.009177318911832266
2023-04-18 09:00:00,1,0.0,0.0,0.006820396232543047
2023-04-18 09:30:00,1,0.0,0.0,-0.003548387096774186
2023-04-18 10:00:00,1,0.0,0.0,-0.006150857882810001
2023-04-18 10:30:00,1,0.0,0.0,0.002605863192182367
2023-04-18 11:00:00,1,0.0,0.0,-0.001299545159194282
2023-04-18 13:30:00,1,0.0,0.0,0.0019518542615484247
2023-04-18 14:00:00,1,0.0,0.0,0.007467532467532401
2023-04-18 14:30:00,1,0.0,0.0,-0.0022558814050918086
2023-04-19 09:00:00,1,0.0,0.0,0.010335917312661591
2023-04-19 09:30:00,1,0.0,0.0,-0.0015984654731457937
2023-04-19 10:00:00,1,0.0,0.0,-0.004162664105027192
2023-04-19 10:30:00,1,0.0,0.0,0.0
2023-04-19 11:00:00,1,0.0,0.0,-0.0022508038585209444
2023-04-19 13:30:00,1,0.0,0.0,-0.0022558814050918086
2023-04-19 14:00:00,1,0.0,0.0,-0.0003229974160207094
2023-04-19 14:30:00,1,0.0,0.0,-0.0022617124394184174
2023-04-20 09:00:00,1,0.0,0.0,-0.012953367875647714
2023-04-20 09:30:00,1,0.0,0.0,-0.0036089238845143923
2023-04-20 10:00:00,1,0.0,0.0,-0.0003292723081989024
2023-04-20 10:30:00,1,0.0,0.0,0.0032938076416337836
2023-04-20 11:00:00,1,0.0,0.0,-0.001969796454366346
2023-04-20 13:30:00,1,0.0,0.0,0.0009868421052632304
2023-04-20 14:00:00,1,0.0,0.0,0.0019717384160367057
2023-04-20 14:30:00,1,0.0,0.0,-0.005575598556903927
2023-04-21 09:00:00,1,0.0,0.0,-0.002308707124010545
2023-04-21 09:30:00,1,0.0,0.0,-0.0026446280991735405
2023-04-21 10:00:00,1,0.0,0.0,0.002320185614849146
2023-04-21 10:30:00,1,0.0,0.0,0.0009920634920634885
2023-04-21 11:00:00,1,0.0,0.0,-0.002312520647505756
2023-04-21 13:30:00,1,0.0,0.0,0.004635761589403931
2023-04-21 14:00:00,1,0.0,0.0,-0.001647989452867482
2023-04-21 14:30:00,1,0.0,0.0,-0.0003301419610431955
2023-04-24 09:00:00,1,0.0,0.0,0.006274768824306554
2023-04-24 09:30:00,1,0.0,0.0,0.0003281916639317206
2023-04-24 10:00:00,1,0.0,0.0,0.0
2023-04-24 10:30:00,1,0.0,0.0,-0.0032808398950131545
2023-04-24 11:00:00,1,0.0,0.0,0.001645819618169897
2023-04-24 13:30:00,1,0.0,0.0,-0.0029576076240551696
2023-04-24 14:00:00,1,0.0,0.0,0.0003295978905735186
2023-04-24 14:30:00,1,0.0,0.0,-0.003624382207578214
2023-04-25 09:00:00,1,0.0,0.0,0.016534391534391624
2023-04-25 09:30:00,1,0.0,0.0,-0.005530253741053981
2023-04-25 10:00:00,1,0.0,0.0,0.0009813542688910104
2023-04-25 10:30:00,1,0.0,0.0,-0.002287581699346397
2023-04-25 11:00:00,1,0.0,0.0,0.0009826400262036294
2023-04-25 13:30:00,1,0.0,0.0,-0.002617801047120394
2023-04-25 14:00:00,1,0.0,0.0,0.001312335958005173
2023-04-25 14:30:00,1,0.0,0.0,0.00917431192660545
2023-04-26 09:00:00,1,0.0,0.0,0.00454545454545463
2023-04-26 09:30:00,1,0.0,0.0,-0.0003232062055591456
2023-04-26 10:00:00,1,0.0,0.0,-0.0006466214031684014
2023-04-26 10:30:00,1,0.0,0.0,0.0025881591717891173
2023-04-26 11:00:00,1,0.0,0.0,-0.0022587931590836163
2023-04-26 13:30:00,1,0.0,0.0,-0.002910737386804696
2023-04-26 14:00:00,1,0.0,0.0,-0.0022705157314304447
2023-04-26 14:30:00,1,0.0,0.0,-0.0035760728218465765
2023-04-27 09:00:00,1,0.0,0.0,0.007504078303425699
2023-04-27 09:30:00,1,0.0,0.0,0.00032383419689119286
2023-04-27 10:00:00,1,0.0,0.0,-0.0016186468112657781
2023-04-27 10:30:00,1,0.0,0.0,-0.0022697795071335847
2023-04-27 11:00:00,1,0.0,0.0,-0.0012999675008125156
2023-04-27 13:30:00,1,0.0,0.0,-0.003904978848031204
2023-04-27 14:00:00,1,0.0,0.0,-0.011434171839268203
2023-04-27 14:30:00,1,0.0,0.0,0.002974223397224085
2023-04-28 09:00:00,1,0.0,0.0,0.0003294892915979286
2023-04-28 09:30:00,1,0.0,0.0,0.0013175230566535578
2023-04-28 10:00:00,1,0.0,0.0,0.0023026315789473895
2023-04-28 10:30:00,1,0.0,0.0,-0.0072202166064981865
2023-04-28 11:00:00,1,0.0,0.0,0.006280991735537089
2023-04-28 13:30:00,1,0.0,0.0,-0.003942181340341633
2023-04-28 14:00:00,1,0.0,0.0,-0.0026385224274406704
2023-04-28 14:30:00,1,0.0,0.0,0.004629629629629539
2023-05-04 09:00:00,1,0.0,0.0,0.0026333113890717463
2023-05-04 09:30:00,1,0.0,0.0,0.0032829940906107247
2023-05-04 10:00:00,1,0.0,0.0,0.0
2023-05-04 10:30:00,1,0.0,0.0,-0.0013089005235602524
2023-05-04 11:00:00,1,0.0,0.0,-0.005242463958060273
2023-05-04 13:30:00,1,0.0,0.0,0.0006587615283266679
2023-05-04 14:00:00,1,0.0,0.0,0.0
2023-05-04 14:30:00,1,0.0,0.0,0.0
2023-05-05 09:00:00,1,0.0,0.0,-0.0036208031599737067
2023-05-05 09:30:00,1,0.0,0.0,-0.004625041295011512
2023-05-05 10:00:00,1,0.0,0.0,0.0009956853634252028
2023-05-05 10:30:00,1,0.0,0.0,-0.0016578249336870465
2023-05-05 11:00:00,1,0.0,0.0,0.007970773829292677
2023-05-05 13:30:00,1,0.0,0.0,0.005271828665568412
2023-05-05 14:00:00,1,0.0,0.0,-0.003605375286791168
2023-05-05 14:30:00,1,0.0,0.0,0.00164473684210531
2023-05-08 09:00:00,1,0.0,0.0,-0.0006568144499179418
2023-05-08 09:30:00,1,0.0,0.0,0.0016431153466973658
2023-05-08 10:00:00,1,0.0,0.0,0.0009842519685039353
2023-05-08 10:30:00,1,0.0,0.0,-0.0022943297279580666
2023-05-08 11:00:00,1,0.0,0.0,0.0016425755584756896
2023-05-08 13:30:00,1,0.0,0.0,-0.0003279763857002571
2023-05-08 14:00:00,1,0.0,0.0,0.0006561679790026975
2023-05-08 14:30:00,1,0.0,0.0,-0.0009836065573770592
2023-05-09 09:00:00,1,0.0,0.0,-0.0055792582868394724
2023-05-09 09:30:00,1,0.0,0.0,-0.003960396039603964
2023-05-09 10:00:00,1,0.0,0.0,0.000662690523525411
2023-05-09 10:30:00,1,0.0,0.0,0.003973509933774766
2023-05-09 11:00:00,1,0.0,0.0,-0.0019788918205804196
2023-05-09 13:30:00,1,0.0,0.0,-0.0023132848645075477
2023-05-09 14:00:00,1,0.0,0.0,0.002318648559125558
2023-05-09 14:30:00,1,0.0,0.0,-0.00198281559814939
2023-05-10 09:00:00,1,0.0,0.0,-0.01192052980132452
2023-05-10 09:30:00,1,0.0,0.0,-0.010053619302949013
2023-05-10 10:00:00,1,0.0,0.0,-0.0023696682464454666
2023-05-10 10:30:00,1,0.0,0.0,-0.001357312521207965
2023-05-10 11:00:00,1,0.0,0.0,-0.003397893306150146
2023-05-10 13:30:00,1,0.0,0.0,0.0023866348448686736
2023-05-10 14:00:00,1,0.0,0.0,-0.00952380952380949
2023-05-10 14:30:00,1,0.0,0.0,0.0003434065934067032
2023-05-11 09:00:00,1,0.0,0.0,-0.012701682114658386
2023-05-11 09:30:00,1,0.0,0.0,0.0010431154381085328
2023-05-11 10:00:00,1,0.0,0.0,0.0003473428273705892
2023-05-11 10:30:00,1,0.0,0.0,0.0017361111111111605
2023-05-11 11:00:00,1,0.0,0.0,0.0006932409012132545
2023-05-11 13:30:00,1,0.0,0.0,0.0006927606511950568
2023-05-11 14:00:00,1,0.0,0.0,0.0006922810661127432
2023-05-11 14:30:00,1,0.0,0.0,-0.003804911795226573
2023-05-12 09:00:00,1,0.0,0.0,-0.002083333333333326
2023-05-12 09:30:00,1,0.0,0.0,-0.0038274182324287143
2023-05-12 10:00:00,1,0.0,0.0,0.0006985679357316421
2023-05-12 10:30:00,1,0.0,0.0,-0.00244328097731239
2023-05-12 11:00:00,1,0.0,0.0,0.002799160251924393
2023-05-12 13:30:00,1,0.0,0.0,0.0
2023-05-12 14:00:00,1,0.0,0.0,-0.0013956734124215275
2023-05-12 14:30:00,1,0.0,0.0,-0.011180992313067795
2023-05-15 09:00:00,1,0.0,0.0,-0.00636042402826853
2023-05-15 09:30:00,1,0.0,0.0,0.002133712660028486
2023-05-15 10:00:00,1,0.0,0.0,-0.00035486160397446564
2023-05-15 10:30:00,1,0.0,0.0,0.00035498757543495074
2023-05-15 11:00:00,1,0.0,0.0,-0.0014194464158977516
2023-05-15 13:30:00,1,0.0,0.0,0.00781805259417201
2023-05-15 14:00:00,1,0.0,0.0,-0.0014104372355430161
2023-05-15 14:30:00,1,0.0,0.0,-0.005296610169491567
2023-05-16 09:00:00,1,0.0,0.0,0.006034788782392608
2023-05-16 09:30:00,1,0.0,0.0,-0.0017642907551164155
2023-05-16 10:00:00,1,0.0,0.0,-0.002474372569812644
2023-05-16 10:30:00,1,0.0,0.0,0.0003543586109142627
2023-05-16 11:00:00,1,0.0,0.0,0.00141693234148077
2023-05-16 13:30:00,1,0.0,0.0,-0.004952246197382437
2023-05-16 14:00:00,1,0.0,0.0,-0.0010664770707430327
2023-05-16 14:30:00,1,0.0,0.0,0.0
2023-05-17 09:00:00,1,0.0,0.0,-0.009608540925266862
2023-05-17 09:30:00,1,0.0,0.0,-0.0010779734099892746
2023-05-17 10:00:00,1,0.0,0.0,0.0
2023-05-17 10:30:00,1,0.0,0.0,0.0010791366906475197
2023-05-17 11:00:00,1,0.0,0.0,-0.0017966223499820133
2023-05-17 13:30:00,1,0.0,0.0,-0.002519798416126706
2023-05-17 14:00:00,1,0.0,0.0,-0.0010826416456153343
2023-05-17 14:30:00,1,0.0,0.0,0.0014450867052022698
2023-05-18 09:00:00,1,0.0,0.0,0.0003607503607503393
2023-05-18 09:30:00,1,0.0,0.0,-0.015867291741795908
2023-05-18 10:00:00,1,0.0,0.0,-0.0003664345914253797
2023-05-18 10:30:00,1,0.0,0.0,0.006231671554252305
2023-05-18 11:00:00,1,0.0,0.0,-0.0018214936247723523
2023-05-18 13:30:00,1,0.0,0.0,-0.005109489051094873
2023-05-18 14:00:00,1,0.0,0.0,-0.0018341892883345645
2023-05-18 14:30:00,1,0.0,0.0,0.0011025358324145973
2023-05-19 09:00:00,1,0.0,0.0,-0.019089574155653488
2023-05-19 09:30:00,1,0.0,0.0,-0.007110778443113808
2023-05-19 10:00:00,1,0.0,0.0,0.008292499057670488
2023-05-19 10:30:00,1,0.0,0.0,0.00037383177570093906
2023-05-19 11:00:00,1,0.0,0.0,-0.0018684603886397477
2023-05-19 13:30:00,1,0.0,0.0,-0.0041183077499064025
2023-05-19 14:00:00,1,0.0,0.0,0.003007518796992459
2023-05-19 14:30:00,1,0.0,0.0,-0.006746626686656709
2023-05-22 09:00:00,1,0.0,0.0,-0.013207547169811318
2023-05-22 09:30:00,1,0.0,0.0,-0.003824091778202643
2023-05-22 10:00:00,1,0.0,0.0,0.00038387715930898736
2023-05-22 10:30:00,1,0.0,0.0,-0.011895625479662275
2023-05-22 11:00:00,1,0.0,0.0,-0.006213592233009657
2023-05-22 13:30:00,1,0.0,0.0,0.008206330597889888
2023-05-22 14:00:00,1,0.0,0.0,0.008139534883720989
2023-05-22 14:30:00,1,0.0,0.0,-0.009611687812379865
2023-05-23 09:00:00,1,0.0,0.0,0.025621118012422395
2023-05-23 09:30:00,1,0.0,0.0,-0.005299015897047732
2023-05-23 10:00:00,1,0.0,0.0,-0.0019025875190258335
2023-05-23 10:30:00,1,0.0,0.0,0.0030499428135721818
2023-05-23 11:00:00,1,0.0,0.0,-0.005701254275940704
2023-05-23 13:30:00,1,0.0,0.0,0.00496941896024472
2023-05-23 14:00:00,1,0.0,0.0,-0.0034233548877899977
2023-05-23 14:30:00,1,0.0,0.0,0.003816793893129722
2023-05-24 09:00:00,1,0.0,0.0,0.0026615969581749166
2023-05-24 09:30:00,1,0.0,0.0,-0.009859689040576436
2023-05-24 10:00:00,1,0.0,0.0,0.0022979701263883268
2023-05-24 10:30:00,1,0.0,0.0,-0.00038211692777989636
2023-05-24 11:00:00,1,0.0,0.0,0.002293577981651307
2023-05-24 13:30:00,1,0.0,0.0,-0.0019069412662090501
2023-05-24 14:00:00,1,0.0,0.0,-0.0007642338555597927
2023-05-24 14:30:00,1,0.0,0.0,0.0011472275334607485
2023-05-25 09:00:00,1,0.0,0.0,-0.016042780748663055
2023-05-25 09:30:00,1,0.0,0.0,0.005822981366459645
2023-05-25 10:00:00,1,0.0,0.0,-0.0003859513701273132
2023-05-25 10:30:00,1,0.0,0.0,-0.00540540540540535
2023-05-25 11:00:00,1,0.0,0.0,0.0034937888198758316
2023-05-25 13:30:00,1,0.0,0.0,-0.011605415860735047
2023-05-25 14:00:00,1,0.0,0.0,0.0003913894324854006
2023-05-25 14:30:00,1,0.0,0.0,-0.011345852895148667
2023-05-26 09:00:00,1,0.0,0.0,-0.002374356944994105
2023-05-26 09:30:00,1,0.0,0.0,-0.002776675922253058
2023-05-26 10:00:00,1,0.0,0.0,0.0007955449482894839
2023-05-26 10:30:00,1,0.0,0.0,-0.0011923688394276377
2023-05-26 11:00:00,1,0.0,0.0,0.017111022682053223
2023-05-26 13:30:00,1,0.0,0.0,-0.004303599374021916
2023-05-26 14:00:00,1,0.0,0.0,0.003929273084479323
2023-05-26 14:30:00,1,0.0,0.0,0.006653620352250478
2023-05-29 09:00:00,1,0.0,0.0,-0.0031104199066873672
2023-05-29 09:30:00,1,0.0,0.0,0.0019500780031200815
2023-05-29 10:00:00,1,0.0,0.0,0.0027247956403269047
2023-05-29 10:30:00,1,0.0,0.0,-0.00038819875776396895
2023-05-29 11:00:00,1,0.0,0.0,-0.001941747572815511
2023-05-29 13:30:00,1,0.0,0.0,0.0027237354085603016
2023-05-29 14:00:00,1,0.0,0.0,-0.0011641443538998875
2023-05-29 14:30:00,1,0.0,0.0,0.0007770007770007137
2023-05-30 09:00:00,1,0.0,0.0,0.0027173913043478937
2023-05-30 09:30:00,1,0.0,0.0,-0.0015485869144405973
2023-05-30 10:00:00,1,0.0,0.0,-0.0019387359441643826
2023-05-30 10:30:00,1,0.0,0.0,0.0007770007770007137
2023-05-30 11:00:00,1,0.0,0.0,-0.0007763975155279379
2023-05-30 13:30:00,1,0.0,0.0,-0.00271950271950272
2023-05-30 14:00:00,1,0.0,0.0,0.0038955979742889557
2023-05-30 14:30:00,1,0.0,0.0,-0.00038804811796666616
2023-05-31 09:00:00,1,0.0,0.0,-0.009316770186335366
2023-05-31 09:30:00,1,0.0,0.0,0.003918495297805746
2023-05-31 10:00:00,1,0.0,0.0,-0.0019516003122560521
2023-05-31 10:30:00,1,0.0,0.0,0.003128666405944447
2023-05-31 11:00:00,1,0.0,0.0,-0.002339181286549752
2023-05-31 13:30:00,1,0.0,0.0,-0.0003907776475186031
2023-05-31 14:00:00,1,0.0,0.0,-0.0011727912431587217
2023-05-31 14:30:00,1,0.0,0.0,0.0031311154598825386
2023-06-01 09:00:00,1,0.0,0.0,0.009754194303550623
2023-06-01 09:30:00,1,0.0,0.0,0.0011591962905719289
2023-06-01 10:00:00,1,0.0,0.0,-0.0003859513701273132
2023-06-01 10:30:00,1,0.0,0.0,0.0007722007722008595
2023-06-01 11:00:00,1,0.0,0.0,0.00038580246913588745
2023-06-01 13:30:00,1,0.0,0.0,0.0011569610489781113
2023-06-01 14:00:00,1,0.0,0.0,-0.0038520801232665436
2023-06-01 14:30:00,1,0.0,0.0,0.0034802784222738303
2023-06-02 09:00:00,1,0.0,0.0,0.0019267822736031004
2023-06-02 09:30:00,1,0.0,0.0,0.001153846153846061
2023-06-02 10:00:00,1,0.0,0.0,0.0023050326546292244
2023-06-02 10:30:00,1,0.0,0.0,0.0030663089306246505
2023-06-02 11:00:00,1,0.0,0.0,-0.00038211692777989636
2023-06-02 13:30:00,1,0.0,0.0,0.011085626911315094
2023-06-02 14:00:00,1,0.0,0.0,-0.0011342155009451682
2023-06-02 14:30:00,1,0.0,0.0,0.0007570022710068347
2023-06-05 09:00:00,1,0.0,0.0,-0.011724659606656584
2023-06-05 09:30:00,1,0.0,0.0,-0.00038270187523914423
2023-06-05 10:00:00,1,0.0,0.0,-0.001914241960183749
2023-06-05 10:30:00,1,0.0,0.0,-0.007671653241273502
2023-06-05 11:00:00,1,0.0,0.0,0.0007730962504832739
2023-06-05 13:30:00,1,0.0,0.0,0.004248744689069106
2023-06-05 14:00:00,1,0.0,0.0,0.0019230769230769162
2023-06-05 14:30:00,1,0.0,0.0,-0.00038387715930898736
2023-06-06 09:00:00,1,0.0,0.0,-0.0026881720430107503
2023-06-06 09:30:00,1,0.0,0.0,0.0023103581055063938
2023-06-06 10:00:00,1,0.0,0.0,0.0023050326546292244
2023-06-06 10:30:00,1,0.0,0.0,0.003449597546952843
2023-06-06 11:00:00,1,0.0,0.0,0.0003819709702062024
2023-06-06 13:30:00,1,0.0,0.0,-0.008018327605956443
2023-06-06 14:00:00,1,0.0,0.0,0.0
2023-06-06 14:30:00,1,0.0,0.0,0.0
2023-06-07 09:00:00,1,0.0,0.0,-0.0015396458814472824
2023-06-07 09:30:00,1,0.0,0.0,0.00038550501156509043
2023-06-07 10:00:00,1,0.0,0.0,-0.0011560693641619046
2023-06-07 10:30:00,1,0.0,0.0,-0.01157407407407407
2023-06-07 11:00:00,1,0.0,0.0,-0.0015612802498048417
2023-06-07 13:30:00,1,0.0,0.0,0.0003909304143863146
2023-06-07 14:00:00,1,0.0,0.0,-0.0019538882375927935
2023-06-07 14:30:00,1,0.0,0.0,-0.005090054815974909
2023-06-08 09:00:00,1,0.0,0.0,0.008658008658008587
2023-06-08 09:30:00,1,0.0,0.0,-0.00351150994927818
2023-06-08 10:00:00,1,0.0,0.0,0.0003915426781520015
2023-06-08 10:30:00,1,0.0,0.0,-0.0007827788649706902
2023-06-08 11:00:00,1,0.0,0.0,-0.004700352526439522
2023-06-08 13:30:00,1,0.0,0.0,0.001967729240456517
2023-06-08 14:00:00,1,0.0,0.0,0.0019638648860957897
2023-06-08 14:30:00,1,0.0,0.0,0.0007840062720501084
2023-06-09 09:00:00,1,0.0,0.0,0.006658832745789267
2023-06-09 09:30:00,1,0.0,0.0,-0.00739299610894939
2023-06-09 10:00:00,1,0.0,0.0,0.0011760094080752737
2023-06-09 10:30:00,1,0.0,0.0,-0.0003915426781518905
2023-06-09 11:00:00,1,0.0,0.0,0.00235017626321965
2023-06-09 13:30:00,1,0.0,0.0,-0.0007815552950370952
2023-06-09 14:00:00,1,0.0,0.0,0.001955416503715224
2023-06-09 14:30:00,1,0.0,0.0,-0.006245120999219367
2023-06-12 09:00:00,1,0.0,0.0,-0.004713275726630051
2023-06-12 09:30:00,1,0.0,0.0,-0.0023677979479084232
2023-06-12 10:00:00,1,0.0,0.0,-0.002373417721519
2023-06-12 10:30:00,1,0.0,0.0,0.0003965107057890549
2023-06-12 11:00:00,1,0.0,0.0,0.0011890606420927874
2023-06-12 13:30:00,1,0.0,0.0,-0.0007917656373713777
2023-06-12 14:00:00,1,0.0,0.0,0.0
2023-06-12 14:30:00,1,0.0,0.0,-0.005942947702060275
2023-06-13 09:00:00,1,0.0,0.0,-0.00956556396970909
2023-06-13 09:30:00,1,0.0,0.0,0.010865191146881337
2023-06-13 10:00:00,1,0.0,0.0,-0.007563694267515908
2023-06-13 10:30:00,1,0.0,0.0,0.005615724027276281
2023-06-13 11:00:00,1,0.0,0.0,-0.00398883127243721
2023-06-13 13:30:00,1,0.0,0.0,0.006407689227072577
2023-06-13 14:00:00,1,0.0,0.0,0.00039793076004768224
2023-06-13 14:30:00,1,0.0,0.0,-0.0027844073190135266
2023-06-14 09:00:00,1,0.0,0.0,-0.00398883127243721
2023-06-14 09:30:00,1,0.0,0.0,0.00800961153384061
2023-06-14 10:00:00,1,0.0,0.0,-0.0011918951132300348
2023-06-14 10:30:00,1,0.0,0.0,-0.0011933174224343368
2023-06-14 11:00:00,1,0.0,0.0,0.007566706491437758
2023-06-14 13:30:00,1,0.0,0.0,-0.0011857707509881354
2023-06-14 14:00:00,1,0.0,0.0,-0.004352987732489155
2023-06-14 14:30:00,1,0.0,0.0,-0.0031796502384737746
2023-06-15 09:00:00,1,0.0,0.0,0.0011961722488038617
2023-06-15 09:30:00,1,0.0,0.0,-0.006770211071286392
2023-06-15 10:00:00,1,0.0,0.0,0.000400962309542896
2023-06-15 10:30:00,1,0.0,0.0,-0.004408817635270568
2023-06-15 11:00:00,1,0.0,0.0,-0.004025764895330131
2023-06-15 13:30:00,1,0.0,0.0,0.004446240905416232
2023-06-15 14:00:00,1,0.0,0.0,0.0004024144869214652
2023-06-15 14:30:00,1,0.0,0.0,-0.00482703137570395
2023-06-16 09:00:00,1,0.0,0.0,0.008892481810832686
2023-06-16 09:30:00,1,0.0,0.0,0.0004006410256409687
2023-06-16 10:00:00,1,0.0,0.0,-0.0016019223067681443
2023-06-16 10:30:00,1,0.0,0.0,0.001203369434416457
2023-06-16 11:00:00,1,0.0,0.0,0.0008012820512821595
2023-06-16 13:30:00,1,0.0,0.0,0.005204163330664535
2023-06-16 14:00:00,1,0.0,0.0,-0.004380724810832293
2023-06-16 14:30:00,1,0.0,0.0,-0.00039999999999995595
2023-06-19 09:00:00,1,0.0,0.0,0.06922769107643068
2023-06-19 09:30:00,1,0.0,0.0,-0.014221556886227504
2023-06-19 10:00:00,1,0.0,0.0,0.00037965072133627764
2023-06-19 10:30:00,1,0.0,0.0,-0.015180265654648917
2023-06-19 11:00:00,1,0.0,0.0,0.007321772639691693
2023-06-19 13:30:00,1,0.0,0.0,0.0
2023-06-19 14:00:00,1,0.0,0.0,-0.0007651109410864443
2023-06-19 14:30:00,1,0.0,0.0,0.013782542113323082
2023-06-20 09:00:00,1,0.0,0.0,0.004154078549848839
2023-06-20 09:30:00,1,0.0,0.0,0.0007521624670929761
2023-06-20 10:00:00,1,0.0,0.0,0.00037579857196545774
2023-06-20 10:30:00,1,0.0,0.0,0.00788880540946657
2023-06-20 11:00:00,1,0.0,0.0,0.02571748043235189
2023-06-20 13:30:00,1,0.0,0.0,0.0061773255813952765
2023-06-20 14:00:00,1,0.0,0.0,-0.00794510653665581
2023-06-20 14:30:00,1,0.0,0.0,0.0018201674554059188
2023-06-21 09:00:00,1,0.0,0.0,-0.007994186046511587
2023-06-21 09:30:00,1,0.0,0.0,-0.00366300366300365
2023-06-21 10:00:00,1,0.0,0.0,-0.004779411764705865
2023-06-21 10:30:00,1,0.0,0.0,-0.006649427410417408
2023-06-21 11:00:00,1,0.0,0.0,0.0
2023-06-21 13:30:00,1,0.0,0.0,-0.016362960208255894
2023-06-21 14:00:00,1,0.0,0.0,0.003780718336483968
2023-06-21 14:30:00,1,0.0,0.0,0.00790960451977396
2023-06-26 09:00:00,1,0.0,0.0,-0.012705530642750373
2023-06-26 09:30:00,1,0.0,0.0,-0.009462528387585212
2023-06-26 10:00:00,1,0.0,0.0,0.0007642338555597927
2023-06-26 10:30:00,1,0.0,0.0,-0.002290950744558984
2023-06-26 11:00:00,1,0.0,0.0,0.001530807500956799
2023-06-26 13:30:00,1,0.0,0.0,0.0007642338555597927
2023-06-26 14:00:00,1,0.0,0.0,-0.00038182512409312697
2023-06-26 14:30:00,1,0.0,0.0,-0.0019098548510313451
2023-06-27 09:00:00,1,0.0,0.0,0.006888633754305484
2023-06-27 09:30:00,1,0.0,0.0,-0.003800836183960432
2023-06-27 10:00:00,1,0.0,0.0,-0.0007630675314765911
2023-06-27 10:30:00,1,0.0,0.0,-0.002672775868652111
2023-06-27 11:00:00,1,0.0,0.0,0.004594180704440953
2023-06-27 13:30:00,1,0.0,0.0,0.004573170731707377
2023-06-27 14:00:00,1,0.0,0.0,-0.0015174506828528056
2023-06-27 14:30:00,1,0.0,0.0,-0.003039513677811523
2023-06-28 09:00:00,1,0.0,0.0,0.004573170731707377
2023-06-28 09:30:00,1,0.0,0.0,-0.006069802731411222
2023-06-28 10:00:00,1,0.0,0.0,0.0003816793893129944
2023-06-28 10:30:00,1,0.0,0.0,0.0011446012972147201
2023-06-28 11:00:00,1,0.0,0.0,0.0015243902439023849
2023-06-28 13:30:00,1,0.0,0.0,0.0022831050228311334
2023-06-28 14:00:00,1,0.0,0.0,-0.0030372057706909983
2023-06-28 14:30:00,1,0.0,0.0,0.0007616146230007281
2023-06-29 09:00:00,1,0.0,0.0,0.003424657534246478
2023-06-29 09:30:00,1,0.0,0.0,0.0003792188092528459
2023-06-29 10:00:00,1,0.0,0.0,-0.0018953752843062777
2023-06-29 10:30:00,1,0.0,0.0,0.0007595898214964869
2023-06-29 11:00:00,1,0.0,0.0,0.01555977229601524
2023-06-29 13:30:00,1,0.0,0.0,0.002989536621823552
2023-06-29 14:00:00,1,0.0,0.0,0.0007451564828613311
2023-06-29 14:30:00,1,0.0,0.0,-0.004095309009679804
2023-06-30 09:00:00,1,0.0,0.0,0.00037383177570093906
2023-06-30 09:30:00,1,0.0,0.0,0.0007473841554559435
2023-06-30 10:00:00,1,0.0,0.0,0.005227781926810948
2023-06-30 10:30:00,1,0.0,0.0,-0.0003714710252600284
2023-06-30 11:00:00,1,0.0,0.0,-0.0011148272017836858
2023-06-30 13:30:00,1,0.0,0.0,-0.0037202380952381375
2023-06-30 14:00:00,1,0.0,0.0,-0.00933532486930544
2023-06-30 14:30:00,1,0.0,0.0,0.0007538635506973979
2023-07-03 09:00:00,1,0.0,0.0,0.003389830508474523
2023-07-03 09:30:00,1,0.0,0.0,0.0
2023-07-03 10:00:00,1,0.0,0.0,0.0018768768768768762
2023-07-03 10:30:00,1,0.0,0.0,0.0014986886474335215
2023-07-03 11:00:00,1,0.0,0.0,0.0018705574261130842
2023-07-03 13:30:00,1,0.0,0.0,0.0018670649738610212
2023-07-03 14:00:00,1,0.0,0.0,-0.004472605292582976
2023-07-03 14:30:00,1,0.0,0.0,0.0018719580681392234
2023-07-04 09:00:00,1,0.0,0.0,0.0018684603886398587
2023-07-04 09:30:00,1,0.0,0.0,-0.0033569563595673424
2023-07-04 10:00:00,1,0.0,0.0,-0.00037425149700598404
2023-07-04 10:30:00,1,0.0,0.0,0.0026207412953949127
2023-07-04 11:00:00,1,0.0,0.0,-0.0018670649738611322
2023-07-04 13:30:00,1,0.0,0.0,-0.013093901982790923
2023-07-04 14:00:00,1,0.0,0.0,0.0015163002274449777
2023-07-04 14:30:00,1,0.0,0.0,0.0018925056775169757
2023-07-05 09:00:00,1,0.0,0.0,-0.001511144692104227
2023-07-05 09:30:00,1,0.0,0.0,0.000756715853197143
2023-07-05 10:00:00,1,0.0,0.0,0.001890359168241984
2023-07-05 10:30:00,1,0.0,0.0,-0.0033962264150942945
2023-07-05 11:00:00,1,0.0,0.0,-0.0030291556228700944
2023-07-05 13:30:00,1,0.0,0.0,0.0015191796429927518
2023-07-05 14:00:00,1,0.0,0.0,0.0018960940462646736
2023-07-05 14:30:00,1,0.0,0.0,-0.00681302043906129
2023-07-06 09:00:00,1,0.0,0.0,0.006478658536585469
2023-07-06 09:30:00,1,0.0,0.0,0.0
2023-07-06 10:00:00,1,0.0,0.0,0.0037864445285875625
2023-07-06 10:30:00,1,0.0,0.0,-0.0003772161448509781
2023-07-06 11:00:00,1,0.0,0.0,-0.0011320754716981352
2023-07-06 13:30:00,1,0.0,0.0,-0.0011333585190782536
2023-07-06 14:00:00,1,0.0,0.0,0.0003782148260211837
2023-07-06 14:30:00,1,0.0,0.0,-0.0007561436672968158
2023-07-07 09:00:00,1,0.0,0.0,-0.0026485054861898893
2023-07-07 09:30:00,1,0.0,0.0,0.005311077389984931
2023-07-07 10:00:00,1,0.0,0.0,0.0037735849056603765
2023-07-07 10:30:00,1,0.0,0.0,0.0003759398496241406
2023-07-07 11:00:00,1,0.0,0.0,-0.00037579857196545774
2023-07-07 13:30:00,1,0.0,0.0,-0.0015037593984962294
2023-07-07 14:00:00,1,0.0,0.0,-0.0033885542168674565
2023-07-07 14:30:00,1,0.0,0.0,-0.0011333585190782536
2023-07-10 09:00:00,1,0.0,0.0,0.00907715582450841
2023-07-10 09:30:00,1,0.0,0.0,0.002248875562218977
2023-07-10 10:00:00,1,0.0,0.0,-0.0029917726252804977
2023-07-10 10:30:00,1,0.0,0.0,0.0
2023-07-10 11:00:00,1,0.0,0.0,-0.0018754688672167896
2023-07-10 13:30:00,1,0.0,0.0,0.001503194287861609
2023-07-10 14:00:00,1,0.0,0.0,-0.002251407129455929
2023-07-10 14:30:00,1,0.0,0.0,0.002632568634825194
2023-07-11 09:00:00,1,0.0,0.0,0.009752438109527306
2023-07-11 09:30:00,1,0.0,0.0,-0.0014858841010401136
2023-07-11 10:00:00,1,0.0,0.0,0.0029761904761904656
2023-07-11 10:30:00,1,0.0,0.0,-0.0007418397626113293
2023-07-11 11:00:00,1,0.0,0.0,-0.00111358574610243
2023-07-11 13:30:00,1,0.0,0.0,-0.005574136008918651
2023-07-11 14:00:00,1,0.0,0.0,0.0011210762331839152
2023-07-11 14:30:00,1,0.0,0.0,-0.0011198208286674616
2023-07-12 09:00:00,1,0.0,0.0,0.007473841554558991
2023-07-12 09:30:00,1,0.0,0.0,-0.00333827893175076
2023-07-12 10:00:00,1,0.0,0.0,0.0011164867882396123
2023-07-12 10:30:00,1,0.0,0.0,0.0022304832713755385
2023-07-12 11:00:00,1,0.0,0.0,0.00037091988130555364
2023-07-12 13:30:00,1,0.0,0.0,0.009269558769002595
2023-07-12 14:00:00,1,0.0,0.0,0.005143277002204183
2023-07-12 14:30:00,1,0.0,0.0,0.019736842105263053
2023-07-13 09:00:00,1,0.0,0.0,-0.004301075268817178
2023-07-13 09:30:00,1,0.0,0.0,0.012958963282937441
2023-07-13 10:00:00,1,0.0,0.0,-0.0017768301350390425
2023-07-13 10:30:00,1,0.0,0.0,-0.006407974368102476
2023-07-13 11:00:00,1,0.0,0.0,-0.010390541024722366
2023-07-13 13:30:00,1,0.0,0.0,0.003620564808110016
2023-07-13 14:00:00,1,0.0,0.0,-0.008658008658008698
2023-07-13 14:30:00,1,0.0,0.0,-0.0065502183406113135
2023-07-14 09:00:00,1,0.0,0.0,0.013553113553113505
2023-07-14 09:30:00,1,0.0,0.0,0.0003614022406939199
2023-07-14 10:00:00,1,0.0,0.0,-0.00036127167630062296
2023-07-14 10:30:00,1,0.0,0.0,-0.006866642573183923
2023-07-14 11:00:00,1,0.0,0.0,-0.00363901018922852
2023-07-14 13:30:00,1,0.0,0.0,0.0025566106647187947
2023-07-14 14:00:00,1,0.0,0.0,-0.0014571948998178819
2023-07-14 14:30:00,1,0.0,0.0,-0.002918642831083562
2023-07-17 09:00:00,1,0.0,0.0,-0.0029271862422246553
2023-07-17 09:30:00,1,0.0,0.0,-0.004036697247706389
2023-07-17 10:00:00,1,0.0,0.0,0.001105379513633098
2023-07-17 10:30:00,1,0.0,0.0,-0.0080971659919028
2023-07-17 11:00:00,1,0.0,0.0,-0.0007421150278292821
2023-07-17 13:30:00,1,0.0,0.0,-0.0018566654288897366
2023-07-17 14:00:00,1,0.0,0.0,0.004836309523809534
2023-07-17 14:30:00,1,0.0,0.0,-0.01814142910033323
2023-07-18 09:00:00,1,0.0,0.0,0.0007541478129713397
2023-07-18 09:30:00,1,0.0,0.0,0.007159005275056529
2023-07-18 10:00:00,1,0.0,0.0,0.0014964459408903785
2023-07-18 10:30:00,1,0.0,0.0,-0.0003735524841240734
2023-07-18 11:00:00,1,0.0,0.0,-0.0033632286995515237
2023-07-18 13:30:00,1,0.0,0.0,-0.0014998125234345627
2023-07-18 14:00:00,1,0.0,0.0,0.0030041306796846357
2023-07-18 14:30:00,1,0.0,0.0,-0.002246349681767179
2023-07-19 09:00:00,1,0.0,0.0,0.01801125703564721
2023-07-19 09:30:00,1,0.0,0.0,-0.0022115739034279658
2023-07-19 10:00:00,1,0.0,0.0,-0.005910602142593313
2023-07-19 10:30:00,1,0.0,0.0,-0.00185804533630618
2023-07-19 11:00:00,1,0.0,0.0,0.003350707371556183
2023-07-19 13:30:00,1,0.0,0.0,0.0025974025974024872
2023-07-19 14:00:00,1,0.0,0.0,-0.0018504811250925624
2023-07-19 14:30:00,1,0.0,0.0,0.0007415647015203142
2023-07-20 09:00:00,1,0.0,0.0,0.014079288625416853
2023-07-20 09:30:00,1,0.0,0.0,-0.002557544757033292
2023-07-20 10:00:00,1,0.0,0.0,-0.00293040293040292
2023-07-20 10:30:00,1,0.0,0.0,-0.00036737692872890193
2023-07-20 11:00:00,1,0.0,0.0,0.0025725836089673937
2023-07-20 13:30:00,1,0.0,0.0,-0.0010997067448680342
2023-07-20 14:00:00,1,0.0,0.0,-0.0011009174311926717
2023-07-20 14:30:00,1,0.0,0.0,0.0022042615723731895
2023-07-21 09:00:00,1,0.0,0.0,-0.016495601173020513
2023-07-21 09:30:00,1,0.0,0.0,0.007665360144648137
2023-07-21 10:00:00,1,0.0,0.0,-0.0005578281889178083
2023-07-21 10:30:00,1,0.0,0.0,-0.0036687248739158407
2023-07-21 11:00:00,1,0.0,0.0,-0.002343958894780118
2023-07-21 13:30:00,1,0.0,0.0,-0.0027369757074233725
2023-07-21 14:00:00,1,0.0,0.0,-0.004370732109656661
2023-07-21 14:30:00,1,0.0,0.0,-0.0016655838392691247
2023-07-24 09:00:00,1,0.0,0.0,-0.0089328900347031
2023-07-24 09:30:00,1,0.0,0.0,0.004753642485916143
2023-07-24 10:00:00,2,0.0,0.0,0.0012493585441913924
2023-07-24 10:30:00,2,0.0,0.0,-0.000977744457114682
2023-07-24 11:00:00,2,0.0,0.0,0.0015689982223396903
2023-07-24 13:30:00,2,0.0,0.0,-0.0032334005487237305
2023-07-24 14:00:00,2,0.0,0.0,0.0009300717632217959
2023-07-24 14:30:00,2,0.0,0.0,-0.0010485659354979027
2023-07-25 09:00:00,2,0.0,0.0,0.02406205652790916
2023-07-25 09:30:00,2,0.0,0.0,0.0023221036015453334
2023-07-25 10:00:00,2,0.0,0.0,0.006432719033126644
2023-07-25 10:30:00,2,0.0,0.0,0.0007828226347573741
2023-07-25 11:00:00,2,0.0,0.0,-0.001563197856185805
2023-07-25 13:30:00,2,0.0,0.0,0.0017128175849272509
2023-07-25 14:00:00,2,0.0,0.0,0.0033120225909674117
2023-07-25 14:30:00,2,0.0,0.0,0.0008175258170352029
2023-07-26 09:00:00,2,0.0,0.0,0.02541642928674659
2023-07-26 09:30:00,2,0.0,0.0,-0.0019152821216312232
2023-07-26 10:00:00,2,0.0,0.0,-0.006487801265284976
2023-07-26 10:30:00,2,0.0,0.0,-0.0006416012243422586
2023-07-26 11:00:00,2,0.0,0.0,-0.011465503680610778
2023-07-26 13:30:00,2,0.0,0.0,0.0007022693583606521
2023-07-26 14:00:00,2,0.0,0.0,0.0029407649723078855
2023-07-26 14:30:00,2,0.0,0.0,-0.001567881242628133
2023-07-27 09:00:00,2,0.0,0.0,0.004993636943708135
2023-07-27 09:30:00,2,0.0,0.0,0.000704193203767467
2023-07-27 10:00:00,2,0.0,0.0,0.0006191342735949457
2023-07-27 10:30:00,2,0.0,0.0,-0.004079273097772007
2023-07-27 11:00:00,2,0.0,0.0,0.0002948490339240162
2023-07-27 13:30:00,2,0.0,0.0,0.0012410223785055963
2023-07-27 14:00:00,2,0.0,0.0,-0.00272925764192139
2023-07-27 14:30:00,2,0.0,0.0,-0.009005120028445945
2023-07-28 09:00:00,2,0.0,0.0,-0.00039098683997107475
2023-07-28 09:30:00,2,0.0,0.0,0.004462659963084703
2023-07-28 10:00:00,2,0.0,0.0,-0.0055603497310386385
2023-07-28 10:30:00,2,0.0,0.0,0.0009223247958818903
2023-07-28 11:00:00,2,0.0,0.0,0.004756409436212361
2023-07-28 13:30:00,2,0.0,0.0,0.004702851967245403
2023-07-28 14:00:00,2,0.0,0.0,-0.001607655446936862
2023-07-28 14:30:00,2,0.0,0.0,0.000920132499079851
2023-07-31 09:00:00,2,0.0,0.0,0.012544173085956567
2023-07-31 09:30:00,2,0.0,0.0,0.004966430944145062
2023-07-31 10:00:00,2,0.0,0.0,-0.00042771110222661335
2023-07-31 10:30:00,2,0.0,0.0,-0.0013355774618566962
2023-07-31 11:00:00,2,0.0,0.0,0.0006540905972894917
2023-07-31 13:30:00,2,0.0,0.0,-0.0008673942386392408
2023-07-31 14:00:00,2,0.0,0.0,-0.0030352969918298056
2023-07-31 14:30:00,2,0.0,0.0,-0.007796114963563472
2023-08-01 09:00:00,2,0.0,0.0,0.0012800775083277038
2023-08-01 09:30:00,2,0.0,0.0,-0.0034612898949392124
2023-08-01 10:00:00,2,0.0,0.0,0.0004389815627743321
2023-08-01 10:30:00,2,0.0,0.0,-0.0006213450292397171
2023-08-01 11:00:00,2,0.0,0.0,0.0018697756269248078
2023-08-01 13:30:00,2,0.0,0.0,0.0016043580716776917
2023-08-01 14:00:00,2,0.0,0.0,-0.0008318971590847712
2023-08-01 14:30:00,2,0.0,0.0,0.0012412264735373046
2023-08-02 09:00:00,2,0.0,0.0,0.0026961324576553203
2023-08-02 09:30:00,2,0.0,0.0,7.081055752145016e-05
2023-08-02 10:00:00,2,0.0,0.0,-0.0018115942028985588
2023-08-02 10:30:00,2,0.0,0.0,0.006147044212618025
2023-08-02 11:00:00,2,0.0,0.0,-0.00017418912156941246
2023-08-02 13:30:00,2,0.0,0.0,-0.001265620459168837
2023-08-02 14:00:00,2,0.0,0.0,-0.0015567944326596583
2023-08-02 14:30:00,2,0.0,0.0,0.0004291475295936098
2023-08-03 09:00:00,2,0.0,0.0,-0.011357835630423752
2023-08-03 09:30:00,2,0.0,0.0,-0.0009238728750923797
2023-08-03 10:00:00,2,0.0,0.0,-0.001101678541747031
2023-08-03 10:30:00,2,0.0,0.0,-0.0006563115292058663
2023-08-03 11:00:00,2,0.0,0.0,0.00131434830230015
2023-08-03 13:30:00,2,0.0,0.0,-0.0009402574156112675
2023-08-03 14:00:00,2,0.0,0.0,-0.004882560545211134
2023-08-03 14:30:00,2,0.0,0.0,0.00014477393145034823
2023-08-04 09:00:00,2,0.0,0.0,0.0069697041183978126
2023-08-04 09:30:00,2,0.0,0.0,-0.0011008918617614327
2023-08-04 10:00:00,2,0.0,0.0,-0.002158628685424102
2023-08-04 10:30:00,2,0.0,0.0,0.0003273679615888314
2023-08-04 11:00:00,2,0.0,0.0,-0.0011949725909179976
2023-08-04 13:30:00,2,0.0,0.0,-0.0001867762420620367
2023-08-04 14:00:00,2,0.0,0.0,-0.006617837351215794
2023-08-04 14:30:00,2,0.0,0.0,0.004026127113693101
2023-08-07 09:00:00,2,0.0,0.0,-0.001943827843835788
2023-08-07 09:30:00,2,0.0,0.0,-0.00383457808127341
2023-08-07 10:00:00,2,0.0,0.0,0.0005952984763409885
2023-08-07 10:30:00,2,0.0,0.0,-0.0041196677048613295
2023-08-07 11:00:00,2,0.0,0.0,-0.010397080504468303
2023-08-07 13:30:00,2,0.0,0.0,-0.002071748453933653
2023-08-07 14:00:00,2,0.0,0.0,0.0012084138122383514
2023-08-07 14:30:00,2,0.0,0.0,-0.0017748236040397436
2023-08-08 09:00:00,2,0.0,0.0,-0.0016706679073082986
2023-08-08 09:30:00,2,0.0,0.0,-0.0015794320423411778
2023-08-08 10:00:00,2,0.0,0.0,-0.000878351014764911
2023-08-08 10:30:00,2,0.0,0.0,0.0015623056189093543
2023-08-08 11:00:00,2,0.0,0.0,-0.0016726263372656702
2023-08-08 13:30:00,2,0.0,0.0,-0.003388103745501192
2023-08-08 14:00:00,2,0.0,0.0,-0.0005428813637179952
2023-08-08 14:30:00,2,0.0,0.0,0.0008388981170778242
2023-08-09 09:00:00,2,0.0,0.0,0.000484305712546762
2023-08-09 09:30:00,2,0.0,0.0,0.001908131039244254
2023-08-09 10:00:00,2,0.0,0.0,0.0019760708079780143
2023-08-09 10:30:00,2,0.0,0.0,0.0028194259781623154
2023-08-09 11:00:00,2,0.0,0.0,0.004403377265394193
2023-08-09 13:30:00,2,0.0,0.0,0.001979199164785561
2023-08-09 14:00:00,2,0.0,0.0,0.0002552004442713529
2023-08-09 14:30:00,2,0.0,0.0,0.0009199632014719183
2023-08-10 09:00:00,2,0.0,0.0,-0.0021106109407290075
2023-08-10 09:30:00,2,0.0,0.0,-0.002439671691905898
2023-08-10 10:00:00,2,0.0,0.0,0.002071176630774718
2023-08-10 10:30:00,2,0.0,0.0,-0.004359794178342591
2023-08-10 11:00:00,2,0.0,0.0,0.00028183421214816873
2023-08-10 13:30:00,2,0.0,0.0,-0.0011740544363960659
2023-08-10 14:00:00,2,0.0,0.0,-0.00021686851130964246
2023-08-10 14:30:00,2,0.0,0.0,-0.007900911912930741
2023-08-11 09:00:00,2,0.0,0.0,0.0026555383643138697
2023-08-11 09:30:00,2,0.0,0.0,-0.006687311306603716
2023-08-11 10:00:00,2,0.0,0.0,-0.003781300922534092
2023-08-11 10:30:00,2,0.0,0.0,-0.006623668253428527
2023-08-11 11:00:00,2,0.0,0.0,0.0020095427933461973
2023-08-11 13:30:00,2,0.0,0.0,-0.0010874818753020543
2023-08-11 14:00:00,2,0.0,0.0,0.006813994964180337
2023-08-11 14:30:00,2,0.0,0.0,0.0034828732445141286
2023-08-14 09:00:00,2,0.0,0.0,-0.013330330605431373
2023-08-14 09:30:00,2,0.0,0.0,-0.001436792881341964
2023-08-14 10:00:00,2,0.0,0.0,0.0021512853494731754
2023-08-14 10:30:00,2,0.0,0.0,-0.0013990585114698195
2023-08-14 11:00:00,2,0.0,0.0,-0.0013486212899482264
2023-08-14 13:30:00,2,0.0,0.0,-9.099920110844373e-05
2023-08-14 14:00:00,2,0.0,0.0,-0.0039428154107425395
2023-08-14 14:30:00,2,0.0,0.0,-0.00934737776843042
2023-08-15 09:00:00,2,0.0,0.0,-0.001595891137276484
2023-08-15 09:30:00,2,0.0,0.0,-0.0012973011712384408
2023-08-15 10:00:00,2,0.0,0.0,-0.003157844312811464
2023-08-15 10:30:00,2,0.0,0.0,-0.0019587838140657787
2023-08-15 11:00:00,2,0.0,0.0,0.0038275163755541186
2023-08-15 13:30:00,2,0.0,0.0,-0.003514359494286412
2023-08-15 14:00:00,2,0.0,0.0,0.004005776222941182
2023-08-15 14:30:00,2,0.0,0.0,-0.002923979348458672
2023-08-16 09:00:00,2,0.0,0.0,-0.003973263650272452
2023-08-16 09:30:00,2,0.0,0.0,0.004317218839792525
2023-08-16 10:00:00,2,0.0,0.0,0.0027787767691341836
2023-08-16 10:30:00,2,0.0,0.0,0.0006171465258487663
2023-08-16 11:00:00,2,0.0,0.0,-0.0034047919293820894
2023-08-16 13:30:00,2,0.0,0.0,-0.0019532343155647114
2023-08-16 14:00:00,2,0.0,0.0,0.0020955903636613593
2023-08-16 14:30:00,2,0.0,0.0,-0.0023419323977849626
2023-08-17 09:00:00,2,0.0,0.0,-0.0015023991822905591
2023-08-17 09:30:00,2,0.0,0.0,-0.001594426229165835
2023-08-17 10:00:00,2,0.0,0.0,-0.0026240365327138693
2023-08-17 10:30:00,2,0.0,0.0,0.00031467891454051156
2023-08-17 11:00:00,2,0.0,0.0,0.0025458893932086557
2023-08-17 13:30:00,2,0.0,0.0,-0.0031021259972037196
2023-08-17 14:00:00,2,0.0,0.0,0.003459770286693309
2023-08-17 14:30:00,2,0.0,0.0,-0.0011713905968364635
2023-08-18 09:00:00,2,0.0,0.0,0.005401930272206146
2023-08-18 09:30:00,2,0.0,0.0,0.0044768482987976865
2023-08-18 10:00:00,2,0.0,0.0,-6.918391402949142e-05
2023-08-18 10:30:00,2,0.0,0.0,-0.002651700673402424
2023-08-18 11:00:00,2,0.0,0.0,0.0021091441933814292
2023-08-18 13:30:00,2,0.0,0.0,0.0004958428579719953
2023-08-18 14:00:00,2,0.0,0.0,-0.0039768863382851904
2023-08-18 14:30:00,2,0.0,0.0,-0.0006813911634920289
2023-08-21 09:00:00,2,0.0,0.0,0.010934407149714054
2023-08-21 09:30:00,2,0.0,0.0,-0.0017982498432609906
2023-08-21 10:00:00,2,0.0,0.0,0.002218063902783951
2023-08-21 10:30:00,2,0.0,0.0,0.0009170946441672267
2023-08-21 11:00:00,2,0.0,0.0,-2.505590368218069e-05
2023-08-21 13:30:00,2,0.0,0.0,0.009828357507011054
2023-08-21 14:00:00,2,0.0,0.0,-0.0044317439874068665
2023-08-21 14:30:00,2,0.0,0.0,-0.00037257824143072105
2023-08-22 09:00:00,2,0.0,0.0,0.0066761077930340695
2023-08-22 09:30:00,2,0.0,0.0,-0.0012360161134411518
2023-08-22 10:00:00,2,0.0,0.0,-0.0028843635901625864
2023-08-22 10:30:00,2,0.0,0.0,-0.0001948148129324312
2023-08-22 11:00:00,2,0.0,0.0,-0.00781534514059351
2023-08-22 13:30:00,2,0.0,0.0,0.0008578363891420526
2023-08-22 14:00:00,2,0.0,0.0,0.002633508698009379
2023-08-22 14:30:00,2,0.0,0.0,-0.0025087807325639977
2023-08-23 09:00:00,2,0.0,0.0,0.000312624449109844
2023-08-23 09:30:00,2,0.0,0.0,-0.00016629029400117012
2023-08-23 10:00:00,2,0.0,0.0,0.0007581501137224889
2023-08-23 10:30:00,2,0.0,0.0,0.0026351728727436186
2023-08-23 11:00:00,2,0.0,0.0,0.0009226412797029848
2023-08-23 13:30:00,2,0.0,0.0,0.0005020080321285203
2023-08-23 14:00:00,2,0.0,0.0,-0.001842769311205139
2023-08-23 14:30:00,2,0.0,0.0,7.437841873131346e-05
2023-08-24 09:00:00,2,0.0,0.0,0.002972694840834178
2023-08-24 09:30:00,2,0.0,0.0,-0.002673208400226057
2023-08-24 10:00:00,2,0.0,0.0,0.001549096706895292
2023-08-24 10:30:00,2,0.0,0.0,0.0026014327269870963
2023-08-24 11:00:00,2,0.0,0.0,0.0010002500625155841
2023-08-24 13:30:00,2,0.0,0.0,-0.00119130716315341
2023-08-24 14:00:00,2,0.0,0.0,-0.0023386017405589987
2023-08-24 14:30:00,2,0.0,0.0,-0.0010766432969442907
2023-08-25 09:00:00,2,0.0,0.0,0.0017529535914109773
2023-08-25 09:30:00,2,0.0,0.0,-0.0021478094809582737
2023-08-25 10:00:00,2,0.0,0.0,-0.00013874391967116928
2023-08-25 10:30:00,2,0.0,0.0,0.0005590156716379635
2023-08-25 11:00:00,2,0.0,0.0,0.0006571108055664632
2023-08-25 13:30:00,2,0.0,0.0,-0.00488873773563242
2023-08-25 14:00:00,2,0.0,0.0,-0.003788502922646264
2023-08-25 14:30:00,2,0.0,0.0,-0.0026149296693290247
2023-08-28 09:00:00,2,0.0,0.0,0.007327930633476143
2023-08-28 09:30:00,2,0.0,0.0,-0.011626767317913456
2023-08-28 10:00:00,2,0.0,0.0,0.0011642949547218118
2023-08-28 10:30:00,2,0.0,0.0,0.0002640937813215838
2023-08-28 11:00:00,2,0.0,0.0,-8.0054613576519e-05
2023-08-28 13:30:00,2,0.0,0.0,-0.014008729525508079
2023-08-28 14:00:00,2,0.0,0.0,-0.01988665550705304
2023-08-28 14:30:00,2,0.0,0.0,0.0009954200425307258
2023-08-29 09:00:00,2,0.0,0.0,-0.006235017619720562
2023-08-29 09:30:00,2,0.0,0.0,0.0005638644417259586
2023-08-29 10:00:00,2,0.0,0.0,0.004521363955870994
2023-08-29 10:30:00,2,0.0,0.0,0.0013860728191552596
2023-08-29 11:00:00,2,0.0,0.0,0.00043749686606825433
2023-08-29 13:30:00,2,0.0,0.0,0.007356970480035696
2023-08-29 14:00:00,2,0.0,0.0,-0.002289402608605662
2023-08-29 14:30:00,2,0.0,0.0,-0.0005151890754322985
2023-08-30 09:00:00,2,0.0,0.0,0.003506579808415955
2023-08-30 09:30:00,2,0.0,0.0,-0.005089071195325479
2023-08-30 10:00:00,2,0.0,0.0,0.0012785504581123153
2023-08-30 10:30:00,2,0.0,0.0,-0.0004026386544634386
2023-08-30 11:00:00,2,0.0,0.0,0.0033095995940906064
2023-08-30 13:30:00,2,0.0,0.0,-0.0015722512401070143
2023-08-30 14:00:00,2,0.0,0.0,-0.0024619686691147447
2023-08-30 14:30:00,2,0.0,0.0,0.0019176083736560656
2023-08-31 09:00:00,2,0.0,0.0,0.0013427684961548336
2023-08-31 09:30:00,2,0.0,0.0,-0.00018409425625920406
2023-08-31 10:00:00,2,0.0,0.0,0.00021895537893285022
2023-08-31 10:30:00,2,0.0,0.0,-0.002063929167059164
2023-08-31 11:00:00,2,0.0,0.0,-0.0058227680837894535
2023-08-31 13:30:00,2,0.0,0.0,-0.002536382118418168
2023-08-31 14:00:00,2,0.0,0.0,0.0020385461731667887
2023-08-31 14:30:00,2,0.0,0.0,0.009130952079079435
2023-09-01 09:00:00,2,0.0,0.0,0.007762854112869477
2023-09-01 09:30:00,2,0.0,0.0,0.0031583756063647828
2023-09-01 10:00:00,2,0.0,0.0,0.001278806627633411
2023-09-01 10:30:00,2,0.0,0.0,-0.0021683118434209225
2023-09-01 11:00:00,2,0.0,0.0,-0.0006897557086946726
2023-09-01 13:30:00,2,0.0,0.0,-0.002131355023045012
2023-09-01 14:00:00,2,0.0,0.0,0.0037134945961179167
2023-09-01 14:30:00,2,0.0,0.0,-0.001407338408222325
2023-09-04 09:00:00,2,0.0,0.0,0.02314955827172016
2023-09-04 09:30:00,2,0.0,0.0,-0.0037304290157798015
2023-09-04 10:00:00,2,0.0,0.0,0.0014642621475844386
2023-09-04 10:30:00,2,0.0,0.0,0.0019836022216345173
2023-09-04 11:00:00,2,0.0,0.0,0.0029429289247765444
2023-09-04 13:30:00,2,0.0,0.0,-0.008506793067839968
2023-09-04 14:00:00,2,0.0,0.0,-0.004969640623801896
2023-09-04 14:30:00,2,0.0,0.0,-0.0021331775791632035
2023-09-05 09:00:00,2,0.0,0.0,0.008114124044302229
2023-09-05 09:30:00,2,0.0,0.0,-0.004249268724949906
2023-09-05 10:00:00,2,0.0,0.0,0.0017337618243632447
2023-09-05 10:30:00,2,0.0,0.0,0.005302444130899864
2023-09-05 11:00:00,2,0.0,0.0,-0.002584961534972119
2023-09-05 13:30:00,2,0.0,0.0,-0.0011743215031315146
2023-09-05 14:00:00,2,0.0,0.0,-0.006108096908262306
2023-09-05 14:30:00,2,0.0,0.0,0.0030461646513924023
2023-09-06 09:00:00,2,0.0,0.0,0.008312243813869413
2023-09-06 09:30:00,2,0.0,0.0,-0.0009838667564102677
2023-09-06 10:00:00,2,0.0,0.0,0.002149893339742137
2023-09-06 10:30:00,2,0.0,0.0,-0.002228345754020755
2023-09-06 11:00:00,2,0.0,0.0,-0.001766595030231577
2023-09-06 13:30:00,2,0.0,0.0,0.002623051630991413
2023-09-06 14:00:00,2,0.0,0.0,-0.0019410413561557482
2023-09-06 14:30:00,2,0.0,0.0,0.0012897944045073828
2023-09-07 09:00:00,2,0.0,0.0,-0.003752351755405725
2023-09-07 09:30:00,2,0.0,0.0,-0.0013756234632946729
2023-09-07 10:00:00,2,0.0,0.0,-0.004036532372000634
2023-09-07 10:30:00,2,0.0,0.0,-0.0014043544788979179
2023-09-07 11:00:00,2,0.0,0.0,-0.0026779138669258407
2023-09-07 13:30:00,2,0.0,0.0,-0.006692180325715391
2023-09-07 14:00:00,2,0.0,0.0,0.0033587223444584424
2023-09-07 14:30:00,2,0.0,0.0,0.0014808191748471033
2023-09-08 09:00:00,2,0.0,0.0,-0.008912515392097198
2023-09-08 09:30:00,2,0.0,0.0,-0.00843609547190971
2023-09-08 10:00:00,2,0.0,0.0,-0.0012559567896088808
2023-09-08 10:30:00,2,0.0,0.0,-0.002161033237114973
2023-09-08 11:00:00,2,0.0,0.0,-0.001471376670629243
2023-09-08 13:30:00,2,0.0,0.0,0.0067964035103103
2023-09-08 14:00:00,2,0.0,0.0,0.0031841926273914467
2023-09-08 14:30:00,2,0.0,0.0,-0.006206727719153038
2023-09-11 09:00:00,2,0.0,0.0,0.0069087794824457816
2023-09-11 09:30:00,2,0.0,0.0,0.004097511793273112
2023-09-11 10:00:00,2,0.0,0.0,0.0005177770107007706
2023-09-11 10:30:00,2,0.0,0.0,-0.0020549177060750212
2023-09-11 11:00:00,2,0.0,0.0,0.0004485716726256861
2023-09-11 13:30:00,2,0.0,0.0,-0.0006534800249688444
2023-09-11 14:00:00,2,0.0,0.0,0.0010548498482133017
2023-09-11 14:30:00,2,0.0,0.0,0.0019499648863059438
2023-09-12 09:00:00,2,0.0,0.0,0.004365612949240871
2023-09-12 09:30:00,2,0.0,0.0,-0.001731301939058183
2023-09-12 10:00:00,2,0.0,0.0,0.005176704222599193
2023-09-12 10:30:00,2,0.0,0.0,0.0005166553118149397
2023-09-12 11:00:00,2,0.0,0.0,-0.00392875441098095
2023-09-12 13:30:00,2,0.0,0.0,-0.0017352429763607957
2023-09-12 14:00:00,2,0.0,0.0,-0.007931437091919069
2023-09-12 14:30:00,2,0.0,0.0,0.003530691761248206
2023-09-13 09:00:00,2,0.0,0.0,0.0009834083336865973
2023-09-13 09:30:00,2,0.0,0.0,0.00013974287311346867
2023-09-13 10:00:00,2,0.0,0.0,-0.0015472417681196005
2023-09-13 10:30:00,2,0.0,0.0,-0.003453283296208587
2023-09-13 11:00:00,2,0.0,0.0,-0.002750509352674513
2023-09-13 13:30:00,2,0.0,0.0,-7.855207444623646e-05
2023-09-13 14:00:00,2,0.0,0.0,0.0014378136344256887
2023-09-13 14:30:00,2,0.0,0.0,-0.0010354522625437568
2023-09-14 09:00:00,2,0.0,0.0,-0.001448718588893505
2023-09-14 09:30:00,2,0.0,0.0,-0.0026846999322020504
2023-09-14 10:00:00,2,0.0,0.0,-0.0023134759976864983
2023-09-14 10:30:00,2,0.0,0.0,0.0011127271593004973
2023-09-14 11:00:00,2,0.0,0.0,-0.0021138818825728878
2023-09-14 13:30:00,2,0.0,0.0,-0.0017927667431751337
2023-09-14 14:00:00,2,0.0,0.0,-2.4883184758073273e-05
2023-09-14 14:30:00,2,0.0,0.0,-0.003735127156901552
2023-09-15 09:00:00,2,0.0,0.0,0.005479104995606554
2023-09-15 09:30:00,2,0.0,0.0,-0.004049075881846387
2023-09-15 10:00:00,2,0.0,0.0,0.0009089200853457657
2023-09-15 10:30:00,2,0.0,0.0,0.003441071139907881
2023-09-15 11:00:00,2,0.0,0.0,-0.00036710995281102887
2023-09-15 13:30:00,2,0.0,0.0,0.0019569751121235046
2023-09-15 14:00:00,2,0.0,0.0,-0.0016530156827304077
2023-09-15 14:30:00,2,0.0,0.0,0.00525774812198232
2023-09-18 09:00:00,2,0.0,0.0,-0.0017203450405623433
2023-09-18 09:30:00,2,0.0,0.0,-0.0009074136636412766
2023-09-18 10:00:00,2,0.0,0.0,0.0025185185185184755
2023-09-18 10:30:00,2,0.0,0.0,-0.002231859534553071
2023-09-18 11:00:00,2,0.0,0.0,-0.0006794219902831466
2023-09-18 13:30:00,2,0.0,0.0,0.003698725781113632
2023-09-18 14:00:00,2,0.0,0.0,-0.0007253440929010924
2023-09-18 14:30:00,2,0.0,0.0,-0.0029420630285555416
2023-09-19 09:00:00,2,0.0,0.0,-0.004849906594650066
2023-09-19 09:30:00,2,0.0,0.0,-0.007671012527925403
2023-09-19 10:00:00,2,0.0,0.0,-0.004581869444056863
2023-09-19 10:30:00,2,0.0,0.0,0.0015094269112292391
2023-09-19 11:00:00,2,0.0,0.0,0.0005761606580458878
2023-09-19 13:30:00,2,0.0,0.0,-0.006338406663042473
2023-09-19 14:00:00,2,0.0,0.0,-0.0012508494916794177
2023-09-19 14:30:00,2,0.0,0.0,-0.010527854064306175
2023-09-20 09:00:00,2,0.0,0.0,-0.008038088105719376
2023-09-20 09:30:00,2,0.0,0.0,0.00509965909805099
2023-09-20 10:00:00,2,0.0,0.0,-0.0009939048511481419
2023-09-20 10:30:00,2,0.0,0.0,0.004149586750212264
2023-09-20 11:00:00,2,0.0,0.0,-0.005871512635192089
2023-09-20 13:30:00,2,0.0,0.0,-0.003421648256414389
2023-09-20 14:00:00,2,0.0,0.0,-0.003076866602720496
2023-09-20 14:30:00,2,0.0,0.0,0.0006336396717334103
2023-09-21 09:00:00,2,0.0,0.0,-0.0004394458562105852
2023-09-21 09:30:00,2,0.0,0.0,-0.0016530482942442304
2023-09-21 10:00:00,2,0.0,0.0,-0.002576758592117978
2023-09-21 10:30:00,2,0.0,0.0,0.003927058896629365
2023-09-21 11:00:00,2,0.0,0.0,-0.001224859795063482
2023-09-21 13:30:00,2,0.0,0.0,0.002999422633743476
2023-09-21 14:00:00,2,0.0,0.0,0.007318730184872557
2023-09-21 14:30:00,2,0.0,0.0,0.0009157013663751989
2023-09-22 09:00:00,2,0.0,0.0,-0.0011441375395528919
2023-09-22 09:30:00,2,0.0,0.0,-0.012330506954378817
2023-09-22 10:00:00,2,0.0,0.0,0.006090231492003717
2023-09-22 10:30:00,2,0.0,0.0,-0.0018844221105527859
2023-09-22 11:00:00,2,0.0,0.0,0.000786126092048034
2023-09-22 13:30:00,2,0.0,0.0,0.0050604552905165745
2023-09-22 14:00:00,2,0.0,0.0,-0.010664598216107102
2023-09-22 14:30:00,2,0.0,0.0,0.0028299696783055106
2023-09-25 09:00:00,2,0.0,0.0,0.008005123278898463
2023-09-25 09:30:00,2,0.0,0.0,0.0007469379913568885
2023-09-25 10:00:00,2,0.0,0.0,0.0014573265996887796
2023-09-25 10:30:00,2,0.0,0.0,-0.005605821595436933
2023-09-25 11:00:00,2,0.0,0.0,0.0006598622896091255
2023-09-25 13:30:00,2,0.0,0.0,0.0006560620130000583
2023-09-25 14:00:00,2,0.0,0.0,-0.006511808790974349
2023-09-25 14:30:00,2,0.0,0.0,0.006607731166264008
2023-09-26 09:00:00,2,0.0,0.0,-0.0025459678861546875
2023-09-26 09:30:00,2,0.0,0.0,-0.0015623136098638635
2023-09-26 10:00:00,2,0.0,0.0,0.00045412178769344
2023-09-26 10:30:00,2,0.0,0.0,-0.005987107664323199
2023-09-26 11:00:00,2,0.0,0.0,-0.01428351053114485
2023-09-26 13:30:00,2,0.0,0.0,-0.0040088118555540175
2023-09-26 14:00:00,2,0.0,0.0,0.001354737280273799
2023-09-26 14:30:00,2,0.0,0.0,-0.004658598190288077
2023-09-27 09:00:00,2,0.0,0.0,-0.018833886855268156
2023-09-27 09:30:00,2,0.0,0.0,0.00546174780006603
2023-09-27 10:00:00,2,0.0,0.0,0.005742783236918514
2023-09-27 10:30:00,2,0.0,0.0,0.0015123369922132035
2023-09-27 11:00:00,2,0.0,0.0,0.0
2023-09-27 13:30:00,2,0.0,0.0,-0.008859464515374726
2023-09-27 14:00:00,2,0.0,0.0,-0.0010533707865168496
2023-09-27 14:30:00,2,0.0,0.0,0.00269254165722399
2023-09-28 09:00:00,2,0.0,0.0,0.005657675989925726
2023-09-28 09:30:00,2,0.0,0.0,-0.0008765778401121915
2023-09-28 10:00:00,2,0.0,0.0,-0.0019902621519509167
2023-09-28 10:30:00,2,0.0,0.0,-0.010456678186680834
2023-09-28 11:00:00,2,0.0,0.0,-0.0019755747126437018
2023-09-28 13:30:00,2,0.0,0.0,-0.0017401954172313605
2023-09-28 14:00:00,2,0.0,0.0,0.005502594940642647
2023-09-28 14:30:00,2,0.0,0.0,0.0028533541199292634
2023-10-09 09:00:00,2,0.0,0.0,7.975167144219641e-05
2023-10-09 09:30:00,2,0.0,0.0,-0.0008444268306657676
2023-10-09 10:00:00,2,0.0,0.0,9.207072562250618e-05
2023-10-09 10:30:00,2,0.0,0.0,0.012578444920496756
2023-10-09 11:00:00,2,0.0,0.0,-0.003107301780230054
2023-10-09 13:30:00,2,0.0,0.0,-0.001269502318719029
2023-10-09 14:00:00,2,0.0,0.0,0.0011753468873069162
2023-10-09 14:30:00,2,0.0,0.0,0.0046511627906976605
2023-10-10 09:00:00,2,0.0,0.0,0.009140141511419397
2023-10-10 09:30:00,2,0.0,0.0,0.002504997435631595
2023-10-10 10:00:00,2,0.0,0.0,-0.0022617124394184174
2023-10-10 10:30:00,2,0.0,0.0,-0.00239370334307043
2023-10-10 11:00:00,2,0.0,0.0,0.00272514293970727
2023-10-10 13:30:00,2,0.0,0.0,-0.007769627734871998
2023-10-10 14:00:00,2,0.0,0.0,0.002269610335862704
2023-10-10 14:30:00,2,0.0,0.0,-0.00015363180039862367
2023-10-11 09:00:00,2,0.0,0.0,0.002169909040920459
2023-10-11 09:30:00,2,0.0,0.0,-0.0001475787943806539
2023-10-11 10:00:00,2,0.0,0.0,0.002908488822415678
2023-10-11 10:30:00,2,0.0,0.0,9.35802144688691e-05
2023-10-11 11:00:00,2,0.0,0.0,0.00042548928125729635
2023-10-11 13:30:00,2,0.0,0.0,0.0007789748806996677
2023-10-11 14:00:00,2,0.0,0.0,-0.0010135946018208775
2023-10-11 14:30:00,2,0.0,0.0,0.005289478372489276
2023-10-12 09:00:00,2,0.0,0.0,0.006335262164132827
2023-10-12 09:30:00,2,0.0,0.0,0.006415178858891535
2023-10-12 10:00:00,2,0.0,0.0,-0.0007245543263694199
2023-10-12 10:30:00,2,0.0,0.0,0.0016033734509559583
2023-10-12 11:00:00,2,0.0,0.0,0.013559129087660438
2023-10-12 13:30:00,2,0.0,0.0,0.002044660017452793
2023-10-12 14:00:00,2,0.0,0.0,0.0006069802731411
2023-10-12 14:30:00,2,0.0,0.0,-0.0007027406886858656
2023-10-13 09:00:00,2,0.0,0.0,0.028949659323544763
2023-10-13 09:30:00,2,0.0,0.0,-0.00486769352290678
2023-10-13 10:00:00,2,0.0,0.0,0.0032976845955575707
2023-10-13 10:30:00,2,0.0,0.0,0.0025158909012107378
2023-10-13 11:00:00,2,0.0,0.0,-0.003933516105612878
2023-10-13 13:30:00,2,0.0,0.0,-0.0030001876257617632
2023-10-13 14:00:00,2,0.0,0.0,0.0027038927898096476
2023-10-13 14:30:00,2,0.0,0.0,0.00474355173436114
2023-10-16 09:00:00,2,0.0,0.0,0.001402015409710744
2023-10-16 09:30:00,2,0.0,0.0,0.001829429108294367
2023-10-16 10:00:00,2,0.0,0.0,-0.0035549833565296507
2023-10-16 10:30:00,2,0.0,0.0,-0.008158898774410561
2023-10-16 11:00:00,2,0.0,0.0,-0.005132219618028622
2023-10-16 13:30:00,2,0.0,0.0,0.002062076933389445
2023-10-16 14:00:00,2,0.0,0.0,0.0010207062550788293
2023-10-16 14:30:00,2,0.0,0.0,0.001953091315834543
2023-10-17 09:00:00,2,0.0,0.0,-0.010213450642223232
2023-10-17 09:30:00,2,0.0,0.0,0.005174469575768115
2023-10-17 10:00:00,2,0.0,0.0,0.0005948839976204212
2023-10-17 10:30:00,2,0.0,0.0,-0.0014625341331918063
2023-10-17 11:00:00,2,0.0,0.0,0.008903596088254861
2023-10-17 13:30:00,2,0.0,0.0,0.0009195253872281706
2023-10-17 14:00:00,2,0.0,0.0,0.001203467203476194
2023-10-17 14:30:00,2,0.0,0.0,-0.0012688700374141049
2023-10-18 09:00:00,2,0.0,0.0,0.010543536606757109
2023-10-18 09:30:00,2,0.0,0.0,-0.006803248867806755
2023-10-18 10:00:00,2,0.0,0.0,-0.0006580932316715971
2023-10-18 10:30:00,2,0.0,0.0,-0.002651834837020195
2023-10-18 11:00:00,2,0.0,0.0,-0.0017015437399756084
2023-10-18 13:30:00,2,0.0,0.0,-0.0008947211452430825
2023-10-18 14:00:00,2,0.0,0.0,8.504381183899179e-05
2023-10-18 14:30:00,2,0.0,0.0,-0.00305749318795534
2023-10-19 09:00:00,2,0.0,0.0,-0.013000031595304384
2023-10-19 09:30:00,2,0.0,0.0,0.0018350551179941998
2023-10-19 10:00:00,2,0.0,0.0,0.005574207885109095
2023-10-19 10:30:00,2,0.0,0.0,0.00191376597891868
2023-10-19 11:00:00,2,0.0,0.0,-0.00692487389398827
2023-10-19 13:30:00,2,0.0,0.0,-0.005219319153253632
2023-10-19 14:00:00,2,0.0,0.0,0.00021120733484725207
2023-10-19 14:30:00,2,0.0,0.0,-0.010589318600368325
2023-10-20 09:00:00,2,0.0,0.0,-0.0039667769651866025
2023-10-20 09:30:00,2,0.0,0.0,0.0044446288294166525
2023-10-20 10:00:00,2,0.0,0.0,-0.0035021824811444224
2023-10-20 10:30:00,2,0.0,0.0,0.005272723612030905
2023-10-20 11:00:00,2,0.0,0.0,-0.01094541958195594
2023-10-20 13:30:00,2,0.0,0.0,-0.004240102171136628
2023-10-20 14:00:00,2,0.0,0.0,-0.008474213985506629
2023-10-20 14:30:00,2,0.0,0.0,-0.004169446580088054
2023-10-23 09:00:00,2,0.0,0.0,-0.0024679170779861592
2023-10-23 09:30:00,2,0.0,0.0,-0.0029066533155318597
2023-10-23 10:00:00,2,0.0,0.0,0.0005005005005005447
2023-10-23 10:30:00,2,0.0,0.0,-0.002541062801932392
2023-10-23 11:00:00,2,0.0,0.0,0.006461193876626137
2023-10-23 13:30:00,2,0.0,0.0,-0.0020042204927864793
2023-10-23 14:00:00,2,0.0,0.0,0.0024725252059492053
2023-10-23 14:30:00,2,0.0,0.0,-0.0004830693128352048
2023-10-24 09:00:00,2,0.0,0.0,0.009838178024717315
2023-10-24 09:30:00,2,0.0,0.0,-0.0011585655501188397
2023-10-24 10:00:00,2,0.0,0.0,0.00046496198182738313
2023-10-24 10:30:00,2,0.0,0.0,-0.004181899310046311
2023-10-24 11:00:00,2,0.0,0.0,0.002792107726553139
2023-10-24 13:30:00,2,0.0,0.0,-0.003344325975681295
2023-10-24 14:00:00,2,0.0,0.0,0.001999897934370498
2023-10-24 14:30:00,2,0.0,0.0,0.004861357102372399
2023-10-25 09:00:00,2,0.0,0.0,0.007043754883357511
2023-10-25 09:30:00,2,0.0,0.0,0.0020030494250986575
2023-10-25 10:00:00,2,0.0,0.0,-0.008162612035851446
2023-10-25 10:30:00,2,0.0,0.0,-0.003750796820740976
2023-10-25 11:00:00,2,0.0,0.0,0.0017730442700201743
2023-10-25 13:30:00,2,0.0,0.0,-0.008896612993278763
2023-10-25 14:00:00,2,0.0,0.0,-0.002482670401313114
2023-10-25 14:30:00,2,0.0,0.0,-0.0009480292462129003
2023-10-26 09:00:00,2,0.0,0.0,-0.008498060299543309
2023-10-26 09:30:00,2,0.0,0.0,0.00012026103822448952
2023-10-26 10:00:00,2,0.0,0.0,-0.0030023311600729796
2023-10-26 10:30:00,2,0.0,0.0,-0.007933286538285456
2023-10-26 11:00:00,2,0.0,0.0,0.0024504191449937762
2023-10-26 13:30:00,2,0.0,0.0,0.0008117904251455643
2023-10-26 14:00:00,2,0.0,0.0,0.006030315094983529
2023-10-26 14:30:00,2,0.0,0.0,0.000828899074513112
2023-10-27 09:00:00,2,0.0,0.0,-0.010814906681285652
2023-10-27 09:30:00,2,0.0,0.0,0.002754740309579784
2023-10-27 10:00:00,2,0.0,0.0,0.0035897889181305542
2023-10-27 10:30:00,2,0.0,0.0,0.005223491153966586
2023-10-27 11:00:00,2,0.0,0.0,-0.005413122707565277
2023-10-27 13:30:00,2,0.0,0.0,0.00858837676958879
2023-10-27 14:00:00,2,0.0,0.0,-0.0023556326651597015
2023-10-27 14:30:00,2,0.0,0.0,0.002595580007459908
2023-10-30 09:00:00,2,0.0,0.0,0.005520124206273347
2023-10-30 09:30:00,2,0.0,0.0,-0.001991531989237072
2023-10-30 10:00:00,2,0.0,0.0,-0.0008909182987502096
2023-10-30 10:30:00,2,0.0,0.0,0.0023841378782089584
2023-10-30 11:00:00,2,0.0,0.0,0.0012545368896647036
2023-10-30 13:30:00,2,0.0,0.0,0.004157214634128437
2023-10-30 14:00:00,2,0.0,0.0,-0.0001163039512904751
2023-10-30 14:30:00,2,0.0,0.0,0.006401773879044836
2023-10-31 09:00:00,2,0.0,0.0,-0.007903219546862572
2023-10-31 09:30:00,2,0.0,0.0,-0.007108781660086383
2023-10-31 10:00:00,2,0.0,0.0,0.0021806284538370413
2023-10-31 10:30:00,2,0.0,0.0,-0.0015845070422535468
2023-10-31 11:00:00,2,0.0,0.0,0.0028445054860670727
2023-10-31 13:30:00,2,0.0,0.0,0.008085787284387025
2023-10-31 14:00:00,2,0.0,0.0,0.006296347517345868
2023-10-31 14:30:00,2,0.0,0.0,-0.010695650796123335
2023-11-01 09:00:00,2,0.0,0.0,-0.0003205281702186036
2023-11-01 09:30:00,2,0.0,0.0,-0.005579041210134306
2023-11-01 10:00:00,2,0.0,0.0,-0.0014573220334327952
2023-11-01 10:30:00,2,0.0,0.0,0.002684106462399638
2023-11-01 11:00:00,2,0.0,0.0,-6.608160272059127e-05
2023-11-01 13:30:00,2,0.0,0.0,-0.003070458952811883
2023-11-01 14:00:00,2,0.0,0.0,-0.00027127303691987237
2023-11-01 14:30:00,2,0.0,0.0,-0.0005194278295543864
2023-11-02 09:00:00,2,0.0,0.0,0.00795837472034755
2023-11-02 09:30:00,2,0.0,0.0,-0.0010692722096130036
2023-11-02 10:00:00,2,0.0,0.0,-0.0013834711424882684
2023-11-02 10:30:00,2,0.0,0.0,-0.0006782738203866545
2023-11-02 11:00:00,2,0.0,0.0,-0.00025894739092396923
2023-11-02 13:30:00,2,0.0,0.0,-0.0012957563977972208
2023-11-02 14:00:00,2,0.0,0.0,-0.004754631411869437
2023-11-02 14:30:00,2,0.0,0.0,-0.0006411836749991573
2023-11-03 09:00:00,2,0.0,0.0,0.005248236621399172
2023-11-03 09:30:00,2,0.0,0.0,0.0025007470812506982
2023-11-03 10:00:00,2,0.0,0.0,0.00035323207347226493
2023-11-03 10:30:00,2,0.0,0.0,0.0006778689936460802
2023-11-03 11:00:00,2,0.0,0.0,-0.0032888407888407856
2023-11-03 13:30:00,2,0.0,0.0,-0.00232528622099748
2023-11-03 14:00:00,2,0.0,0.0,-0.003931847968545232
2023-11-03 14:30:00,2,0.0,0.0,-0.0008837044892188173
2023-11-06 09:00:00,2,0.0,0.0,-0.004917979874336176
2023-11-06 09:30:00,2,0.0,0.0,0.004598514326140779
2023-11-06 10:00:00,2,0.0,0.0,-0.00038374507810945424
2023-11-06 10:30:00,2,0.0,0.0,-0.0005090679447884994
2023-11-06 11:00:00,2,0.0,0.0,-0.0026693360026693314
2023-11-06 13:30:00,2,0.0,0.0,0.0013816127109076426
2023-11-06 14:00:00,2,0.0,0.0,-0.00536193029490617
2023-11-06 14:30:00,2,0.0,0.0,-0.0015243902439024404
2023-11-07 09:00:00,2,0.0,0.0,-0.00878524062888797
2023-11-07 09:30:00,2,0.0,0.0,-0.0018874399450926616
2023-11-07 10:00:00,2,0.0,0.0,0.0010694559460983633
2023-11-07 10:30:00,2,0.0,0.0,-0.002616420601503966
2023-11-07 11:00:00,2,0.0,0.0,-0.0036043783862615975
2023-11-07 13:30:00,2,0.0,0.0,-0.001904601962734731
2023-11-07 14:00:00,2,0.0,0.0,-0.0022862572123655833
2023-11-07 14:30:00,2,0.0,0.0,-0.00018058633050188622
2023-11-08 09:00:00,2,0.0,0.0,-0.022018323117278193
2023-11-08 09:30:00,2,0.0,0.0,0.02477851117150831
2023-11-08 10:00:00,2,0.0,0.0,-0.002721323540227305
2023-11-08 10:30:00,2,0.0,0.0,-0.003519731187987596
2023-11-08 11:00:00,2,0.0,0.0,0.0026691188766094776
2023-11-08 13:30:00,2,0.0,0.0,-0.004963504522032924
2023-11-08 14:00:00,2,0.0,0.0,0.013058350100603633
2023-11-08 14:30:00,2,0.0,0.0,0.0049510907766556755
2023-11-09 09:00:00,2,0.0,0.0,-0.002972027017434653
2023-11-09 09:30:00,2,0.0,0.0,0.0014117311311034886
2023-11-09 10:00:00,2,0.0,0.0,-0.0014086072261398352
2023-11-09 10:30:00,2,0.0,0.0,-0.0006894174422613086
2023-11-09 11:00:00,2,0.0,0.0,0.00039872252334888225
2023-11-09 13:30:00,2,0.0,0.0,-0.006618600086082116
2023-11-09 14:00:00,2,0.0,0.0,0.006491457849184035
2023-11-09 14:30:00,2,0.0,0.0,-0.002280062238496583
2023-11-10 09:00:00,2,0.0,0.0,0.009258277345858601
2023-11-10 09:30:00,2,0.0,0.0,0.013048772332120206
2023-11-10 10:00:00,2,0.0,0.0,-0.0037867258507714996
2023-11-10 10:30:00,2,0.0,0.0,-0.0013511334126808938
2023-11-10 11:00:00,2,0.0,0.0,-0.002355316285329756
2023-11-10 13:30:00,2,0.0,0.0,0.0019847684222271123
2023-11-10 14:00:00,2,0.0,0.0,-0.006083057866940245
2023-11-10 14:30:00,2,0.0,0.0,0.00435902835471863
2023-11-13 09:00:00,2,0.0,0.0,0.00012023349845879938
2023-11-13 09:30:00,2,0.0,0.0,0.004407497648317937
2023-11-13 10:00:00,2,0.0,0.0,-0.002384658169669873
2023-11-13 10:30:00,2,0.0,0.0,0.0008561599136566178
2023-11-13 11:00:00,2,0.0,0.0,-0.0046791203935948045
2023-11-13 13:30:00,2,0.0,0.0,0.0013836795641097854
2023-11-13 14:00:00,2,0.0,0.0,-0.014701715927562475
2023-11-13 14:30:00,2,0.0,0.0,-0.011392630067851017
2023-11-14 09:00:00,2,0.0,0.0,0.006733383917464475
2023-11-14 09:30:00,2,0.0,0.0,-0.0012407364915566488
2023-11-14 10:00:00,2,0.0,0.0,0.00017749378771747537
2023-11-14 10:30:00,2,0.0,0.0,-0.0036731594117873634
2023-11-14 11:00:00,2,0.0,0.0,0.007410746483952402
2023-11-14 13:30:00,2,0.0,0.0,-0.002871120394771498
2023-11-14 14:00:00,2,0.0,0.0,0.0002673591101242101
2023-11-14 14:30:00,2,0.0,0.0,0.0017762303603667817
2023-11-14 21:00:00,2,0.0,0.0,0.004749553260323669
2023-11-14 21:30:00,2,0.0,0.0,0.002794654754272319
2023-11-14 22:00:00,2,0.0,0.0,-0.0004975837922744919
2023-11-14 22:30:00,2,0.0,0.0,0.0017562294063693251
2023-11-15 09:00:00,2,0.0,0.0,-0.0016258252956124486
2023-11-15 09:30:00,2,0.0,0.0,-0.002011333823542738
2023-11-15 10:00:00,18,0.0,0.0,-0.00012447099825740882
2023-11-15 10:30:00,18,0.0,0.05555555555555555,0.0009822553179597016
2023-11-15 11:00:00,18,0.0,0.0,0.0016708011816070067
2023-11-15 13:30:00,18,0.05555555555555555,0.0,-0.002370632149914287
2023-11-15 14:00:00,18,0.0,0.0,0.0010304582433473541
2023-11-15 14:30:00,18,0.0,0.0,0.0003347650109514211
2023-11-15 21:00:00,18,0.1111111111111111,0.0,-0.0023605703684978496
2023-11-15 21:30:00,18,0.0,0.0,-0.00030099731773514105
2023-11-15 22:00:00,18,0.0,0.0,-0.00012813941568429188
2023-11-15 22:30:00,18,0.0,0.0,0.0006473979682741771
2023-11-16 09:00:00,18,0.0,0.0,9.31940376486251e-05
2023-11-16 09:30:00,18,0.0,0.0,0.001586075239609297
2023-11-16 10:00:00,18,0.0,0.0,-0.0012551496006175666
2023-11-16 10:30:00,18,0.0,0.05555555555555555,0.002096407487501839
2023-11-16 11:00:00,18,0.16666666666666666,0.0,-0.0012233648428688348
2023-11-16 13:30:00,18,0.0,0.1111111111111111,0.0018905794999807268
2023-11-16 14:00:00,18,0.0,0.05555555555555555,0.0011180289502785712
2023-11-16 14:30:00,18,0.0,0.05555555555555555,0.0026670471040520782
2023-11-16 21:00:00,18,0.05555555555555555,0.2222222222222222,0.0019110801264745625
2023-11-16 21:30:00,18,0.0,0.0,0.00011882129277562825
2023-11-16 22:00:00,18,0.05555555555555555,0.0,-0.0021764210269333284
2023-11-16 22:30:00,18,0.16666666666666666,0.0,-0.002423521813164242
2023-11-17 09:00:00,18,0.2222222222222222,0.05555555555555555,-0.003903163253445807
2023-11-17 09:30:00,18,0.1111111111111111,0.0,-0.000899227354923593
2023-11-17 10:00:00,18,0.05555555555555555,0.0,0.0011300546380181853
2023-11-17 10:30:00,18,0.0,0.05555555555555555,0.0012298420121695797
2023-11-17 11:00:00,18,0.0,0.0,0.0017406687901804219
2023-11-17 13:30:00,18,0.0,0.0,-0.0007343291122933748
2023-11-17 14:00:00,18,0.1111111111111111,0.0,-0.002923285302675771
2023-11-17 14:30:00,18,0.0,0.0,-0.00030866841940441203
2023-11-17 21:00:00,18,0.05555555555555555,0.1111111111111111,0.0020335110056606265
2023-11-17 21:30:00,18,0.05555555555555555,0.0,-0.0005105017502917142
2023-11-17 22:00:00,18,0.0,0.0,0.0
2023-11-17 22:30:00,18,0.0,0.0,0.0
2023-11-20 09:00:00,18,0.05555555555555555,0.2222222222222222,0.002834557379303493
2023-11-20 09:30:00,18,0.0,0.0,-0.00032107973416040103
2023-11-20 10:00:00,18,0.0,0.0,0.0014621315686534908
2023-11-20 10:30:00,18,0.0,0.0,0.0003340485548515293
2023-11-20 11:00:00,18,0.0,0.0,0.0016719954675510351
2023-11-20 13:30:00,18,0.05555555555555555,0.0,-0.0023357828196238217
2023-11-20 14:00:00,18,0.0,0.1111111111111111,0.0029607390903804154
2023-11-20 14:30:00,18,0.0,0.0,-0.0012977739493131302
2023-11-20 21:00:00,18,0.05555555555555555,0.1111111111111111,0.002192799877262841
2023-11-20 21:30:00,18,0.0,0.0,-0.0003768478669182729
2023-11-20 22:00:00,18,0.05555555555555555,0.0,-0.0001457938474996312
2023-11-20 22:30:00,18,0.0,0.0,0.0010526665950881808
2023-11-21 09:00:00,18,0.0,0.16666666666666666,0.0019604467325803343
2023-11-21 09:30:00,18,0.0,0.0,0.001731227093176524
2023-11-21 10:00:00,18,0.0,0.0,-0.0012000668889741162
2023-11-21 10:30:00,18,0.0,0.0,-0.002276182563459017
2023-11-21 11:00:00,18,0.1111111111111111,0.0,-0.004279049640551369
2023-11-21 13:30:00,18,0.1111111111111111,0.0,-0.002985843624646378
2023-11-21 14:00:00,18,0.05555555555555555,0.0,-0.0019565297772913826
2023-11-21 14:30:00,18,0.0,0.0,-0.0005710271517999632
2023-11-21 21:00:00,18,0.0,0.16666666666666666,0.0028129131928091855
2023-11-21 21:30:00,18,0.0,0.0,-0.0012834160045651632
2023-11-21 22:00:00,18,0.0,0.0,0.0004203582198698541
2023-11-21 22:30:00,18,0.0,0.05555555555555555,0.0010583986240166876
2023-11-22 09:00:00,18,0.16666666666666666,0.1111111111111111,-0.0012451546006053138
2023-11-22 09:30:00,18,0.05555555555555555,0.0,-0.001219392242177375
2023-11-22 10:00:00,18,0.0,0.0,-0.0005455714971613346
2023-11-22 10:30:00,18,0.0,0.0,-0.0015552428311793598
2023-11-22 11:00:00,18,0.0,0.0,0.00019764207326389283
2023-11-22 13:30:00,18,0.05555555555555555,0.05555555555555555,0.00039323633503740574
2023-11-22 14:00:00,18,0.0,0.0,-0.0008772410717786672
2023-11-22 14:30:00,18,0.0,0.1111111111111111,0.0029647365716268803
2023-11-22 21:00:00,18,0.1111111111111111,0.0,-0.0027725300803773667
2023-11-22 21:30:00,18,0.05555555555555555,0.0,0.00012354830738814382
2023-11-22 22:00:00,18,0.0,0.0,-0.0013225020682048338
2023-11-22 22:30:00,18,0.2777777777777778,0.0,-0.0019180290575102066
2023-11-23 09:00:00,18,0.0,0.0,-0.0002874268333931673
2023-11-23 09:30:00,18,0.0,0.0,0.0
2023-11-23 10:00:00,18,0.0,0.0,0.0012742498053089912
2023-11-23 10:30:00,18,0.05555555555555555,0.0,-0.0019501424947542811
2023-11-23 11:00:00,18,0.0,0.0,-0.0018103410885639826
2023-11-23 13:30:00,18,0.0,0.05555555555555555,0.0011406435854736108
2023-11-23 14:00:00,18,0.0,0.0,0.001890664979646961
2023-11-23 14:30:00,18,0.0,0.05555555555555555,0.0010360854318588464
2023-11-23 21:00:00,18,0.1111111111111111,0.05555555555555555,-0.0021427780015882414
2023-11-23 21:30:00,18,0.0,0.0,-0.00024999999999997247
2023-11-23 22:00:00,18,0.0,0.0,0.0
2023-11-23 22:30:00,18,0.0,0.0,0.0013758143462070382
2023-11-24 09:00:00,18,0.0,0.0,-0.00021739130434783593
2023-11-24 09:30:00,18,0.0,0.05555555555555555,0.0007949429291415067
2023-11-24 10:00:00,18,0.0,0.0,0.0009137924591104962
2023-11-24 10:30:00,18,0.0,0.0,-0.0014811023829145453
2023-11-24 11:00:00,18,0.0,0.0,0.0
2023-11-24 13:30:00,18,0.0,0.0,0.0001077595826799449
2023-11-24 14:00:00,18,0.05555555555555555,0.05555555555555555,0.0001647989452867593
2023-11-24 14:30:00,18,0.0,0.2777777777777778,0.0032143814412950444
2023-11-24 21:00:00,18,0.16666666666666666,0.0,-0.0009700681762245811
2023-11-24 21:30:00,18,0.05555555555555555,0.0,-0.0019963144771903973
2023-11-24 22:00:00,18,0.0,0.0,0.0
2023-11-24 22:30:00,18,0.0,0.0,0.0007440038932313708
2023-11-27 09:00:00,18,0.16666666666666666,0.1111111111111111,0.0020819790538101346
2023-11-27 09:30:00,18,0.05555555555555555,0.0,-0.0027611362062942013
2023-11-27 10:00:00,18,0.0,0.0,0.0
2023-11-27 10:30:00,18,0.1111111111111111,0.05555555555555555,0.0011725054697591109
2023-11-27 11:00:00,18,0.05555555555555555,0.0,-0.00020795444278270958
2023-11-27 13:30:00,18,0.0,0.0,0.002006436617272067
2023-11-27 14:00:00,18,0.0,0.0,0.00011579434923580934
2023-11-27 14:30:00,18,0.0,0.0,0.0008555119506488129
2023-11-27 21:00:00,18,0.05555555555555555,0.0,-0.0010165762489507957
2023-11-27 21:30:00,18,0.05555555555555555,0.0,-0.0001679543164259112
2023-11-27 22:00:00,18,0.0,0.1111111111111111,0.0
2023-11-27 22:30:00,18,0.0,0.0,-0.0004019636116301406
2023-11-28 09:00:00,18,0.2222222222222222,0.05555555555555555,-0.0022685515974277815
2023-11-28 09:30:00,18,0.0,0.0,-0.0003512771956175609
2023-11-28 10:00:00,18,0.0,0.0,-0.0014167838689327361
2023-11-28 10:30:00,18,0.0,0.0,-0.002311796851349024
2023-11-28 11:00:00,18,0.0,0.0,0.0023948055377152055
2023-11-28 13:30:00,18,0.16666666666666666,0.05555555555555555,-0.0017730993496299363
2023-11-28 14:00:00,18,0.0,0.0,0.0018694338474964933
2023-11-28 14:30:00,18,0.1111111111111111,0.0,-0.0004170117888529501
2023-11-28 21:00:00,18,0.05555555555555555,0.05555555555555555,0.0011346837945190869
2023-11-28 21:30:00,18,0.0,0.0,0.00020032051282048435
2023-11-28 22:00:00,18,0.0,0.0,-0.0003483084322812857
2023-11-28 22:30:00,18,0.0,0.0,0.0004986702127659504
2023-11-29 09:00:00,18,0.0,0.16666666666666666,0.0019235634683895109
2023-11-29 09:30:00,18,0.05555555555555555,0.0,-0.001089214848654152
2023-11-29 10:00:00,18,0.0,0.0,-0.0008630294899632518
2023-11-29 10:30:00,18,0.05555555555555555,0.0,-0.0005038021885891975
2023-11-29 11:00:00,18,0.0,0.0,0.0006330543379716724
2023-11-29 13:30:00,18,0.1111111111111111,0.0,-0.0012489193882781469
2023-11-29 14:00:00,18,0.1111111111111111,0.0,-0.0012511504243787885
2023-11-29 14:30:00,18,0.0,0.0,0.0005115303544622751
2023-11-29 21:00:00,18,0.3333333333333333,0.05555555555555555,0.0
2023-11-29 21:30:00,18,0.0,0.0,0.0004832530520478828
2023-11-29 22:00:00,18,0.0,0.0,0.0007215649409748615
2023-11-29 22:30:00,18,0.1111111111111111,0.0,0.0
2023-11-30 09:00:00,18,0.0,0.05555555555555555,-0.00025150905432597126
2023-11-30 09:30:00,18,0.0,0.0,-0.0008089747365294664
2023-11-30 10:00:00,18,0.0,0.05555555555555555,0.0032146560068340158
2023-11-30 10:30:00,18,0.05555555555555555,0.1111111111111111,0.0019425456433330712
2023-11-30 11:00:00,18,0.0,0.0,-0.0005690326851689465
2023-11-30 13:30:00,18,0.0,0.1111111111111111,0.0019436753320591915
2023-11-30 14:00:00,18,0.0,0.0,0.0010603380218874303
2023-11-30 14:30:00,18,0.0,0.05555555555555555,-0.00046009423541287786
2023-11-30 21:00:00,18,0.05555555555555555,0.1111111111111111,0.00032098540728986436
2023-11-30 21:30:00,18,0.0,0.0,0.0004936143101791357
2023-11-30 22:00:00,18,0.0,0.0,-0.0006548553060181095
2023-11-30 22:30:00,18,0.0,0.0,0.00045922405368958863
2023-12-01 09:00:00,18,0.3333333333333333,0.05555555555555555,-0.004061167799186971
2023-12-01 09:30:00,18,0.0,0.0,-0.0007391500456850886
2023-12-01 10:00:00,18,0.05555555555555555,0.0,-0.002787655987842974
2023-12-01 10:30:00,18,0.05555555555555555,0.05555555555555555,-0.003224225558051186
2023-12-01 11:00:00,18,0.0,0.05555555555555555,0.0012957274386597994
2023-12-01 13:30:00,18,0.0,0.16666666666666666,0.002094007097458883
2023-12-01 14:00:00,18,0.0,0.0,0.0024637278452422917
2023-12-01 14:30:00,18,0.05555555555555555,0.1111111111111111,-0.0001510117789187415
2023-12-01 21:00:00,18,0.05555555555555555,0.1111111111111111,0.0
2023-12-01 21:30:00,18,0.0,0.0,0.0005039475361351409
2023-12-01 22:00:00,18,0.0,0.0,0.0005630662749683824
2023-12-01 22:30:00,18,0.0,0.0,0.0002002402883459764
2023-12-04 09:00:00,18,0.2777777777777778,0.0,0.0005311883442100651
2023-12-04 09:30:00,18,0.3888888888888889,0.0,-0.004983651292746694
2023-12-04 10:00:00,18,0.0,0.0,-0.0006886082956210071
2023-12-04 10:30:00,18,0.0,0.0,0.001862009671731668
2023-12-04 11:00:00,18,0.05555555555555555,0.0,-0.0005702717514018407
2023-12-04 13:30:00,18,0.1111111111111111,0.0,-0.0030916265214873673
2023-12-04 14:00:00,18,0.0,0.05555555555555555,-0.0002251237770795611
2023-12-04 14:30:00,18,0.0,0.0,-0.0006472481607440184
2023-12-04 21:00:00,18,0.0,0.16666666666666666,0.0018958185616236856
2023-12-04 21:30:00,18,0.1111111111111111,0.0,-0.0031340919972010495
2023-12-04 22:00:00,18,0.0,0.0,0.0011570735488561912
2023-12-04 22:30:00,18,0.0,0.0,0.0008155137104710608
2023-12-05 09:00:00,18,0.16666666666666666,0.0,-0.0005013841174939526
2023-12-05 09:30:00,18,0.05555555555555555,0.0,-0.0029657593773416147
2023-12-05 10:00:00,18,0.0,0.0,0.0001236705416769457
2023-12-05 10:30:00,18,0.1111111111111111,0.0,-0.0015716532498917801
2023-12-05 11:00:00,18,0.05555555555555555,0.0,0.0007752950141621806
2023-12-05 13:30:00,18,0.05555555555555555,0.0,0.0022724816567586403
2023-12-05 14:00:00,18,0.0,0.05555555555555555,-0.0005810655170474521
2023-12-05 14:30:00,18,0.0,0.0,0.0
2023-12-05 21:00:00,18,0.1111111111111111,0.0,-0.0025922850120110863
2023-12-05 21:30:00,18,0.0,0.0,0.0
2023-12-05 22:00:00,18,0.0,0.0,0.0005804443681782789
2023-12-05 22:30:00,18,0.0,0.0,0.0030076977633153312
2023-12-06 09:00:00,18,0.16666666666666666,0.0,-0.002750259000258992
2023-12-06 09:30:00,18,0.0,0.2777777777777778,0.004698829432418283
2023-12-06 10:00:00,18,0.0,0.05555555555555555,-0.0002496848773229643
2023-12-06 10:30:00,18,0.0,0.05555555555555555,-0.0009801281408582385
2023-12-06 11:00:00,18,0.0,0.0,-0.0007246899002373852
2023-12-06 13:30:00,18,0.0,0.0,0.001739797922742925
2023-12-06 14:00:00,18,0.0,0.0,0.0014814840949505248
2023-12-06 14:30:00,18,0.0,0.0,0.001172143228165945
2023-12-06 21:00:00,18,0.1111111111111111,0.1111111111111111,-0.0013840859994705967
2023-12-06 21:30:00,18,0.0,0.1111111111111111,0.0017750768584027243
2023-12-06 22:00:00,18,0.0,0.05555555555555555,0.0
2023-12-06 22:30:00,18,0.05555555555555555,0.0,-0.0016527655519100182
2023-12-07 09:00:00,18,0.2222222222222222,0.0,-0.001427066453785819
2023-12-07 09:30:00,18,0.0,0.05555555555555555,0.0007671553556399813
2023-12-07 10:00:00,18,0.0,0.0,-0.0003501212384664498
2023-12-07 10:30:00,18,0.05555555555555555,0.0,0.0026680338641649204
2023-12-07 11:00:00,18,0.0,0.0,0.000584696659725048
2023-12-07 13:30:00,18,0.0,0.05555555555555555,0.001451233753445469
2023-12-07 14:00:00,18,0.0,0.0,9.372071227742307e-05
2023-12-07 14:30:00,18,0.0,0.0,0.0007493610421757113
2023-12-07 21:00:00,18,0.1111111111111111,0.05555555555555555,-0.000680454603262437
2023-12-07 21:30:00,18,0.0,0.1111111111111111,0.0035762253210780415
2023-12-07 22:00:00,18,0.0,0.0,0.00045045442725477614
2023-12-07 22:30:00,18,0.0,0.0,-0.000529023308695753
2023-12-08 09:00:00,18,0.0,0.16666666666666666,0.0025833257699925394
2023-12-08 09:30:00,18,0.0,0.0,0.0012460113334044065
2023-12-08 10:00:00,18,0.0,0.0,0.0013930310265943824
2023-12-08 10:30:00,18,0.05555555555555555,0.0,-0.0025009170802448577
2023-12-08 11:00:00,18,0.0,0.0,0.00012610340479191073
2023-12-08 13:30:00,18,0.0,0.0,0.0008926874295588361
2023-12-08 14:00:00,18,0.0,0.0,0.0005174977157798022
2023-12-08 14:30:00,18,0.0,0.05555555555555555,0.00012357884330205238
2023-12-08 21:00:00,18,0.05555555555555555,0.1111111111111111,0.00012354830738814382
2023-12-08 21:30:00,18,0.05555555555555555,0.0,0.00025974025974029313
2023-12-08 22:00:00,18,0.0,0.0,0.0
2023-12-08 22:30:00,18,0.05555555555555555,0.0,-0.0034035782797435243
2023-12-11 09:00:00,18,0.16666666666666666,0.0,-0.004354375369987118
2023-12-11 09:30:00,18,0.0,0.05555555555555555,-0.0005125465973822019
2023-12-11 10:00:00,18,0.0,0.0,0.0003732271709380175
2023-12-11 10:30:00,18,0.0,0.0,-0.0008010771091195301
2023-12-11 11:00:00,18,0.0,0.0,0.0007481799305134595
2023-12-11 13:30:00,18,0.05555555555555555,0.05555555555555555,0.00222857893350481
2023-12-11 14:00:00,18,0.0,0.0,0.00040688035002967027
2023-12-11 14:30:00,18,0.0,0.0,-0.00181179696681405
2023-12-11 21:00:00,18,0.16666666666666666,0.0,0.0
2023-12-11 21:30:00,18,0.05555555555555555,0.0,-0.002785165152494995
2023-12-11 22:00:00,18,0.0,0.0,0.0014428596386144577
2023-12-11 22:30:00,18,0.0,0.0,0.0003739737776620178
2023-12-12 09:00:00,18,0.0,0.0,0.0018619373458083066
2023-12-12 09:30:00,18,0.0,0.0,0.0026722237786117597
2023-12-12 10:00:00,18,0.0,0.0,0.0
2023-12-12 10:30:00,18,0.0,0.0,-0.00044657756459509645
2023-12-12 11:00:00,18,0.0,0.0,0.0013345688542655276
2023-12-12 13:30:00,18,0.0,0.0,0.0006878106232014458
2023-12-12 14:00:00,18,0.0,0.0,0.0010969399577795969
2023-12-12 14:30:00,18,0.0,0.0,0.00044254954425759774
2023-12-12 21:00:00,18,0.16666666666666666,0.0,-0.004599160048419648
2023-12-12 21:30:00,18,0.0,0.0,-0.00134035624754264
2023-12-12 22:00:00,18,0.0,0.0,-0.0006201238579470747
2023-12-12 22:30:00,18,0.05555555555555555,0.0,-0.002216262751046083
2023-12-13 09:00:00,18,0.0,0.05555555555555555,0.00033611208011496974
2023-12-13 09:30:00,18,0.0,0.0,-0.0003125087618179867
2023-12-13 10:00:00,18,0.0,0.0,-0.00034320403138504707
2023-12-13 10:30:00,18,0.4444444444444444,0.0,-0.003753871362185468
2023-12-13 11:00:00,18,0.3333333333333333,0.0,-0.0037334382122580223
2023-12-13 13:30:00,18,0.1111111111111111,0.0,-0.0011221508276482162
2023-12-13 14:00:00,18,0.0,0.0,0.0006461194692846117
2023-12-13 14:30:00,18,0.0,0.05555555555555555,0.0005309982300057969
2023-12-13 21:00:00,18,0.0,0.05555555555555555,0.0002536783358700889
2023-12-13 21:30:00,18,0.0,0.0,0.0019459321217956127
2023-12-13 22:00:00,18,0.0,0.0,-0.001631411558215723
2023-12-13 22:30:00,18,0.0,0.0,0.0
2023-12-14 09:00:00,18,0.0,0.1111111111111111,0.0005273079373196987
2023-12-14 09:30:00,18,0.0,0.0,-0.0007468914072877864
2023-12-14 10:00:00,18,0.0,0.0,-0.0014518011821382792
2023-12-14 10:30:00,18,0.0,0.0,0.000636842402297888
2023-12-14 11:00:00,18,0.0,0.0,0.0011180508079937646
2023-12-14 13:30:00,18,0.16666666666666666,0.0,-0.0023492404235333497
2023-12-14 14:00:00,18,0.0,0.0,0.0005744359277110034
2023-12-14 14:30:00,18,0.0,0.0,-0.0009119319090841183
2023-12-14 21:00:00,18,0.05555555555555555,0.2222222222222222,0.0034603420559112807
2023-12-14 21:30:00,18,0.0,0.0,0.0013763023628309279
2023-12-14 22:00:00,18,0.0,0.0,0.0
2023-12-14 22:30:00,18,0.0,0.0,-0.0008171162875090787
2023-12-15 09:00:00,18,0.0,0.2222222222222222,0.004214326726926787
2023-12-15 09:30:00,18,0.1111111111111111,0.0,-0.0033184279118933513
2023-12-15 10:00:00,18,0.0,0.0,0.002008773052368129
2023-12-15 10:30:00,18,0.0,0.0,0.0008043374022494998
2023-12-15 11:00:00,18,0.0,0.0,-0.0007757164923288817
2023-12-15 13:30:00,18,0.3888888888888889,0.0,-0.0068596257926303306
2023-12-15 14:00:00,18,0.0,0.0,-0.0018442573365786696
2023-12-15 14:30:00,18,0.0,0.0,0.0011978399065984968
2023-12-15 21:00:00,18,0.16666666666666666,0.0,-0.0020097921394979235
2023-12-15 21:30:00,18,0.0,0.0,-0.0007949145687999315
2023-12-15 22:00:00,18,0.0,0.0,-0.0008246136770024282
2023-12-15 22:30:00,18,0.0,0.0,0.0
2023-12-18 09:00:00,18,0.1111111111111111,0.16666666666666666,-0.0009281050243228894
2023-12-18 09:30:00,18,0.05555555555555555,0.0,-0.0005840963070351535
2023-12-18 10:00:00,18,0.0,0.0,0.0006836774911287424
2023-12-18 10:30:00,18,0.0,0.05555555555555555,-0.0009456978044696251
2023-12-18 11:00:00,18,0.05555555555555555,0.16666666666666666,0.0011560042643320445
2023-12-18 13:30:00,18,0.0,0.0,0.0007136389437584212
2023-12-18 14:00:00,18,0.05555555555555555,0.0,0.00012419274714359219
2023-12-18 14:30:00,18,0.0,0.05555555555555555,0.0019625721566607357
2023-12-18 21:00:00,18,0.1111111111111111,0.05555555555555555,0.0006241473103913986
2023-12-18 21:30:00,18,0.0,0.0,0.0014312414791001205
2023-12-18 22:00:00,18,0.0,0.0,-0.0007979374561054575
2023-12-18 22:30:00,18,0.0,0.0,-0.0012235709570246334
2023-12-19 09:00:00,18,0.0,0.05555555555555555,-0.001210020407260981
2023-12-19 09:30:00,18,0.0,0.05555555555555555,0.0013793092590522749
2023-12-19 10:00:00,18,0.0,0.0,0.0031575109129854395
2023-12-19 10:30:00,18,0.0,0.0,-0.0015662344792726768
2023-12-19 11:00:00,18,0.0,0.0,-0.001209813969852036
2023-12-19 13:30:00,18,0.1111111111111111,0.0,-0.0004610730417699549
2023-12-19 14:00:00,18,0.0,0.05555555555555555,0.0016324223860962883
2023-12-19 14:30:00,18,0.0,0.05555555555555555,-0.000693085871933119
2023-12-19 21:00:00,18,0.1111111111111111,0.0,0.0003821656050955191
2023-12-19 21:30:00,18,0.0,0.0,-0.0002773155851358844
2023-12-19 22:00:00,18,0.0,0.0,0.0008987418441624984
2023-12-19 22:30:00,18,0.0,0.0,0.000547698514124062
2023-12-20 09:00:00,18,0.0,0.16666666666666666,0.003775437825207839
2023-12-20 09:30:00,18,0.0,0.0,-0.0002799354345738303
2023-12-20 10:00:00,18,0.0,0.0,0.00029797377830753646
2023-12-20 10:30:00,18,0.0,0.0,0.0010470355731225789
2023-12-20 11:00:00,18,0.0,0.0,0.0005200477881750487
2023-12-20 13:30:00,18,0.0,0.0,0.0010171296500982585
2023-12-20 14:00:00,18,0.0,0.05555555555555555,9.215285031727305e-07
2023-12-20 14:30:00,18,0.0,0.0,-0.0013996908821085619
2023-12-20 21:00:00,18,0.16666666666666666,0.0,-0.0020130585528660982
2023-12-20 21:30:00,18,0.0,0.0,0.0005412428991595775
2023-12-20 22:00:00,18,0.0,0.1111111111111111,0.002403900949283999
2023-12-20 22:30:00,18,0.0,0.0,0.0005612588117854811
2023-12-21 09:00:00,18,0.16666666666666666,0.05555555555555555,-0.0015702078928823138
2023-12-21 09:30:00,18,0.05555555555555555,0.0,-0.0011826330353280068
2023-12-21 10:00:00,18,0.0,0.0,0.0
2023-12-21 10:30:00,18,0.0,0.05555555555555555,0.001231497052897712
2023-12-21 11:00:00,18,0.0,0.05555555555555555,0.0013376719918842817
2023-12-21 13:30:00,18,0.0,0.16666666666666666,0.00326616325333573
2023-12-21 14:00:00,18,0.0,0.05555555555555555,0.0007350928364435738
2023-12-21 14:30:00,18,0.0,0.16666666666666666,0.0014867072935519365
2023-12-21 21:00:00,18,0.1111111111111111,0.16666666666666666,-0.0015666381640035976
2023-12-21 21:30:00,18,0.0,0.16666666666666666,0.0020936145015896246
2023-12-21 22:00:00,18,0.0,0.0,-0.0020523487495203163
2023-12-21 22:30:00,18,0.05555555555555555,0.0,-0.0005259338200324648
2023-12-22 09:00:00,18,0.1111111111111111,0.1111111111111111,0.002325144818708491
2023-12-22 09:30:00,18,0.0,0.1111111111111111,0.0036032321144178203
2023-12-22 10:00:00,18,0.0,0.0,0.00012468827930178783
2023-12-22 10:30:00,18,0.0,0.2222222222222222,0.0042398900576432474
2023-12-22 11:00:00,18,0.0,0.05555555555555555,0.00032821581516806475
2023-12-22 13:30:00,18,0.1111111111111111,0.0,-0.003642829617130472
2023-12-22 14:00:00,18,0.0,0.0,0.0010742186945370547
2023-12-22 14:30:00,18,0.0,0.0,0.0
2023-12-22 21:00:00,18,0.05555555555555555,0.05555555555555555,-0.0006252031753822274
2023-12-22 21:30:00,18,0.0,0.0,0.00039583129230980063
2023-12-22 22:00:00,18,0.0,0.0,-0.0006985722776735037
2023-12-22 22:30:00,18,0.0,0.0,-0.0004520447259142024
2023-12-25 09:00:00,18,0.16666666666666666,0.16666666666666666,-0.0006355360846935776
2023-12-25 09:30:00,18,0.0,0.05555555555555555,0.0004151718281937278
2023-12-25 10:00:00,18,0.0,0.0,-0.0006972775689413346
2023-12-25 10:30:00,18,0.0,0.0,-0.002761397384473341
2023-12-25 11:00:00,18,0.0,0.0,0.0003961965134706702
2023-12-25 13:30:00,18,0.0,0.0,0.0012121044309839624
2023-12-25 14:00:00,18,0.0,0.0,0.002383198138716014
2023-12-25 14:30:00,18,0.0,0.0,-0.001143388024850922
2023-12-25 21:00:00,18,0.0,0.05555555555555555,0.0
2023-12-25 21:30:00,18,0.0,0.0,0.0
2023-12-25 22:00:00,18,0.0,0.0,-0.0005394613416980221
2023-12-25 22:30:00,18,0.0,0.0,0.0009644404582714872
2023-12-26 09:00:00,18,0.0,0.1111111111111111,0.0024321827321303058
2023-12-26 09:30:00,18,0.05555555555555555,0.0,0.00025549310168626604
2023-12-26 10:00:00,18,0.0,0.0,0.0007359704138292233
2023-12-26 10:30:00,18,0.0,0.0,-0.0021450275581116895
2023-12-26 11:00:00,18,0.0,0.0,0.0008979524494999724
2023-12-26 13:30:00,18,0.0,0.0,0.001202029034964247
2023-12-26 14:00:00,18,0.0,0.0,-0.0007901622176446077
2023-12-26 14:30:00,18,0.0,0.0,-0.0017174242603310574
2023-12-26 21:00:00,18,0.0,0.05555555555555555,0.0
2023-12-26 21:30:00,18,0.0,0.0,0.0010066549671101654
2023-12-26 22:00:00,18,0.0,0.0,0.0002655803499420628
2023-12-26 22:30:00,18,0.3888888888888889,0.0,-0.004553397360727018
2023-12-27 09:00:00,18,0.0,0.05555555555555555,0.0014222714924408963
2023-12-27 09:30:00,18,0.0,0.0,0.001108793712939371
2023-12-27 10:00:00,18,0.0,0.0,0.0008516718654050237
2023-12-27 10:30:00,18,0.05555555555555555,0.0,0.000578871213155363
2023-12-27 11:00:00,18,0.0,0.0,0.0001593625498007567
2023-12-27 13:30:00,18,0.0,0.0,-0.0002421307506053072
2023-12-27 14:00:00,18,0.0,0.0,0.002645866478293901
2023-12-27 14:30:00,18,0.0,0.0,-0.00044612228437584944
2023-12-27 21:00:00,18,0.1111111111111111,0.0,-0.0025799831846405885
2023-12-27 21:30:00,18,0.0,0.0,-0.00020525451559932906
2023-12-27 22:00:00,18,0.0,0.0,-0.0005772344415128083
2023-12-27 22:30:00,18,0.0,0.05555555555555555,0.00020508613617720162
2023-12-28 09:00:00,18,0.0,0.05555555555555555,0.0020211260755116367
2023-12-28 09:30:00,18,0.1111111111111111,0.05555555555555555,0.0
2023-12-28 10:00:00,18,0.0,0.0,-0.001132247607689263
2023-12-28 10:30:00,18,0.0,0.0,-0.00017611835153225064
2023-12-28 11:00:00,18,0.05555555555555555,0.0,-0.0009375621620121288
2023-12-28 13:30:00,18,0.0,0.1111111111111111,0.0022337052744266783
2023-12-28 14:00:00,18,0.05555555555555555,0.0,-0.00288302796174128
2023-12-28 14:30:00,18,0.0,0.05555555555555555,0.000462738887898273
2023-12-28 21:00:00,18,0.1111111111111111,0.05555555555555555,-0.00020128824476650653
2023-12-28 21:30:00,18,0.0,0.1111111111111111,0.0006242197253433224
2023-12-28 22:00:00,18,0.0,0.0,0.0
2023-12-28 22:30:00,18,0.0,0.0,0.000685384871406014
2023-12-29 09:00:00,18,0.2222222222222222,0.05555555555555555,-0.003489967384802617
2023-12-29 09:30:00,18,0.05555555555555555,0.0,-0.0010601363462467983
2023-12-29 10:00:00,18,0.05555555555555555,0.0,-0.0009210993070691287
2023-12-29 10:30:00,18,0.0,0.0,0.00012901954629301882
2023-12-29 11:00:00,18,0.0,0.16666666666666666,0.002283341982356024
2023-12-29 13:30:00,18,0.0,0.0,-0.0002617801047120616
2023-12-29 14:00:00,18,0.05555555555555555,0.05555555555555555,-0.0009722036227285402
2023-12-29 14:30:00,18,0.0,0.0,-0.0014812826715889238
2024-01-02 09:00:00,18,0.3333333333333333,0.3333333333333333,0.002312867778254235
2024-01-02 09:30:00,18,0.1111111111111111,0.0,-0.0021399570683839353
2024-01-02 10:00:00,18,0.0,0.1111111111111111,0.0014686314554547275
2024-01-02 10:30:00,18,0.0,0.1111111111111111,0.0030089053954328593
2024-01-02 11:00:00,18,0.0,0.0,0.0005017070320481043
2024-01-02 13:30:00,18,0.0,0.1111111111111111,0.0009965187576908008
2024-01-02 14:00:00,18,0.0,0.0,-0.0020166360012265905
2024-01-02 14:30:00,18,0.0,0.0,0.0005571661651515569
2024-01-02 21:00:00,18,0.0,0.05555555555555555,0.000886924601877892
2024-01-02 21:30:00,18,0.0,0.1111111111111111,0.00134841434674271
2024-01-02 22:00:00,18,0.05555555555555555,0.0,-0.0013636081008787104
2024-01-02 22:30:00,18,0.05555555555555555,0.0,-0.00038237735360857616
2024-01-03 09:00:00,18,0.05555555555555555,0.1111111111111111,0.001514368931445409
2024-01-03 09:30:00,18,0.0,0.0,0.003434187434187441
2024-01-03 10:00:00,18,0.0,0.0,-0.0009081846753584144
2024-01-03 10:30:00,18,0.0,0.0,-0.0011872950630915091
2024-01-03 11:00:00,18,0.0,0.0,-0.0009448760917006305
2024-01-03 13:30:00,18,0.05555555555555555,0.05555555555555555,-0.0006008171112713567
2024-01-03 14:00:00,18,0.0,0.0,0.001218976346302636
2024-01-03 14:30:00,18,0.05555555555555555,0.0,0.0007505299791134012
2024-01-03 21:00:00,18,0.0,0.0,0.0
2024-01-03 21:30:00,18,0.0,0.0,0.0
2024-01-03 22:00:00,18,0.0,0.0,0.00020508613617720162
2024-01-03 22:30:00,18,0.0,0.0,0.0
2024-01-04 09:00:00,18,0.0,0.05555555555555555,0.00019630651086471884
2024-01-04 09:30:00,18,0.0,0.0,-0.0011124419608099512
2024-01-04 10:00:00,18,0.0,0.0,-0.0024338141145228143
2024-01-04 10:30:00,18,0.2222222222222222,0.0,-0.0025513084597846847
2024-01-04 11:00:00,18,0.05555555555555555,0.0,-0.0023451575297875893
2024-01-04 13:30:00,18,0.0,0.0,0.0017174063687737107
2024-01-04 14:00:00,18,0.0,0.0,0.001001240377402901
2024-01-04 14:30:00,18,0.05555555555555555,0.0,-0.0021303337749786766
2024-01-04 21:00:00,18,0.0,0.0,-0.00015954052329292256
2024-01-04 21:30:00,18,0.05555555555555555,0.0,0.0
2024-01-04 22:00:00,18,0.05555555555555555,0.0,-0.001851380076268394
2024-01-04 22:30:00,18,0.0,0.0,0.00038018254193195045
2024-01-05 09:00:00,18,0.2777777777777778,0.0,-0.003892997078519589
2024-01-05 09:30:00,18,0.0,0.1111111111111111,0.0009748522630084189
2024-01-05 10:00:00,18,0.0,0.0,-0.0022226262626262594
2024-01-05 10:30:00,18,0.0,0.0,0.0018629810073621522
2024-01-05 11:00:00,18,0.0,0.0,-0.0008474874510809305
2024-01-05 13:30:00,18,0.0,0.05555555555555555,-0.0002079866888519133
2024-01-05 14:00:00,18,0.0,0.0,-0.00044778783861904037
2024-01-05 14:30:00,18,0.0,0.0,-0.0017574843566032783
2024-01-05 21:00:00,18,0.16666666666666666,0.1111111111111111,-0.0015575840961658538
2024-01-05 21:30:00,18,0.0,0.1111111111111111,0.0017563116613124041
2024-01-05 22:00:00,18,0.0,0.0,-0.0004318393386418262
2024-01-05 22:30:00,18,0.05555555555555555,0.05555555555555555,0.0
2024-01-08 09:00:00,18,0.4444444444444444,0.0,-0.0038329295946319397
2024-01-08 09:30:00,18,0.05555555555555555,0.0,-0.0014255174740196441
2024-01-08 10:00:00,18,0.0,0.0,-0.000442227854955346
2024-01-08 10:30:00,18,0.0,0.1111111111111111,-0.00041256257077509906
2024-01-08 11:00:00,18,0.0,0.05555555555555555,-0.00014164305949010414
2024-01-08 13:30:00,18,0.0,0.05555555555555555,-0.000643570494859913
2024-01-08 14:00:00,18,0.0,0.0,0.00010349824052990897
2024-01-08 14:30:00,18,0.0,0.0,-0.0007407633468080599
2024-01-08 21:00:00,18,0.05555555555555555,0.0,0.00010347682119205004
2024-01-08 21:30:00,18,0.0,0.0,-0.0016914073651155825
2024-01-08 22:00:00,18,0.0,0.0,0.0
2024-01-08 22:30:00,18,0.0,0.0,0.0001851166234727586
2024-01-09 09:00:00,18,0.0,0.3888888888888889,0.0030706777931012175
2024-01-09 09:30:00,18,0.05555555555555555,0.0,-0.0019684347428732263
2024-01-09 10:00:00,18,0.0,0.0,0.0008478758017500532
2024-01-09 10:30:00,18,0.0,0.0,-0.0009277839712621971
2024-01-09 11:00:00,18,0.0,0.1111111111111111,0.0022032406959225925
2024-01-09 13:30:00,18,0.1111111111111111,0.0,-0.002915851141290171
2024-01-09 14:00:00,18,0.0,0.0,0.0
2024-01-09 14:30:00,18,0.0,0.0,0.00037961975438605133
2024-01-09 21:00:00,18,0.16666666666666666,0.1111111111111111,0.0
2024-01-09 21:30:00,18,0.0,0.0,-0.0012966743701151584
2024-01-09 22:00:00,18,0.0,0.0,0.0008467400508043177
2024-01-09 22:30:00,18,0.05555555555555555,0.0,-0.001676096538665739
2024-01-10 09:00:00,18,0.1111111111111111,0.0,-0.0031299661543072177
2024-01-10 09:30:00,18,0.0,0.0,0.00099053928806081
2024-01-10 10:00:00,18,0.0,0.0,0.0017979845487173796
2024-01-10 10:30:00,18,0.1111111111111111,0.0,-0.002624586127367823
2024-01-10 11:00:00,18,0.1111111111111111,0.0,-0.0012134205280766586
2024-01-10 13:30:00,18,0.05555555555555555,0.0,0.0011335303528405838
2024-01-10 14:00:00,18,0.05555555555555555,0.0,-0.0014095884882401877
2024-01-10 14:30:00,18,0.1111111111111111,0.0,-0.001645208161140832
2024-01-10 21:00:00,18,0.05555555555555555,0.05555555555555555,-0.0023103223740166268
2024-01-10 21:30:00,18,0.0,0.05555555555555555,0.002542391450754078
2024-01-10 22:00:00,18,0.0,0.0,0.0
2024-01-10 22:30:00,18,0.0,0.0,0.0008403549237431251
2024-01-11 09:00:00,18,0.0,0.05555555555555555,-8.023106546856118e-05
2024-01-11 09:30:00,18,0.0,0.0,-0.0011760033453058205
2024-01-11 10:00:00,18,0.0,0.0,0.0
2024-01-11 10:30:00,18,0.0,0.0,-0.0002714440825190012
2024-01-11 11:00:00,18,0.0,0.16666666666666666,0.004249342929855904
2024-01-11 13:30:00,18,0.0,0.16666666666666666,0.001878667485327501
2024-01-11 14:00:00,18,0.0,0.0,-0.0004775717352894504
2024-01-11 14:30:00,18,0.0,0.05555555555555555,0.0003825757218179904
2024-01-11 21:00:00,18,0.0,0.0,-0.0003916374209398388
2024-01-11 21:30:00,18,0.0,0.0,-0.0020593885877718265
2024-01-11 22:00:00,18,0.05555555555555555,0.0,0.0
2024-01-11 22:30:00,18,0.0,0.0,-0.0006678818806459819
2024-01-12 09:00:00,18,0.0,0.05555555555555555,0.0007597251031090657
2024-01-12 09:30:00,18,0.0,0.0,0.0021287918101619008
2024-01-12 10:00:00,18,0.0,0.0,0.0
2024-01-12 10:30:00,18,0.0,0.0,0.000756910532696331
2024-01-12 11:00:00,18,0.0,0.0,-0.0014337992219813356
2024-01-12 13:30:00,18,0.1111111111111111,0.0,-0.004092368190298845
2024-01-12 14:00:00,18,0.0,0.0,0.000995797832232248
2024-01-12 14:30:00,18,0.1111111111111111,0.0,-0.001121129394976439
2024-01-12 21:00:00,18,0.2222222222222222,0.0,-0.0018924485454817064
2024-01-12 21:30:00,18,0.0,0.0,0.0008630948275298866
2024-01-12 22:00:00,18,0.05555555555555555,0.0,-0.00012493753123438145
2024-01-12 22:30:00,18,0.0,0.1111111111111111,0.0021725390570165315
2024-01-15 09:00:00,18,0.2222222222222222,0.05555555555555555,-0.001963321914639826
2024-01-15 09:30:00,18,0.0,0.0,0.001126148727760623
2024-01-15 10:00:00,18,0.0,0.0,0.0011817351743509397
2024-01-15 10:30:00,18,0.0,0.0,0.0019332148155905005
2024-01-15 11:00:00,18,0.0,0.0,-0.0005094107131166647
2024-01-15 13:30:00,18,0.0,0.0,-0.0009303187705178018
2024-01-15 14:00:00,18,0.0,0.0,-0.00026998635091274314
2024-01-15 14:30:00,18,0.16666666666666666,0.0,-0.0018745318282958334
2024-01-15 21:00:00,18,0.0,0.05555555555555555,0.0007645759178002143
2024-01-15 21:30:00,18,0.0,0.05555555555555555,0.000596713980696606
2024-01-15 22:00:00,18,0.0,0.0,0.00025223766710147366
2024-01-15 22:30:00,18,0.0,0.0,-0.00013642564802185397
2024-01-16 09:00:00,18,0.1111111111111111,0.0,-0.0025220411022165434
2024-01-16 09:30:00,18,0.0,0.05555555555555555,0.001017265327113992
2024-01-16 10:00:00,18,0.0,0.0,0.0008236984648782864
2024-01-16 10:30:00,18,0.0,0.1111111111111111,-0.000730536422458794
2024-01-16 11:00:00,18,0.0,0.0,-0.0011376433692916743
2024-01-16 13:30:00,18,0.05555555555555555,0.0,-0.002290048959268487
2024-01-16 14:00:00,18,0.0,0.0,0.00014208581983521373
2024-01-16 14:30:00,18,0.0,0.3888888888888889,0.005154436467005974
2024-01-16 21:00:00,18,0.0,0.3888888888888889,0.004416620211757816
2024-01-16 21:30:00,18,0.0,0.0,-0.0015566561423941971
2024-01-16 22:00:00,18,0.0,0.0,0.0
2024-01-16 22:30:00,18,0.0,0.0,0.0
2024-01-17 09:00:00,18,0.2222222222222222,0.05555555555555555,-0.0018615141917392997
2024-01-17 09:30:00,18,0.0,0.0,-0.0016311246509266297
2024-01-17 10:00:00,18,0.0,0.0,-0.0017528602196028586
2024-01-17 10:30:00,18,0.0,0.0,-0.0018303621273586534
2024-01-17 11:00:00,18,0.0,0.0,0.0012867780195827683
2024-01-17 13:30:00,18,0.0,0.0,-0.00048154093097912964
2024-01-17 14:00:00,18,0.0,0.05555555555555555,-0.0002609586492671734
2024-01-17 14:30:00,18,0.16666666666666666,0.0,-0.0037382751553310944
2024-01-17 21:00:00,18,0.16666666666666666,0.05555555555555555,-0.0009001433517150659
2024-01-17 21:30:00,18,0.0,0.0,0.00012976901116013018
2024-01-17 22:00:00,18,0.0,0.0,0.0010983090684307806
2024-01-17 22:30:00,18,0.0,0.0,0.0026292298784977852
2024-01-18 09:00:00,18,0.0,0.16666666666666666,0.0028813464340419204
2024-01-18 09:30:00,18,0.0,0.0,-0.00012462612163510745
2024-01-18 10:00:00,18,0.05555555555555555,0.0,-0.002859844341790485
2024-01-18 10:30:00,18,0.0,0.0,-0.002045540182499972
2024-01-18 11:00:00,18,0.0,0.2222222222222222,0.003054725108431855
2024-01-18 13:30:00,18,0.0,0.0,0.0016162636685840281
2024-01-18 14:00:00,18,0.0,0.0,0.0007618000182592066
2024-01-18 14:30:00,18,0.0,0.05555555555555555,0.0020635803759732063
2024-01-18 21:00:00,18,0.0,0.0,-0.0013770613272660603
2024-01-18 21:30:00,18,0.0,0.0,0.0
2024-01-18 22:00:00,18,0.0,0.0,0.0001242544731610007
2024-01-18 22:30:00,18,0.0,0.0,-0.0014291022986675506
2024-01-19 09:00:00,18,0.0,0.16666666666666666,0.000244140625
2024-01-19 09:30:00,18,0.0,0.0,0.002648269874736431
2024-01-19 10:00:00,18,0.0,0.0,-0.0007028333671775244
2024-01-19 10:30:00,18,0.0,0.0,0.0027233750960727887
2024-01-19 11:00:00,18,0.0,0.0,-0.0003984926748612505
2024-01-19 13:30:00,18,0.05555555555555555,0.05555555555555555,-0.0013670709195528485
2024-01-19 14:00:00,18,0.0,0.0,-0.00016431153466972548
2024-01-19 14:30:00,18,0.0,0.0,0.0010000064561173083
2024-01-19 21:00:00,18,0.0,0.0,0.00010220768601798547
2024-01-19 21:30:00,18,0.0,0.0,0.00020228761497464998
2024-01-19 22:00:00,18,0.0,0.0,0.000517946400192093
2024-01-19 22:30:00,18,0.0,0.0,0.0
2024-01-22 09:00:00,18,0.05555555555555555,0.3333333333333333,1.6152063190388866e-05
2024-01-22 09:30:00,18,0.0,0.0,-0.0010139603769235839
2024-01-22 10:00:00,18,0.0,0.05555555555555555,0.0003156351314305139
2024-01-22 10:30:00,18,0.0,0.1111111111111111,0.0014418627282496432
2024-01-22 11:00:00,18,0.0,0.0,0.0004302462700596088
2024-01-22 13:30:00,18,0.0,0.0,-0.0011289206881856528
2024-01-22 14:00:00,18,0.4444444444444444,0.0,-0.0056390083498087384
2024-01-22 14:30:00,18,0.0,0.05555555555555555,0.0012583590101789
2024-01-22 21:00:00,18,0.0,0.0,0.0
2024-01-22 21:30:00,18,0.0,0.0,-0.0008932694151813636
2024-01-22 22:00:00,18,0.0,0.0,0.0006833224256942438
2024-01-22 22:30:00,18,0.0,0.0,0.001140841555435812
2024-01-23 09:00:00,18,0.0,0.2777777777777778,0.0033476284087212704
2024-01-23 09:30:00,18,0.0,0.0,-0.0001271940981938391
2024-01-23 10:00:00,18,0.0,0.0,0.0010247770651223842
2024-01-23 10:30:00,18,0.16666666666666666,0.0,-0.003643380806689689
2024-01-23 11:00:00,18,0.0,0.05555555555555555,0.00102793479666774
2024-01-23 13:30:00,18,0.0,0.0,0.0010447319391966303
2024-01-23 14:00:00,18,0.0,0.05555555555555555,0.0013638165199045815
2024-01-23 14:30:00,18,0.0,0.0,-0.0013372484610137958
2024-01-23 21:00:00,18,0.05555555555555555,0.1111111111111111,0.0017048434801748558
2024-01-23 21:30:00,18,0.0,0.0,0.001476704372299853
2024-01-23 22:00:00,18,0.05555555555555555,0.0,-0.0017488827856315114
2024-01-23 22:30:00,18,0.0,0.05555555555555555,0.0005339574950169457
2024-01-24 09:00:00,18,0.0,0.05555555555555555,0.0025036872506059016
2024-01-24 09:30:00,18,0.0,0.0,-0.0003938871853426118
2024-01-24 10:00:00,18,0.0,0.0,-0.0013997994644041611
2024-01-24 10:30:00,18,0.0,0.0,0.0018091896937655338
2024-01-24 11:00:00,18,0.0,0.0,0.0007017931712109959
2024-01-24 13:30:00,18,0.0,0.0,0.00013568521031204206
2024-01-24 14:00:00,18,0.0,0.0,0.0010135781624970308
2024-01-24 14:30:00,18,0.0,0.0,0.0009165415444654101
2024-01-24 21:00:00,18,0.0,0.05555555555555555,0.0019719175099535136
2024-01-24 21:30:00,18,0.0,0.0,0.00018268176835956051
2024-01-24 22:00:00,18,0.05555555555555555,0.0,0.00021267545725223158
2024-01-24 22:30:00,18,0.05555555555555555,0.0,-0.0007900447943711697
2024-01-25 09:00:00,18,0.0,0.1111111111111111,-0.0016694613761332744
2024-01-25 09:30:00,18,0.0,0.0,0.0016704070157194106
2024-01-25 10:00:00,18,0.0,0.0,-0.00020262228914819103
2024-01-25 10:30:00,18,0.0,0.0,0.0007368459147290007
2024-01-25 11:00:00,18,0.0,0.0,0.0011549912962005582
2024-01-25 13:30:00,18,0.0,0.0,-0.0011337114762514089
2024-01-25 14:00:00,18,0.0,0.0,0.00025618679632266605
2024-01-25 14:30:00,18,0.3333333333333333,0.0,-0.002895631698091261
2024-01-25 21:00:00,18,0.0,0.0,-0.00013623978201632303
2024-01-25 21:30:00,18,0.0,0.0,0.0002133105802047952
2024-01-25 22:00:00,18,0.0,0.0,-0.001555827238551355
2024-01-25 22:30:00,18,0.0,0.0,0.0
2024-01-26 09:00:00,18,0.16666666666666666,0.0,-0.0005652744196336656
2024-01-26 09:30:00,18,0.0,0.05555555555555555,-0.0017438021744882182
2024-01-26 10:00:00,18,0.0,0.0,0.0005170157836872358
2024-01-26 10:30:00,18,0.0,0.0,0.0010783733491157577
2024-01-26 11:00:00,18,0.0,0.0,0.00045712205522907556
2024-01-26 13:30:00,18,0.0,0.2777777777777778,0.002866536653665319
2024-01-26 14:00:00,18,0.3888888888888889,0.0,-0.003731856504831599
2024-01-26 14:30:00,18,0.0,0.0,0.00014060742407195903
2024-01-26 21:00:00,18,0.1111111111111111,0.0,0.0
2024-01-26 21:30:00,18,0.0,0.05555555555555555,0.0
2024-01-26 22:00:00,18,0.0,0.05555555555555555,0.0004580908515232629
2024-01-26 22:30:00,18,0.0,0.0,0.0
2024-01-29 09:00:00,18,0.05555555555555555,0.2777777777777778,0.0044931732286955794
2024-01-29 09:30:00,18,0.0,0.0,-0.0008796094517098951
2024-01-29 10:00:00,18,0.0,0.0,-0.00033057851239670644
2024-01-29 10:30:00,18,0.0,0.0,-0.0015891475905519536
2024-01-29 11:00:00,18,0.0,0.0,0.00032836062212981965
2024-01-29 13:30:00,18,0.2777777777777778,0.0,-0.0033989525494697026
2024-01-29 14:00:00,18,0.0,0.1111111111111111,0.001989308671345724
2024-01-29 14:30:00,18,0.0,0.05555555555555555,0.0005313904568793326
2024-01-29 21:00:00,18,0.05555555555555555,0.0,0.0002481977028347959
2024-01-29 21:30:00,18,0.0,0.0,-0.000537430988893195
2024-01-29 22:00:00,18,0.0,0.0,0.0
2024-01-29 22:30:00,18,0.05555555555555555,0.0,0.0
2024-01-30 09:00:00,18,0.05555555555555555,0.05555555555555555,-0.001371623743327277
2024-01-30 09:30:00,18,0.0,0.0,0.0016564831723113738
2024-01-30 10:00:00,18,0.05555555555555555,0.0,-0.001182103142046309
2024-01-30 10:30:00,18,0.05555555555555555,0.0,0.0004328386583889454
2024-01-30 11:00:00,18,0.1111111111111111,0.0,-0.0013527157032283132
2024-01-30 13:30:00,18,0.3333333333333333,0.0,-0.0031183078970103417
2024-01-30 14:00:00,18,0.0,0.0,-0.001008008073546951
2024-01-30 14:30:00,18,0.0,0.0,-0.0025062622016223113
2024-01-30 21:00:00,18,0.2222222222222222,0.0,-0.0020351995447167037
2024-01-30 21:30:00,18,0.0,0.0,-0.000684638076805022
2024-01-30 22:00:00,18,0.0,0.0,0.0013175512255988453
2024-01-30 22:30:00,18,0.0,0.05555555555555555,0.0007226214828327526
2024-01-31 09:00:00,18,0.0,0.1111111111111111,-0.0014131677261068343
2024-01-31 09:30:00,18,0.0,0.0,0.0
2024-01-31 10:00:00,18,0.0,0.0,0.00028011041719455676
2024-01-31 10:30:00,18,0.05555555555555555,0.0,0.0012967414103668418
2024-01-31 11:00:00,18,0.0,0.0,-0.00018518518518517713
2024-01-31 13:30:00,18,0.05555555555555555,0.0,-0.0005015045135406404
2024-01-31 14:00:00,18,0.0,0.0,-0.0019855437771340023
2024-01-31 14:30:00,18,0.1111111111111111,0.0,0.00015547263681592316
2024-01-31 21:00:00,18,0.16666666666666666,0.0,-0.001043588440465315
2024-01-31 21:30:00,18,0.05555555555555555,0.0,0.00013877324451849748
2024-01-31 22:00:00,18,0.0,0.0,0.0013396685279347675
2024-01-31 22:30:00,18,0.0,0.0,-0.0002091175240485077
2024-02-01 09:00:00,18,0.05555555555555555,0.0,-0.0010056116556788064
2024-02-01 09:30:00,18,0.0,0.0,-0.0003144779984916579
2024-02-01 10:00:00,18,0.0,0.0,0.0015219594971245254
2024-02-01 10:30:00,18,0.0,0.05555555555555555,-0.00037397157816004833
2024-02-01 11:00:00,18,0.0,0.0,-0.00034158833656150467
2024-02-01 13:30:00,18,0.05555555555555555,0.0,-0.0028011361036822113
2024-02-01 14:00:00,18,0.0,0.0,0.0005837087087087189
2024-02-01 14:30:00,18,0.0,0.0,0.0009113845558125222
2024-02-01 21:00:00,18,0.0,0.0,-0.0013184715221813414
2024-02-01 21:30:00,18,0.0,0.05555555555555555,-0.00037462537462534806
2024-02-01 22:00:00,18,0.1111111111111111,0.0,-0.0009424184935357127
2024-02-01 22:30:00,18,0.0,0.0,0.001327259841448547
2024-02-02 09:00:00,18,0.05555555555555555,0.1111111111111111,0.0005919607383895187
2024-02-02 09:30:00,18,0.0,0.0,-0.0013477782128083482
2024-02-02 10:00:00,18,0.0,0.0,-0.0017012827637306605
2024-02-02 10:30:00,18,0.1111111111111111,0.0,-0.0005254243010543447
2024-02-02 11:00:00,18,0.0,0.0,0.0
2024-02-02 13:30:00,18,0.1111111111111111,0.0,-0.0032501469811352934
2024-02-02 14:00:00,18,0.0,0.3333333333333333,0.003795905472111616
2024-02-02 14:30:00,18,0.1111111111111111,0.0,-0.0015379707880904259
2024-02-02 21:00:00,18,0.0,0.05555555555555555,0.0011482666862868696
2024-02-02 21:30:00,18,0.05555555555555555,0.0,-0.0007867383713314746
2024-02-02 22:00:00,18,0.0,0.0,0.00038408357658625825
2024-02-02 22:30:00,18,0.0,0.1111111111111111,0.0005524062298500887
2024-02-05 09:00:00,18,0.0,0.16666666666666666,0.001321588658632633
2024-02-05 09:30:00,18,0.05555555555555555,0.05555555555555555,-0.0007568976682602035
2024-02-05 10:00:00,18,0.0,0.0,-0.0007808208481905887
2024-02-05 10:30:00,18,0.1111111111111111,0.0,-0.0033682452922670914
2024-02-05 11:00:00,18,0.0,0.0,0.002160618731984365
2024-02-05 13:30:00,18,0.0,0.16666666666666666,0.002611512596240706
2024-02-05 14:00:00,18,0.0,0.0,-0.00137071496094332
2024-02-05 14:30:00,18,0.05555555555555555,0.0,-0.001843598527218493
2024-02-05 21:00:00,18,0.3333333333333333,0.0,-0.003872900974910942
2024-02-05 21:30:00,18,0.0,0.0,0.0
2024-02-05 22:00:00,18,0.0,0.0,0.0002353374968161459
2024-02-05 22:30:00,18,0.0,0.0,0.0
2024-02-06 09:00:00,18,0.1111111111111111,0.1111111111111111,0.0010100618720526588
2024-02-06 09:30:00,18,0.05555555555555555,0.05555555555555555,0.0024793771245930074
2024-02-06 10:00:00,18,0.0,0.0,-0.000186358553857624
2024-02-06 10:30:00,18,0.0,0.0,-0.0006959450286097568
2024-02-06 11:00:00,18,0.0,0.0,-0.00028074115665355226
2024-02-06 13:30:00,18,0.0,0.1111111111111111,0.0037313049321189284
2024-02-06 14:00:00,18,0.1111111111111111,0.0,-0.0026660353675167503
2024-02-06 14:30:00,18,0.0,0.1111111111111111,0.003208936429553555
2024-02-06 21:00:00,18,0.05555555555555555,0.0,-0.0002520796571716666
2024-02-06 21:30:00,18,0.0,0.05555555555555555,0.0003397893306150701
2024-02-06 22:00:00,18,0.0,0.05555555555555555,0.0009248459638478979
2024-02-06 22:30:00,18,0.0,0.0,0.0
2024-02-07 09:00:00,18,0.0,0.05555555555555555,-0.000833722677864801
2024-02-07 09:30:00,18,0.0,0.0,0.0
2024-02-07 10:00:00,18,0.0,0.0,0.0007541585359541747
2024-02-07 10:30:00,18,0.16666666666666666,0.0,-0.004340648043869855
2024-02-07 11:00:00,18,0.0,0.0,0.0012342740685219455
2024-02-07 13:30:00,18,0.0,0.0,-0.002177246824059509
2024-02-07 14:00:00,18,0.0,0.0,0.0015619322860657148
2024-02-07 14:30:00,18,0.0,0.1111111111111111,0.002719597562441556
2024-02-07 21:00:00,18,0.05555555555555555,0.05555555555555555,0.0013810032220548107
2024-02-07 21:30:00,18,0.0,0.0,0.0002624671916010568
2024-02-07 22:00:00,18,0.0,0.0,-0.000767766974423878
2024-02-07 22:30:00,18,0.0,0.05555555555555555,0.0012728097386345283
2024-02-08 09:00:00,18,0.0,0.2222222222222222,0.003220989271027097
2024-02-08 09:30:00,18,0.0,0.0,-0.0006727734509602845
2024-02-08 10:00:00,18,0.0,0.0,0.00012537612838514622
2024-02-08 10:30:00,18,0.0,0.0,-0.0014029255778301164
2024-02-08 11:00:00,18,0.0,0.0,0.000404011351434197
2024-02-08 13:30:00,18,0.0,0.0,-0.0005082511549783231
2024-02-08 14:00:00,18,0.0,0.05555555555555555,0.0006886909936794083
2024-02-08 14:30:00,18,0.0,0.0,0.0017829543973334472
2024-02-19 09:00:00,18,0.3333333333333333,0.16666666666666666,0.0
2024-02-19 09:30:00,18,0.3888888888888889,0.0,-0.003312565702822734
2024-02-19 10:00:00,18,0.0,0.0,0.00015410695022344267
2024-02-19 10:30:00,18,0.0,0.0,-0.0012090312323061458
2024-02-19 11:00:00,18,0.0,0.0,0.0005932259159456832
2024-02-19 13:30:00,18,0.05555555555555555,0.0,-0.0008693609022556448
2024-02-19 14:00:00,18,0.0,0.0,0.0007414948382360453
2024-02-19 14:30:00,18,0.0,0.0,-0.001098973419353999
2024-02-19 21:00:00,18,0.16666666666666666,0.1111111111111111,0.0
2024-02-19 21:30:00,18,0.0,0.0,0.0001841620626150675
2024-02-19 22:00:00,18,0.0,0.0,0.0002776511984238228
2024-02-19 22:30:00,18,0.0,0.0,0.0
2024-02-20 09:00:00,18,0.05555555555555555,0.0,-0.003104767787323215
2024-02-20 09:30:00,18,0.05555555555555555,0.0,-0.0009652062198541311
2024-02-20 10:00:00,18,0.0,0.0,-0.0010787382965185
2024-02-20 10:30:00,18,0.1111111111111111,0.0,-0.002164823734744581
2024-02-20 11:00:00,18,0.0,0.0,0.0010975038557283767
2024-02-20 13:30:00,18,0.0,0.0,-0.0006476333676115886
2024-02-20 14:00:00,18,0.0,0.0,-0.0018380318527386197
2024-02-20 14:30:00,18,0.05555555555555555,0.0,-0.0005717650938870666
2024-02-20 21:00:00,18,0.05555555555555555,0.0,-0.002228709561845954
2024-02-20 21:30:00,18,0.0,0.0,0.001552172303449395
2024-02-20 22:00:00,18,0.0,0.0,0.0005542064668222491
2024-02-20 22:30:00,18,0.05555555555555555,0.0,-0.00204689412122544
2024-02-21 09:00:00,18,0.05555555555555555,0.05555555555555555,-0.0014616555171963475
2024-02-21 09:30:00,18,0.0,0.0,0.0024877465163946066
2024-02-21 10:00:00,18,0.0,0.0,0.00012906556530722924
2024-02-21 10:30:00,18,0.0,0.3888888888888889,0.003947765633462663
2024-02-21 11:00:00,18,0.0,0.2222222222222222,0.002643312690210009
2024-02-21 13:30:00,18,0.0,0.0,0.0
2024-02-21 14:00:00,18,0.16666666666666666,0.0,-0.003648849541813659
2024-02-21 14:30:00,18,0.05555555555555555,0.0,-0.0007646216355602919
2024-02-21 21:00:00,18,0.0,0.0,0.0
2024-02-21 21:30:00,18,0.0,0.0,0.0011030011119735894
2024-02-21 22:00:00,18,0.0,0.0,-7.855459544381382e-05
2024-02-21 22:30:00,18,0.0,0.0,0.0003061757979171409
2024-02-22 09:00:00,18,0.05555555555555555,0.0,-0.0010376056291543923
2024-02-22 09:30:00,18,0.0,0.0,0.0007868194387584682
2024-02-22 10:00:00,18,0.0,0.0,-0.001287960210867023
2024-02-22 10:30:00,18,0.0,0.0,0.0014959927775838322
2024-02-22 11:00:00,18,0.0,0.0,0.0007378378933019514
2024-02-22 13:30:00,18,0.0,0.05555555555555555,-0.002017694849322349
2024-02-22 14:00:00,18,0.0,0.16666666666666666,0.002765321845225044
2024-02-22 14:30:00,18,0.0,0.0,0.0015179103748679257
2024-02-22 21:00:00,18,0.1111111111111111,0.0,0.0001816860465115866
2024-02-22 21:30:00,18,0.0,0.0,-0.0015716732367910824
2024-02-22 22:00:00,18,0.0,0.0,0.001197647430301485
2024-02-22 22:30:00,18,0.0,0.0,0.0001987281399046248
2024-02-23 09:00:00,18,0.0,0.05555555555555555,0.0
2024-02-23 09:30:00,18,0.0,0.0,-0.0007492585823344888
2024-02-23 10:00:00,18,0.0,0.0,0.001975449811872476
2024-02-23 10:30:00,18,0.0,0.0,-0.0026068585206316386
2024-02-23 11:00:00,18,0.0,0.0,-0.0008379943734434514
2024-02-23 13:30:00,18,0.0,0.0,0.0004688897866188535
2024-02-23 14:00:00,18,0.0,0.0,-0.0008259605126257896
2024-02-23 14:30:00,18,0.0,0.0,0.00012432184780580835
2024-02-23 21:00:00,18,0.05555555555555555,0.05555555555555555,0.0
2024-02-23 21:30:00,18,0.0,0.0,-0.00027207423137548536
2024-02-23 22:00:00,18,0.0,0.0,-0.0015611609035193763
2024-02-23 22:30:00,18,0.0,0.0,-0.0003968253968253954
2024-02-26 09:00:00,18,0.1111111111111111,0.05555555555555555,-0.0008246169992344177
2024-02-26 09:30:00,18,0.1111111111111111,0.0,-0.0024860243363482026
2024-02-26 10:00:00,18,0.0,0.0,0.000593094501070146
2024-02-26 10:30:00,18,0.0,0.0,0.00016683350016688525
2024-02-26 11:00:00,18,0.0,0.0,0.00033730991192848503
2024-02-26 13:30:00,18,0.2777777777777778,0.0,-0.0037341684878215986
2024-02-26 14:00:00,18,0.0,0.0,0.0001292991983449232
2024-02-26 14:30:00,18,0.0,0.0,0.0008072619473247222
2024-02-26 21:00:00,18,0.0,0.2222222222222222,0.0017059202059201972
2024-02-26 21:30:00,18,0.0,0.0,-0.00038600051769260846
2024-02-26 22:00:00,18,0.0,0.0,0.0
2024-02-26 22:30:00,18,0.0,0.0,0.0008994196831495493
2024-02-27 09:00:00,18,0.0,0.2222222222222222,0.0028622614689226555
2024-02-27 09:30:00,18,0.0,0.05555555555555555,0.0010888059683064055
2024-02-27 10:00:00,18,0.0,0.16666666666666666,0.0015281190959841595
2024-02-27 10:30:00,18,0.0,0.0,-0.0007790813895434678
2024-02-27 11:00:00,18,0.0,0.0,0.0018864776402344186
2024-02-27 13:30:00,18,0.0,0.05555555555555555,0.00016002560409666966
2024-02-27 14:00:00,18,0.0,0.0,0.0010407258402994612
2024-02-27 14:30:00,18,0.0,0.2222222222222222,0.0021789140096871717
2024-02-27 21:00:00,18,0.0,0.16666666666666666,0.001063682125024501
2024-02-27 21:30:00,18,0.0,0.0,-0.00033026654550177836
2024-02-27 22:00:00,18,0.0,0.0,0.000135281385281405
2024-02-27 22:30:00,18,0.0,0.0,0.0
2024-02-28 09:00:00,18,0.05555555555555555,0.1111111111111111,-0.002152299645067246
2024-02-28 09:30:00,18,0.0,0.0,0.001887740599366472
2024-02-28 10:00:00,18,0.0,0.0,-0.001421395643328105
2024-02-28 10:30:00,18,0.0,0.1111111111111111,0.0018906919723872262
2024-02-28 11:00:00,18,0.05555555555555555,0.0,-0.0004939798601981682
2024-02-28 13:30:00,18,0.0,0.0,0.00039443682723405704
2024-02-28 14:00:00,18,0.1111111111111111,0.0,-0.0015834379360765705
2024-02-28 14:30:00,18,0.0,0.0,-0.0022582325385689384
2024-02-28 21:00:00,18,0.0,0.0,0.00045815516188152383
2024-02-28 21:30:00,18,0.1111111111111111,0.0,-0.0008171869049341529
2024-02-28 22:00:00,18,0.0,0.0,0.0013238287778014612
2024-02-28 22:30:00,18,0.0,0.0,-0.0002099076406381073
2024-02-29 09:00:00,18,0.1111111111111111,0.1111111111111111,-0.0002730748225013846
2024-02-29 09:30:00,18,0.05555555555555555,0.0,-0.0005997093311597701
2024-02-29 10:00:00,18,0.0,0.0,0.0025117383996080545
2024-02-29 10:30:00,18,0.0,0.05555555555555555,0.0016524882547785946
2024-02-29 11:00:00,18,0.0,0.05555555555555555,-0.00046130105265712595
2024-02-29 13:30:00,18,0.0,0.05555555555555555,-0.0008112374244602649
2024-02-29 14:00:00,18,0.0,0.0,0.0006774088824468283
2024-02-29 14:30:00,18,0.0,0.0,0.0005137284495269068
2024-02-29 21:00:00,18,0.1111111111111111,0.1111111111111111,0.0015353541088621858
2024-02-29 21:30:00,18,0.0,0.0,0.0009040057624840614
2024-02-29 22:00:00,18,0.0,0.0,-0.00040073942393215045
2024-02-29 22:30:00,18,0.1111111111111111,0.05555555555555555,-0.0012430464219427284
2024-03-01 09:00:00,18,0.05555555555555555,0.05555555555555555,-0.0009050985965726732
2024-03-01 09:30:00,18,0.05555555555555555,0.0,-0.0006507889381028309
2024-03-01 10:00:00,18,0.0,0.0,0.0008054138338541295
2024-03-01 10:30:00,18,0.0,0.05555555555555555,0.0010492099764154439
2024-03-01 11:00:00,18,0.0,0.0,0.0
2024-03-01 13:30:00,18,0.0,0.05555555555555555,0.0019038992408557665
2024-03-01 14:00:00,18,0.0,0.0,-0.0011983109413717385
2024-03-01 14:30:00,18,0.2222222222222222,0.0,-0.0005282711650216876
2024-03-01 21:00:00,18,0.05555555555555555,0.05555555555555555,-0.0017400223581520158
2024-03-01 21:30:00,18,0.0,0.0,0.0005463791401437712
2024-03-01 22:00:00,18,0.0,0.0,-0.0005143766795666638
2024-03-01 22:30:00,18,0.0,0.0,0.0
2024-03-04 09:00:00,18,0.16666666666666666,0.2222222222222222,0.00038175102038856545
2024-03-04 09:30:00,18,0.0,0.0,-0.0007332098154061439
2024-03-04 10:00:00,18,0.0,0.0,-0.0012775819797732346
2024-03-04 10:30:00,18,0.0,0.0,0.00039696997691807123
2024-03-04 11:00:00,18,0.1111111111111111,0.0,-0.001419970471754295
2024-03-04 13:30:00,18,0.05555555555555555,0.0,-0.0016716278640140914
2024-03-04 14:00:00,18,0.0,0.0,0.0018820762641171829
2024-03-04 14:30:00,18,0.0,0.3888888888888889,0.003547389801032974
2024-03-04 21:00:00,18,0.16666666666666666,0.0,-0.003375583438786245
2024-03-04 21:30:00,18,0.0,0.0,0.0003056330240769345
2024-03-04 22:00:00,18,0.0,0.0,0.0010108349895082691
2024-03-04 22:30:00,18,0.0,0.05555555555555555,0.0003129890453834605
2024-03-05 09:00:00,18,0.05555555555555555,0.05555555555555555,-0.00021258503401361262
2024-03-05 09:30:00,18,0.0,0.0,-0.0007421142661648839
2024-03-05 10:00:00,18,0.0,0.0,-0.00215141074315478
2024-03-05 10:30:00,18,0.0,0.0,0.0013950863861925678
2024-03-05 11:00:00,18,0.0,0.0,-0.0011229225797184106
2024-03-05 13:30:00,18,0.0,0.0,-0.0008762876746363779
2024-03-05 14:00:00,18,0.0,0.0,0.00018782870022537868
2024-03-05 14:30:00,18,0.0,0.0,-0.00033876320951370387
2024-03-05 21:00:00,18,0.0,0.0,-0.0007433757548394593
2024-03-05 21:30:00,18,0.0,0.0,0.0011420259931184118
2024-03-05 22:00:00,18,0.0,0.0,0.0008208375283019764
2024-03-05 22:30:00,18,0.0,0.1111111111111111,-0.0009472504632753731
2024-03-06 09:00:00,18,0.2222222222222222,0.0,-0.0037911426451747166
2024-03-06 09:30:00,18,0.0,0.0,-0.0004348699007807877
2024-03-06 10:00:00,18,0.0,0.05555555555555555,0.0014951900166073617
2024-03-06 10:30:00,18,0.0,0.0,0.001847326956887052
2024-03-06 11:00:00,18,0.0,0.0,0.002259997264146607
2024-03-06 13:30:00,18,0.0,0.05555555555555555,-0.00047381318567318864
2024-03-06 14:00:00,18,0.0,0.0,0.0012051532871669712
2024-03-06 14:30:00,18,0.0,0.0,-0.0009500237266454881
2024-03-06 21:00:00,18,0.0,0.16666666666666666,0.0009198651511228562
2024-03-06 21:30:00,18,0.0,0.0,0.00017094017094021474
2024-03-06 22:00:00,18,0.05555555555555555,0.0,0.0001994415636218383
2024-03-06 22:30:00,18,0.0,0.0,-0.00026659557451347293
2024-03-07 09:00:00,18,0.0,0.05555555555555555,0.0006591124859149922
2024-03-07 09:30:00,18,0.0,0.0,-0.0011087686210509151
2024-03-07 10:00:00,18,0.0,0.0,0.0
2024-03-07 10:30:00,18,0.0,0.0,0.0006032991062175919
2024-03-07 11:00:00,18,0.0,0.0,-0.0019116221757913276
2024-03-07 13:30:00,18,0.0,0.0,0.0006328819395969854
2024-03-07 14:00:00,18,0.0,0.0,0.00149862206417406
2024-03-07 14:30:00,18,0.1111111111111111,0.0,-0.0028239556692242207
2024-03-07 21:00:00,18,0.0,0.2222222222222222,0.0014609681518146234
2024-03-07 21:30:00,18,0.0,0.0,-0.0021424114687733087
2024-03-07 22:00:00,18,0.0,0.0,-0.0004398567487139404
2024-03-07 22:30:00,18,0.0,0.05555555555555555,0.0
2024-03-08 09:00:00,18,0.0,0.16666666666666666,0.002055978047556639
2024-03-08 09:30:00,18,0.0,0.0,-0.0014554091217543474
2024-03-08 10:00:00,18,0.0,0.0,-0.0005699028118215099
2024-03-08 10:30:00,18,0.05555555555555555,0.0,-0.0012832840138337631
2024-03-08 11:00:00,18,0.0,0.05555555555555555,0.0011901747170105503
2024-03-08 13:30:00,18,0.05555555555555555,0.16666666666666666,0.0003600889354897774
2024-03-08 14:00:00,18,0.0,0.1111111111111111,0.0021287562007916705
2024-03-08 14:30:00,18,0.0,0.0,0.0006386104291689065
2024-03-08 21:00:00,18,0.2777777777777778,0.0,-0.003921534195624299
2024-03-08 21:30:00,18,0.0,0.0,0.0
2024-03-08 22:00:00,18,0.0,0.0,-0.0008242221409149875
2024-03-08 22:30:00,18,0.16666666666666666,0.0,-0.0033263799114663373
2024-03-11 09:00:00,18,0.2222222222222222,0.05555555555555555,0.0009263825618915922
2024-03-11 09:30:00,18,0.1111111111111111,0.0,-0.0006644277438409563
2024-03-11 10:00:00,18,0.0,0.0,0.0002488475300436166
2024-03-11 10:30:00,18,0.0,0.0,-0.0018635257101149438
2024-03-11 11:00:00,18,0.0,0.0,0.0007912496394874013
2024-03-11 13:30:00,18,0.05555555555555555,0.0,-0.00032817896872366914
2024-03-11 14:00:00,18,0.0,0.0,0.0002782088706597685
2024-03-11 14:30:00,18,0.0,0.0,-0.00028682351634279346
2024-03-11 21:00:00,18,0.0,0.16666666666666666,0.0023612503186599687
2024-03-11 21:30:00,18,0.05555555555555555,0.0,-0.00013248542660304619
2024-03-11 22:00:00,18,0.0,0.0,0.0
2024-03-11 22:30:00,18,0.0,0.0,0.000328549916438603
2024-03-12 09:00:00,18,0.0,0.2777777777777778,0.0035761942775277555
2024-03-12 09:30:00,18,0.0,0.0,-0.001983609993867985
2024-03-12 10:00:00,18,0.0,0.0,-0.0006510611760608964
2024-03-12 10:30:00,18,0.0,0.0,0.0005184021866586619
2024-03-12 11:00:00,18,0.0,0.0,-0.00018825301204816736
2024-03-12 13:30:00,18,0.05555555555555555,0.05555555555555555,0.0024427329971805634
2024-03-12 14:00:00,18,0.05555555555555555,0.0,-0.0023019979604940177
2024-03-12 14:30:00,18,0.0,0.05555555555555555,0.0016449730304792798
2024-03-12 21:00:00,18,0.0,0.05555555555555555,0.00036177068200615725
2024-03-12 21:30:00,18,0.0,0.0,0.00019912385503784158
2024-03-12 22:00:00,18,0.0,0.0,0.0
2024-03-12 22:30:00,18,0.0,0.0,0.0
2024-03-13 09:00:00,18,0.0,0.0,0.00012448168464296305
2024-03-13 09:30:00,18,0.0,0.0,-0.0016065160879196183
2024-03-13 10:00:00,18,0.0,0.0,-0.0005308440764952294
2024-03-13 10:30:00,18,0.0,0.0,0.0007443466315180114
2024-03-13 11:00:00,18,0.0,0.0,-0.0008247738249098635
2024-03-13 13:30:00,18,0.16666666666666666,0.0,0.0006278484026476239
2024-03-13 14:00:00,18,0.05555555555555555,0.0,-0.001918981667585029
2024-03-13 14:30:00,18,0.05555555555555555,0.0,-1.512289252769694e-06
2024-03-13 21:00:00,18,0.2222222222222222,0.16666666666666666,0.00047095761381477086
2024-03-13 21:30:00,18,0.0,0.0,-0.001894527756596709
2024-03-13 22:00:00,18,0.0,0.05555555555555555,0.0026101527194504204
2024-03-13 22:30:00,18,0.0,0.0,0.0
2024-03-14 09:00:00,18,0.0,0.16666666666666666,0.000995619275189208
2024-03-14 09:30:00,18,0.0,0.16666666666666666,0.0029892093901576766
2024-03-14 10:00:00,18,0.0,0.0,-0.00017135023989034437
2024-03-14 10:30:00,18,0.0,0.05555555555555555,-0.0022710226171404613
2024-03-14 11:00:00,18,0.2222222222222222,0.0,-0.002137577735756624
2024-03-14 13:30:00,18,0.05555555555555555,0.05555555555555555,0.0020112018009152965
2024-03-14 14:00:00,18,0.05555555555555555,0.05555555555555555,0.0009090218874974187
2024-03-14 14:30:00,18,0.16666666666666666,0.0,-0.002358573970316802
2024-03-14 21:00:00,18,0.1111111111111111,0.1111111111111111,0.0010066844301964695
2024-03-14 21:30:00,18,0.0,0.05555555555555555,0.0002712232167073614
2024-03-14 22:00:00,18,0.0,0.0,0.0001962323390894971
2024-03-14 22:30:00,18,0.0,0.0,0.0
2024-03-15 09:00:00,18,0.05555555555555555,0.2222222222222222,0.0043114926641221185
2024-03-15 09:30:00,18,0.1111111111111111,0.0,-0.0009239313573015662
2024-03-15 10:00:00,18,0.0,0.0,0.0005448387773149266
2024-03-15 10:30:00,18,0.0,0.0,-0.002525502687434622
2024-03-15 11:00:00,18,0.0,0.05555555555555555,0.0022133180753021175
2024-03-15 13:30:00,18,0.0,0.05555555555555555,0.0004810917133482029
2024-03-15 14:00:00,18,0.05555555555555555,0.05555555555555555,-0.0012494021576225922
2024-03-15 14:30:00,18,0.0,0.05555555555555555,0.0
2024-03-15 21:00:00,18,0.1111111111111111,0.0,-0.0023480418217260435
2024-03-15 21:30:00,18,0.1111111111111111,0.0,-0.002419011836267748
2024-03-15 22:00:00,18,0.1111111111111111,0.0,-0.0010363715722788713
2024-03-15 22:30:00,18,0.0,0.5,0.009495384955507613
2024-03-18 09:00:00,18,0.05555555555555555,0.1111111111111111,0.0020132557088381464
2024-03-18 09:30:00,18,0.05555555555555555,0.05555555555555555,0.0015748776374778783
2024-03-18 10:00:00,18,0.0,0.0,-0.0008847278078047416
2024-03-18 10:30:00,18,0.0,0.0,-0.0009237334875816239
2024-03-18 11:00:00,18,0.05555555555555555,0.0,0.0
2024-03-18 13:30:00,18,0.0,0.05555555555555555,0.002381165317712375
2024-03-18 14:00:00,18,0.0,0.0,0.00012269938650311119
2024-03-18 14:30:00,18,0.0,0.0,-0.000583430571761967
2024-03-18 21:00:00,18,0.0,0.05555555555555555,0.001347254968002698
2024-03-18 21:30:00,18,0.05555555555555555,0.0,-0.0024420421772435863
2024-03-18 22:00:00,18,0.0,0.0,0.0018300987402110058
2024-03-18 22:30:00,18,0.0,0.0,-0.0006930816948660379
2024-03-19 09:00:00,18,0.0,0.05555555555555555,0.002158501221001252
2024-03-19 09:30:00,18,0.0,0.0,0.0005884119280923361
2024-03-19 10:00:00,18,0.0,0.05555555555555555,0.0014457796174455195
2024-03-19 10:30:00,18,0.0,0.05555555555555555,-0.00026852846401720365
2024-03-19 11:00:00,18,0.0,0.0,0.0007844468068135546
2024-03-19 13:30:00,18,0.0,0.0,-0.001640136289899008
2024-03-19 14:00:00,18,0.0,0.0,0.0006179290572203566
2024-03-19 14:30:00,18,0.0,0.0,0.0013890466775640098
2024-03-19 21:00:00,18,0.05555555555555555,0.0,-0.00110795062610064
2024-03-19 21:30:00,18,0.05555555555555555,0.0,0.0
2024-03-19 22:00:00,18,0.0,0.0,0.0
2024-03-19 22:30:00,18,0.0,0.0,0.0
2024-03-20 09:00:00,18,0.0,0.1111111111111111,0.002332246475438726
2024-03-20 09:30:00,18,0.0,0.0,0.0011822382557055144
2024-03-20 10:00:00,18,0.0,0.0,-0.00019677292404562952
2024-03-20 10:30:00,18,0.0,0.0,-0.0021541354453295525
2024-03-20 11:00:00,18,0.0,0.0,0.0
2024-03-20 13:30:00,18,0.0,0.05555555555555555,-0.0007090208554746402
2024-03-20 14:00:00,18,0.0,0.0,-0.00022946305644788723
2024-03-20 14:30:00,18,0.0,0.0,-0.00015037593984962294
2024-03-20 21:00:00,18,0.1111111111111111,0.0,-0.0013034369689061687
2024-03-20 21:30:00,18,0.0,0.0,-0.00014037057832677613
2024-03-20 22:00:00,18,0.05555555555555555,0.0,-0.0019580870056389865
2024-03-20 22:30:00,18,0.0,0.0,0.0005211623910291729
2024-03-21 09:00:00,18,0.0,0.05555555555555555,0.0008907300713006938
2024-03-21 09:30:00,18,0.0,0.05555555555555555,0.0013895682619776695
2024-03-21 10:00:00,18,0.0,0.0,0.0012366440010723734
2024-03-21 10:30:00,18,0.0,0.0,-0.0020237559549732276
2024-03-21 11:00:00,18,0.0,0.1111111111111111,0.0024617702920457507
2024-03-21 13:30:00,18,0.0,0.0,0.0017914896678846715
2024-03-21 14:00:00,18,0.0,0.0,0.0006047455786787337
2024-03-21 14:30:00,18,0.05555555555555555,0.0,-0.0017163739416494739
2024-03-21 21:00:00,18,0.0,0.05555555555555555,0.0008045951358139902
2024-03-21 21:30:00,18,0.1111111111111111,0.0,0.0
2024-03-21 22:00:00,18,0.0,0.0,-0.0019191201204076802
2024-03-21 22:30:00,18,0.0,0.0,0.0011307429507784184
2024-03-22 09:00:00,18,0.16666666666666666,0.0,-0.003906683431543045
2024-03-22 09:30:00,18,0.0,0.05555555555555555,-0.003369790945989992
2024-03-22 10:00:00,18,0.0,0.0,-0.0020221329045795877
2024-03-22 10:30:00,18,0.0,0.05555555555555555,0.0020273091060900583
2024-03-22 11:00:00,18,0.0,0.0,-0.0015494644772211519
2024-03-22 13:30:00,18,0.05555555555555555,0.0,-0.0008470420621083941
2024-03-22 14:00:00,18,0.0,0.05555555555555555,0.0007961332908577035
2024-03-22 14:30:00,18,0.0,0.0,7.644091117564589e-05
2024-03-22 21:00:00,18,0.05555555555555555,0.05555555555555555,0.0016043022735683365
2024-03-22 21:30:00,18,0.0,0.0,-7.648768548262908e-05
2024-03-22 22:00:00,18,0.0,0.0,-0.0016702213045551861
2024-03-22 22:30:00,18,0.0,0.0,0.0
2024-03-25 09:00:00,18,0.3888888888888889,0.05555555555555555,-0.0028810049741292976
2024-03-25 09:30:00,18,0.05555555555555555,0.0,-2.5871445491043588e-05
2024-03-25 10:00:00,18,0.0,0.0,-0.0009015802850119714
2024-03-25 10:30:00,18,0.0,0.0,0.0
2024-03-25 11:00:00,18,0.05555555555555555,0.05555555555555555,0.0005966229195812911
2024-03-25 13:30:00,18,0.1111111111111111,0.1111111111111111,0.0007509028498891013
2024-03-25 14:00:00,18,0.1111111111111111,0.0,-0.00291365476490113
2024-03-25 14:30:00,18,0.16666666666666666,0.0,-0.0014151157889162325
2024-03-25 21:00:00,18,0.0,0.05555555555555555,0.0013129419317238211
2024-03-25 21:30:00,18,0.0,0.0,0.00100907749606427
2024-03-25 22:00:00,18,0.0,0.0,0.00039478878799836803
2024-03-25 22:30:00,18,0.0,0.0,-0.00043475316959057375
2024-03-26 09:00:00,18,0.05555555555555555,0.0,-0.0011395797899467208
2024-03-26 09:30:00,18,0.1111111111111111,0.0,-0.0013510642333797174
2024-03-26 10:00:00,18,0.0,0.0,-0.0007683697337302342
2024-03-26 10:30:00,18,0.0,0.05555555555555555,-0.0017948659513808418
2024-03-26 11:00:00,18,0.0,0.0,-0.001962116890979859
2024-03-26 13:30:00,18,0.0,0.0,-0.0003664045490179846
2024-03-26 14:00:00,18,0.0,0.0,-0.001384502327239634
2024-03-26 14:30:00,18,0.16666666666666666,0.0,-0.0011824376138543924
2024-03-26 21:00:00,18,0.05555555555555555,0.16666666666666666,0.0008671557739338143
2024-03-26 21:30:00,18,0.0,0.0,-0.0007773606967125812
2024-03-26 22:00:00,18,0.0,0.0,-0.0007920665022171924
2024-03-26 22:30:00,18,0.0,0.1111111111111111,0.0017050333569946785
2024-03-27 09:00:00,18,0.05555555555555555,0.0,-0.000993640111394245
2024-03-27 09:30:00,18,0.0,0.0,0.0020104582262792103
2024-03-27 10:00:00,18,0.0,0.0,-0.002325189653642201
2024-03-27 10:30:00,18,0.05555555555555555,0.0,-0.0015048560384145482
2024-03-27 11:00:00,18,0.0,0.0,-0.002345573889013741
2024-03-27 13:30:00,18,0.0,0.0,-0.0009810783013534663
2024-03-27 14:00:00,18,0.0,0.0,0.0015198834637093483
2024-03-27 14:30:00,18,0.16666666666666666,0.05555555555555555,-0.0025560953153209165
2024-03-27 21:00:00,18,0.16666666666666666,0.0,-0.0019476558029912217
2024-03-27 21:30:00,18,0.0,0.05555555555555555,0.0024246203506712583
2024-03-27 22:00:00,18,0.0,0.0,-0.0006117815104534907
2024-03-27 22:30:00,18,0.05555555555555555,0.0,0.0
2024-03-28 09:00:00,18,0.1111111111111111,0.05555555555555555,-0.001413362224677861
2024-03-28 09:30:00,18,0.0,0.0,-0.0005326924751032913
2024-03-28 10:00:00,18,0.0,0.0,0.0012973216974638824
2024-03-28 10:30:00,18,0.0,0.05555555555555555,0.0015889633307902828
2024-03-28 11:00:00,18,0.0,0.0,0.002113039671537309
2024-03-28 13:30:00,18,0.1111111111111111,0.0,-0.0024333369872942545
2024-03-28 14:00:00,18,0.0,0.0,0.00046019328117807845
2024-03-28 14:30:00,18,0.0,0.0,0.00041771510474297724
2024-03-28 21:00:00,18,0.1111111111111111,0.0,0.0
2024-03-28 21:30:00,18,0.0,0.0,-0.0015295902628442715
2024-03-28 22:00:00,18,0.0,0.0,-0.00044362240703132994
2024-03-28 22:30:00,18,0.0,0.0,0.0009157235163251842
2024-03-29 09:00:00,18,0.0,0.2777777777777778,0.0002800790429621225
2024-03-29 09:30:00,18,0.0,0.0,0.00043654888856126117
2024-03-29 10:00:00,18,0.0,0.0,-0.0007318423601192503
2024-03-29 10:30:00,18,0.0,0.05555555555555555,0.0
2024-03-29 11:00:00,18,0.0,0.0,-0.00033178500331787486
2024-03-29 13:30:00,18,0.0,0.05555555555555555,0.00034059945504083533
2024-03-29 14:00:00,18,0.0,0.0,-0.0012167146656085759
2024-03-29 14:30:00,18,0.0,0.0,-0.0006723278182784176
2024-03-29 21:00:00,18,0.05555555555555555,0.05555555555555555,0.0007327080890973114
2024-03-29 21:30:00,18,0.0,0.0,-0.002872551397469003
2024-03-29 22:00:00,18,0.0,0.05555555555555555,0.0
2024-03-29 22:30:00,18,0.05555555555555555,0.05555555555555555,-0.0001223990208078507
2024-04-01 09:00:00,18,0.2222222222222222,0.05555555555555555,-0.0018954989510320819
2024-04-01 09:30:00,18,0.0,0.05555555555555555,0.002120803323727327
2024-04-01 10:00:00,18,0.0,0.05555555555555555,0.002668488540848002
2024-04-01 10:30:00,18,0.0,0.05555555555555555,-0.000755320736458176
2024-04-01 11:00:00,18,0.0,0.05555555555555555,0.000757973494791897
2024-04-01 13:30:00,18,0.0,0.0,0.002231912046157025
2024-04-01 14:00:00,18,0.0,0.0,0.0018435621296656324
2024-04-01 14:30:00,18,0.0,0.3333333333333333,0.004575811348140779
2024-04-01 21:00:00,18,0.0,0.05555555555555555,0.00015441630636192638
2024-04-01 21:30:00,18,0.0,0.0,0.00023986567522182867
2024-04-01 22:00:00,18,0.0,0.0,0.00028105677346823565
2024-04-01 22:30:00,18,0.0,0.0,0.0
2024-04-02 09:00:00,18,0.05555555555555555,0.1111111111111111,-0.0035980106659504463
2024-04-02 09:30:00,18,0.0,0.0,-0.0005050435021481392
2024-04-02 10:00:00,18,0.0,0.0,-0.0024287739752913984
2024-04-02 10:30:00,18,0.0,0.0,0.0009714429180832651
2024-04-02 11:00:00,18,0.0,0.0,-0.00025542784163473664
2024-04-02 13:30:00,18,0.0,0.05555555555555555,-0.00053729603729602
2024-04-02 14:00:00,18,0.0,0.0,0.0005788324984375981
2024-04-02 14:30:00,18,0.0,0.05555555555555555,0.00025595085743534973
2024-04-02 21:00:00,18,0.0,0.2777777777777778,0.002121147083124608
2024-04-02 21:30:00,18,0.0,0.05555555555555555,-0.00028897428428148464
2024-04-02 22:00:00,18,0.0,0.05555555555555555,0.0013381900264755053
2024-04-02 22:30:00,18,0.0,0.0,-0.000586052650222213
2024-04-03 09:00:00,18,0.1111111111111111,0.1111111111111111,-0.00022984078068821745
2024-04-03 09:30:00,18,0.0,0.0,-0.0025125222689834636
2024-04-03 10:00:00,18,0.0,0.0,0.0
2024-04-03 10:30:00,18,0.0,0.0,-0.0003267448896527858
2024-04-03 11:00:00,18,0.0,0.0,0.0010906770681391453
2024-04-03 13:30:00,18,0.0,0.0,0.0004134143823770753
2024-04-03 14:00:00,18,0.2222222222222222,0.0,-0.004704363234721565
2024-04-03 14:30:00,18,0.0,0.05555555555555555,-0.0003395585738539819
2024-04-08 09:00:00,18,0.3333333333333333,0.3333333333333333,0.00371336226747887
2024-04-08 09:30:00,18,0.0,0.0,-0.0007245926301954753
2024-04-08 10:00:00,18,0.0,0.0,0.0015852817651852424
2024-04-08 10:30:00,18,0.0,0.0,-0.00028585103566264314
2024-04-08 11:00:00,18,0.0,0.0,-0.0007492548755261841
2024-04-08 13:30:00,18,0.1111111111111111,0.0,-0.0011461255888832178
2024-04-08 14:00:00,18,0.0,0.1111111111111111,0.0021695090508079273
2024-04-08 14:30:00,18,0.0,0.05555555555555555,0.00024348672997320797
2024-04-08 21:00:00,18,0.05555555555555555,0.05555555555555555,0.0016551309058080443
2024-04-08 21:30:00,18,0.0,0.0,-0.001622431295706106
2024-04-08 22:00:00,18,0.0,0.0,0.0
2024-04-08 22:30:00,18,0.0,0.0,-0.0002518808668149908
2024-04-09 09:00:00,18,0.05555555555555555,0.0,-0.001907141268470025
2024-04-09 09:30:00,18,0.0,0.0,0.00012787723785168126
2024-04-09 10:00:00,18,0.0,0.0,0.0
2024-04-09 10:30:00,18,0.0,0.05555555555555555,0.0038411941506488745
2024-04-09 11:00:00,18,0.0,0.0,0.002028540957301095
2024-04-09 13:30:00,18,0.0,0.0,0.0017648633652520562
2024-04-09 14:00:00,18,0.0,0.0,-0.00020374898125508079
2024-04-09 14:30:00,18,0.0,0.16666666666666666,0.0015486230911762044
2024-04-09 21:00:00,18,0.05555555555555555,0.16666666666666666,0.001179957697253986
2024-04-09 21:30:00,18,0.0,0.0,-0.0005369479729770421
2024-04-09 22:00:00,18,0.0,0.0,0.0
2024-04-09 22:30:00,18,0.0,0.0,-0.0013171133662936985
2024-04-10 09:00:00,18,0.0,0.05555555555555555,0.0006600109174738078
2024-04-10 09:30:00,18,0.0,0.0,0.0011244550637156125
2024-04-10 10:00:00,18,0.0,0.0,-0.0018775541004922291
2024-04-10 10:30:00,18,0.0,0.0,0.0008989741798373085
2024-04-10 11:00:00,18,0.0,0.0,-0.00012693577050010285
2024-04-10 13:30:00,18,0.0,0.0,-0.0026908543558677445
2024-04-10 14:00:00,18,0.0,0.0,0.0017065216289481322
2024-04-10 14:30:00,18,0.0,0.0,-7.687576875770041e-05
2024-04-10 21:00:00,18,0.0,0.0,-0.0003933549715166573
2024-04-10 21:30:00,18,0.1111111111111111,0.0,-0.002932095633793541
2024-04-10 22:00:00,18,0.0,0.0,0.002489885099684064
2024-04-10 22:30:00,18,0.0,0.0,-0.0008392483019318275
2024-04-11 09:00:00,18,0.05555555555555555,0.05555555555555555,-0.00038222290438244544
2024-04-11 09:30:00,18,0.0,0.0,-0.00020764119601329734
2024-04-11 10:00:00,18,0.0,0.0,0.0017114142334723192
2024-04-11 10:30:00,18,0.0,0.0,0.0012864941376222738
2024-04-11 11:00:00,18,0.0,0.0,-0.0012714607140563716
2024-04-11 13:30:00,18,0.0,0.05555555555555555,0.0005159077026770653
2024-04-11 14:00:00,18,0.1111111111111111,0.0,-0.0008501382064459717
2024-04-11 14:30:00,18,0.0,0.0,-0.0008158744914921745
2024-04-11 21:00:00,18,0.05555555555555555,0.05555555555555555,-0.00020885547201338062
2024-04-11 21:30:00,18,0.0,0.0,-0.0013913250178601566
2024-04-11 22:00:00,18,0.05555555555555555,0.0,-0.0009148978963434695
2024-04-11 22:30:00,18,0.0,0.0,-0.0004979718053361171
2024-04-12 09:00:00,18,0.1111111111111111,0.0,0.00041771094402676123
2024-04-12 09:30:00,18,0.0,0.0,0.0016745551050525442
2024-04-12 10:00:00,18,0.0,0.0,-0.00043278216672687497
2024-04-12 10:30:00,18,0.0,0.0,0.0008115196172563399
2024-04-12 11:00:00,18,0.0,0.0,0.0005265901988288357
2024-04-12 13:30:00,18,0.0,0.05555555555555555,0.001806340419058361
2024-04-12 14:00:00,18,0.0,0.1111111111111111,0.0012298654857503255
2024-04-12 14:30:00,18,0.0,0.0,-0.0001322751322751503
2024-04-12 21:00:00,18,0.0,0.2777777777777778,0.0027699310695095125
2024-04-12 21:30:00,18,0.0,0.0,0.0006406275276258366
2024-04-12 22:00:00,18,0.0,0.0,0.0
2024-04-12 22:30:00,18,0.0,0.0,-0.00027677830058125963
2024-04-15 09:00:00,18,0.2777777777777778,0.0,-0.002077424844015907
2024-04-15 09:30:00,18,0.0,0.0,-0.00020466639377814122
2024-04-15 10:00:00,18,0.0,0.0,-0.0009086684627449548
2024-04-15 10:30:00,18,0.0,0.0,0.0002450859784158821
2024-04-15 11:00:00,18,0.0,0.0,0.0006763345056007841
2024-04-15 13:30:00,18,0.0,0.0,0.001346542062580558
2024-04-15 14:00:00,18,0.1111111111111111,0.0,-0.0003784917493475093
2024-04-15 14:30:00,18,0.0,0.0,0.0004448448773194391
2024-04-15 21:00:00,18,0.0,0.0,-0.0005815197003187222
2024-04-15 21:30:00,18,0.05555555555555555,0.05555555555555555,-0.0016188730911226301
2024-04-15 22:00:00,18,0.0,0.0,7.90014220255486e-05
2024-04-15 22:30:00,18,0.0,0.0,0.0014281826498504513
2024-04-16 09:00:00,18,0.2222222222222222,0.05555555555555555,-0.0018438475987125336
2024-04-16 09:30:00,18,0.0,0.05555555555555555,-0.0009111237365079239
2024-04-16 10:00:00,18,0.0,0.0,-0.0006908075014043225
2024-04-16 10:30:00,18,0.0,0.0,0.0008694625963668878
2024-04-16 11:00:00,18,0.0,0.0,0.0006026947238156888
2024-04-16 13:30:00,18,0.0,0.05555555555555555,0.000549077675386922
2024-04-16 14:00:00,18,0.0,0.0,-0.0008671651921799417
2024-04-16 14:30:00,18,0.1111111111111111,0.0,-0.0028547330439929186
2024-04-16 21:00:00,18,0.05555555555555555,0.0,0.0005681341958686525
2024-04-16 21:30:00,18,0.05555555555555555,0.0,-0.0001321702352630183
2024-04-16 22:00:00,18,0.1111111111111111,0.0,0.0
2024-04-16 22:30:00,18,0.0,0.0,0.0
2024-04-17 09:00:00,18,0.05555555555555555,0.05555555555555555,-0.0009214076926235548
2024-04-17 09:30:00,18,0.0,0.05555555555555555,0.0008301395732660533
2024-04-17 10:00:00,18,0.0,0.0,0.0011346849574639384
2024-04-17 10:30:00,18,0.05555555555555555,0.0,-0.0008960474499838389
2024-04-17 11:00:00,18,0.0,0.0,-0.0009555225463500072
2024-04-17 13:30:00,18,0.0,0.3333333333333333,0.0006598482349059465
2024-04-17 14:00:00,18,0.0,0.05555555555555555,0.0017579870026958044
2024-04-17 14:30:00,18,0.05555555555555555,0.0,0.0019080036111047693
2024-04-17 21:00:00,18,0.0,0.2222222222222222,0.0018066172957477145
2024-04-17 21:30:00,18,0.0,0.0,0.0012892445181206247
2024-04-17 22:00:00,18,0.0,0.0,0.0
2024-04-17 22:30:00,18,0.0,0.0,0.0
2024-04-18 09:00:00,18,0.2777777777777778,0.05555555555555555,-0.0038181866907370243
2024-04-18 09:30:00,18,0.0,0.0,-0.0019997072027891916
2024-04-18 10:00:00,18,0.0,0.0,0.0015692772969173596
2024-04-18 10:30:00,18,0.0,0.05555555555555555,0.003625360289890023
2024-04-18 11:00:00,18,0.0,0.0,-0.0006587888354390725
2024-04-18 13:30:00,18,0.1111111111111111,0.0,-0.002961057041740378
2024-04-18 14:00:00,18,0.0,0.0,0.00027159152634437245
2024-04-18 14:30:00,18,0.05555555555555555,0.0,0.00032196604295686715
2024-04-18 21:00:00,18,0.0,0.05555555555555555,-0.00013000520020800543
2024-04-18 21:30:00,18,0.0,0.0,-0.0006675865134679326
2024-04-18 22:00:00,18,0.0,0.0,-0.0006493096214922889
2024-04-18 22:30:00,18,0.0,0.0,0.0
2024-04-19 09:00:00,18,0.0,0.16666666666666666,0.003443714224640293
2024-04-19 09:30:00,18,0.0,0.2777777777777778,0.004190769380200576
2024-04-19 10:00:00,18,0.05555555555555555,0.0,-0.0013000970700152714
2024-04-19 10:30:00,18,0.0,0.0,0.0015875678260478532
2024-04-19 11:00:00,18,0.2777777777777778,0.0,-0.004684263386543874
2024-04-19 13:30:00,18,0.0,0.0,-0.0006492045637152555
2024-04-19 14:00:00,18,0.0,0.0,-0.0003484823668353232
2024-04-19 14:30:00,18,0.0,0.0,0.0001717032967033516
2024-04-19 21:00:00,18,0.0,0.0,-0.00044276705134971284
2024-04-19 21:30:00,18,0.0,0.0,-0.0004352519878617067
2024-04-19 22:00:00,18,0.0,0.0,0.0017684449089107046
2024-04-19 22:30:00,18,0.0,0.0,0.00043387401206362863
2024-04-22 09:00:00,18,0.0,0.16666666666666666,0.0001078981441519078
2024-04-22 09:30:00,18,0.0,0.0,0.0013113917463875024
2024-04-22 10:00:00,18,0.0,0.0,0.0010827281250437304
2024-04-22 10:30:00,18,0.05555555555555555,0.0,-0.0022219853056991146
2024-04-22 11:00:00,18,0.05555555555555555,0.0,-0.0026039283802703483
2024-04-22 13:30:00,18,0.0,0.0,0.0005523330441823404
2024-04-22 14:00:00,18,0.0,0.0,-0.0013508057122286754
2024-04-22 14:30:00,18,0.05555555555555555,0.0,0.0010485718456950677
2024-04-22 21:00:00,18,0.0,0.0,-0.00016097875080489654
2024-04-22 21:30:00,18,0.0,0.0,0.001336191966757494
2024-04-22 22:00:00,18,0.0,0.1111111111111111,0.0009740497737347198
2024-04-22 22:30:00,18,0.0,0.0,0.0
2024-04-23 09:00:00,18,0.0,0.0,0.00016728002676480447
2024-04-23 09:30:00,18,0.0,0.0,-0.00033444816053512794
2024-04-23 10:00:00,18,0.0,0.0,0.00040339965981861514
2024-04-23 10:30:00,18,0.0,0.0,-0.0007716098258722104
2024-04-23 11:00:00,18,0.0,0.0,-0.00013075313807531241
2024-04-23 13:30:00,18,0.0,0.0,-0.0009810248170175062
2024-04-23 14:00:00,18,0.05555555555555555,0.0,-0.000505787927509771
2024-04-23 14:30:00,18,0.16666666666666666,0.0,-0.003915114753654969
2024-04-23 21:00:00,18,0.0,0.1111111111111111,0.002769609104202986
2024-04-23 21:30:00,18,0.0,0.05555555555555555,0.0007270771032652501
2024-04-23 22:00:00,18,0.0,0.0,-0.0002678230869164744
2024-04-23 22:30:00,18,0.0,0.0,-0.0006727958406663737
2024-04-24 09:00:00,18,0.0,0.3333333333333333,0.0037511839055295315
2024-04-24 09:30:00,18,0.0,0.05555555555555555,0.0011044221172293867
2024-04-24 10:00:00,18,0.0,0.0,0.002123978163139917
2024-04-24 10:30:00,18,0.0,0.0,-0.0006558390526683056
2024-04-24 11:00:00,18,0.0,0.0,-0.00047586248954173405
2024-04-24 13:30:00,18,0.0,0.0,-0.00029698209457129643
2024-04-24 14:00:00,18,0.0,0.0,-7.216057889480876e-05
2024-04-24 14:30:00,18,0.0,0.0,-0.0003450745586769943
2024-04-24 21:00:00,18,0.05555555555555555,0.05555555555555555,-0.00039824771007568316
2024-04-24 21:30:00,18,0.05555555555555555,0.0,0.00020703933747412417
2024-04-24 22:00:00,18,0.0,0.0,0.0007307301525210086
2024-04-24 22:30:00,18,0.0,0.0,-0.0010244930438356725
2024-04-25 09:00:00,18,0.05555555555555555,0.1111111111111111,0.0016939340873396436
2024-04-25 09:30:00,18,0.05555555555555555,0.0,-0.0008877279515130398
2024-04-25 10:00:00,18,0.0,0.0,0.0
2024-04-25 10:30:00,18,0.0,0.05555555555555555,-0.0023852245350519663
2024-04-25 11:00:00,18,0.2222222222222222,0.0,-0.0032896679534624162
2024-04-25 13:30:00,18,0.0,0.05555555555555555,0.002227551848386189
2024-04-25 14:00:00,18,0.05555555555555555,0.0,-0.0009696270209116342
2024-04-25 14:30:00,18,0.05555555555555555,0.0,0.0009142638758613542
2024-04-25 21:00:00,18,0.1111111111111111,0.0,-0.002544533380814007
2024-04-25 21:30:00,18,0.0,0.0,0.0006946650719192871
2024-04-25 22:00:00,18,0.0,0.0,-0.000200481154771448
2024-04-25 22:30:00,18,0.0,0.0,-0.0010716277283129294
2024-04-26 09:00:00,18,0.05555555555555555,0.16666666666666666,0.0018807903983136809
2024-04-26 09:30:00,18,0.0,0.0,0.0013029607710340896
2024-04-26 10:00:00,18,0.0,0.0,0.0008452218186776328
2024-04-26 10:30:00,18,0.0,0.0,-0.0001066552901023976
2024-04-26 11:00:00,18,0.0,0.05555555555555555,0.0014437295262793581
2024-04-26 13:30:00,18,0.0,0.0,0.00084036987747238
2024-04-26 14:00:00,18,0.0,0.0,0.0002998006226294647
2024-04-26 14:30:00,18,0.0,0.0,0.0004305159173089157
2024-04-26 21:00:00,18,0.0,0.05555555555555555,0.0001304461257500833
2024-04-26 21:30:00,18,0.0,0.0,0.00014801657785668
2024-04-26 22:00:00,18,0.0,0.05555555555555555,-0.001081297351642252
2024-04-26 22:30:00,18,0.0,0.0,-0.00047085476305125384
2024-04-29 09:00:00,18,0.16666666666666666,0.16666666666666666,-0.0018888533242337746
2024-04-29 09:30:00,18,0.0,0.0,7.87622042834335e-05
2024-04-29 10:00:00,18,0.0,0.05555555555555555,0.002042495917508602
2024-04-29 10:30:00,18,0.0,0.05555555555555555,-0.00013800717637318938
2024-04-29 11:00:00,18,0.0,0.0,0.0
2024-04-29 13:30:00,18,0.0,0.1111111111111111,-0.0009278854845742313
2024-04-29 14:00:00,18,0.0,0.0,-0.0003434387024849883
2024-04-29 14:30:00,18,0.0,0.0,-0.00013099292638196758
2024-04-29 21:00:00,18,0.0,0.2222222222222222,0.0028045154345233136
2024-04-29 21:30:00,18,0.0,0.0,-0.00030592077568841747
2024-04-29 22:00:00,18,0.0,0.0,-0.0005045635753919142
2024-04-29 22:30:00,18,0.0,0.0,0.0
2024-04-30 09:00:00,18,0.1111111111111111,0.05555555555555555,-0.0007339437489932155
2024-04-30 09:30:00,18,0.0,0.0,-0.0018589795288771471
2024-04-30 10:00:00,18,0.16666666666666666,0.0,-0.0016503141671309618
2024-04-30 10:30:00,18,0.0,0.0,0.001322981477122176
2024-04-30 11:00:00,18,0.1111111111111111,0.0,-0.0011196036903098339
2024-04-30 13:30:00,18,0.16666666666666666,0.0,-0.0013032907384371573
2024-04-30 14:00:00,18,0.0,0.05555555555555555,-0.001404987499175614
2024-04-30 14:30:00,18,0.0,0.05555555555555555,0.0021284481265047006
2024-05-06 09:00:00,18,0.1111111111111111,0.5,0.008454333393038582
2024-05-06 09:30:00,18,0.0,0.0,0.0005294740557713062
2024-05-06 10:00:00,18,0.0,0.1111111111111111,0.0010655700842511218
2024-05-06 10:30:00,18,0.05555555555555555,0.0,-3.7416164981374234e-05
2024-05-06 11:00:00,18,0.0,0.1111111111111111,0.00032185387833927326
2024-05-06 13:30:00,18,0.0,0.05555555555555555,0.0016657456019157912
2024-05-06 14:00:00,18,0.0,0.05555555555555555,0.0006886010578036617
2024-05-06 14:30:00,18,0.0,0.0,0.00048338061796660003
2024-05-06 21:00:00,18,0.0,0.3888888888888889,0.002007976488333618
2024-05-06 21:30:00,18,0.0,0.1111111111111111,0.0023334462587332183
2024-05-06 22:00:00,18,0.0,0.0,-0.0005818419480233539
2024-05-06 22:30:00,18,0.0,0.0,-0.0005888994896720567
2024-05-07 09:00:00,18,0.0,0.16666666666666666,0.0008223815714677452
2024-05-07 09:30:00,18,0.0,0.0,-6.171019520995191e-06
2024-05-07 10:00:00,18,0.0,0.0,0.0
2024-05-07 10:30:00,18,0.0,0.0,-0.001003285230826767
2024-05-07 11:00:00,18,0.0,0.0,0.0005827523538028956
2024-05-07 13:30:00,18,0.0,0.0,0.0010410613677994673
2024-05-07 14:00:00,18,0.0,0.0,-0.0038337057621916637
2024-05-07 14:30:00,18,0.0,0.05555555555555555,0.0016154767822856853
2024-05-07 21:00:00,18,0.0,0.05555555555555555,-0.0009003189352989605
2024-05-07 21:30:00,18,0.0,0.0,0.0
2024-05-07 22:00:00,18,0.0,0.0,-0.0003274523145629371
2024-05-07 22:30:00,18,0.0,0.0,0.0
2024-05-08 09:00:00,18,0.05555555555555555,0.0,-0.0009172529936253282
2024-05-08 09:30:00,18,0.0,0.0,-0.0006641052280021986
2024-05-08 10:00:00,18,0.0,0.0,0.0013629918882757108
2024-05-08 10:30:00,18,0.0,0.0,0.0009734834826377048
2024-05-08 11:00:00,18,0.0,0.0,-0.0018685536517994428
2024-05-08 13:30:00,18,0.0,0.0,-0.0013085273397214214
2024-05-08 14:00:00,18,0.16666666666666666,0.0,-0.0033888738716444378
2024-05-08 14:30:00,18,0.0,0.0,-0.001277158993928107
2024-05-08 21:00:00,18,0.2777777777777778,0.0,-0.001707013365842891
2024-05-08 21:30:00,18,0.0,0.05555555555555555,0.0013330798058828197
2024-05-08 22:00:00,18,0.0,0.0,0.00031269585545823375
2024-05-08 22:30:00,18,0.0,0.0,0.0005694782033730528
2024-05-09 09:00:00,18,0.0,0.05555555555555555,-0.0015138009121072882
2024-05-09 09:30:00,18,0.0,0.05555555555555555,0.001283602608052048
2024-05-09 10:00:00,18,0.0,0.0,0.00040432972576376347
2024-05-09 10:30:00,18,0.0,0.0,0.0023956987693772858
2024-05-09 11:00:00,18,0.05555555555555555,0.0,-0.00032247662044504466
2024-05-09 13:30:00,18,0.05555555555555555,0.0,-0.00034042650984511535
2024-05-09 14:00:00,18,0.0,0.0,-0.0010699016929333616
2024-05-09 14:30:00,18,0.16666666666666666,0.0,-0.0012490140412309003
2024-05-09 21:00:00,18,0.1111111111111111,0.05555555555555555,-0.000175561797752799
2024-05-09 21:30:00,18,0.0,0.0,0.00046682846333923056
2024-05-09 22:00:00,18,0.0,0.0,-0.000988284145247098
2024-05-09 22:30:00,18,0.1111111111111111,0.0,-0.002029050588554737
2024-05-10 09:00:00,18,0.05555555555555555,0.05555555555555555,0.0010685059621230453
2024-05-10 09:30:00,18,0.3333333333333333,0.0,-0.005105219653196547
2024-05-10 10:00:00,18,0.0,0.0,-0.001141887319770496
2024-05-10 10:30:00,18,0.0,0.1111111111111111,0.0008680797051050515
2024-05-10 11:00:00,18,0.05555555555555555,0.0,0.0003807074035451219
2024-05-10 13:30:00,18,0.0,0.1111111111111111,0.00310226671637448
2024-05-10 14:00:00,18,0.0,0.05555555555555555,-0.0011853578759553618
2024-05-10 14:30:00,18,0.0,0.05555555555555555,0.0012994356621153225
2024-05-10 21:00:00,18,0.0,0.0,0.0003438789546079679
2024-05-10 21:30:00,18,0.05555555555555555,0.0,-0.0015138085548611069
2024-05-10 22:00:00,18,0.0,0.0,-0.0004012787571028298
2024-05-10 22:30:00,18,0.0,0.0,0.0003139023800927676
2024-05-13 09:00:00,18,0.2222222222222222,0.1111111111111111,-0.001496218121336934
2024-05-13 09:30:00,18,0.0,0.0,0.0006768993083751118
2024-05-13 10:00:00,18,0.0,0.0,0.0020168131385444044
2024-05-13 10:30:00,18,0.0,0.1111111111111111,0.0027668186905127623
2024-05-13 11:00:00,18,0.0,0.0,0.0
2024-05-13 13:30:00,18,0.05555555555555555,0.0,-0.00017301038062284002
2024-05-13 14:00:00,18,0.0,0.1111111111111111,0.0004089979550102596
2024-05-13 14:30:00,18,0.0,0.05555555555555555,0.0019332518789638709
2024-05-13 21:00:00,18,0.1111111111111111,0.2222222222222222,-0.00017313019390580164
2024-05-13 21:30:00,18,0.0,0.0,-0.0005309765390573706
2024-05-13 22:00:00,18,0.0,0.0,-0.00012836970474966458
2024-05-13 22:30:00,18,0.1111111111111111,0.0,-0.0017613793918110354
2024-05-14 09:00:00,18,0.1111111111111111,0.0,-0.0035474122596711455
2024-05-14 09:30:00,18,0.1111111111111111,0.0,-0.0015257890818428654
2024-05-14 10:00:00,18,0.0,0.0,-0.0008265069538583303
2024-05-14 10:30:00,18,0.0,0.0,0.00046788495344818326
2024-05-14 11:00:00,18,0.0,0.0,0.0012107785235406787
2024-05-14 13:30:00,18,0.1111111111111111,0.0,-0.002092805345440374
2024-05-14 14:00:00,18,0.05555555555555555,0.0,-0.001159309588636026
2024-05-14 14:30:00,18,0.05555555555555555,0.0,-0.0007440767304157658
2024-05-14 21:00:00,18,0.1111111111111111,0.0,-0.0008772242076352521
2024-05-14 21:30:00,18,0.0,0.0,-0.00013273161667110012
2024-05-14 22:00:00,18,0.0,0.0,0.0
2024-05-14 22:30:00,18,0.0,0.0,0.0
2024-05-15 09:00:00,18,0.05555555555555555,0.1111111111111111,0.0013591341272040092
2024-05-15 09:30:00,18,0.0,0.05555555555555555,-0.00034313553647147277
2024-05-15 10:00:00,18,0.0,0.0,0.0005725466033926763
2024-05-15 10:30:00,18,0.0,0.0,-0.0016031191201155148
2024-05-15 11:00:00,18,0.0,0.0,0.0002656748140276166
2024-05-15 13:30:00,18,0.0,0.0,-0.00034150138419408727
2024-05-15 14:00:00,18,0.0,0.05555555555555555,0.0017411807375623534
2024-05-15 14:30:00,18,0.0,0.0,0.0005489599142581847
2024-05-15 21:00:00,18,0.0,0.0,-0.0004361578110891884
2024-05-15 21:30:00,18,0.0,0.0,-0.000678522627982181
2024-05-15 22:00:00,18,0.0,0.0,0.0
2024-05-15 22:30:00,18,0.0,0.0,0.0
2024-05-16 09:00:00,18,0.0,0.2777777777777778,0.0039072573815195355
2024-05-16 09:30:00,18,0.0,0.0,-0.0007232422384343962
2024-05-16 10:00:00,18,0.0,0.0,-0.0007273348406619529
2024-05-16 10:30:00,18,0.05555555555555555,0.0,0.0
2024-05-16 11:00:00,18,0.0,0.3333333333333333,0.0026283325968478044
2024-05-16 13:30:00,18,0.0,0.2777777777777778,0.0023584643591311183
2024-05-16 14:00:00,18,0.0,0.0,-0.0023249890109254823
2024-05-16 14:30:00,18,0.0,0.0,0.0015861067047039379
2024-05-16 21:00:00,18,0.05555555555555555,0.0,0.00020267531414674966
2024-05-16 21:30:00,18,0.0,0.1111111111111111,0.0
2024-05-16 22:00:00,18,0.0,0.0,0.0
2024-05-16 22:30:00,18,0.0,0.05555555555555555,0.0017587422468314795
2024-05-17 09:00:00,18,0.0,0.16666666666666666,0.001848954933622693
2024-05-17 09:30:00,18,0.0,0.05555555555555555,0.001956752749019075
2024-05-17 10:00:00,18,0.0,0.0,-0.0008480944412238567
2024-05-17 10:30:00,18,0.0,0.0,-0.0016907846140125082
2024-05-17 11:00:00,18,0.0,0.0,0.0002977327619803072
2024-05-17 13:30:00,18,0.0,0.05555555555555555,0.002813257956526205
2024-05-17 14:00:00,18,0.0,0.0,0.0002645246893906439
2024-05-17 14:30:00,18,0.0,0.0,0.001118895914199003
2024-05-17 21:00:00,18,0.05555555555555555,0.05555555555555555,-0.00032886820634708824
2024-05-17 21:30:00,18,0.0,0.05555555555555555,0.0009070092263540053
2024-05-17 22:00:00,18,0.0,0.0,0.0
2024-05-17 22:30:00,18,0.05555555555555555,0.0,0.0005770789825522149
2024-05-20 09:00:00,18,0.0,0.2222222222222222,0.002747525777464954
2024-05-20 09:30:00,18,0.0,0.05555555555555555,0.000605903714350875
2024-05-20 10:00:00,18,0.0,0.0,0.0011820533982700443
2024-05-20 10:30:00,18,0.0,0.0,-0.0020992651745840307
2024-05-20 11:00:00,18,0.0,0.0,0.0008137535531834716
2024-05-20 13:30:00,18,0.0,0.0,0.0005720823798627261
2024-05-20 14:00:00,18,0.0,0.0,-0.001055585415068283
2024-05-20 14:30:00,18,0.0,0.05555555555555555,0.0008799738742111263
2024-05-20 21:00:00,18,0.0,0.16666666666666666,0.00027948574622693734
2024-05-20 21:30:00,18,0.0,0.0,0.0014550950848337685
2024-05-20 22:00:00,18,0.0,0.0,0.0003298199647756572
2024-05-20 22:30:00,18,0.05555555555555555,0.0,-0.0009040182996445378
2024-05-21 09:00:00,18,0.05555555555555555,0.05555555555555555,-0.0010546649636491434
2024-05-21 09:30:00,18,0.1111111111111111,0.0,-0.00390898298311565
2024-05-21 10:00:00,18,0.0,0.0,-0.000336851560745588
2024-05-21 10:30:00,18,0.0,0.0,0.0002788622420524245
2024-05-21 11:00:00,18,0.0,0.05555555555555555,0.0005785833319058575
2024-05-21 13:30:00,18,0.0,0.05555555555555555,0.0002131287297527651
2024-05-21 14:00:00,18,0.0,0.0,-0.00020374898125508079
2024-05-21 14:30:00,18,0.0,0.05555555555555555,0.0016160152065632927
2024-05-21 21:00:00,18,0.0,0.4444444444444444,0.002977302316806929
2024-05-21 21:30:00,18,0.0,0.05555555555555555,-0.00012853470437018677
2024-05-21 22:00:00,18,0.0,0.1111111111111111,0.002189579037078504
2024-05-21 22:30:00,18,0.0,0.0,-0.0004653476083252839
2024-05-22 09:00:00,18,0.0,0.1111111111111111,0.0004652610014013181
2024-05-22 09:30:00,18,0.0,0.0,0.0012813878617772279
2024-05-22 10:00:00,18,0.0,0.0,-0.0005999606434415328
2024-05-22 10:30:00,18,0.0,0.0,-0.00041859281535849835
2024-05-22 11:00:00,18,0.0,0.0,0.0004980299378076758
2024-05-22 13:30:00,18,0.0,0.0,0.00033405949567177906
2024-05-22 14:00:00,18,0.0,0.0,0.0012731945749245854
2024-05-22 14:30:00,18,0.0,0.0,0.000169664065150954
2024-05-22 21:00:00,18,0.05555555555555555,0.16666666666666666,0.0011822743542962977
2024-05-22 21:30:00,18,0.0,0.0,-0.0014942032919698645
2024-05-22 22:00:00,18,0.05555555555555555,0.0,-0.002821448821914596
2024-05-22 22:30:00,18,0.0,0.0,0.00033863867253636215
2024-05-23 09:00:00,18,0.3333333333333333,0.05555555555555555,-0.004659022710761573
2024-05-23 09:30:00,18,0.0,0.1111111111111111,0.003938614576912469
2024-05-23 10:00:00,18,0.05555555555555555,0.0,-0.0011681634870472912
2024-05-23 10:30:00,18,0.0,0.0,0.00037213599601737535
2024-05-23 11:00:00,18,0.1111111111111111,0.0,-0.0014688692203720932
2024-05-23 13:30:00,18,0.2222222222222222,0.0,-0.0040452715797070216
2024-05-23 14:00:00,18,0.0,0.0,0.002982584876308869
2024-05-23 14:30:00,18,0.0,0.0,0.0008995363454690208
2024-05-23 21:00:00,18,0.0,0.3888888888888889,0.005783826302467765
2024-05-23 21:30:00,18,0.0,0.0,-0.0013360571771610097
2024-05-23 22:00:00,18,0.0,0.0,-0.0006488286119391007
2024-05-23 22:30:00,18,0.0,0.0,-0.0008673955223346685
2024-05-24 09:00:00,18,0.0,0.1111111111111111,0.000500346288031861
2024-05-24 09:30:00,18,0.0,0.16666666666666666,0.003144541515732624
2024-05-24 10:00:00,18,0.0,0.0,0.001172665873951484
2024-05-24 10:30:00,18,0.05555555555555555,0.0,0.00041844797239320997
2024-05-24 11:00:00,18,0.0,0.0,-0.0007126672340542206
2024-05-24 13:30:00,18,0.0,0.0,0.000918337734850172
2024-05-24 14:00:00,18,0.0,0.0,-0.000819778921862302
2024-05-24 14:30:00,18,0.0,0.0,-0.0013009848208058172
2024-05-24 21:00:00,18,0.05555555555555555,0.05555555555555555,0.0
2024-05-24 21:30:00,18,0.0,0.0,-0.001130841866226806
2024-05-24 22:00:00,18,0.0,0.0,0.0010055541687047365
2024-05-24 22:30:00,18,0.0,0.0,0.00044402286759526177
2024-05-27 09:00:00,18,0.1111111111111111,0.16666666666666666,-0.0015759894329082091
2024-05-27 09:30:00,18,0.0,0.0,-0.00048333323834981456
2024-05-27 10:00:00,18,0.0,0.0,-0.0014922408752087168
2024-05-27 10:30:00,18,0.05555555555555555,0.0,-0.0006656752470124427
2024-05-27 11:00:00,18,0.0,0.0,-0.0005705707171007046
2024-05-27 13:30:00,18,0.2777777777777778,0.0,-0.0033954412181972926
2024-05-27 14:00:00,18,0.0,0.0,0.0020223550612462615
2024-05-27 14:30:00,18,0.0,0.0,0.0009100021713865925
2024-05-27 21:00:00,18,0.0,0.0,0.00247597359759677
2024-05-27 21:30:00,18,0.0,0.0,-0.0001679543164259112
2024-05-27 22:00:00,18,0.0,0.0,0.0005351561718104358
2024-05-27 22:30:00,18,0.0,0.0,0.0014988326678713193
2024-05-28 09:00:00,18,0.0,0.05555555555555555,0.0009038357420948495
2024-05-28 09:30:00,18,0.05555555555555555,0.0,-0.0008525611029120417
2024-05-28 10:00:00,18,0.0,0.05555555555555555,0.000904115751109491
2024-05-28 10:30:00,18,0.0,0.05555555555555555,-0.0002485483811822675
2024-05-28 11:00:00,18,0.0,0.0,-0.0002517021639863448
2024-05-28 13:30:00,18,0.05555555555555555,0.0,-0.0019157205291455148
2024-05-28 14:00:00,18,0.5,0.0,-0.004875095682999653
2024-05-28 14:30:00,18,0.1111111111111111,0.05555555555555555,-0.00140764699371565
2024-05-28 21:00:00,18,0.05555555555555555,0.05555555555555555,0.0008635578583765513
2024-05-28 21:30:00,18,0.05555555555555555,0.0,-0.001770546136945883
2024-05-28 22:00:00,18,0.0,0.0,0.002357348723016739
2024-05-28 22:30:00,18,0.0,0.0,-0.0015193450026654287
2024-05-29 09:00:00,18,0.0,0.05555555555555555,0.0009196336443620945
2024-05-29 09:30:00,18,0.0,0.0,0.0006926496625057066
2024-05-29 10:00:00,18,0.0,0.0,0.001083208413332759
2024-05-29 10:30:00,18,0.05555555555555555,0.0,-0.001594329879287093
2024-05-29 11:00:00,18,0.0,0.0,-0.0001157116171948136
2024-05-29 13:30:00,18,0.05555555555555555,0.05555555555555555,0.00014641288433381305
2024-05-29 14:00:00,18,0.0,0.2222222222222222,0.002765875676106644
2024-05-29 14:30:00,18,0.0,0.05555555555555555,0.0015027734040740093
2024-05-29 21:00:00,18,0.1111111111111111,0.3888888888888889,0.003322253636538597
2024-05-29 21:30:00,18,0.0,0.0,-0.0011950542031760603
2024-05-29 22:00:00,18,0.0,0.1111111111111111,0.00037270262964017586
2024-05-29 22:30:00,18,0.0,0.0,0.00012233912405190672
2024-05-30 09:00:00,18,0.1111111111111111,0.16666666666666666,-0.003236611535924916
2024-05-30 09:30:00,18,0.0,0.0,0.00018708794479666002
2024-05-30 10:00:00,18,0.0,0.0,0.000981745050323557
2024-05-30 10:30:00,18,0.2222222222222222,0.0,-0.005280678170867414
2024-05-30 11:00:00,18,0.2222222222222222,0.0,-0.00611516495874781
2024-05-30 13:30:00,18,0.05555555555555555,0.0,-0.0031429841568519357
2024-05-30 14:00:00,18,0.0,0.0,0.002429333406776979
2024-05-30 14:30:00,18,0.0,0.0,0.0012703860930175503
2024-05-30 21:00:00,18,0.05555555555555555,0.05555555555555555,0.0005118862760598031
2024-05-30 21:30:00,18,0.05555555555555555,0.0,0.0
2024-05-30 22:00:00,18,0.0,0.0,-0.0007252693639606678
2024-05-30 22:30:00,18,0.0,0.0,-0.00024777006937559687
2024-05-31 09:00:00,18,0.0,0.0,0.0005876636934196711
2024-05-31 09:30:00,18,0.0,0.0,-0.0017831446668809536
2024-05-31 10:00:00,18,0.0,0.0,-0.0016184980669089466
2024-05-31 10:30:00,18,0.16666666666666666,0.0,-0.002616683316067736
2024-05-31 11:00:00,18,0.0,0.0,0.0016368907126040888
2024-05-31 13:30:00,18,0.0,0.0,0.002418325695483392
2024-05-31 14:00:00,18,0.0,0.0,-0.0023882726876400806
2024-05-31 14:30:00,18,0.0,0.0,-0.001419051330279586
2024-05-31 21:00:00,18,0.05555555555555555,0.0,-0.00014965579167913745
2024-05-31 21:30:00,18,0.0,0.0,0.0
2024-05-31 22:00:00,18,0.1111111111111111,0.0,-0.0015760050236969247
2024-05-31 22:30:00,18,0.16666666666666666,0.0,-0.0008295809887134409
2024-06-03 09:00:00,18,0.2222222222222222,0.1111111111111111,0.0018406048255537044
2024-06-03 09:30:00,18,0.0,0.0,-0.0007092487559612337
2024-06-03 10:00:00,18,0.0,0.0,-0.0006284912898084083
2024-06-03 10:30:00,18,0.0,0.0,-0.0014009190716599562
2024-06-03 11:00:00,18,0.2222222222222222,0.0,-0.0028361794749298674
2024-06-03 13:30:00,18,0.0,0.05555555555555555,0.0007000284289983005
2024-06-03 14:00:00,18,0.0,0.0,-0.0023201981050818277
2024-06-03 14:30:00,18,0.0,0.0,0.0007185778822628164
2024-06-03 21:00:00,18,0.0,0.05555555555555555,0.0
2024-06-03 21:30:00,18,0.0,0.0,-0.0022121899929539723
2024-06-03 22:00:00,18,0.0,0.0,0.0007443968712849136
2024-06-03 22:30:00,18,0.0,0.0,-0.0004673852243879395
2024-06-04 09:00:00,18,0.2222222222222222,0.0,-0.002114678860300201
2024-06-04 09:30:00,18,0.0,0.0,-0.001122215886164346
2024-06-04 10:00:00,18,0.0,0.05555555555555555,0.0025686330068191987
2024-06-04 10:30:00,18,0.0,0.0,-0.0008084953609957535
2024-06-04 11:00:00,18,0.0,0.0,-0.0008103858073327252
2024-06-04 13:30:00,18,0.0,0.0,-0.001557450975864516
2024-06-04 14:00:00,18,0.0,0.0,0.001872807469827431
2024-06-04 14:30:00,18,0.0,0.0,-0.0001271294177472848
2024-06-04 21:00:00,18,0.05555555555555555,0.05555555555555555,0.0
2024-06-04 21:30:00,18,0.0,0.0,-0.001407332109238102
2024-06-04 22:00:00,18,0.0,0.16666666666666666,0.0038589938623073694
2024-06-04 22:30:00,18,0.0,0.0,0.0005426287900843763
2024-06-05 09:00:00,18,0.05555555555555555,0.0,-0.0021464243052257137
2024-06-05 09:30:00,18,0.0,0.0,0.0001666111296234618
2024-06-05 10:00:00,18,0.0,0.0,-0.00037102097262853295
2024-06-05 10:30:00,18,0.0,0.05555555555555555,0.0011364285001238539
2024-06-05 11:00:00,18,0.0,0.0,-0.0009105428944464755
2024-06-05 13:30:00,18,0.0,0.0,0.0012636239309865571
2024-06-05 14:00:00,18,0.0,0.0,-0.0007226490916464323
2024-06-05 14:30:00,18,0.0,0.0,-0.0014557537932741726
2024-06-05 21:00:00,18,0.0,0.3333333333333333,0.004001437938150332
2024-06-05 21:30:00,18,0.16666666666666666,0.0,-0.003615925787049945
2024-06-05 22:00:00,18,0.05555555555555555,0.0,0.0
2024-06-05 22:30:00,18,0.0,0.0,-0.000837612114909625
2024-06-06 09:00:00,18,0.0,0.1111111111111111,0.0025615843524610105
2024-06-06 09:30:00,18,0.0,0.0,-0.002493976996265912
2024-06-06 10:00:00,18,0.0,0.0,0.0009977906332988562
2024-06-06 10:30:00,18,0.0,0.0,0.0
2024-06-06 11:00:00,18,0.0,0.0,-0.000131995776135152
2024-06-06 13:30:00,18,0.0,0.2222222222222222,0.0035414675345609714
2024-06-06 14:00:00,18,0.0,0.0,-0.0004910676641008416
2024-06-06 14:30:00,18,0.0,0.05555555555555555,0.0021988530018716146
2024-06-06 21:00:00,18,0.0,0.16666666666666666,0.0
2024-06-06 21:30:00,18,0.0,0.0,0.0014211057732468335
2024-06-06 22:00:00,18,0.0,0.05555555555555555,0.0005333656731738579
2024-06-06 22:30:00,18,0.0,0.16666666666666666,0.001491167444473307
2024-06-07 09:00:00,18,0.0,0.0,-7.944073721005696e-05
2024-06-07 09:30:00,18,0.05555555555555555,0.0,-0.002697739934048815
2024-06-07 10:00:00,18,0.0,0.0,-0.001400803975905085
2024-06-07 10:30:00,18,0.05555555555555555,0.0,-0.0005381319167812038
2024-06-07 11:00:00,18,0.0,0.0,0.002335789610559136
2024-06-07 13:30:00,18,0.05555555555555555,0.0,-0.0015153885845785586
2024-06-07 14:00:00,18,0.0,0.0,-0.0007686105945868271
2024-06-07 14:30:00,18,0.0,0.0,0.00037811307221480295
2024-06-11 09:00:00,18,0.3888888888888889,0.1111111111111111,-0.004640203262854525
2024-06-11 09:30:00,18,0.16666666666666666,0.0,-0.0035242659653615394
2024-06-11 10:00:00,18,0.1111111111111111,0.0,-0.0029304488250361804
2024-06-11 10:30:00,18,0.0,0.0,-0.00139832720953037
2024-06-11 11:00:00,18,0.1111111111111111,0.0,-0.00011314777098891948
2024-06-11 13:30:00,18,0.05555555555555555,0.05555555555555555,-0.0017666881225404385
2024-06-11 14:00:00,18,0.0,0.05555555555555555,0.002552311673528873
2024-06-11 14:30:00,18,0.0,0.0,-0.002324745133493511
2024-06-11 21:00:00,18,0.0,0.05555555555555555,0.000819428665403632
2024-06-11 21:30:00,18,0.0,0.0,-0.0016469003550372285
2024-06-11 22:00:00,18,0.0,0.05555555555555555,0.0010676866266928764
2024-06-11 22:30:00,18,0.0,0.0,0.0005110268373845761
2024-06-12 09:00:00,18,0.0,0.05555555555555555,0.0032914385043760763
2024-06-12 09:30:00,18,0.0,0.0,-0.0003389469537191103
2024-06-12 10:00:00,18,0.0,0.0,-0.0021977478694768515
2024-06-12 10:30:00,18,0.0,0.1111111111111111,0.0004627648207374824
2024-06-12 11:00:00,18,0.0,0.0,0.0012437014170115779
2024-06-12 13:30:00,18,0.0,0.05555555555555555,0.001151695290169008
2024-06-12 14:00:00,18,0.0,0.0,-0.001295089745014244
2024-06-12 14:30:00,18,0.0,0.05555555555555555,0.00020072260136494435
2024-06-12 21:00:00,18,0.05555555555555555,0.0,0.0
2024-06-12 21:30:00,18,0.0,0.0,-0.0006846073709793621
2024-06-12 22:00:00,18,0.0,0.0,0.0
2024-06-12 22:30:00,18,0.05555555555555555,0.0,-0.002014123473754459
2024-06-13 09:00:00,18,0.2222222222222222,0.0,-0.002500284693551791
2024-06-13 09:30:00,18,0.0,0.0,0.0007366313716187234
2024-06-13 10:00:00,18,0.0,0.05555555555555555,0.0023901268799227937
2024-06-13 10:30:00,18,0.05555555555555555,0.0,-0.0026234255407145968
2024-06-13 11:00:00,18,0.0,0.0,0.00030782324042955
2024-06-13 13:30:00,18,0.0,0.0,0.00045018905844462775
2024-06-13 14:00:00,18,0.0,0.0,-0.0003065296111419702
2024-06-13 14:30:00,18,0.05555555555555555,0.0,0.0004287701897239815
2024-06-13 21:00:00,18,0.0,0.16666666666666666,0.0019238224956511507
2024-06-13 21:30:00,18,0.0,0.0,0.00019755037534574527
2024-06-13 22:00:00,18,0.0,0.0,-0.0005661680495873123
2024-06-13 22:30:00,18,0.0,0.0,0.0008599335148020693
2024-06-14 09:00:00,18,0.1111111111111111,0.05555555555555555,-0.0032935414587581535
2024-06-14 09:30:00,18,0.0,0.0,0.0012771879236600503
2024-06-14 10:00:00,18,0.0,0.05555555555555555,0.0011564183385867066
2024-06-14 10:30:00,18,0.0,0.0,-0.0011900385910527111
2024-06-14 11:00:00,18,0.0,0.0,0.0008057816590283373
2024-06-14 13:30:00,18,0.0,0.0,0.0022807247638533257
2024-06-14 14:00:00,18,0.0,0.0,0.0003690806237468536
2024-06-14 14:30:00,18,0.16666666666666666,0.0,-0.004123511715004968
2024-06-14 21:00:00,18,0.05555555555555555,0.0,-0.002011095270664509
2024-06-14 21:30:00,18,0.05555555555555555,0.0,-0.000986099737972479
2024-06-14 22:00:00,18,0.0,0.05555555555555555,0.0007726094422708663
2024-06-14 22:30:00,18,0.0,0.0,0.0
2024-06-17 09:00:00,18,0.4444444444444444,0.0,-0.004924160275774636
2024-06-17 09:30:00,18,0.0,0.0,-0.00014662756598238236
2024-06-17 10:00:00,18,0.0,0.0,-0.0007140451262886427
2024-06-17 10:30:00,18,0.0,0.0,-0.0006165299995392615
2024-06-17 11:00:00,18,0.0,0.0,-0.0014822777522429664
2024-06-17 13:30:00,18,0.05555555555555555,0.0,0.0011192013310780125
2024-06-17 14:00:00,18,0.05555555555555555,0.0,-0.001081765158857495
2024-06-17 14:30:00,18,0.0,0.0,0.0002057613168724437
2024-06-17 21:00:00,18,0.1111111111111111,0.16666666666666666,0.0016933465067067166
2024-06-17 21:30:00,18,0.0,0.05555555555555555,0.0026564579836939606
2024-06-17 22:00:00,18,0.0,0.0,0.0011267442139224482
2024-06-17 22:30:00,18,0.0,0.0,-0.00074496889864617
2024-06-18 09:00:00,18,0.05555555555555555,0.0,-0.0006822962112834619
2024-06-18 09:30:00,18,0.0,0.0,-0.0016228821959722306
2024-06-18 10:00:00,18,0.0,0.0,-0.0002488141541978628
2024-06-18 10:30:00,18,0.05555555555555555,0.0,0.0
2024-06-18 11:00:00,18,0.0,0.05555555555555555,0.000733040793942874
2024-06-18 13:30:00,18,0.0,0.0,-0.0012972149793862298
2024-06-18 14:00:00,18,0.0,0.0,-0.0005767581566940017
2024-06-18 14:30:00,18,0.3888888888888889,0.0,-0.004674247202049786
2024-06-18 21:00:00,18,0.05555555555555555,0.05555555555555555,0.0005464850197267612
2024-06-18 21:30:00,18,0.0,0.1111111111111111,0.003627888529645129
2024-06-18 22:00:00,18,0.0,0.0,0.0023539102887885077
2024-06-18 22:30:00,18,0.0,0.0,0.0
2024-06-19 09:00:00,18,0.05555555555555555,0.0,-0.0013253918431425649
2024-06-19 09:30:00,18,0.0,0.0,0.0007420678119869351
2024-06-19 10:00:00,18,0.0,0.0,-0.001083742528063647
2024-06-19 10:30:00,18,0.0,0.0,0.001869704528765892
2024-06-19 11:00:00,18,0.0,0.05555555555555555,0.0009865760800129575
2024-06-19 13:30:00,18,0.0,0.0,-0.0005237039771809338
2024-06-19 14:00:00,18,0.0,0.0,-0.0029718199497461573
2024-06-19 14:30:00,18,0.0,0.0,0.0015883129741597335
2024-06-19 21:00:00,18,0.0,0.0,-0.00012632642748861
2024-06-19 21:30:00,18,0.05555555555555555,0.0,-0.002011677961971492
2024-06-19 22:00:00,18,0.0,0.0,0.0
2024-06-19 22:30:00,18,0.0,0.0,0.0017819392362987685
2024-06-20 09:00:00,18,0.0,0.1111111111111111,0.0014386378746071848
2024-06-20 09:30:00,18,0.05555555555555555,0.0,-0.0012380398100725332
2024-06-20 10:00:00,18,0.0,0.0,0.0005358559360952864
2024-06-20 10:30:00,18,0.0,0.0,0.0008750703725702857
2024-06-20 11:00:00,18,0.0,0.0,-0.00023677856183246249
2024-06-20 13:30:00,18,0.2777777777777778,0.0,-0.0022745107984795676
2024-06-20 14:00:00,18,0.0,0.0,0.0005191118547667184
2024-06-20 14:30:00,18,0.0,0.05555555555555555,0.0009150397754275064
2024-06-20 21:00:00,18,0.0,0.05555555555555555,-0.0001657275439178041
2024-06-20 21:30:00,18,0.0,0.0,0.0001294665976178111
2024-06-20 22:00:00,18,0.0,0.0,0.001350764202803778
2024-06-20 22:30:00,18,0.0,0.05555555555555555,0.00036149694954579203
2024-06-21 09:00:00,18,0.2222222222222222,0.0,-0.0030533273678267636
2024-06-21 09:30:00,18,0.05555555555555555,0.0,-0.0020837691487282095
2024-06-21 10:00:00,18,0.0,0.0,0.00020721094073772317
2024-06-21 10:30:00,18,0.05555555555555555,0.0,-0.0010347413966917962
2024-06-21 11:00:00,18,0.05555555555555555,0.0,-0.0001727712508638457
2024-06-21 13:30:00,18,0.0,0.05555555555555555,-0.0008171066034252661
2024-06-21 14:00:00,18,0.0,0.0,-0.0014209921518795743
2024-06-21 14:30:00,18,0.0,0.0,-0.0011748504673056992
2024-06-21 21:00:00,18,0.0,0.0,0.00033336261124283784
2024-06-21 21:30:00,18,0.05555555555555555,0.0,-0.0007159768218615303
2024-06-21 22:00:00,18,0.0,0.0,0.0
2024-06-21 22:30:00,18,0.0,0.05555555555555555,0.0005385011012547514
2024-06-24 09:00:00,18,0.2777777777777778,0.16666666666666666,-0.003274962628171507
2024-06-24 09:30:00,18,0.3333333333333333,0.0,-0.0014227109109721803
2024-06-24 10:00:00,18,0.05555555555555555,0.0,-0.0010948279787109105
2024-06-24 10:30:00,18,0.0,0.0,0.0012766743668981562
2024-06-24 11:00:00,18,0.0,0.0,0.0016511766677292927
2024-06-24 13:30:00,18,0.05555555555555555,0.05555555555555555,-0.0005254478622013226
2024-06-24 14:00:00,18,0.05555555555555555,0.0,-0.00033504883510571126
2024-06-24 14:30:00,18,0.2222222222222222,0.0,-0.002177868669698879
2024-06-24 21:00:00,18,0.16666666666666666,0.1111111111111111,0.0
2024-06-24 21:30:00,18,0.0,0.0,0.0007170308748333243
2024-06-24 22:00:00,18,0.0,0.0,0.00040209087253717524
2024-06-24 22:30:00,18,0.0,0.0,-0.0004017677782242046
2024-06-25 09:00:00,18,0.16666666666666666,0.0,-0.0012730314187232583
2024-06-25 09:30:00,18,0.05555555555555555,0.0,0.0
2024-06-25 10:00:00,18,0.0,0.05555555555555555,-0.0007775631560750784
2024-06-25 10:30:00,18,0.0,0.05555555555555555,-0.0003236245954692518
2024-06-25 11:00:00,18,0.0,0.0,0.0020374637310121013
2024-06-25 13:30:00,18,0.0,0.05555555555555555,0.0
2024-06-25 14:00:00,18,0.0,0.0,-0.0008341551435277483
2024-06-25 14:30:00,18,0.0,0.1111111111111111,0.0016298710021078744
2024-06-25 21:00:00,18,0.05555555555555555,0.05555555555555555,-0.0025617623361858244
2024-06-25 21:30:00,18,0.05555555555555555,0.05555555555555555,0.0002271178741767299
2024-06-25 22:00:00,18,0.0,0.05555555555555555,0.0010458718004525691
2024-06-25 22:30:00,18,0.0,0.0,-0.0006035467760996394
2024-06-26 09:00:00,18,0.1111111111111111,0.0,-0.001073257413810369
2024-06-26 09:30:00,18,0.0,0.0,-0.0004154101944608968
2024-06-26 10:00:00,18,0.0,0.1111111111111111,0.0022845459334560614
2024-06-26 10:30:00,18,0.0,0.0,0.0005644196138085977
2024-06-26 11:00:00,18,0.0,0.2222222222222222,0.0036514411862988982
2024-06-26 13:30:00,18,0.0,0.0,-0.00019880715705766772
2024-06-26 14:00:00,18,0.0,0.0,0.0018358031634543304
2024-06-26 14:30:00,18,0.0,0.1111111111111111,0.0020668194657019745
2024-06-26 21:00:00,18,0.0,0.0,-0.0021261091207930294
2024-06-26 21:30:00,18,0.0,0.0,0.0005384826639402984
2024-06-26 22:00:00,18,0.0,0.0,0.0
2024-06-26 22:30:00,18,0.0,0.0,0.0
2024-06-27 09:00:00,18,0.0,0.05555555555555555,0.0
2024-06-27 09:30:00,18,0.05555555555555555,0.0,0.0009968961400715903
2024-06-27 10:00:00,18,0.0,0.0,-0.0007925650367268666
2024-06-27 10:30:00,18,0.0,0.0,-0.00288049393200146
2024-06-27 11:00:00,18,0.0,0.0,0.0010333721629893766
2024-06-27 13:30:00,18,0.1111111111111111,0.0,-0.002838004455051002
2024-06-27 14:00:00,18,0.0,0.0,-0.00017035775127766106
2024-06-27 14:30:00,18,0.0,0.0,-0.0009808044524757253
2024-06-27 21:00:00,18,0.0,0.2222222222222222,0.0012052077172505227
2024-06-27 21:30:00,18,0.0,0.0,-0.001805312631508793
2024-06-27 22:00:00,18,0.0,0.0,0.0
2024-06-27 22:30:00,18,0.0,0.0,0.00022482014388491844
2024-06-28 09:00:00,18,0.0,0.16666666666666666,-0.0014077044137069117
2024-06-28 09:30:00,18,0.0,0.16666666666666666,0.002876546588832407
2024-06-28 10:00:00,18,0.0,0.0,0.0
2024-06-28 10:30:00,18,0.0,0.0,0.0021098976722028207
2024-06-28 11:00:00,18,0.0,0.0,0.000333500092648098
2024-06-28 13:30:00,18,0.0,0.0,-0.0008328628567862428
2024-06-28 14:00:00,18,0.0,0.0,0.0
2024-06-28 14:30:00,18,0.0,0.1111111111111111,0.0016395940259322783
2024-06-28 21:00:00,18,0.0,0.05555555555555555,0.0007410135131742379
2024-06-28 21:30:00,18,0.0,0.0,-0.0007248249524330896
2024-06-28 22:00:00,18,0.0,0.0,-0.0006226276241381723
2024-06-28 22:30:00,18,0.0,0.05555555555555555,0.0006001348437970622
2024-07-01 09:00:00,18,0.4444444444444444,0.1111111111111111,-0.003082897528070838
2024-07-01 09:30:00,18,0.0,0.1111111111111111,0.0017718198947112018
2024-07-01 10:00:00,18,0.05555555555555555,0.0,-0.00047514174928803277
2024-07-01 10:30:00,18,0.0,0.0,0.0
2024-07-01 11:00:00,18,0.0,0.1111111111111111,0.0004160301178524062
2024-07-01 13:30:00,18,0.0,0.05555555555555555,0.0012522633151850204
2024-07-01 14:00:00,18,0.0,0.0,0.0010632735811798577
2024-07-01 14:30:00,18,0.0,0.1111111111111111,0.0014897619064285772
2024-07-01 21:00:00,18,0.0,0.05555555555555555,0.0
2024-07-01 21:30:00,18,0.0,0.0,0.0
2024-07-01 22:00:00,18,0.0,0.0,-0.00040335592126494735
2024-07-01 22:30:00,18,0.0,0.0,0.0
2024-07-02 09:00:00,18,0.0,0.05555555555555555,0.0008383635144199042
2024-07-02 09:30:00,18,0.0,0.0,0.0014313138011123883
2024-07-02 10:00:00,18,0.0,0.0,-0.00034472137527746805
2024-07-02 10:30:00,18,0.0,0.0,-0.000296912114014225
2024-07-02 11:00:00,18,0.0,0.1111111111111111,0.0023040150625093236
2024-07-02 13:30:00,18,0.0,0.0,0.0008350530039272774
2024-07-02 14:00:00,18,0.0,0.0,-0.002151166745092803
2024-07-02 14:30:00,18,0.0,0.0,0.0014698970494420038
2024-07-02 21:00:00,18,0.05555555555555555,0.0,0.0
2024-07-02 21:30:00,18,0.0,0.0,0.0
2024-07-02 22:00:00,18,0.0,0.0,-0.0011546021235087633
2024-07-02 22:30:00,18,0.0,0.0,0.0
2024-07-03 09:00:00,18,0.05555555555555555,0.1111111111111111,0.001258011948313431
2024-07-03 09:30:00,18,0.0,0.05555555555555555,0.0007066600954888091
2024-07-03 10:00:00,18,0.0,0.0,0.00016594756057086713
2024-07-03 10:30:00,18,0.1111111111111111,0.0,-0.003450115673487575
2024-07-03 11:00:00,18,0.0,0.2777777777777778,0.0030939988542127983
2024-07-03 13:30:00,18,0.0,0.1111111111111111,0.0007401862126930059
2024-07-03 14:00:00,18,0.0,0.2777777777777778,0.0018839854202729045
2024-07-03 14:30:00,18,0.0,0.0,0.0007384045608948009
2024-07-03 21:00:00,18,0.0,0.0,-0.0008220666124957865
2024-07-03 21:30:00,18,0.0,0.05555555555555555,0.0010390693529607198
2024-07-03 22:00:00,18,0.0,0.0,0.0007039198303047112
2024-07-03 22:30:00,18,0.0,0.0,-0.000985638461523608
2024-07-04 09:00:00,18,0.0,0.05555555555555555,0.0002485707183693675
2024-07-04 09:30:00,18,0.0,0.0,0.0005246589716684236
2024-07-04 10:00:00,18,0.0,0.0,-0.001431585637759858
2024-07-04 10:30:00,18,0.0,0.0,0.0
2024-07-04 11:00:00,18,0.1111111111111111,0.0,-0.0024385927008829245
2024-07-04 13:30:00,18,0.05555555555555555,0.0,-0.000772788920839873
2024-07-04 14:00:00,18,0.16666666666666666,0.0,-0.0008354375184583818
2024-07-04 14:30:00,18,0.0,0.0,0.00020234722784295833
2024-07-04 21:00:00,18,0.0,0.0,0.0
2024-07-04 21:30:00,18,0.0,0.0,0.001151145060144132
2024-07-04 22:00:00,18,0.05555555555555555,0.0,-0.0014794225649230053
2024-07-04 22:30:00,18,0.2777777777777778,0.0,-0.002314541034233508
2024-07-05 09:00:00,18,0.0,0.05555555555555555,-0.00013548833488141732
2024-07-05 09:30:00,18,0.0,0.0,0.000653694430634566
2024-07-05 10:00:00,18,0.0,0.0,0.0
2024-07-05 10:30:00,18,0.16666666666666666,0.0,-0.001649509431610574
2024-07-05 11:00:00,18,0.2777777777777778,0.0,-0.003749511492788127
2024-07-05 13:30:00,18,0.05555555555555555,0.0,0.0018335576114650864
2024-07-05 14:00:00,18,0.0,0.0,-0.0025689238518395996
2024-07-05 14:30:00,18,0.0,0.0,-0.001293171388931147
2024-07-05 21:00:00,18,0.05555555555555555,0.0,0.0005355409458376315
2024-07-05 21:30:00,18,0.0,0.0,0.0
2024-07-05 22:00:00,18,0.0,0.0,0.0
2024-07-05 22:30:00,18,0.0,0.05555555555555555,0.0013495151217396417
2024-07-08 09:00:00,18,0.3333333333333333,0.0,-0.0030492720069561496
2024-07-08 09:30:00,18,0.1111111111111111,0.0,-0.0024117822571202985
2024-07-08 10:00:00,18,0.0,0.0,0.0005378338314317999
2024-07-08 10:30:00,18,0.2777777777777778,0.0,-0.0012995407123521097
2024-07-08 11:00:00,18,0.05555555555555555,0.0,-0.0005464935146088923
2024-07-08 13:30:00,18,0.16666666666666666,0.0,-0.0004778716371838243
2024-07-08 14:00:00,18,0.0,0.0,-0.0007061718278769669
2024-07-08 14:30:00,18,0.0,0.0,0.000322316423465252
2024-07-08 21:00:00,18,0.1111111111111111,0.05555555555555555,-0.00017111567419575424
2024-07-08 21:30:00,18,0.05555555555555555,0.0,0.0
2024-07-08 22:00:00,18,0.0,0.0,0.0007311666124308891
2024-07-08 22:30:00,18,0.0,0.0,-0.0007091442347911259
2024-07-09 09:00:00,18,0.05555555555555555,0.0,-0.0020075951232768063
2024-07-09 09:30:00,18,0.05555555555555555,0.0,0.0010250070194266492
2024-07-09 10:00:00,18,0.1111111111111111,0.0,-0.002468017045985482
2024-07-09 10:30:00,18,0.1111111111111111,0.0,-0.0016591102395014934
2024-07-09 11:00:00,18,0.0,0.1111111111111111,0.0029562610041659054
2024-07-09 13:30:00,18,0.0,0.0,0.0016402633660413946
2024-07-09 14:00:00,18,0.0,0.0,-0.001080961559078386
2024-07-09 14:30:00,18,0.0,0.0,0.0013073509042804687
2024-07-09 21:00:00,18,0.2222222222222222,0.0,-0.0021946243485255756
2024-07-09 21:30:00,18,0.0,0.0,-0.0006534905893086917
2024-07-09 22:00:00,18,0.0,0.0,-0.002270860228415328
2024-07-09 22:30:00,18,0.0,0.0,-0.0006058195252203746
2024-07-10 09:00:00,18,0.2777777777777778,0.0,-0.0028959538431798104
2024-07-10 09:30:00,18,0.0,0.0,0.0
2024-07-10 10:00:00,18,0.0,0.0,-0.0011036817967511325
2024-07-10 10:30:00,18,0.0,0.0,0.000681010268843707
2024-07-10 11:00:00,18,0.16666666666666666,0.0,-0.0017077838428397607
2024-07-10 13:30:00,18,0.0,0.0,-0.0005921448766108561
2024-07-10 14:00:00,18,0.05555555555555555,0.0,-0.001169539037836509
2024-07-10 14:30:00,18,0.0,0.0,0.00032541490400261885
2024-07-10 21:00:00,18,0.0,0.2222222222222222,0.0032924363271067403
2024-07-10 21:30:00,18,0.0,0.0,0.0
2024-07-10 22:00:00,18,0.0,0.0,0.0
2024-07-10 22:30:00,18,0.0,0.0,-0.00016207455429495532
2024-07-11 09:00:00,18,0.05555555555555555,0.0,-0.0015891660725394496
2024-07-11 09:30:00,18,0.05555555555555555,0.0,-0.0014672671041492391
2024-07-11 10:00:00,18,0.0,0.3888888888888889,0.003516623357180282
2024-07-11 10:30:00,18,0.0,0.0,0.0013779585445375941
2024-07-11 11:00:00,18,0.0,0.2222222222222222,0.002201849603656325
2024-07-11 13:30:00,18,0.0,0.0,-0.0015069860046534878
2024-07-11 14:00:00,18,0.0,0.0,-0.0033932309109175884
2024-07-11 14:30:00,18,0.0,0.0,0.0
2024-07-11 21:00:00,18,0.16666666666666666,0.0,-0.0017353307394507578
2024-07-11 21:30:00,18,0.0,0.1111111111111111,0.002474669874577673
2024-07-11 22:00:00,18,0.0,0.0,-0.0007282962447909269
2024-07-11 22:30:00,18,0.0,0.0,0.0005985938496045895
2024-07-12 09:00:00,18,0.1111111111111111,0.0,-0.0019271343726866008
2024-07-12 09:30:00,18,0.0,0.0,0.002507553346882241
2024-07-12 10:00:00,18,0.0,0.0,0.0006835433314217321
2024-07-12 10:30:00,18,0.05555555555555555,0.0,0.0
2024-07-12 11:00:00,18,0.0,0.0,-0.0005964638795956101
2024-07-12 13:30:00,18,0.0,0.0,-0.0008601928886041721
2024-07-12 14:00:00,18,0.0,0.0,0.00013477088948787852
2024-07-12 14:30:00,18,0.05555555555555555,0.0,-0.0005531570890451865
2024-07-12 21:00:00,18,0.2222222222222222,0.0,-0.0022643936533366937
2024-07-12 21:30:00,18,0.05555555555555555,0.0,-0.0004782771906005623
2024-07-12 22:00:00,18,0.05555555555555555,0.0,-0.001981330696876782
2024-07-12 22:30:00,18,0.0,0.4444444444444444,0.0028971625186250405
2024-07-15 09:00:00,18,0.2777777777777778,0.0,-0.004438222660717528
2024-07-15 09:30:00,18,0.0,0.2777777777777778,0.004647030380301231
2024-07-15 10:00:00,18,0.0,0.0,-0.00016302575806975694
2024-07-15 10:30:00,18,0.1111111111111111,0.0,-0.002053782272339988
2024-07-15 11:00:00,18,0.0,0.0,-0.0006829559293447529
2024-07-15 13:30:00,18,0.05555555555555555,0.0,-0.0028940086334640625
2024-07-15 14:00:00,18,0.0,0.05555555555555555,0.00017070672584496016
2024-07-15 14:30:00,18,0.05555555555555555,0.0,-0.0009856796187670547
2024-07-15 21:00:00,18,0.0,0.1111111111111111,0.0
2024-07-15 21:30:00,18,0.0,0.0,-0.0018032204541428842
2024-07-15 22:00:00,18,0.0,0.0,0.00017088174982915483
2024-07-15 22:30:00,18,0.0,0.0,0.0
2024-07-16 09:00:00,18,0.1111111111111111,0.0,-0.001849839916759688
2024-07-16 09:30:00,18,0.0,0.05555555555555555,0.0016119198432998916
2024-07-16 10:00:00,18,0.0,0.0,-0.00031088936115231114
2024-07-16 10:30:00,18,0.0,0.16666666666666666,0.0007460031267052525
2024-07-16 11:00:00,18,0.0,0.0,0.0018043371701909061
2024-07-16 13:30:00,18,0.0,0.0,0.00097024148156033
2024-07-16 14:00:00,18,0.0,0.0,-0.001447072311242914
2024-07-16 14:30:00,18,0.0,0.05555555555555555,0.0
2024-07-16 21:00:00,18,0.05555555555555555,0.05555555555555555,-0.0004749835078062814
2024-07-16 21:30:00,18,0.0,0.0,0.0016267768808850835
2024-07-16 22:00:00,18,0.0,0.0,0.0
2024-07-16 22:30:00,18,0.0,0.0,0.0008277162303043095
2024-07-17 09:00:00,18,0.16666666666666666,0.0,-0.002368206951231522
2024-07-17 09:30:00,18,0.0,0.0,-0.0004095768930982291
2024-07-17 10:00:00,18,0.0,0.0,0.001671022164817626
2024-07-17 10:30:00,18,0.0,0.05555555555555555,-0.001983835184242444
2024-07-17 11:00:00,18,0.05555555555555555,0.0,-0.001053650386606153
2024-07-17 13:30:00,18,0.1111111111111111,0.0,-0.001811396818478972
2024-07-17 14:00:00,18,0.1111111111111111,0.05555555555555555,-0.0022335082293867825
2024-07-17 14:30:00,18,0.05555555555555555,0.0,0.00017146776406040676
2024-07-17 21:00:00,18,0.0,0.0,0.00025920165889059543
2024-07-17 21:30:00,18,0.0,0.0,-0.0004731358505694616
2024-07-17 22:00:00,18,0.05555555555555555,0.0,-0.001715269096005556
2024-07-17 22:30:00,18,0.0,0.0,-0.0004831049717269331
2024-07-18 09:00:00,18,0.05555555555555555,0.0,-0.000354036457403506
2024-07-18 09:30:00,18,0.0,0.0,0.0007645240024068967
2024-07-18 10:00:00,18,0.0,0.0,-0.0017946008007386771
2024-07-18 10:30:00,18,0.0,0.05555555555555555,0.0006335225601864503
2024-07-18 11:00:00,18,0.0,0.0,0.0009806325145162997
2024-07-18 13:30:00,18,0.0,0.1111111111111111,0.0018102010001032065
2024-07-18 14:00:00,18,0.0,0.05555555555555555,0.0013734638749132166
2024-07-18 14:30:00,18,0.0,0.16666666666666666,0.002171132491557204
2024-07-18 21:00:00,18,0.05555555555555555,0.0,-0.0016317669568744475
2024-07-18 21:30:00,18,0.0,0.0,0.00013635124079625083
2024-07-18 22:00:00,18,0.0,0.0,-0.00024473813020070567
2024-07-18 22:30:00,18,0.0,0.0,0.0
2024-07-19 09:00:00,18,0.16666666666666666,0.0,-0.0022463826447445268
2024-07-19 09:30:00,18,0.0,0.0,-0.0009266160457107042
2024-07-19 10:00:00,18,0.0,0.0,0.0018082640664961458
2024-07-19 10:30:00,18,0.0,0.1111111111111111,0.0009270008322818102
2024-07-19 11:00:00,18,0.0,0.0,0.0006195546695357823
2024-07-19 13:30:00,18,0.2777777777777778,0.0,-0.0023172321425378173
2024-07-19 14:00:00,18,0.0,0.1111111111111111,0.0034674590633627655
2024-07-19 14:30:00,18,0.0,0.0,-9.124862066040018e-05
2024-07-19 21:00:00,18,0.16666666666666666,0.0,-0.0015115545811316689
2024-07-19 21:30:00,18,0.0,0.0,0.0014952544835306059
2024-07-19 22:00:00,18,0.0,0.0,0.0
2024-07-19 22:30:00,18,0.0,0.0,-0.0018641672564544964
2024-07-22 09:00:00,18,0.5,0.0,-0.0053696780457714866
2024-07-22 09:30:00,18,0.0,0.0,-0.000743699559295874
2024-07-22 10:00:00,18,0.0,0.0,-0.00016436554898091593
2024-07-22 10:30:00,18,0.0,0.6111111111111112,0.0066693353245625975
2024-07-22 11:00:00,18,0.0,0.0,-0.0013705009181883554
2024-07-22 13:30:00,18,0.05555555555555555,0.0,-0.0018555610230535646
2024-07-22 14:00:00,18,0.05555555555555555,0.0,-0.0008162305868167352
2024-07-22 14:30:00,18,0.0,0.0,0.0
2024-07-22 21:00:00,18,0.0,0.0,-0.0007526423771207491
2024-07-22 21:30:00,18,0.0,0.05555555555555555,-0.0001376651982378796
2024-07-22 22:00:00,18,0.0,0.0,0.0005317507512250241
2024-07-22 22:30:00,18,0.0,0.0,-0.00033607381567279937
2024-07-22 23:00:00,18,0.0,0.0,0.0
2024-07-22 23:30:00,18,0.0,0.0,0.0
2024-07-23 00:00:00,18,0.0,0.0,0.0
2024-07-23 00:30:00,18,0.0,0.0,0.0
2024-07-23 09:00:00,18,0.0,0.2222222222222222,0.004243379014273407
2024-07-23 09:30:00,18,0.0,0.0,-0.0008452737783784525
2024-07-23 10:00:00,22,0.0,0.0,-0.0018017307723613984
2024-07-23 10:30:00,22,0.09090909090909091,0.0,-0.0023411893683137897
2024-07-23 11:00:00,22,0.0,0.0,0.0
2024-07-23 13:30:00,22,0.13636363636363635,0.0,-0.0010343206896945012
2024-07-23 14:00:00,22,0.045454545454545456,0.0,-0.0015888244970427845
2024-07-23 14:30:00,22,0.045454545454545456,0.0,-0.002403575165029037
2024-07-23 21:00:00,22,0.13636363636363635,0.13636363636363635,0.0013815212716646874
2024-07-23 21:30:00,22,0.09090909090909091,0.0,0.000999108567254381
2024-07-23 22:00:00,22,0.0,0.0,0.000959200833531404
2024-07-23 22:30:00,22,0.0,0.0,-0.00037206378760479275
2024-07-23 23:00:00,22,0.0,0.0,0.0
2024-07-23 23:30:00,22,0.0,0.0,0.0
2024-07-24 00:00:00,22,0.0,0.0,0.0
2024-07-24 00:30:00,22,0.0,0.0,0.0
2024-07-24 09:00:00,22,0.09090909090909091,0.0,-0.002484801186287411
2024-07-24 09:30:00,22,0.045454545454545456,0.0,0.000479506718073508
2024-07-24 10:00:00,22,0.0,0.0,-2.018570851836099e-05
2024-07-24 10:30:00,22,0.0,0.0,-0.0012793172785396933
2024-07-24 11:00:00,22,0.0,0.045454545454545456,0.002584297509880984
2024-07-24 13:30:00,22,0.18181818181818182,0.045454545454545456,-0.0019536542875314145
2024-07-24 14:00:00,22,0.0,0.13636363636363635,0.0027698544989632756
2024-07-24 14:30:00,22,0.045454545454545456,0.0,-0.0011073706016309082
2024-07-24 21:00:00,22,0.13636363636363635,0.0,-0.0013084527619745545
2024-07-24 21:30:00,22,0.0,0.0,-0.0014525092697793007
2024-07-24 22:00:00,22,0.045454545454545456,0.0,0.0
2024-07-24 22:30:00,22,0.09090909090909091,0.0,-0.00034061745210284267
2024-07-24 23:00:00,22,0.0,0.0,0.0
2024-07-24 23:30:00,22,0.0,0.0,0.0
2024-07-25 00:00:00,22,0.0,0.0,0.0
2024-07-25 00:30:00,22,0.0,0.0,0.0
2024-07-25 09:00:00,22,0.6363636363636364,0.0,-0.005895778467220281
2024-07-25 09:30:00,22,0.045454545454545456,0.045454545454545456,0.0015363664043147596
2024-07-25 10:00:00,22,0.0,0.0,-0.0006822471914882944
2024-07-25 10:30:00,22,0.09090909090909091,0.045454545454545456,-0.00048670028596220494
2024-07-25 11:00:00,22,0.0,0.045454545454545456,0.001576449773626476
2024-07-25 13:30:00,22,0.045454545454545456,0.0,-0.0005936705431557332
2024-07-25 14:00:00,22,0.0,0.045454545454545456,-0.0001418842224744643
2024-07-25 14:30:00,22,0.0,0.0,-0.0019971906869857836
2024-07-25 21:00:00,22,0.0,0.45454545454545453,0.006300270883776604
2024-07-25 21:30:00,22,0.045454545454545456,0.0,-0.00013065064018813466
2024-07-25 22:00:00,22,0.0,0.0,0.001416056854053216
2024-07-25 22:30:00,22,0.0,0.0,0.0018872956872811875
2024-07-25 23:00:00,22,0.0,0.0,0.0
2024-07-25 23:30:00,22,0.0,0.0,0.0
2024-07-26 00:00:00,22,0.0,0.0,0.0
2024-07-26 00:30:00,22,0.0,0.0,0.0
2024-07-26 09:00:00,22,0.0,0.09090909090909091,0.0016179853576278047
2024-07-26 09:30:00,22,0.0,0.045454545454545456,0.0031910695874648454
2024-07-26 10:00:00,22,0.13636363636363635,0.0,-0.0015012447669112139
2024-07-26 10:30:00,22,0.0,0.0,-0.0011428056070913462
2024-07-26 11:00:00,22,0.0,0.0,0.0001345351809498574
2024-07-26 13:30:00,22,0.0,0.0,0.0012269384951326678
2024-07-26 14:00:00,22,0.0,0.0,-0.0013422075488231933
2024-07-26 14:30:00,22,0.09090909090909091,0.0,-0.0013665348086588924
2024-07-26 21:00:00,22,0.0,0.045454545454545456,-0.0020195292814520482
2024-07-26 21:30:00,22,0.0,0.0,-0.0006408908266978264
2024-07-26 22:00:00,22,0.0,0.0,-0.0012021546527182236
2024-07-26 22:30:00,22,0.0,0.0,8.163265306126988e-05
2024-07-26 23:00:00,22,0.0,0.0,0.0
2024-07-26 23:30:00,22,0.0,0.0,0.0
2024-07-27 00:00:00,22,0.0,0.0,0.0
2024-07-27 00:30:00,22,0.0,0.0,0.0
2024-07-29 09:00:00,22,0.3181818181818182,0.09090909090909091,-0.0028456676199764552
2024-07-29 09:30:00,22,0.0,0.0,0.00014172335600903807
2024-07-29 10:00:00,22,0.045454545454545456,0.045454545454545456,-0.0006701378613028774
2024-07-29 10:30:00,22,0.045454545454545456,0.045454545454545456,0.0001414027149321262
2024-07-29 11:00:00,22,0.0,0.0,0.0002692514808831925
2024-07-29 13:30:00,22,0.0,0.0,0.001085731935108969
2024-07-29 14:00:00,22,0.0,0.0,-0.0003497539307718567
2024-07-29 14:30:00,22,0.0,0.0,-0.0010052111137320296
2024-07-29 21:00:00,22,0.09090909090909091,0.0,-0.0017741875420453912
2024-07-29 21:30:00,22,0.09090909090909091,0.0,-0.0005610157262409543
2024-07-29 22:00:00,22,0.0,0.045454545454545456,-0.00048484570437135055
2024-07-29 22:30:00,22,0.0,0.0,-0.0003325016097519007
2024-07-29 23:00:00,22,0.0,0.0,0.0
2024-07-29 23:30:00,22,0.0,0.0,0.0
2024-07-30 00:00:00,22,0.0,0.0,0.0
2024-07-30 00:30:00,22,0.0,0.0,0.0
2024-07-30 09:00:00,22,0.18181818181818182,0.0,-0.0023409879489059704
2024-07-30 09:30:00,22,0.045454545454545456,0.045454545454545456,-0.001808155632998465
2024-07-30 10:00:00,22,0.0,0.0,-0.00017618040873856877
2024-07-30 10:30:00,22,0.0,0.045454545454545456,-0.00017711654268509625
2024-07-30 11:00:00,22,0.09090909090909091,0.0,-0.00126489074796865
2024-07-30 13:30:00,22,0.0,0.0,-0.00026343519494204104
2024-07-30 14:00:00,22,0.09090909090909091,0.0,-0.0005169890249221987
2024-07-30 14:30:00,22,0.13636363636363635,0.0,-0.001144670177500695
2024-07-30 21:00:00,22,0.22727272727272727,0.0,-0.0023279274776645265
2024-07-30 21:30:00,22,0.045454545454545456,0.0,-0.000892435288114779
2024-07-30 22:00:00,22,0.0,0.45454545454545453,0.0034196402779255175
2024-07-30 22:30:00,22,0.0,0.0,0.0
2024-07-30 23:00:00,22,0.0,0.0,0.0
2024-07-30 23:30:00,22,0.0,0.0,0.0
2024-07-31 00:00:00,22,0.0,0.045454545454545456,0.0
2024-07-31 00:30:00,22,0.0,0.0,0.0
2024-07-31 09:00:00,22,0.045454545454545456,0.13636363636363635,0.0003336115910572701
2024-07-31 09:30:00,22,0.0,0.13636363636363635,0.002942523163111388
2024-07-31 10:00:00,22,0.0,0.0,-0.00042270229770224876
2024-07-31 10:30:00,22,0.0,0.13636363636363635,0.00370922447928268
2024-07-31 11:00:00,22,0.0,0.045454545454545456,-0.0006535628880628974
2024-07-31 13:30:00,22,0.045454545454545456,0.045454545454545456,-0.0008436413220500039
2024-07-31 14:00:00,22,0.0,0.0,-0.0016956022757795841
2024-07-31 14:30:00,22,0.0,0.0,0.0018344639135132734
2024-07-31 21:00:00,22,0.09090909090909091,0.18181818181818182,0.00017313019390585715
2024-07-31 21:30:00,22,0.0,0.18181818181818182,0.0012398167082841027
2024-07-31 22:00:00,22,0.0,0.045454545454545456,0.00029689706083435574
2024-07-31 22:30:00,22,0.0,0.0,-0.0007155932625559358
2024-07-31 23:00:00,22,0.0,0.0,0.0
2024-07-31 23:30:00,22,0.0,0.0,0.0
2024-08-01 00:00:00,22,0.0,0.0,0.0
2024-08-01 00:30:00,22,0.0,0.0,0.0
2024-08-01 09:00:00,22,0.0,0.2727272727272727,0.001941026299963844
2024-08-01 09:30:00,22,0.13636363636363635,0.0,-0.00313391382941669
2024-08-01 10:00:00,22,0.09090909090909091,0.0,-0.0025126804935678426
2024-08-01 10:30:00,22,0.13636363636363635,0.0,-0.0017499560024179517
2024-08-01 11:00:00,22,0.045454545454545456,0.0,0.00017247326664371343
2024-08-01 13:30:00,22,0.0,0.045454545454545456,0.001989433601983004
2024-08-01 14:00:00,22,0.0,0.0,-0.0020835523282297097
2024-08-01 14:30:00,22,0.0,0.0,0.0005847533480822786
2024-08-01 21:00:00,22,0.09090909090909091,0.09090909090909091,0.0
2024-08-01 21:30:00,22,0.0,0.0,0.0
2024-08-01 22:00:00,22,0.09090909090909091,0.0,-0.003429137108517777
2024-08-01 22:30:00,22,0.0,0.0,-0.0008447302345803709
2024-08-01 23:00:00,22,0.0,0.0,0.0
2024-08-01 23:30:00,22,0.0,0.0,0.0
2024-08-02 00:00:00,22,0.0,0.0,0.0
2024-08-02 00:30:00,22,0.0,0.0,0.0
2024-08-02 09:00:00,22,0.09090909090909091,0.0,-0.0025110438700617355
2024-08-02 09:30:00,22,0.0,0.09090909090909091,0.0025111700876810916
2024-08-02 10:00:00,22,0.0,0.0,0.0005350221293551893
2024-08-02 10:30:00,22,0.0,0.0,0.0
2024-08-02 11:00:00,22,0.0,0.18181818181818182,0.002724357896388918
2024-08-02 13:30:00,22,0.0,0.09090909090909091,0.0004846651469606611
2024-08-02 14:00:00,22,0.0,0.045454545454545456,0.0014540902759476726
2024-08-02 14:30:00,22,0.0,0.09090909090909091,-8.115565654925883e-05
2024-08-02 21:00:00,22,0.22727272727272727,0.0,-0.0020498845761168782
2024-08-02 21:30:00,22,0.045454545454545456,0.0,-0.0015292872900198318
2024-08-02 22:00:00,22,0.045454545454545456,0.0,-0.0007714974032562161
2024-08-02 22:30:00,22,0.18181818181818182,0.0,-0.0027034864479685283
2024-08-02 23:00:00,22,0.0,0.0,0.0
2024-08-02 23:30:00,22,0.0,0.0,0.0
2024-08-03 00:00:00,22,0.0,0.0,0.0
2024-08-03 00:30:00,22,0.0,0.0,0.0
2024-08-05 09:00:00,22,0.22727272727272727,0.13636363636363635,-0.002552438222794884
2024-08-05 09:30:00,22,0.0,0.09090909090909091,0.001323533516142228
2024-08-05 10:00:00,22,0.13636363636363635,0.0,-0.002838395939225802
2024-08-05 10:30:00,22,0.0,0.22727272727272727,0.003789035103210603
2024-08-05 11:00:00,22,0.0,0.18181818181818182,0.004459314457895158
2024-08-05 13:30:00,22,0.5454545454545454,0.0,-0.006950769149057512
2024-08-05 14:00:00,22,0.09090909090909091,0.0,-0.0010510496688284077
2024-08-05 14:30:00,22,0.045454545454545456,0.0,-0.001096607573649433
2024-08-05 21:00:00,22,0.36363636363636365,0.045454545454545456,-0.003958071349725478
2024-08-05 21:30:00,22,0.045454545454545456,0.0,0.002360622584968275
2024-08-05 22:00:00,22,0.0,0.0,0.0
2024-08-05 22:30:00,22,0.0,0.0,0.00044412190032638854
2024-08-05 23:00:00,22,0.0,0.0,0.0
2024-08-05 23:30:00,22,0.0,0.0,0.0
2024-08-06 00:00:00,22,0.0,0.0,0.0
2024-08-06 00:30:00,22,0.0,0.0,0.0
2024-08-06 09:00:00,22,0.045454545454545456,0.045454545454545456,0.0016020760871707784
2024-08-06 09:30:00,22,0.0,0.045454545454545456,-0.0002004185840377426
2024-08-06 10:00:00,22,0.045454545454545456,0.0,-0.003183258045433235
2024-08-06 10:30:00,22,0.0,0.0,-0.0014816148448202893
2024-08-06 11:00:00,22,0.0,0.0,-0.0015955104633561534
2024-08-06 13:30:00,22,0.09090909090909091,0.0,-0.0025544779743710833
2024-08-06 14:00:00,22,0.0,0.09090909090909091,0.0034415863472165853
2024-08-06 14:30:00,22,0.09090909090909091,0.0,-0.003706884421390666
2024-08-06 21:00:00,22,0.09090909090909091,0.045454545454545456,-0.0005294315455951493
2024-08-06 21:30:00,22,0.0,0.045454545454545456,0.0009091984448572621
2024-08-06 22:00:00,22,0.045454545454545456,0.0,0.000884260394946601
2024-08-06 22:30:00,22,0.0,0.0,0.000263991552270304
2024-08-06 23:00:00,22,0.0,0.0,0.0
2024-08-06 23:30:00,22,0.0,0.0,0.0
2024-08-07 00:00:00,22,0.0,0.0,0.0
2024-08-07 00:30:00,22,0.0,0.0,0.0
2024-08-07 09:00:00,22,0.13636363636363635,0.045454545454545456,-0.001762186960108325
2024-08-07 09:30:00,22,0.0,0.09090909090909091,0.003722221074451304
2024-08-07 10:00:00,22,0.0,0.0,-0.0015086092787777727
2024-08-07 10:30:00,22,0.0,0.045454545454545456,-0.000586367026759238
2024-08-07 11:00:00,22,0.045454545454545456,0.0,-0.0027273624749722947
2024-08-07 13:30:00,22,0.0,0.0,-0.00071723231498666
2024-08-07 14:00:00,22,0.0,0.0,0.0002912072306447966
2024-08-07 14:30:00,22,0.0,0.0,-0.0014259812352601098
2024-08-07 21:00:00,22,0.0,0.0,0.00032069071031493035
2024-08-07 21:30:00,22,0.0,0.0,0.00016526194017518758
2024-08-07 22:00:00,22,0.045454545454545456,0.0,-0.00033489618218351946
2024-08-07 22:30:00,22,0.0,0.045454545454545456,0.0012990356981584794
2024-08-07 23:00:00,22,0.0,0.0,0.0
2024-08-07 23:30:00,22,0.0,0.0,0.0
2024-08-08 00:00:00,22,0.0,0.0,0.0
2024-08-08 00:30:00,22,0.0,0.0,0.0
2024-08-08 09:00:00,22,0.18181818181818182,0.0,-0.001270568747426648
2024-08-08 09:30:00,22,0.13636363636363635,0.0,-0.001543982149075418
2024-08-08 10:00:00,22,0.0,0.0,0.0
2024-08-08 10:30:00,22,0.045454545454545456,0.0,0.0015094873818519705
2024-08-08 11:00:00,22,0.045454545454545456,0.0,0.00014108352144470704
2024-08-08 13:30:00,22,0.18181818181818182,0.0,-0.0021574126782527014
2024-08-08 14:00:00,22,0.13636363636363635,0.0,-0.0017767231278912332
2024-08-08 14:30:00,22,0.045454545454545456,0.0,-0.0008673813402590991
2024-08-08 21:00:00,22,0.09090909090909091,0.36363636363636365,0.0033600433274031394
2024-08-08 21:30:00,22,0.0,0.0,0.0004457298257094511
2024-08-08 22:00:00,22,0.0,0.045454545454545456,0.0010640465649783826
2024-08-08 22:30:00,22,0.13636363636363635,0.0,-0.002598908407873468
2024-08-08 23:00:00,22,0.0,0.0,0.0
2024-08-08 23:30:00,22,0.0,0.045454545454545456,0.0
2024-08-09 00:00:00,22,0.0,0.0,0.0
2024-08-09 00:30:00,22,0.0,0.0,0.0
2024-08-09 09:00:00,22,0.0,0.3181818181818182,0.005608834957448461
2024-08-09 09:30:00,22,0.0,0.045454545454545456,0.002115654049784199
2024-08-09 10:00:00,22,0.0,0.0,-0.000652157749949589
2024-08-09 10:30:00,22,0.0,0.2727272727272727,0.00315588962563218
2024-08-09 11:00:00,22,0.045454545454545456,0.0,-0.00013034410844631195
2024-08-09 13:30:00,22,0.18181818181818182,0.0,-0.0031140176507175044
2024-08-09 14:00:00,22,0.09090909090909091,0.0,-0.0020228435493857555
2024-08-09 14:30:00,22,0.0,0.045454545454545456,0.0013544088835535373
2024-08-09 21:00:00,22,0.045454545454545456,0.13636363636363635,0.0
2024-08-09 21:30:00,22,0.0,0.0,-0.002432902453777974
2024-08-09 22:00:00,22,0.0,0.0,0.00013031013812869752
2024-08-09 22:30:00,22,0.18181818181818182,0.0,-0.0019485117707767063
2024-08-09 23:00:00,22,0.0,0.0,0.0
2024-08-09 23:30:00,22,0.0,0.0,0.0
2024-08-10 00:00:00,22,0.0,0.0,0.0
2024-08-10 00:30:00,22,0.0,0.0,0.0
2024-08-12 09:00:00,22,0.09090909090909091,0.045454545454545456,-1.755111347861993e-05
2024-08-12 09:30:00,22,0.22727272727272727,0.045454545454545456,-0.0029697738783375782
2024-08-12 10:00:00,22,0.0,0.0,-0.0005933185833821852
2024-08-12 10:30:00,22,0.0,0.09090909090909091,0.0009867596968221592
2024-08-12 11:00:00,22,0.0,0.0,-0.00010919414719373632
2024-08-12 13:30:00,22,0.045454545454545456,0.045454545454545456,0.0005905606863846335
2024-08-12 14:00:00,22,0.0,0.0,-0.0005154610593375297
2024-08-12 14:30:00,22,0.0,0.045454545454545456,0.001464827451295947
2024-08-12 21:00:00,22,0.045454545454545456,0.045454545454545456,-0.002533017853147246
2024-08-12 21:30:00,22,0.0,0.09090909090909091,0.0006960532610736925
2024-08-12 22:00:00,22,0.045454545454545456,0.0,-0.001174083693887218
2024-08-12 22:30:00,22,0.0,0.0,0.0028760058191519278
2024-08-12 23:00:00,22,0.0,0.0,0.0
2024-08-12 23:30:00,22,0.0,0.0,0.0
2024-08-13 00:00:00,22,0.0,0.0,0.0
2024-08-13 00:30:00,22,0.0,0.0,0.0
2024-08-13 09:00:00,22,0.09090909090909091,0.045454545454545456,0.0020232649657901947
2024-08-13 09:30:00,22,0.13636363636363635,0.09090909090909091,-0.002198896451791943
2024-08-13 10:00:00,22,0.0,0.0,-0.0022742378109205097
2024-08-13 10:30:00,22,0.0,0.0,-0.001166852471200297
2024-08-13 11:00:00,22,0.09090909090909091,0.0,-0.002002152018178216
2024-08-13 13:30:00,22,0.13636363636363635,0.0,-0.0030891853948595838
2024-08-13 14:00:00,22,0.0,0.045454545454545456,0.0016487379625382825
2024-08-13 14:30:00,22,0.0,0.0,0.0012399955437527588
2024-08-13 21:00:00,22,0.22727272727272727,0.09090909090909091,-0.003077746840865314
2024-08-13 21:30:00,22,0.045454545454545456,0.0,-8.312551953448821e-05
2024-08-13 22:00:00,22,0.0,0.0,0.0003011942913837551
2024-08-13 22:30:00,22,0.09090909090909091,0.0,-0.0013897085358863803
2024-08-13 23:00:00,22,0.0,0.0,0.0
2024-08-13 23:30:00,22,0.0,0.0,0.0
2024-08-14 00:00:00,22,0.0,0.0,0.0
2024-08-14 00:30:00,22,0.0,0.0,0.0
2024-08-14 09:00:00,22,0.18181818181818182,0.09090909090909091,0.0007263242802462155
2024-08-14 09:30:00,22,0.0,0.0,-0.0017501180156209717
2024-08-14 10:00:00,22,0.045454545454545456,0.0,-0.0023050173869846313
2024-08-14 10:30:00,22,0.09090909090909091,0.0,-0.0019566788289153147
2024-08-14 11:00:00,22,0.045454545454545456,0.0,-0.0007566005231658957
2024-08-14 13:30:00,22,0.09090909090909091,0.09090909090909091,-8.874066029890271e-05
2024-08-14 14:00:00,22,0.09090909090909091,0.045454545454545456,-0.0014891998327503653
2024-08-14 14:30:00,22,0.0,0.045454545454545456,0.0
2024-08-14 21:00:00,22,0.0,0.18181818181818182,0.0005905671022130576
2024-08-14 21:30:00,22,0.0,0.045454545454545456,0.001046600712044321
2024-08-14 22:00:00,22,0.045454545454545456,0.0,-0.00027197128060185705
2024-08-14 22:30:00,22,0.09090909090909091,0.0,-0.0014484343993346194
2024-08-14 23:00:00,22,0.0,0.0,0.0
2024-08-14 23:30:00,22,0.0,0.0,0.0
2024-08-15 00:00:00,22,0.0,0.0,0.0
2024-08-15 00:30:00,22,0.0,0.0,0.0
2024-08-15 09:00:00,22,0.3181818181818182,0.0,-0.0020318768736272697
2024-08-15 09:30:00,22,0.0,0.13636363636363635,0.0026552424572926503
2024-08-15 10:00:00,22,0.0,0.045454545454545456,0.0017747940208259205
2024-08-15 10:30:00,22,0.0,0.045454545454545456,0.001207932441174453
2024-08-15 11:00:00,22,0.09090909090909091,0.0,-0.003043742578062225
2024-08-15 13:30:00,22,0.045454545454545456,0.09090909090909091,-0.0007369830027715296
2024-08-15 14:00:00,22,0.0,0.18181818181818182,0.00240211380232469
2024-08-15 14:30:00,22,0.0,0.045454545454545456,0.0016985522121903962
2024-08-15 21:00:00,22,0.09090909090909091,0.18181818181818182,0.0032931214273230758
2024-08-15 21:30:00,22,0.0,0.045454545454545456,0.0
2024-08-15 22:00:00,22,0.0,0.0,0.0011410428579604615
2024-08-15 22:30:00,22,0.0,0.045454545454545456,0.00171894181096377
2024-08-15 23:00:00,22,0.0,0.0,0.0
2024-08-15 23:30:00,22,0.0,0.0,0.0
2024-08-16 00:00:00,22,0.0,0.0,0.0
2024-08-16 00:30:00,22,0.0,0.0,0.0
2024-08-16 09:00:00,22,0.045454545454545456,0.09090909090909091,-0.001756470274480948
2024-08-16 09:30:00,22,0.0,0.0,0.0008518704214691697
2024-08-16 10:00:00,22,0.0,0.0,-0.0013941737125586773
2024-08-16 10:30:00,22,0.09090909090909091,0.0,-0.0006734951743131989
2024-08-16 11:00:00,22,0.0,0.0,-0.0020103785212827185
2024-08-16 13:30:00,22,0.0,0.0,-0.00045836382327885117
2024-08-16 14:00:00,22,0.045454545454545456,0.0,-0.0006248973818123726
2024-08-16 14:30:00,22,0.0,0.0,-0.0010340505396697064
2024-08-16 21:00:00,22,0.3181818181818182,0.045454545454545456,-0.0034516255035271226
2024-08-16 21:30:00,22,0.0,0.0,0.0019136581173807565
2024-08-16 22:00:00,22,0.0,0.22727272727272727,0.0003244700613121987
2024-08-16 22:30:00,22,0.045454545454545456,0.045454545454545456,-0.0004857644800401739
2024-08-16 23:00:00,22,0.0,0.0,0.0
2024-08-16 23:30:00,22,0.0,0.0,0.0
2024-08-17 00:00:00,22,0.0,0.0,0.0
2024-08-17 00:30:00,22,0.0,0.0,0.0
2024-08-19 09:00:00,22,0.09090909090909091,0.13636363636363635,0.0006420545746388395
2024-08-19 09:30:00,22,0.0,0.2727272727272727,0.0030923695692726128
2024-08-19 10:00:00,22,0.0,0.0,-0.0018043475261114716
2024-08-19 10:30:00,22,0.045454545454545456,0.0,-0.001107226300572861
2024-08-19 11:00:00,22,0.0,0.045454545454545456,0.0
2024-08-19 13:30:00,22,0.045454545454545456,0.0,-0.00149737437655173
2024-08-19 14:00:00,22,0.0,0.09090909090909091,0.002728979529163844
2024-08-19 14:30:00,22,0.0,0.0,0.0004009072140344072
2024-08-19 21:00:00,22,0.0,0.09090909090909091,0.0005859488242924149
2024-08-19 21:30:00,22,0.0,0.0,0.0
2024-08-19 22:00:00,22,0.0,0.0,-0.0005798449596878807
2024-08-19 22:30:00,22,0.0,0.0,0.0
2024-08-19 23:00:00,22,0.0,0.0,0.0
2024-08-19 23:30:00,22,0.0,0.0,0.0
2024-08-20 00:00:00,22,0.0,0.0,0.0
2024-08-20 00:30:00,22,0.0,0.0,0.0
2024-08-20 09:00:00,22,0.0,0.0,-0.0009152596191986384
2024-08-20 09:30:00,22,0.09090909090909091,0.0,-0.0012469684543093273
2024-08-20 10:00:00,22,0.0,0.0,0.0008892373092617145
2024-08-20 10:30:00,22,0.0,0.0,0.0008641908673920895
2024-08-20 11:00:00,22,0.0,0.0,-0.0008136305508900654
2024-08-20 13:30:00,22,0.0,0.0,0.00038789759503488064
2024-08-20 14:00:00,22,0.0,0.045454545454545456,0.0008318833751445043
2024-08-20 14:30:00,22,0.0,0.18181818181818182,0.0025383563462200165
2024-08-20 21:00:00,22,0.045454545454545456,0.45454545454545453,0.004568840982461797
2024-08-20 21:30:00,22,0.0,0.0,0.0006355783273341853
2024-08-20 22:00:00,22,0.0,0.0,0.0
2024-08-20 22:30:00,22,0.0,0.0,-0.0008489456815618523
2024-08-20 23:00:00,22,0.0,0.0,0.0
2024-08-20 23:30:00,22,0.0,0.0,0.0
2024-08-21 00:00:00,22,0.0,0.0,0.0
2024-08-21 00:30:00,22,0.0,0.0,0.0
2024-08-21 09:00:00,22,0.18181818181818182,0.0,-0.0032189518981830534
2024-08-21 09:30:00,22,0.0,0.0,0.0006867670617424215
2024-08-21 10:00:00,22,0.0,0.0,0.0012488829067973661
2024-08-21 10:30:00,22,0.0,0.045454545454545456,0.00030978934324654706
2024-08-21 11:00:00,22,0.0,0.18181818181818182,0.002786558625703317
2024-08-21 13:30:00,22,0.0,0.13636363636363635,0.0025489661263508046
2024-08-21 14:00:00,22,0.0,0.045454545454545456,0.0006503885865986048
2024-08-21 14:30:00,22,0.0,0.22727272727272727,0.001879061313774688
2024-08-21 21:00:00,22,0.045454545454545456,0.09090909090909091,0.0
2024-08-21 21:30:00,22,0.0,0.0,-0.0001984126984126977
2024-08-21 22:00:00,22,0.0,0.0,0.0
2024-08-21 22:30:00,22,0.0,0.0,-0.0010347345215096504
2024-08-21 23:00:00,22,0.0,0.0,0.0
2024-08-21 23:30:00,22,0.0,0.0,0.0
2024-08-22 00:00:00,22,0.0,0.0,0.0
2024-08-22 00:30:00,22,0.0,0.0,0.0
2024-08-22 09:00:00,22,0.09090909090909091,0.13636363636363635,-0.0012867893614957882
2024-08-22 09:30:00,22,0.13636363636363635,0.0,-0.0025699474399992206
2024-08-22 10:00:00,22,0.09090909090909091,0.0,0.0008322165097237599
2024-08-22 10:30:00,22,0.0,0.22727272727272727,0.0030148127953470993
2024-08-22 11:00:00,22,0.0,0.045454545454545456,-0.0003337000094749687
2024-08-22 13:30:00,22,0.22727272727272727,0.045454545454545456,-0.0015614941982505792
2024-08-22 14:00:00,22,0.045454545454545456,0.0,-0.001292795422954074
2024-08-22 14:30:00,22,0.09090909090909091,0.09090909090909091,-0.0022138726661808383
2024-08-22 21:00:00,22,0.045454545454545456,0.045454545454545456,0.0
2024-08-22 21:30:00,22,0.0,0.0,0.0
2024-08-22 22:00:00,22,0.045454545454545456,0.0,-0.0023894972216914057
2024-08-22 22:30:00,22,0.0,0.045454545454545456,0.0007028788346282733
2024-08-22 23:00:00,22,0.0,0.0,0.0
2024-08-22 23:30:00,22,0.0,0.0,0.0
2024-08-23 00:00:00,22,0.0,0.0,0.0
2024-08-23 00:30:00,22,0.0,0.0,0.0
2024-08-23 09:00:00,22,0.09090909090909091,0.045454545454545456,0.0009732333776859559
2024-08-23 09:30:00,22,0.0,0.0,-0.0014776462296437476
2024-08-23 10:00:00,22,0.0,0.0,0.0002884040493424944
2024-08-23 10:30:00,22,0.045454545454545456,0.0,-0.00040690977988089294
2024-08-23 11:00:00,22,0.0,0.09090909090909091,0.003115966279057858
2024-08-23 13:30:00,22,0.0,0.0,-0.0001278118609406853
2024-08-23 14:00:00,22,0.045454545454545456,0.0,-0.0007806742108823483
2024-08-23 14:30:00,22,0.13636363636363635,0.0,-0.0022781692303025514
2024-08-23 21:00:00,22,0.09090909090909091,0.22727272727272727,0.0
2024-08-23 21:30:00,22,0.0,0.045454545454545456,0.0
2024-08-23 22:00:00,22,0.0,0.4090909090909091,0.004972433178252134
2024-08-23 22:30:00,22,0.045454545454545456,0.0,-0.0001851166234728141
2024-08-23 23:00:00,22,0.0,0.0,0.0
2024-08-23 23:30:00,22,0.0,0.0,0.0
2024-08-24 00:00:00,22,0.0,0.0,0.0
2024-08-24 00:30:00,22,0.0,0.0,0.0
2024-08-26 09:00:00,22,0.045454545454545456,0.18181818181818182,0.0029178878539025677
2024-08-26 09:30:00,22,0.0,0.0,0.0001816860465115866
2024-08-26 10:00:00,22,0.0,0.0,0.0
2024-08-26 10:30:00,22,0.09090909090909091,0.0,-0.0008536738378749908
2024-08-26 11:00:00,22,0.0,0.09090909090909091,0.001320040640519382
2024-08-26 13:30:00,22,0.0,0.13636363636363635,0.002916267845922138
2024-08-26 14:00:00,22,0.0,0.045454545454545456,0.0013671986203366293
2024-08-26 14:30:00,22,0.0,0.045454545454545456,0.0014077781080514828
2024-08-26 21:00:00,22,0.0,0.09090909090909091,-0.00033311125916057893
2024-08-26 21:30:00,22,0.0,0.0,-0.0003672477756985204
2024-08-26 22:00:00,22,0.0,0.045454545454545456,0.00027973052070018323
2024-08-26 22:30:00,22,0.0,0.0,0.0
2024-08-26 23:00:00,22,0.045454545454545456,0.0,0.0
2024-08-26 23:30:00,22,0.0,0.0,0.0
2024-08-27 00:00:00,22,0.0,0.0,0.0
2024-08-27 00:30:00,22,0.0,0.045454545454545456,0.0
2024-08-27 09:00:00,22,0.18181818181818182,0.09090909090909091,-0.0012146675379114402
2024-08-27 09:30:00,22,0.0,0.0,0.0011357273934607948
2024-08-27 10:00:00,22,0.0,0.0,-0.0009361972124444784
2024-08-27 10:30:00,22,0.0,0.0,0.0003511255836808891
2024-08-27 11:00:00,22,0.0,0.045454545454545456,0.0011572971803870402
2024-08-27 13:30:00,22,0.0,0.36363636363636365,0.005121983463790558
2024-08-27 14:00:00,22,0.09090909090909091,0.0,-0.002462876195189867
2024-08-27 14:30:00,22,0.0,0.0,0.0010657522435216782
2024-08-27 21:00:00,22,0.045454545454545456,0.18181818181818182,0.0021614612619400564
2024-08-27 21:30:00,22,0.0,0.0,-0.0002495972429363835
2024-08-27 22:00:00,22,0.0,0.0,0.0010480459285662214
2024-08-27 22:30:00,22,0.0,0.0,0.0004034678369292388
2024-08-27 23:00:00,22,0.0,0.0,0.0
2024-08-27 23:30:00,22,0.0,0.0,0.0
2024-08-28 00:00:00,22,0.0,0.0,0.0
2024-08-28 00:30:00,22,0.0,0.0,0.0
2024-08-28 09:00:00,22,0.0,0.045454545454545456,-0.001191753634611159
2024-08-28 09:30:00,22,0.0,0.045454545454545456,-0.000556154196411196
2024-08-28 10:00:00,22,0.0,0.0,-0.002223204049261407
2024-08-28 10:30:00,22,0.045454545454545456,0.045454545454545456,-0.0005205945750875185
2024-08-28 11:00:00,22,0.0,0.0,0.0013688845310908526
2024-08-28 13:30:00,22,0.09090909090909091,0.0,-0.0011731641509887814
2024-08-28 14:00:00,22,0.0,0.045454545454545456,0.0008743971617096724
2024-08-28 14:30:00,22,0.0,0.0,-0.0017810670839781828
2024-08-28 21:00:00,22,0.13636363636363635,0.045454545454545456,-0.0020502509765085164
2024-08-28 21:30:00,22,0.0,0.045454545454545456,0.0007759776566557131
2024-08-28 22:00:00,22,0.0,0.045454545454545456,0.0
2024-08-28 22:30:00,22,0.0,0.045454545454545456,0.0
2024-08-28 23:00:00,22,0.0,0.0,0.0
2024-08-28 23:30:00,22,0.0,0.0,0.0
2024-08-29 00:00:00,22,0.0,0.0,0.0
2024-08-29 00:30:00,22,0.0,0.0,0.0
2024-08-29 09:00:00,22,0.5,0.0,-0.006086917987579432
2024-08-29 09:30:00,22,0.0,0.36363636363636365,0.0031089298764339635
2024-08-29 10:00:00,22,0.0,0.0,0.00028517149203266534
2024-08-29 10:30:00,22,0.0,0.0,0.0019378507939339373
2024-08-29 11:00:00,22,0.0,0.0,0.000820531330584906
2024-08-29 13:30:00,22,0.0,0.09090909090909091,0.0011414412060275492
2024-08-29 14:00:00,22,0.0,0.045454545454545456,0.0004029362916309065
2024-08-29 14:30:00,22,0.045454545454545456,0.0,-0.002708082457674177
2024-08-29 21:00:00,22,0.18181818181818182,0.045454545454545456,-0.0013939829500396739
2024-08-29 21:30:00,22,0.0,0.0,0.0012443933391674822
2024-08-29 22:00:00,22,0.045454545454545456,0.0,-0.001718473092565509
2024-08-29 22:30:00,22,0.0,0.0,0.0012871663911545594
2024-08-29 23:00:00,22,0.0,0.0,0.0
2024-08-29 23:30:00,22,0.0,0.0,0.0
2024-08-30 00:00:00,22,0.0,0.0,0.0
2024-08-30 00:30:00,22,0.0,0.0,0.0
2024-08-30 09:00:00,22,0.0,0.18181818181818182,0.0018397530028047004
2024-08-30 09:30:00,22,0.045454545454545456,0.0,-0.0006814365664476463
2024-08-30 10:00:00,22,0.0,0.0,0.0007950460308689955
2024-08-30 10:30:00,22,0.0,0.045454545454545456,0.001876791612873907
2024-08-30 11:00:00,22,0.0,0.0,0.0017748382904123616
2024-08-30 13:30:00,22,0.0,0.045454545454545456,0.0003968487945904542
2024-08-30 14:00:00,22,0.13636363636363635,0.0,-0.00262771408641288
2024-08-30 14:30:00,22,0.0,0.0,-0.00012518778167253108
2024-08-30 21:00:00,22,0.22727272727272727,0.045454545454545456,-0.0023654718474953595
2024-08-30 21:30:00,22,0.22727272727272727,0.0,-0.0007724865424287852
2024-08-30 22:00:00,22,0.045454545454545456,0.045454545454545456,-0.0019572035448227054
2024-08-30 22:30:00,22,0.045454545454545456,0.0,-0.0017051639219815007
2024-08-30 23:00:00,22,0.0,0.0,0.0
2024-08-30 23:30:00,22,0.0,0.0,0.0
2024-08-31 00:00:00,22,0.0,0.0,0.0
2024-08-31 00:30:00,22,0.0,0.0,0.0
2024-09-02 09:00:00,22,0.45454545454545453,0.045454545454545456,-0.004944132978352889
2024-09-02 09:30:00,22,0.13636363636363635,0.0,-0.0021215427044853907
2024-09-02 10:00:00,22,0.0,0.0,-0.0007972016698074569
2024-09-02 10:30:00,22,0.13636363636363635,0.0,-0.002790327067760112
2024-09-02 11:00:00,22,0.045454545454545456,0.0,0.0001770538243626163
2024-09-02 13:30:00,22,0.045454545454545456,0.0,-0.0019537937917983306
2024-09-02 14:00:00,22,0.045454545454545456,0.0,-0.0007858844695127765
2024-09-02 14:30:00,22,0.0,0.0,-0.0028030531958948
2024-09-02 21:00:00,22,0.045454545454545456,0.045454545454545456,0.000992459719643235
2024-09-02 21:30:00,22,0.0,0.045454545454545456,0.0
2024-09-02 22:00:00,22,0.0,0.045454545454545456,-0.00016501650165018367
2024-09-02 22:30:00,22,0.045454545454545456,0.0,0.0
2024-09-02 23:00:00,22,0.0,0.0,0.0
2024-09-02 23:30:00,22,0.0,0.0,0.0
2024-09-03 00:00:00,22,0.0,0.0,0.0
2024-09-03 00:30:00,22,0.0,0.0,0.0
2024-09-03 09:00:00,22,0.18181818181818182,0.0,-0.0033415570884412493
2024-09-03 09:30:00,22,0.0,0.045454545454545456,0.002141983064700592
2024-09-03 10:00:00,22,0.0,0.045454545454545456,0.0019958215767870158
2024-09-03 10:30:00,22,0.3181818181818182,0.0,-0.00422982752230483
2024-09-03 11:00:00,22,0.09090909090909091,0.13636363636363635,0.0020908467573175216
2024-09-03 13:30:00,22,0.045454545454545456,0.0,-0.0012419584453483012
2024-09-03 14:00:00,22,0.045454545454545456,0.0,-0.0017205343373231097
2024-09-03 14:30:00,22,0.045454545454545456,0.0,0.0004937501895030394
2024-09-03 21:00:00,22,0.3181818181818182,0.045454545454545456,-0.0010104830503936402
2024-09-03 21:30:00,22,0.2727272727272727,0.0,-0.0028793402441347205
2024-09-03 22:00:00,22,0.09090909090909091,0.0,-0.0014225844963726142
2024-09-03 22:30:00,22,0.0,0.22727272727272727,0.003004778756800941
2024-09-03 23:00:00,22,0.0,0.0,0.0
2024-09-03 23:30:00,22,0.0,0.0,0.0
2024-09-04 00:00:00,22,0.0,0.0,0.0
2024-09-04 00:30:00,22,0.0,0.0,0.0
2024-09-04 09:00:00,22,0.18181818181818182,0.045454545454545456,-0.0027176164515220202
2024-09-04 09:30:00,22,0.0,0.0,0.0024261128641466234
2024-09-04 10:00:00,22,0.045454545454545456,0.0,-0.0021238871666731662
2024-09-04 10:30:00,22,0.09090909090909091,0.13636363636363635,0.0035874629736392105
2024-09-04 11:00:00,22,0.13636363636363635,0.0,-0.0017088028814149503
2024-09-04 13:30:00,22,0.3181818181818182,0.0,-0.004775500000712973
2024-09-04 14:00:00,22,0.0,0.0,0.0001605136436597654
2024-09-04 14:30:00,22,0.09090909090909091,0.0,-0.0019757465784812633
2024-09-04 21:00:00,22,0.0,0.09090909090909091,0.003263283131161754
2024-09-04 21:30:00,22,0.0,0.0,0.0
2024-09-04 22:00:00,22,0.0,0.0,0.0002702702702702675
2024-09-04 22:30:00,22,0.0,0.0,0.0003202090337692809
2024-09-04 23:00:00,22,0.0,0.0,0.0
2024-09-04 23:30:00,22,0.0,0.0,0.0
2024-09-05 00:00:00,22,0.0,0.0,0.0
2024-09-05 00:30:00,22,0.0,0.0,0.0
2024-09-05 09:00:00,22,0.22727272727272727,0.0,-0.0036466560040266383
2024-09-05 09:30:00,22,0.13636363636363635,0.13636363636363635,-0.0007311467446746156
2024-09-05 10:00:00,22,0.0,0.0,0.0002085360767413169
2024-09-05 10:30:00,22,0.0,0.09090909090909091,0.0034730231962065705
2024-09-05 11:00:00,22,0.13636363636363635,0.0,-0.00446234264843437
2024-09-05 13:30:00,22,0.045454545454545456,0.0,-0.002232546177671768
2024-09-05 14:00:00,22,0.0,0.0,-0.00037821229284140667
2024-09-05 14:30:00,22,0.09090909090909091,0.0,-0.0016276432289913934
2024-09-05 21:00:00,22,0.0,0.3181818181818182,0.006083029799439643
2024-09-05 21:30:00,22,0.0,0.0,8.911067545891438e-05
2024-09-05 22:00:00,22,0.0,0.09090909090909091,0.002898845761112656
2024-09-05 22:30:00,22,0.0,0.0,-0.0011859773005468144
2024-09-05 23:00:00,22,0.0,0.0,0.0
2024-09-05 23:30:00,22,0.0,0.0,0.0
2024-09-06 00:00:00,22,0.0,0.0,0.0
2024-09-06 00:30:00,22,0.0,0.0,0.0
2024-09-06 09:00:00,22,0.3181818181818182,0.045454545454545456,-0.00588361385253805
2024-09-06 09:30:00,22,0.0,0.0,0.0012698716858137171
2024-09-06 10:00:00,22,0.0,0.0,-0.0019883077863894205
2024-09-06 10:30:00,22,0.0,0.0,0.00017815784785324418
2024-09-06 11:00:00,22,0.0,0.0,-0.002842978865928214
2024-09-06 13:30:00,22,0.0,0.045454545454545456,0.0033746517275398125
2024-09-06 14:00:00,22,0.0,0.045454545454545456,-0.00016414970453054734
2024-09-06 14:30:00,22,0.0,0.09090909090909091,0.003181140475537081
2024-09-06 21:00:00,22,0.18181818181818182,0.045454545454545456,-0.002948476168624037
2024-09-06 21:30:00,22,0.0,0.0,0.0
2024-09-06 22:00:00,22,0.045454545454545456,0.0,-0.003378719095665894
2024-09-06 22:30:00,22,0.09090909090909091,0.0,-0.002667025516220667
2024-09-06 23:00:00,22,0.0,0.0,0.0
2024-09-06 23:30:00,22,0.0,0.0,0.0
2024-09-07 00:00:00,22,0.0,0.0,0.0
2024-09-07 00:30:00,22,0.0,0.0,0.0
2024-09-09 09:00:00,22,0.09090909090909091,0.09090909090909091,0.001700367802237035
2024-09-09 09:30:00,22,0.045454545454545456,0.0,-0.001935750883150067
2024-09-09 10:00:00,22,0.0,0.0,0.0028066150495227316
2024-09-09 10:30:00,22,0.09090909090909091,0.0,-0.002935600620440071
2024-09-09 11:00:00,22,0.0,0.0,0.0
2024-09-09 13:30:00,22,0.045454545454545456,0.045454545454545456,0.00020018715137093412
2024-09-09 14:00:00,22,0.0,0.0,0.0018154553822178343
2024-09-09 14:30:00,22,0.0,0.36363636363636365,0.008546164157846259
2024-09-09 21:00:00,22,0.045454545454545456,0.0,-0.0008620776924426754
2024-09-09 21:30:00,22,0.0,0.0,0.0003984066528740504
2024-09-09 22:00:00,22,0.0,0.0,0.0009732936155453231
2024-09-09 22:30:00,22,0.0,0.0,-0.0008288957816462439
2024-09-09 23:00:00,22,0.0,0.0,0.0
2024-09-09 23:30:00,22,0.0,0.0,0.0
2024-09-10 00:00:00,22,0.0,0.0,0.0
2024-09-10 00:30:00,22,0.0,0.0,0.0
2024-09-10 09:00:00,22,0.0,0.13636363636363635,0.003305985123484234
2024-09-10 09:30:00,22,0.045454545454545456,0.0,-0.004075285300597364
2024-09-10 10:00:00,22,0.0,0.0,-0.0027304849137231857
2024-09-10 10:30:00,22,0.0,0.0,0.0005864892192476434
2024-09-10 11:00:00,22,0.0,0.0,-0.0003251198559589552
2024-09-10 13:30:00,22,0.0,0.0,0.00014792899408289095
2024-09-10 14:00:00,22,0.0,0.0,0.0012169798772422302
2024-09-10 14:30:00,22,0.09090909090909091,0.0,-0.005350494967108377
2024-09-10 21:00:00,22,0.18181818181818182,0.0,-0.0023922655704881057
2024-09-10 21:30:00,22,0.13636363636363635,0.0,-0.004914135194307612
2024-09-10 22:00:00,22,0.045454545454545456,0.0,0.0001616031027795728
2024-09-10 22:30:00,22,0.0,0.3181818181818182,0.006658211769292821
2024-09-10 23:00:00,22,0.0,0.0,0.0
2024-09-10 23:30:00,22,0.0,0.0,0.0
2024-09-11 00:00:00,22,0.0,0.0,0.0
2024-09-11 00:30:00,22,0.0,0.0,0.0
2024-09-11 09:00:00,22,0.0,0.09090909090909091,-0.000276991080879585
2024-09-11 09:30:00,22,0.0,0.13636363636363635,0.005887336768808038
2024-09-11 10:00:00,22,0.0,0.0,-0.0008313233743475479
2024-09-11 10:30:00,22,0.09090909090909091,0.09090909090909091,-0.0009001467894360071
2024-09-11 11:00:00,22,0.0,0.13636363636363635,0.004415739762629767
2024-09-11 13:30:00,22,0.0,0.13636363636363635,0.0021215426163343487
2024-09-11 14:00:00,22,0.0,0.045454545454545456,0.0018897990124966402
2024-09-11 14:30:00,22,0.0,0.09090909090909091,0.0033806110785227217
2024-09-11 21:00:00,22,0.045454545454545456,0.09090909090909091,0.0
2024-09-11 21:30:00,22,0.045454545454545456,0.0,-0.0015954920479834822
2024-09-11 22:00:00,22,0.045454545454545456,0.0,-0.0022696053809973527
2024-09-11 22:30:00,22,0.09090909090909091,0.0,-0.002138968465650315
2024-09-11 23:00:00,22,0.0,0.0,0.0
2024-09-11 23:30:00,22,0.0,0.0,0.0
2024-09-12 00:00:00,22,0.0,0.0,0.0
2024-09-12 00:30:00,22,0.0,0.0,0.0
2024-09-12 09:00:00,22,0.0,0.22727272727272727,0.00447710320908612
2024-09-12 09:30:00,22,0.0,0.0,-0.0007772114067360336
2024-09-12 10:00:00,22,0.0,0.0,-0.002739792349312986
2024-09-12 10:30:00,22,0.09090909090909091,0.045454545454545456,0.0005568185409858817
2024-09-12 11:00:00,22,0.0,0.13636363636363635,0.0033118692294249463
2024-09-12 13:30:00,22,0.0,0.09090909090909091,0.0035445928299999707
2024-09-12 14:00:00,22,0.0,0.0,0.0021414847321767905
2024-09-12 14:30:00,22,0.0,0.0,-0.0013441325254482384
2024-09-12 21:00:00,22,0.0,0.045454545454545456,0.0015086906927743726
2024-09-12 21:30:00,22,0.0,0.0,-0.0023129714403625767
2024-09-12 22:00:00,22,0.0,0.09090909090909091,0.0
2024-09-12 22:30:00,22,0.0,0.0,0.0024892730455255974
2024-09-12 23:00:00,22,0.0,0.0,0.0
2024-09-12 23:30:00,22,0.0,0.0,0.0
2024-09-13 00:00:00,22,0.0,0.0,0.0
2024-09-13 00:30:00,22,0.0,0.0,0.0
2024-09-13 09:00:00,22,0.0,0.18181818181818182,0.003470064152972685
2024-09-13 09:30:00,22,0.0,0.0,-0.00039802456699961075
2024-09-13 10:00:00,22,0.0,0.0,0.0013570334493655523
2024-09-13 10:30:00,22,0.13636363636363635,0.0,-0.003517220536230381
2024-09-13 11:00:00,22,0.045454545454545456,0.0,-0.0013052452384877955
2024-09-13 13:30:00,22,0.0,0.0,-0.0007331203352136106
2024-09-13 14:00:00,22,0.0,0.0,0.00040638228869349646
2024-09-13 14:30:00,22,0.045454545454545456,0.0,-0.0003594207912348546
2024-09-18 09:00:00,22,0.22727272727272727,0.36363636363636365,-0.003352114047123267
2024-09-18 09:30:00,22,0.0,0.0,0.0017474525657734663
2024-09-18 10:00:00,22,0.0,0.0,-0.0011665095390233637
2024-09-18 10:30:00,22,0.0,0.0,-0.00029166378256739733
2024-09-18 11:00:00,22,0.09090909090909091,0.0,-0.002065975750186244
2024-09-18 13:30:00,22,0.0,0.0,0.0022577230392265557
2024-09-18 14:00:00,22,0.0,0.18181818181818182,0.001650841553173854
2024-09-18 14:30:00,22,0.045454545454545456,0.0,-0.00012813941568429188
2024-09-18 21:00:00,22,0.045454545454545456,0.13636363636363635,0.0011089292532591166
2024-09-18 21:30:00,22,0.0,0.0,-8.66851595007212e-05
2024-09-18 22:00:00,22,0.0,0.0,0.0009439938530219072
2024-09-18 22:30:00,22,0.0,0.0,0.0
2024-09-18 23:00:00,22,0.0,0.0,0.0
2024-09-18 23:30:00,22,0.0,0.0,0.0
2024-09-19 00:00:00,22,0.0,0.0,0.0
2024-09-19 00:30:00,22,0.0,0.0,0.0
2024-09-19 09:00:00,22,0.5,0.0,-0.00636989416222844
2024-09-19 09:30:00,22,0.0,0.13636363636363635,0.0028907015792979385
2024-09-19 10:00:00,22,0.0,0.36363636363636365,0.004136489840920299
2024-09-19 10:30:00,22,0.0,0.045454545454545456,0.0008345329458944173
2024-09-19 11:00:00,22,0.0,0.0,0.0014550871355790695
2024-09-19 13:30:00,22,0.0,0.045454545454545456,0.0009304744754877747
2024-09-19 14:00:00,22,0.0,0.045454545454545456,0.0015309529003249
2024-09-19 14:30:00,22,0.0,0.09090909090909091,0.0011307712645541868
2024-09-19 21:00:00,22,0.045454545454545456,0.045454545454545456,-0.0006461950179040832
2024-09-19 21:30:00,22,0.0,0.0,-0.0005589987532877427
2024-09-19 22:00:00,22,0.0,0.0,0.00019334880123744735
2024-09-19 22:30:00,22,0.0,0.0,0.00025940288156012237
2024-09-19 23:00:00,22,0.0,0.0,0.0
2024-09-19 23:30:00,22,0.0,0.0,0.0
2024-09-20 00:00:00,22,0.0,0.0,0.0
2024-09-20 00:30:00,22,0.0,0.0,0.0
2024-09-20 09:00:00,22,0.18181818181818182,0.0,-0.0037736623954305326
2024-09-20 09:30:00,22,0.09090909090909091,0.0,-0.0008647833497080204
2024-09-20 10:00:00,22,0.0,0.0,0.0035621119359380282
2024-09-20 10:30:00,22,0.0,0.0,-0.0007784655956474262
2024-09-20 11:00:00,22,0.0,0.0,-0.001088707266214406
2024-09-20 13:30:00,22,0.0,0.0,-0.0007717366564242711
2024-09-20 14:00:00,22,0.0,0.0,-0.0006843286841232699
2024-09-20 14:30:00,22,0.045454545454545456,0.045454545454545456,-0.0006258658082344826
2024-09-20 21:00:00,22,0.36363636363636365,0.0,-0.0039519660869346
2024-09-20 21:30:00,22,0.09090909090909091,0.0,-0.001855197851135748
2024-09-20 22:00:00,22,0.0,0.0,-0.0014143432887411822
2024-09-20 22:30:00,22,0.13636363636363635,0.0,-0.0025107604017216567
2024-09-20 23:00:00,22,0.0,0.0,0.0
2024-09-20 23:30:00,22,0.0,0.0,0.0
2024-09-21 00:00:00,22,0.0,0.0,0.0
2024-09-21 00:30:00,22,0.0,0.0,0.0
2024-09-23 09:00:00,22,0.045454545454545456,0.3181818181818182,0.0033613409589031695
2024-09-23 09:30:00,22,0.0,0.0,0.0024763020382385648
2024-09-23 10:00:00,22,0.045454545454545456,0.0,-0.0036718209099507737
2024-09-23 10:30:00,22,0.0,0.09090909090909091,0.0021412862835640256
2024-09-23 11:00:00,22,0.0,0.0,0.001416225916959335
2024-09-23 13:30:00,22,0.13636363636363635,0.0,-0.001365612521476156
2024-09-23 14:00:00,22,0.0,0.0,7.256395342247757e-05
2024-09-23 14:30:00,22,0.0,0.0,-0.0025240650228455785
2024-09-23 21:00:00,22,0.0,0.36363636363636365,0.004162111113259148
2024-09-23 21:30:00,22,0.0,0.0,0.0007982792590727206
2024-09-23 22:00:00,22,0.0,0.0,0.0008527573173389147
2024-09-23 22:30:00,22,0.0,0.0,-6.602403274791335e-05
2024-09-23 23:00:00,22,0.0,0.0,0.0
2024-09-23 23:30:00,22,0.0,0.0,0.0
2024-09-24 00:00:00,22,0.0,0.0,0.0
2024-09-24 00:30:00,22,0.0,0.0,0.0
2024-09-24 09:00:00,22,0.0,0.4090909090909091,0.004705274679325577
2024-09-24 09:30:00,22,0.045454545454545456,0.0,-0.002290357271503285
2024-09-24 10:00:00,22,0.0,0.0,-0.00015943877551022334
2024-09-24 10:30:00,22,0.0,0.045454545454545456,0.0031962077030711633
2024-09-24 11:00:00,22,0.0,0.13636363636363635,0.004626183194459399
2024-09-24 13:30:00,22,0.0,0.045454545454545456,0.001392082311081455
2024-09-24 14:00:00,22,0.0,0.0,0.002277873589226931
2024-09-24 14:30:00,22,0.0,0.22727272727272727,0.0034567149675549524
2024-09-24 21:00:00,22,0.0,0.5454545454545454,0.009143421254755202
2024-09-24 21:30:00,22,0.0,0.045454545454545456,0.00013546464372793388
2024-09-24 22:00:00,22,0.0,0.0,0.0
2024-09-24 22:30:00,22,0.0,0.045454545454545456,0.0016106200536391002
2024-09-24 23:00:00,22,0.0,0.0,0.0
2024-09-24 23:30:00,22,0.0,0.0,0.0
2024-09-25 00:00:00,22,0.0,0.0,0.0
2024-09-25 00:30:00,22,0.0,0.0,0.0
2024-09-25 09:00:00,22,0.0,0.13636363636363635,0.002893173322840892
2024-09-25 09:30:00,22,0.0,0.0,0.0020991310202381763
2024-09-25 10:00:00,22,0.0,0.0,0.0009831867138140327
2024-09-25 10:30:00,22,0.0,0.0,0.00012354830738814382
2024-09-25 11:00:00,22,0.0,0.0,-0.002778461256410625
2024-09-25 13:30:00,22,0.36363636363636365,0.0,-0.006349193880216097
2024-09-25 14:00:00,22,0.0,0.0,0.0006190974923034887
2024-09-25 14:30:00,22,0.0,0.0,-0.0028579361207020093
2024-09-25 21:00:00,22,0.0,0.18181818181818182,0.0029050581527251262
2024-09-25 21:30:00,22,0.0,0.0,0.002433392364794784
2024-09-25 22:00:00,22,0.0,0.0,0.0015128379593072339
2024-09-25 22:30:00,22,0.045454545454545456,0.0,0.0
2024-09-25 23:00:00,22,0.0,0.0,0.0
2024-09-25 23:30:00,22,0.0,0.0,0.0
2024-09-26 00:00:00,22,0.0,0.0,0.0
2024-09-26 00:30:00,22,0.0,0.0,0.0
2024-09-26 09:00:00,22,0.045454545454545456,0.045454545454545456,-0.0009136360740468197
2024-09-26 09:30:00,22,0.0,0.0,0.002865774292336809
2024-09-26 10:00:00,22,0.045454545454545456,0.0,-0.0017489330311860618
2024-09-26 10:30:00,22,0.0,0.0,-0.002659832817005048
2024-09-26 11:00:00,22,0.0,0.045454545454545456,0.0002250891385154885
2024-09-26 13:30:00,22,0.045454545454545456,0.36363636363636365,0.0061088911088911235
2024-09-26 14:00:00,22,0.09090909090909091,0.0,-0.00032746490185708854
2024-09-26 14:30:00,22,0.0,0.045454545454545456,0.0031705902852885437
2024-09-26 21:00:00,22,0.0,0.5454545454545454,0.006605689884009447
2024-09-26 21:30:00,22,0.09090909090909091,0.0,-0.0013278285805983225
2024-09-26 22:00:00,22,0.0,0.045454545454545456,0.0024618280296024864
2024-09-26 22:30:00,22,0.0,0.045454545454545456,0.0020705507951620516
2024-09-26 23:00:00,22,0.0,0.0,0.0
2024-09-26 23:30:00,22,0.0,0.0,0.0
2024-09-27 00:00:00,22,0.0,0.0,0.0
2024-09-27 00:30:00,22,0.0,0.0,0.0
2024-09-27 09:00:00,22,0.13636363636363635,0.13636363636363635,0.0021252072921620346
2024-09-27 09:30:00,22,0.0,0.0,-0.0009649324340276766
2024-09-27 10:00:00,22,0.0,0.0,-0.0012862016855613168
2024-09-27 10:30:00,22,0.0,0.0,0.003929288250733354
2024-09-27 11:00:00,22,0.0,0.045454545454545456,0.0031855557472255658
2024-09-27 13:30:00,22,0.5,0.0,-0.008411371871379414
2024-09-27 14:00:00,22,0.0,0.09090909090909091,0.0035094199815525196
2024-09-27 14:30:00,22,0.045454545454545456,0.0,0.0016199338119775586
2024-09-27 21:00:00,22,0.09090909090909091,0.3181818181818182,0.0021477154423035216
2024-09-27 21:30:00,22,0.0,0.0,0.0017043148216620008
2024-09-27 22:00:00,22,0.0,0.0,0.003025723537136815
2024-09-27 22:30:00,22,0.045454545454545456,0.045454545454545456,0.0008928396742596822
2024-09-27 23:00:00,22,0.0,0.0,0.0
2024-09-27 23:30:00,22,0.0,0.0,0.0
2024-09-28 00:00:00,22,0.0,0.0,0.0
2024-09-28 00:30:00,22,0.0,0.0,0.0
2024-09-30 09:00:00,22,0.0,0.7727272727272727,0.013563304658542052
2024-09-30 09:30:00,22,0.045454545454545456,0.0,-0.004059520655240845
2024-09-30 10:00:00,22,0.0,0.0,0.0
2024-09-30 10:30:00,22,0.0,0.0,0.003123978695675267
2024-09-30 11:00:00,22,0.0,0.0,-0.00019912385503784158
2024-09-30 13:30:00,22,0.0,0.0,0.004438886052353985
2024-09-30 14:00:00,22,0.045454545454545456,0.0,-0.0040097166294119635
2024-09-30 14:30:00,22,0.0,0.045454545454545456,0.001960744564755812
2024-10-08 09:00:00,22,0.09090909090909091,0.6363636363636364,0.025127084004003986
2024-10-08 09:30:00,22,0.045454545454545456,0.0,-0.0070253934612818925
2024-10-08 10:00:00,22,0.45454545454545453,0.0,-0.0107950926210571
2024-10-08 10:30:00,22,0.0,0.0,-0.003867335387854942
2024-10-08 11:00:00,22,0.0,0.0,0.001117093182693707
2024-10-08 13:30:00,22,0.22727272727272727,0.0,-0.007742548044764541
2024-10-08 14:00:00,22,0.0,0.0,0.0012948108256242152
2024-10-08 14:30:00,22,0.0,0.0,-0.002904553826467704
2024-10-08 21:00:00,22,0.0,0.0,-0.000982646447014457
2024-10-08 21:30:00,22,0.0,0.0,0.000760334810877783
2024-10-08 22:00:00,22,0.0,0.0,-0.002960883962655869
2024-10-08 22:30:00,22,0.0,0.0,0.0013377906971542286
2024-10-08 23:00:00,22,0.0,0.0,0.0
2024-10-08 23:30:00,22,0.0,0.0,0.0
2024-10-09 00:00:00,22,0.0,0.0,0.0
2024-10-09 00:30:00,22,0.0,0.0,0.0
2024-10-09 09:00:00,22,0.045454545454545456,0.045454545454545456,0.0032884155324583997
2024-10-09 09:30:00,22,0.0,0.0,-0.0014369081337383127
2024-10-09 10:00:00,22,0.0,0.0,-0.000730550439913602
2024-10-09 10:30:00,22,0.0,0.0,-0.00030399857865626156
2024-10-09 11:00:00,22,0.0,0.0,0.0007219798101262276
2024-10-09 13:30:00,22,0.0,0.0,0.0021345684857472236
2024-10-09 14:00:00,22,0.0,0.0,-0.0023681165596441955
2024-10-09 14:30:00,22,0.045454545454545456,0.0,-0.006550121812912146
2024-10-09 21:00:00,22,0.36363636363636365,0.045454545454545456,-0.013540379434745675
2024-10-09 21:30:00,22,0.0,0.0,0.003745847925071155
2024-10-09 22:00:00,22,0.0,0.0,-0.0015832550837567294
2024-10-09 22:30:00,22,0.0,0.0,0.004732629121355525
2024-10-09 23:00:00,22,0.0,0.0,0.0
2024-10-09 23:30:00,22,0.0,0.0,0.0
2024-10-10 00:00:00,22,0.0,0.0,0.0
2024-10-10 00:30:00,22,0.0,0.0,0.0
2024-10-10 09:00:00,22,0.0,0.09090909090909091,0.005524777934926783
2024-10-10 09:30:00,22,0.0,0.0,-0.003260682472144172
2024-10-10 10:00:00,22,0.0,0.0,-0.0022036018589083883
2024-10-10 10:30:00,22,0.0,0.0,0.004054079607310301
2024-10-10 11:00:00,22,0.0,0.0,0.0020063543771805525
2024-10-10 13:30:00,22,0.0,0.0,-0.003140433824775468
2024-10-10 14:00:00,22,0.045454545454545456,0.0,-0.002290032991505375
2024-10-10 14:30:00,22,0.045454545454545456,0.0,-0.004546213174864089
2024-10-10 21:00:00,22,0.0,0.18181818181818182,0.006786363665568063
2024-10-10 21:30:00,22,0.0,0.0,-0.0005570380090784699
2024-10-10 22:00:00,22,0.0,0.0,0.0
2024-10-10 22:30:00,22,0.0,0.0,0.0013341898502742255
2024-10-10 23:00:00,22,0.0,0.0,0.0
2024-10-10 23:30:00,22,0.0,0.0,0.0
2024-10-11 00:00:00,22,0.0,0.0,0.0
2024-10-11 00:30:00,22,0.0,0.0,0.0
2024-10-11 09:00:00,22,0.0,0.0,0.0007541717988364116
2024-10-11 09:30:00,22,0.0,0.0,0.0018296221753668629
2024-10-11 10:00:00,22,0.0,0.0,-0.004082332875854466
2024-10-11 10:30:00,22,0.0,0.09090909090909091,0.004363073033542553
2024-10-11 11:00:00,22,0.0,0.0,-0.0019898191504563734
2024-10-11 13:30:00,22,0.0,0.0,-0.001743366698201576
2024-10-11 14:00:00,22,0.0,0.0,-0.0015538536417203375
2024-10-11 14:30:00,22,0.0,0.045454545454545456,0.003577412691749271
2024-10-11 21:00:00,22,0.0,0.18181818181818182,0.002747064653978337
2024-10-11 21:30:00,22,0.0,0.0,0.0025889955412793375
2024-10-11 22:00:00,22,0.0,0.045454545454545456,0.0022380551209530974
2024-10-11 22:30:00,22,0.0,0.0,0.0015331478013290711
2024-10-11 23:00:00,22,0.0,0.0,0.0
2024-10-11 23:30:00,22,0.0,0.0,0.0
2024-10-12 00:00:00,22,0.0,0.0,0.0
2024-10-12 00:30:00,22,0.0,0.0,0.0
2024-10-14 09:00:00,22,0.5909090909090909,0.045454545454545456,-0.00806505841661409
2024-10-14 09:30:00,22,0.0,0.0,-0.0027318252238373586
2024-10-14 10:00:00,22,0.0,0.0,-0.002915009251190648
2024-10-14 10:30:00,22,0.0,0.18181818181818182,0.0054060772485924335
2024-10-14 11:00:00,22,0.0,0.0,0.003575884235665572
2024-10-14 13:30:00,22,0.09090909090909091,0.0,2.4333547222421537e-05
2024-10-14 14:00:00,22,0.0,0.0,-0.001490705632321787
2024-10-14 14:30:00,22,0.0,0.0,-0.0013154187671832185
2024-10-14 21:00:00,22,0.3181818181818182,0.0,-0.007049547483642116
2024-10-14 21:30:00,22,0.0,0.3181818181818182,0.004989116121441484
2024-10-14 22:00:00,22,0.0,0.0,-0.0024380773049070825
2024-10-14 22:30:00,22,0.0,0.0,-0.0008872882726022602
2024-10-14 23:00:00,22,0.0,0.0,0.0
2024-10-14 23:30:00,22,0.0,0.0,0.0
2024-10-15 00:00:00,22,0.0,0.0,0.0
2024-10-15 00:30:00,22,0.0,0.0,0.0
2024-10-15 09:00:00,22,0.13636363636363635,0.0,-0.002196704989129772
2024-10-15 09:30:00,22,0.0,0.0,0.0012252349103137883
2024-10-15 10:00:00,22,0.0,0.0,0.0023678205781122452
2024-10-15 10:30:00,22,0.0,0.0,-0.0015287524434461353
2024-10-15 11:00:00,22,0.0,0.0,0.0030432817682292113
2024-10-15 13:30:00,22,0.13636363636363635,0.0,-0.004103670422669126
2024-10-15 14:00:00,22,0.0,0.0,-0.0025780766852195325
2024-10-15 14:30:00,22,0.0,0.0,-0.0004283386900833519
2024-10-15 21:00:00,22,0.045454545454545456,0.22727272727272727,0.0046167877605699514
2024-10-15 21:30:00,22,0.0,0.0,-0.001587374574149647
2024-10-15 22:00:00,22,0.0,0.0,-0.0002727768685215626
2024-10-15 22:30:00,22,0.0,0.0,-0.001080473704790641
2024-10-15 23:00:00,22,0.0,0.0,0.0
2024-10-15 23:30:00,22,0.0,0.0,0.0
2024-10-16 00:00:00,22,0.0,0.0,0.0
2024-10-16 00:30:00,22,0.0,0.0,0.0
2024-10-16 09:00:00,22,0.09090909090909091,0.09090909090909091,-0.0023576597337404137
2024-10-16 09:30:00,22,0.0,0.0,0.004017854524338893
2024-10-16 10:00:00,22,0.0,0.0,-0.001843526152913888
2024-10-16 10:30:00,22,0.0,0.0,0.0028003214929820386
2024-10-16 11:00:00,22,0.045454545454545456,0.0,-0.0017910080762235658
2024-10-16 13:30:00,22,0.09090909090909091,0.0,-0.001190143008293787
2024-10-16 14:00:00,22,0.0,0.045454545454545456,0.0009925593225270646
2024-10-16 14:30:00,22,0.0,0.0,-0.0023096822565871755
2024-10-16 21:00:00,22,0.045454545454545456,0.045454545454545456,0.0005163516836070858
2024-10-16 21:30:00,22,0.0,0.0,0.000656530120326182
2024-10-16 22:00:00,22,0.0,0.0,0.00043669406014312795
2024-10-16 22:30:00,22,0.0,0.0,-0.00059066049726747
2024-10-16 23:00:00,22,0.0,0.0,0.0
2024-10-16 23:30:00,22,0.0,0.0,0.0
2024-10-17 00:00:00,22,0.0,0.0,0.0
2024-10-17 00:30:00,22,0.0,0.0,0.0
2024-10-17 09:00:00,22,0.045454545454545456,0.18181818181818182,0.002227256674406264
2024-10-17 09:30:00,22,0.045454545454545456,0.045454545454545456,-0.0012794639226586524
2024-10-17 10:00:00,22,0.13636363636363635,0.0,-0.0022024842000928913
2024-10-17 10:30:00,22,0.4090909090909091,0.0,-0.004079497771985796
2024-10-17 11:00:00,22,0.18181818181818182,0.0,-0.003865463898470922
2024-10-17 13:30:00,22,0.18181818181818182,0.0,-0.0027606373567938824
2024-10-17 14:00:00,22,0.18181818181818182,0.0,-0.0039824874880757255
2024-10-17 14:30:00,22,0.13636363636363635,0.0,-0.0031649294580036735
2024-10-17 21:00:00,22,0.09090909090909091,0.3181818181818182,0.004798516776077899
2024-10-17 21:30:00,22,0.0,0.0,0.0
2024-10-17 22:00:00,22,0.0,0.0,-0.0016907476669124621
2024-10-17 22:30:00,22,0.0,0.0,0.0005221945719051657
2024-10-17 23:00:00,22,0.0,0.0,0.0
2024-10-17 23:30:00,22,0.0,0.0,0.0
2024-10-18 00:00:00,22,0.0,0.0,0.0
2024-10-18 00:30:00,22,0.0,0.0,0.0
2024-10-18 09:00:00,22,0.0,0.22727272727272727,0.0026907715702099155
2024-10-18 09:30:00,22,0.13636363636363635,0.0,-0.0011419240154830201
2024-10-18 10:00:00,22,0.0,0.0,0.0006116931507574863
2024-10-18 10:30:00,22,0.0,0.0,0.002683915490747646
2024-10-18 11:00:00,22,0.09090909090909091,0.0,-0.0024049047065454743
2024-10-18 13:30:00,22,0.0,0.5909090909090909,0.007795804246252369
2024-10-18 14:00:00,22,0.0,0.0,-0.000569297268387059
2024-10-18 14:30:00,22,0.0,0.0,-0.001518111689844337
2024-10-18 21:00:00,22,0.13636363636363635,0.045454545454545456,0.001266710495925416
2024-10-18 21:30:00,22,0.0,0.0,-0.0021213202095405337
2024-10-18 22:00:00,22,0.0,0.0,-0.0018437130055034001
2024-10-18 22:30:00,22,0.0,0.0,0.0004976433622321252
2024-10-18 23:00:00,22,0.0,0.0,0.0
2024-10-18 23:30:00,22,0.0,0.0,0.0
2024-10-19 00:00:00,22,0.0,0.0,0.0
2024-10-19 00:30:00,22,0.0,0.0,0.0
2024-10-21 09:00:00,22,0.13636363636363635,0.13636363636363635,1.2612887945961937e-05
2024-10-21 09:30:00,22,0.045454545454545456,0.0,-0.0025257244549808933
2024-10-21 10:00:00,22,0.0,0.045454545454545456,0.0034777616630408126
2024-10-21 10:30:00,22,0.0,0.0,0.0
2024-10-21 11:00:00,22,0.0,0.0,0.000630910165484666
2024-10-21 13:30:00,22,0.045454545454545456,0.0,-0.0036232594586665945
2024-10-21 14:00:00,22,0.0,0.0,0.000626460264794737
2024-10-21 14:30:00,22,0.0,0.13636363636363635,0.002278373462028971
2024-10-21 21:00:00,22,0.0,0.13636363636363635,0.0014357350079458042
2024-10-21 21:30:00,22,0.0,0.045454545454545456,0.0007596542514316518
2024-10-21 22:00:00,22,0.0,0.0,-0.0021309768388838024
2024-10-21 22:30:00,22,0.045454545454545456,0.0,-0.002211580210227271
2024-10-21 23:00:00,22,0.045454545454545456,0.0,0.0
2024-10-21 23:30:00,22,0.0,0.0,0.0
2024-10-22 00:00:00,22,0.0,0.0,0.0
2024-10-22 00:30:00,22,0.0,0.0,0.0
2024-10-22 09:00:00,22,0.0,0.0,-0.0010566963165959398
2024-10-22 09:30:00,22,0.0,0.0,0.0
2024-10-22 10:00:00,22,0.0,0.0,0.0002641600886303941
2024-10-22 10:30:00,22,0.0,0.0,-0.0012872791720642818
2024-10-22 11:00:00,22,0.0,0.045454545454545456,0.004469141221763007
2024-10-22 13:30:00,22,0.045454545454545456,0.0,-0.0015319730773304396
2024-10-22 14:00:00,22,0.0,0.09090909090909091,0.002483474783731454
2024-10-22 14:30:00,22,0.0,0.0,0.0001295672454003638
2024-10-22 21:00:00,22,0.0,0.18181818181818182,0.0017121300620942526
2024-10-22 21:30:00,22,0.0,0.0,-0.0008356784098599856
2024-10-22 22:00:00,22,0.0,0.0,0.0006683236984501573
2024-10-22 22:30:00,22,0.0,0.0,0.00017730496453904898
2024-10-22 23:00:00,22,0.0,0.0,0.0
2024-10-22 23:30:00,22,0.0,0.0,0.0
2024-10-23 00:00:00,22,0.0,0.0,0.0
2024-10-23 00:30:00,22,0.0,0.0,0.0
2024-10-23 09:00:00,22,0.0,0.0,-0.0017227960067421333
2024-10-23 09:30:00,22,0.0,0.0,0.0007079624084281866
2024-10-23 10:00:00,22,0.0,0.0,0.00046407148250604546
2024-10-23 10:30:00,22,0.2727272727272727,0.0,-0.003309640622210286
2024-10-23 11:00:00,22,0.0,0.045454545454545456,0.002036772219936478
2024-10-23 13:30:00,22,0.0,0.09090909090909091,0.0030357361150726847
2024-10-23 14:00:00,22,0.09090909090909091,0.0,-0.0032342054081184735
2024-10-23 14:30:00,22,0.045454545454545456,0.045454545454545456,-0.0014159723655455259
2024-10-23 21:00:00,22,0.09090909090909091,0.045454545454545456,-0.0006031363088057629
2024-10-23 21:30:00,22,0.0,0.09090909090909091,0.001577876185364091
2024-10-23 22:00:00,22,0.0,0.045454545454545456,0.001921021851393978
2024-10-23 22:30:00,22,0.09090909090909091,0.0,-0.002217704913369034
2024-10-23 23:00:00,22,0.0,0.0,0.0
2024-10-23 23:30:00,22,0.0,0.0,0.0
2024-10-24 00:00:00,22,0.0,0.0,0.0
2024-10-24 00:30:00,22,0.0,0.0,0.0
2024-10-24 09:00:00,22,0.045454545454545456,0.13636363636363635,0.0004669455122781052
2024-10-24 09:30:00,22,0.0,0.0,0.0002163820914312664
2024-10-24 10:00:00,22,0.0,0.0,0.0006289499489996464
2024-10-24 10:30:00,22,0.0,0.045454545454545456,0.0006860841264525464
2024-10-24 11:00:00,22,0.0,0.0,0.0014242703141734703
2024-10-24 13:30:00,22,0.09090909090909091,0.045454545454545456,-0.002187106706724673
2024-10-24 14:00:00,22,0.0,0.18181818181818182,0.0027941768850492377
2024-10-24 14:30:00,22,0.0,0.13636363636363635,0.0015789840172869551
2024-10-24 21:00:00,22,0.13636363636363635,0.4090909090909091,0.002576106236051867
2024-10-24 21:30:00,22,0.0,0.0,0.0
2024-10-24 22:00:00,22,0.0,0.0,-0.0023165755251359776
2024-10-24 22:30:00,22,0.13636363636363635,0.0,-0.0015849117896946097
2024-10-24 23:00:00,22,0.0,0.0,0.0
2024-10-24 23:30:00,22,0.0,0.0,0.0
2024-10-25 00:00:00,22,0.0,0.0,0.0
2024-10-25 00:30:00,22,0.0,0.0,0.0
2024-10-25 09:00:00,22,0.0,0.09090909090909091,0.000919401979594725
2024-10-25 09:30:00,22,0.0,0.0,-0.0013996067446415128
2024-10-25 10:00:00,22,0.0,0.0,0.0016109213783631615
2024-10-25 10:30:00,22,0.0,0.045454545454545456,0.0005807182407269185
2024-10-25 11:00:00,22,0.0,0.0,0.0003479009938959221
2024-10-25 13:30:00,22,0.045454545454545456,0.0,-8.447372867037561e-05
2024-10-25 14:00:00,22,0.0,0.0,-0.002375908308985708
2024-10-25 14:30:00,22,0.0,0.045454545454545456,0.0010506116260002862
2024-10-25 21:00:00,22,0.0,0.4090909090909091,0.004929746532160051
2024-10-25 21:30:00,22,0.0,0.0,0.00025359327076568405
2024-10-25 22:00:00,22,0.0,0.045454545454545456,-0.00022522522522522292
2024-10-25 22:30:00,22,0.0,0.0,0.0014415239947512815
2024-10-25 23:00:00,22,0.0,0.0,0.0
2024-10-25 23:30:00,22,0.0,0.0,0.0
2024-10-26 00:00:00,22,0.0,0.0,0.0
2024-10-26 00:30:00,22,0.0,0.0,0.0
2024-10-28 09:00:00,22,0.18181818181818182,0.09090909090909091,-0.0015645371577575062
2024-10-28 09:30:00,22,0.045454545454545456,0.045454545454545456,0.0005445093603820839
2024-10-28 10:00:00,22,0.045454545454545456,0.0,0.0012251383603782973
2024-10-28 10:30:00,22,0.0,0.2727272727272727,0.0023877758193227017
2024-10-28 11:00:00,22,0.0,0.09090909090909091,0.0
2024-10-28 13:30:00,22,0.0,0.0,0.0
2024-10-28 14:00:00,22,0.0,0.0,-0.0007116596026860988
2024-10-28 14:30:00,22,0.0,0.045454545454545456,0.0012954432949902062
2024-10-28 21:00:00,22,0.18181818181818182,0.0,-0.0014945245023812448
2024-10-28 21:30:00,22,0.0,0.0,0.0011738372349536785
2024-10-28 22:00:00,22,0.045454545454545456,0.0,-0.0018744886117165738
2024-10-28 22:30:00,22,0.0,0.0,0.0
2024-10-28 23:00:00,22,0.0,0.0,0.0
2024-10-28 23:30:00,22,0.0,0.0,0.0
2024-10-29 00:00:00,22,0.0,0.0,0.0
2024-10-29 00:30:00,22,0.0,0.0,0.0
2024-10-29 09:00:00,22,0.0,0.0,-0.0011502204308958541
2024-10-29 09:30:00,22,0.13636363636363635,0.0,-0.001296359200815278
2024-10-29 10:00:00,22,0.0,0.09090909090909091,0.000983539169281178
2024-10-29 10:30:00,22,0.0,0.0,-0.0017700126806099448
2024-10-29 11:00:00,22,0.18181818181818182,0.0,-0.004589816244584488
2024-10-29 13:30:00,22,0.045454545454545456,0.045454545454545456,-0.0006244657780846707
2024-10-29 14:00:00,22,0.0,0.0,0.0017525426887279316
2024-10-29 14:30:00,22,0.13636363636363635,0.0,-0.0011284035787757496
2024-10-29 21:00:00,22,0.0,0.5454545454545454,0.007168693046649244
2024-10-29 21:30:00,22,0.045454545454545456,0.0,-0.001867749415363995
2024-10-29 22:00:00,22,0.0,0.0,0.0002561876780626804
2024-10-29 22:30:00,22,0.0,0.0,-0.0005578957262541984
2024-10-29 23:00:00,22,0.0,0.0,0.0
2024-10-29 23:30:00,22,0.0,0.0,0.0
2024-10-30 00:00:00,22,0.0,0.0,0.0
2024-10-30 00:30:00,22,0.0,0.0,0.0
2024-10-30 09:00:00,22,0.18181818181818182,0.0,-0.0018880481995235954
2024-10-30 09:30:00,22,0.0,0.0,0.0012900869189835795
2024-10-30 10:00:00,22,0.0,0.0,-0.0005584249741645286
2024-10-30 10:30:00,22,0.0,0.0,-0.0007505717346400487
2024-10-30 11:00:00,22,0.2727272727272727,0.0,-0.0029873877552343275
2024-10-30 13:30:00,22,0.0,0.09090909090909091,0.0018955686500885527
2024-10-30 14:00:00,22,0.0,0.0,0.0023525530394246097
2024-10-30 14:30:00,22,0.0,0.0,0.0013362119198089273
2024-10-30 21:00:00,22,0.2727272727272727,0.045454545454545456,-0.003194293609883214
2024-10-30 21:30:00,22,0.0,0.045454545454545456,0.0026643619052868495
2024-10-30 22:00:00,22,0.0,0.0,0.00037554198367895086
2024-10-30 22:30:00,22,0.0,0.0,-0.0006205745302165222
2024-10-30 23:00:00,22,0.0,0.0,0.0
2024-10-30 23:30:00,22,0.0,0.0,0.0
2024-10-31 00:00:00,22,0.0,0.0,0.0
2024-10-31 00:30:00,22,0.0,0.0,0.0
2024-10-31 09:00:00,22,0.0,0.045454545454545456,0.0008371742053675524
2024-10-31 09:30:00,22,0.045454545454545456,0.0,-0.0012291911086649288
2024-10-31 10:00:00,22,0.0,0.0,0.0005437425844636579
2024-10-31 10:30:00,22,0.0,0.0,0.0020716464151964153
2024-10-31 11:00:00,22,0.0,0.0,-0.001560530435182339
2024-10-31 13:30:00,22,0.0,0.045454545454545456,0.0008440633440632839
2024-10-31 14:00:00,22,0.0,0.0,-0.0004232856617946701
2024-10-31 14:30:00,22,0.0,0.09090909090909091,0.0005811181161344825
2024-10-31 21:00:00,22,0.13636363636363635,0.09090909090909091,0.0
2024-10-31 21:30:00,22,0.045454545454545456,0.0,-0.0018261082885129287
2024-10-31 22:00:00,22,0.045454545454545456,0.0,-0.001293953885512733
2024-10-31 22:30:00,22,0.13636363636363635,0.0,-0.00014080540692762433
2024-10-31 23:00:00,22,0.0,0.0,0.0
2024-10-31 23:30:00,22,0.0,0.0,0.0
2024-11-01 00:00:00,22,0.0,0.0,0.0
2024-11-01 00:30:00,22,0.0,0.0,0.0
2024-11-01 09:00:00,22,0.0,0.2727272727272727,0.0029397760579485954
2024-11-01 09:30:00,22,0.0,0.13636363636363635,0.002111511554960588
2024-11-01 10:00:00,22,0.2727272727272727,0.0,-0.004592656961518005
2024-11-01 10:30:00,22,0.0,0.09090909090909091,0.002327560789150196
2024-11-01 11:00:00,22,0.0,0.09090909090909091,0.003708469570720352
2024-11-01 13:30:00,22,0.045454545454545456,0.045454545454545456,-0.0017137787426002582
2024-11-01 14:00:00,22,0.09090909090909091,0.0,-0.0032641601407706333
2024-11-01 14:30:00,22,0.045454545454545456,0.0,0.00014052838673417334
2024-11-01 21:00:00,22,0.0,0.22727272727272727,0.0022667968821326046
2024-11-01 21:30:00,22,0.0,0.045454545454545456,-0.0014661442447772566
2024-11-01 22:00:00,22,0.5,0.0,-0.005658280344722322
2024-11-01 22:30:00,22,0.045454545454545456,0.0,0.0
2024-11-01 23:00:00,22,0.0,0.0,0.0
2024-11-01 23:30:00,22,0.0,0.0,0.0
2024-11-02 00:00:00,22,0.0,0.0,0.0
2024-11-02 00:30:00,22,0.0,0.0,0.0
2024-11-04 09:00:00,22,0.09090909090909091,0.13636363636363635,0.0036753842543110204
2024-11-04 09:30:00,22,0.0,0.045454545454545456,-0.00203362829554371
2024-11-04 10:00:00,22,0.0,0.0,0.00017768301350395976
2024-11-04 10:30:00,22,0.0,0.0,0.0018244712416042308
2024-11-04 11:00:00,22,0.045454545454545456,0.18181818181818182,0.0007680032659482805
2024-11-04 13:30:00,22,0.045454545454545456,0.09090909090909091,0.00038106838972007395
2024-11-04 14:00:00,22,0.045454545454545456,0.0,0.0
2024-11-04 14:30:00,22,0.0,0.045454545454545456,0.001453301965137599
2024-11-04 21:00:00,22,0.13636363636363635,0.0,-0.0024121367438065255
2024-11-04 21:30:00,22,0.0,0.0,0.0001777461784571166
2024-11-04 22:00:00,22,0.0,0.0,-0.001215766686307851
2024-11-04 22:30:00,22,0.0,0.0,0.001676873847122895
2024-11-04 23:00:00,22,0.0,0.0,0.0
2024-11-04 23:30:00,22,0.0,0.0,0.0
2024-11-05 00:00:00,22,0.0,0.0,0.0
2024-11-05 00:30:00,22,0.0,0.0,0.0
2024-11-05 09:00:00,22,0.045454545454545456,0.0,-0.0013208640435958818
2024-11-05 09:30:00,22,0.0,0.045454545454545456,0.0025473312200530174
2024-11-05 10:00:00,22,0.0,0.0,0.003170723552679222
2024-11-05 10:30:00,22,0.0,0.0,-0.0015025392252772662
2024-11-05 11:00:00,22,0.0,0.09090909090909091,0.0029566158894093197
2024-11-05 13:30:00,22,0.09090909090909091,0.045454545454545456,-0.0009397605573608359
2024-11-05 14:00:00,22,0.0,0.0,8.59106529209619e-05
2024-11-05 14:30:00,22,0.045454545454545456,0.0,-0.0010221321218142898
2024-11-05 21:00:00,22,0.0,0.09090909090909091,0.0011625191809200297
2024-11-05 21:30:00,22,0.0,0.0,-0.0014442343448201056
2024-11-05 22:00:00,22,0.0,0.0,0.0003934739864500658
2024-11-05 22:30:00,22,0.0,0.0,0.000342237091735087
2024-11-05 23:00:00,22,0.0,0.0,0.0
2024-11-05 23:30:00,22,0.0,0.0,0.0
2024-11-06 00:00:00,22,0.0,0.0,0.0
2024-11-06 00:30:00,22,0.0,0.0,0.0
2024-11-06 09:00:00,22,0.22727272727272727,0.045454545454545456,-0.002592864195245681
2024-11-06 09:30:00,22,0.0,0.09090909090909091,0.0015594685107956918
2024-11-06 10:00:00,22,0.0,0.0,0.0
2024-11-06 10:30:00,22,0.18181818181818182,0.0,-0.0012385857324715976
2024-11-06 11:00:00,22,0.09090909090909091,0.0,-0.0017634863330398542
2024-11-06 13:30:00,22,0.09090909090909091,0.045454545454545456,0.0021325903846304284
2024-11-06 14:00:00,22,0.22727272727272727,0.0,-0.004021891625368479
2024-11-06 14:30:00,22,0.0,0.045454545454545456,0.0
2024-11-06 21:00:00,22,0.13636363636363635,0.045454545454545456,-0.0020622669541632277
2024-11-06 21:30:00,22,0.0,0.0,0.0
2024-11-06 22:00:00,22,0.0,0.045454545454545456,0.0013941345781478542
2024-11-06 22:30:00,22,0.0,0.0,0.0
2024-11-06 23:00:00,22,0.0,0.0,0.0
2024-11-06 23:30:00,22,0.0,0.0,0.0
2024-11-07 00:00:00,22,0.0,0.0,0.0
2024-11-07 00:30:00,22,0.0,0.0,0.0
2024-11-07 09:00:00,22,0.0,0.4090909090909091,0.003984820048119508
2024-11-07 09:30:00,22,0.0,0.045454545454545456,0.0024008700654073456
2024-11-07 10:00:00,22,0.0,0.13636363636363635,0.00218375475474597
2024-11-07 10:30:00,22,0.0,0.0,-0.0008497953436542027
2024-11-07 11:00:00,22,0.09090909090909091,0.0,-0.0010528194269047164
2024-11-07 13:30:00,22,0.0,0.09090909090909091,0.002579033446559187
2024-11-07 14:00:00,22,0.0,0.0,-0.0005030839713904278
2024-11-07 14:30:00,22,0.0,0.0,0.0017684896018169693
2024-11-07 21:00:00,22,0.0,0.18181818181818182,0.0016827377235013596
2024-11-07 21:30:00,22,0.045454545454545456,0.045454545454545456,0.0
2024-11-07 22:00:00,22,0.0,0.0,-0.0011324459604235004
2024-11-07 22:30:00,22,0.0,0.045454545454545456,0.0007414249215884627
2024-11-07 23:00:00,22,0.0,0.0,0.0
2024-11-07 23:30:00,22,0.0,0.0,0.0
2024-11-08 00:00:00,22,0.0,0.0,0.0
2024-11-08 00:30:00,22,0.0,0.0,0.0
2024-11-08 09:00:00,22,0.0,0.36363636363636365,0.005307731955367823
2024-11-08 09:30:00,22,0.3181818181818182,0.0,-0.002972508574876187
2024-11-08 10:00:00,22,0.045454545454545456,0.0,-0.001686316603520699
2024-11-08 10:30:00,22,0.045454545454545456,0.0,-0.0007413908092676058
2024-11-08 11:00:00,22,0.3181818181818182,0.0,-0.005209301246263787
2024-11-08 13:30:00,22,0.045454545454545456,0.0,-0.00027135023989033336
2024-11-08 14:00:00,22,0.0,0.0,-0.0009574364179052997
2024-11-08 14:30:00,22,0.045454545454545456,0.045454545454545456,-0.0003057946706555015
2024-11-08 21:00:00,22,0.0,0.22727272727272727,0.003305261342098631
2024-11-08 21:30:00,22,0.0,0.045454545454545456,-0.0009199878692968677
2024-11-08 22:00:00,22,0.045454545454545456,0.0,-0.0005036514731805442
2024-11-08 22:30:00,22,0.13636363636363635,0.0,-0.0028518554097221593
2024-11-08 23:00:00,22,0.0,0.0,0.0
2024-11-08 23:30:00,22,0.0,0.0,0.0
2024-11-09 00:00:00,22,0.0,0.0,0.0
2024-11-09 00:30:00,22,0.0,0.0,0.0
2024-11-11 09:00:00,22,0.22727272727272727,0.045454545454545456,-0.003311400968674827
2024-11-11 09:30:00,22,0.09090909090909091,0.045454545454545456,-0.0019377898253586379
2024-11-11 10:00:00,22,0.045454545454545456,0.0,0.000659438851366434
2024-11-11 10:30:00,22,0.0,0.0,0.0
2024-11-11 11:00:00,22,0.0,0.0,0.0005556111160026633
2024-11-11 13:30:00,22,0.045454545454545456,0.0,-0.0008865528985432247
2024-11-11 14:00:00,22,0.0,0.22727272727272727,0.0034733484529813063
2024-11-11 14:30:00,22,0.0,0.045454545454545456,0.0003651614754972554
2024-11-11 21:00:00,22,0.22727272727272727,0.0,-0.002895422447357243
2024-11-11 21:30:00,22,0.0,0.0,0.00055869746805981
2024-11-11 22:00:00,22,0.0,0.0,0.0004527479087597097
2024-11-11 22:30:00,22,0.0,0.0,0.0005279952973779034
2024-11-11 23:00:00,22,0.0,0.0,0.0
2024-11-11 23:30:00,22,0.0,0.0,0.0
2024-11-12 00:00:00,22,0.0,0.0,0.0
2024-11-12 00:30:00,22,0.0,0.0,0.0
2024-11-12 09:00:00,22,0.0,0.045454545454545456,-0.0006386257934063444
2024-11-12 09:30:00,22,0.0,0.0,0.0
2024-11-12 10:00:00,22,0.045454545454545456,0.0,-0.004002504002504015
2024-11-12 10:30:00,22,0.045454545454545456,0.0,0.0011849544168063275
2024-11-12 11:00:00,22,0.0,0.0,0.0011883947157824704
2024-11-12 13:30:00,22,0.22727272727272727,0.0,-0.003689922229248077
2024-11-12 14:00:00,22,0.0,0.09090909090909091,0.0013851970351768106
2024-11-12 14:30:00,22,0.0,0.0,-0.0007170521366273719
2024-11-12 21:00:00,22,0.045454545454545456,0.045454545454545456,0.0
2024-11-12 21:30:00,22,0.0,0.045454545454545456,0.00031725183106989796
2024-11-12 22:00:00,22,0.0,0.0,-9.811616954474855e-05
2024-11-12 22:30:00,22,0.045454545454545456,0.045454545454545456,-0.0005524840652897378
2024-11-12 23:00:00,22,0.0,0.0,0.0
2024-11-12 23:30:00,22,0.0,0.0,0.0
2024-11-13 00:00:00,22,0.0,0.0,0.0
2024-11-13 00:30:00,22,0.0,0.0,0.0
2024-11-13 09:00:00,22,0.13636363636363635,0.045454545454545456,-0.0004063910787682756
2024-11-13 09:30:00,22,0.0,0.0,0.0014686544182138661
2024-11-13 10:00:00,22,0.0,0.0,-0.0005860167771614133
2024-11-13 10:30:00,22,0.0,0.0,0.0007162355531377118
2024-11-13 11:00:00,22,0.0,0.0,-0.0005130353653808872
2024-11-13 13:30:00,22,0.0,0.045454545454545456,0.0012524362721179072
2024-11-13 14:00:00,22,0.09090909090909091,0.0,-0.0017009136334025787
2024-11-13 14:30:00,22,0.045454545454545456,0.045454545454545456,-0.0007352708078401937
2024-11-13 21:00:00,22,0.0,0.09090909090909091,0.0006218682511851537
2024-11-13 21:30:00,22,0.0,0.045454545454545456,0.0
2024-11-13 22:00:00,22,0.0,0.0,0.0
2024-11-13 22:30:00,22,0.045454545454545456,0.0,-0.0026729179051058205
2024-11-13 23:00:00,22,0.0,0.0,0.0
2024-11-13 23:30:00,22,0.0,0.0,0.0
2024-11-14 00:00:00,22,0.0,0.045454545454545456,0.0
2024-11-14 00:30:00,22,0.0,0.0,0.0
2024-11-14 09:00:00,22,0.09090909090909091,0.13636363636363635,-0.00020072260136488884
2024-11-14 09:30:00,22,0.045454545454545456,0.0,-0.0018309743846984805
2024-11-14 10:00:00,22,0.09090909090909091,0.0,-0.0005644395764877741
2024-11-14 10:30:00,22,0.0,0.045454545454545456,-0.00038354928502198904
2024-11-14 11:00:00,22,0.22727272727272727,0.0,-0.0011084873898943304
2024-11-14 13:30:00,22,0.045454545454545456,0.0,-0.0006360927382408343
2024-11-14 14:00:00,22,0.045454545454545456,0.0,-0.0004469686428729136
2024-11-14 14:30:00,22,0.045454545454545456,0.0,-0.0011932292061566097
2024-11-14 21:00:00,22,0.045454545454545456,0.4090909090909091,0.003558580370788267
2024-11-14 21:30:00,22,0.045454545454545456,0.0,-0.001430169677334947
2024-11-14 22:00:00,22,0.0,0.0,0.0008358399883436896
2024-11-14 22:30:00,22,0.22727272727272727,0.0,-0.0022314954637943085
2024-11-14 23:00:00,22,0.0,0.0,0.0
2024-11-14 23:30:00,22,0.0,0.0,0.0
2024-11-15 00:00:00,22,0.0,0.0,0.0
2024-11-15 00:30:00,22,0.0,0.0,0.0
2024-11-15 09:00:00,22,0.2727272727272727,0.045454545454545456,-0.002388635991251886
2024-11-15 09:30:00,22,0.09090909090909091,0.045454545454545456,-0.000131995776135152
2024-11-15 10:00:00,22,0.0,0.13636363636363635,0.0017078924145629282
2024-11-15 10:30:00,22,0.0,0.045454545454545456,0.0008421822270169299
2024-11-15 11:00:00,22,0.09090909090909091,0.0,-0.003515617886820366
2024-11-15 13:30:00,22,0.0,0.0,-0.0007930113096581426
2024-11-15 14:00:00,22,0.18181818181818182,0.0,-0.002565366422115689
2024-11-15 14:30:00,22,0.18181818181818182,0.045454545454545456,-7.029651189982555e-06
2024-11-15 21:00:00,22,0.09090909090909091,0.0,0.0
2024-11-15 21:30:00,22,0.09090909090909091,0.0,-0.0007756567885446319
2024-11-15 22:00:00,22,0.0,0.045454545454545456,0.00014409221902011993
2024-11-15 22:30:00,22,0.0,0.0,-0.0005363286784051957
2024-11-15 23:00:00,22,0.0,0.0,0.0
2024-11-15 23:30:00,22,0.0,0.0,0.0
2024-11-16 00:00:00,22,0.0,0.0,0.0
2024-11-16 00:30:00,22,0.0,0.0,0.0
2024-11-18 09:00:00,22,0.18181818181818182,0.2727272727272727,0.001100037965072076
2024-11-18 09:30:00,22,0.045454545454545456,0.0,-0.0014218802455508994
2024-11-18 10:00:00,22,0.0,0.09090909090909091,0.003551284071214744
2024-11-18 10:30:00,22,0.0,0.0,0.00035156750574261153
2024-11-18 11:00:00,22,0.0,0.0,0.001045983257418115
2024-11-18 13:30:00,22,0.18181818181818182,0.0,-0.0024648214113958677
2024-11-18 14:00:00,22,0.0,0.0,-0.0005323355590735046
2024-11-18 14:30:00,22,0.0,0.045454545454545456,0.003399262267769765
2024-11-18 21:00:00,22,0.18181818181818182,0.045454545454545456,-0.001006238268763615
2024-11-18 21:30:00,22,0.0,0.0,0.0
2024-11-18 22:00:00,22,0.0,0.0,0.00012460541618208865
2024-11-18 22:30:00,22,0.0,0.0,0.0019874806343250784
2024-11-18 23:00:00,22,0.0,0.0,0.0
2024-11-18 23:30:00,22,0.0,0.0,0.0
2024-11-19 00:00:00,22,0.0,0.0,0.0
2024-11-19 00:30:00,22,0.0,0.0,0.0
2024-11-19 09:00:00,22,0.0,0.0,0.00010277492291876911
2024-11-19 09:30:00,22,0.0,0.0,0.0002747034960582928
2024-11-19 10:00:00,22,0.0,0.0,-0.0011456710535494574
2024-11-19 10:30:00,22,0.0,0.0,0.0012476281631488284
2024-11-19 11:00:00,22,0.0,0.0,0.0027282309695148
2024-11-19 13:30:00,22,0.0,0.09090909090909091,0.0008211263330196727
2024-11-19 14:00:00,22,0.0,0.18181818181818182,0.0018845363909081314
2024-11-19 14:30:00,22,0.0,0.0,-0.0014902777932558342
2024-11-19 21:00:00,22,0.13636363636363635,0.0,-0.0005427886096638912
2024-11-19 21:30:00,22,0.0,0.0,-0.0003598416696653506
2024-11-19 22:00:00,22,0.0,0.0,-0.0001800504141159509
2024-11-19 22:30:00,22,0.0,0.0,0.0
2024-11-19 23:00:00,22,0.0,0.0,0.0
2024-11-19 23:30:00,22,0.0,0.0,0.0
2024-11-20 00:00:00,22,0.0,0.0,0.0
2024-11-20 00:30:00,22,0.0,0.0,0.0
2024-11-20 01:00:00,22,0.0,0.0,0.0
2024-11-20 01:30:00,22,0.0,0.0,0.0
2024-11-20 02:00:00,22,0.0,0.0,0.0
2024-11-20 09:00:00,22,0.09090909090909091,0.09090909090909091,0.0018181818181817189
2024-11-20 09:30:00,22,0.0,0.0,-0.0008608321377331363
2024-11-20 10:00:00,25,0.0,0.0,0.0022120129317679815
2024-11-20 10:30:00,25,0.0,0.08,0.0006180724380897562
2024-11-20 11:00:00,25,0.0,0.0,-0.0002437241043139471
2024-11-20 13:30:00,25,0.24,0.0,-0.0014093013891685047
2024-11-20 14:00:00,25,0.0,0.04,0.0015987210231813709
2024-11-20 14:30:00,25,0.0,0.0,0.00045578851412941823
2024-11-20 21:00:00,25,0.08,0.16,0.001168679392286709
2024-11-20 21:30:00,25,0.04,0.0,-0.00024617404504989615
2024-11-20 22:00:00,25,0.0,0.0,-0.0009387153010593785
2024-11-20 22:30:00,25,0.0,0.0,0.0
2024-11-20 23:00:00,25,0.0,0.0,0.0
2024-11-20 23:30:00,25,0.0,0.0,0.0
2024-11-21 00:00:00,25,0.0,0.0,0.0
2024-11-21 00:30:00,25,0.0,0.0,0.0
2024-11-21 01:00:00,25,0.0,0.0,0.0
2024-11-21 01:30:00,25,0.0,0.0,0.0
2024-11-21 02:00:00,25,0.04,0.0,0.0
2024-11-21 09:00:00,25,0.24,0.0,-0.0005740528128588274
2024-11-21 09:30:00,25,0.0,0.04,0.0012290045063498845
2024-11-21 10:00:00,25,0.0,0.0,0.0
2024-11-21 10:30:00,25,0.0,0.12,0.0007269202810757935
2024-11-21 11:00:00,25,0.04,0.0,0.00012843565373743537
2024-11-21 13:30:00,25,0.0,0.08,0.0010317255610008402
2024-11-21 14:00:00,25,0.0,0.08,0.0005686125852917279
2024-11-21 14:30:00,25,0.08,0.0,-0.0005370569280344073
2024-11-21 21:00:00,25,0.2,0.12,0.0
2024-11-21 21:30:00,25,0.04,0.0,-0.00045269352648258376
2024-11-21 22:00:00,25,0.04,0.04,-0.00038451679056650256
2024-11-21 22:30:00,25,0.12,0.04,-0.0008186655751125649
2024-11-21 23:00:00,25,0.0,0.0,0.0
2024-11-21 23:30:00,25,0.0,0.0,0.0
2024-11-22 00:00:00,25,0.0,0.0,0.0
2024-11-22 00:30:00,25,0.04,0.0,0.0
2024-11-22 01:00:00,25,0.0,0.0,0.0
2024-11-22 01:30:00,25,0.0,0.04,0.0
2024-11-22 02:00:00,25,0.0,0.0,0.0
2024-11-22 09:00:00,25,0.12,0.2,-0.000640204865556937
2024-11-22 09:30:00,25,0.0,0.0,-0.0008111396512099356
2024-11-22 10:00:00,25,0.08,0.0,-0.00040749796251016157
2024-11-22 10:30:00,25,0.2,0.0,-0.00035829451809388235
2024-11-22 11:00:00,25,0.24,0.0,-0.001976675232259306
2024-11-22 13:30:00,25,0.12,0.04,-0.0006703536115301167
2024-11-22 14:00:00,25,0.0,0.04,0.0013133701076963877
2024-11-22 14:30:00,25,0.12,0.0,-0.0020161290322581182
2024-11-22 21:00:00,25,0.16,0.32,0.0009794319294809117
2024-11-22 21:30:00,25,0.0,0.0,0.0005763688760807018
2024-11-22 22:00:00,25,0.0,0.16,0.00073260073260073
2024-11-22 22:30:00,25,0.0,0.12,0.0010795250089961073
2024-11-22 23:00:00,25,0.0,0.0,0.0
2024-11-22 23:30:00,25,0.0,0.0,0.0
2024-11-23 00:00:00,25,0.0,0.0,0.0
2024-11-23 00:30:00,25,0.0,0.0,0.0
2024-11-23 01:00:00,25,0.0,0.0,0.0
2024-11-23 01:30:00,25,0.0,0.0,0.0
2024-11-23 02:00:00,25,0.0,0.0,0.0
2024-11-25 09:00:00,25,0.12,0.24,0.0017361111111111605
2024-11-25 09:30:00,25,0.0,0.0,-0.001186474194186271
2024-11-25 10:00:00,25,0.0,0.04,0.0014289797084880984
2024-11-25 10:30:00,25,0.0,0.0,-0.0022741368616910895
2024-11-25 11:00:00,25,0.2,0.0,-0.0019305019305019266
2024-11-25 13:30:00,25,0.04,0.0,0.0
2024-11-25 14:00:00,25,0.0,0.0,0.0
2024-11-25 14:30:00,25,0.04,0.0,0.0013502565487442109
2024-11-25 21:00:00,25,0.08,0.04,0.0
2024-11-25 21:30:00,25,0.0,0.0,-0.0006385696040868138
2024-11-25 22:00:00,25,0.12,0.0,0.00013489815189537957
2024-11-25 22:30:00,25,0.0,0.04,0.0004566210045662267
2024-11-25 23:00:00,25,0.0,0.0,0.0
2024-11-25 23:30:00,25,0.0,0.0,0.0
2024-11-26 00:00:00,25,0.0,0.0,0.0
2024-11-26 00:30:00,25,0.0,0.0,0.0
2024-11-26 01:00:00,25,0.0,0.0,0.0
2024-11-26 01:30:00,25,0.0,0.0,0.0
2024-11-26 02:00:00,25,0.0,0.0,0.0
2024-11-26 09:00:00,25,0.16,0.08,-0.00045641259698769865
2024-11-26 09:30:00,25,0.04,0.0,0.0003868471953578645
2024-11-26 10:00:00,25,0.0,0.0,0.001607717041800738
2024-11-26 10:30:00,25,0.04,0.04,-0.00045424512718861276
2024-11-26 11:00:00,25,0.08,0.04,0.0014245014245013454
2024-11-26 13:30:00,25,0.16,0.0,-0.00035906642728900096
2024-11-26 14:00:00,25,0.04,0.0,-0.0005033557046979498
2024-11-26 14:30:00,25,0.08,0.04,-0.0003026634382566895
2024-11-26 21:00:00,25,0.04,0.12,0.0004166666666667318
2024-11-26 21:30:00,25,0.0,0.0,-0.0004868549172346581
2024-11-26 22:00:00,25,0.12,0.04,-0.0014450867052022698
2024-11-26 22:30:00,25,0.0,0.04,0.0
2024-11-26 23:00:00,25,0.0,0.0,0.0
2024-11-26 23:30:00,25,0.0,0.0,0.0
2024-11-27 00:00:00,25,0.0,0.0,0.0
2024-11-27 00:30:00,25,0.0,0.0,0.0
2024-11-27 01:00:00,25,0.04,0.0,0.0
2024-11-27 01:30:00,25,0.0,0.0,0.0
2024-11-27 02:00:00,25,0.0,0.0,0.0
2024-11-27 09:00:00,25,0.24,0.04,-0.0012413108242304016
2024-11-27 09:30:00,25,0.08,0.16,0.0
2024-11-27 10:00:00,25,0.04,0.0,0.0002713704206240841
2024-11-27 10:30:00,25,0.0,0.28,0.0024931111402703987
2024-11-27 11:00:00,25,0.0,0.0,-0.00027067262146429627
2024-11-27 13:30:00,25,0.0,0.0,0.0007560007560007964
2024-11-27 14:00:00,25,0.0,0.04,0.001175088131609936
2024-11-27 14:30:00,25,0.0,0.04,0.00025961382443617786
2024-11-27 21:00:00,25,0.24,0.04,-0.0006164228011549255
2024-11-27 21:30:00,25,0.0,0.0,0.0
2024-11-27 22:00:00,25,0.04,0.0,-0.000916170407695871
2024-11-27 22:30:00,25,0.0,0.04,0.0010473946059177397
2024-11-27 23:00:00,25,0.04,0.0,0.0
2024-11-27 23:30:00,25,0.0,0.0,0.0
2024-11-28 00:00:00,25,0.0,0.0,0.0
2024-11-28 00:30:00,25,0.0,0.0,0.0
2024-11-28 01:00:00,25,0.0,0.0,0.0
2024-11-28 01:30:00,25,0.0,0.0,0.0
2024-11-28 02:00:00,25,0.0,0.0,0.0
2024-11-28 09:00:00,25,0.2,0.04,-0.0023932987634622815
2024-11-28 09:30:00,25,0.2,0.0,0.0
2024-11-28 10:00:00,25,0.0,0.0,0.0
2024-11-28 10:30:00,25,0.0,0.04,-0.0004910385465258793
2024-11-28 11:00:00,25,0.04,0.0,-0.0020073603211776536
2024-11-28 13:30:00,25,0.0,0.16,0.0008502567121226878
2024-11-28 14:00:00,25,0.0,0.0,0.0013400335008375563
2024-11-28 14:30:00,25,0.04,0.04,-0.00013553808620225816
2024-11-28 21:00:00,25,0.04,0.24,0.002943650126156383
2024-11-28 21:30:00,25,0.0,0.04,-0.0005428144931469703
2024-11-28 22:00:00,25,0.12,0.0,-0.0012014417300760805
2024-11-28 22:30:00,25,0.0,0.08,0.00035829451809377133
2024-11-28 23:00:00,25,0.0,0.0,0.0
2024-11-28 23:30:00,25,0.0,0.0,0.0
2024-11-29 00:00:00,25,0.0,0.0,0.0
2024-11-29 00:30:00,25,0.0,0.0,0.0
2024-11-29 01:00:00,25,0.0,0.0,0.0
2024-11-29 01:30:00,25,0.0,0.0,0.0
2024-11-29 02:00:00,25,0.0,0.0,0.0
2024-11-29 09:00:00,25,0.0,0.2,0.0022194821208385562
2024-11-29 09:30:00,25,0.04,0.0,0.0
2024-11-29 10:00:00,25,0.0,0.36,0.0032537960954446277
2024-11-29 10:30:00,25,0.0,0.2,0.0017194792434291895
2024-11-29 11:00:00,25,0.0,0.0,0.0
2024-11-29 13:30:00,25,0.04,0.04,0.0
2024-11-29 14:00:00,25,0.0,0.04,-0.0004900759617740835
2024-11-29 14:30:00,25,0.08,0.0,-0.00024515812699188455
2024-11-29 21:00:00,25,0.08,0.12,0.0
2024-11-29 21:30:00,25,0.0,0.0,-0.001776198934280604
2024-11-29 22:00:00,25,0.0,0.0,0.00030293850348384055
2024-11-29 22:30:00,25,0.08,0.0,0.0
2024-11-29 23:00:00,25,0.0,0.0,0.0
2024-11-29 23:30:00,25,0.0,0.0,0.0
2024-11-30 00:00:00,25,0.0,0.0,0.0
2024-11-30 00:30:00,25,0.04,0.04,0.0
2024-11-30 01:00:00,25,0.0,0.0,0.0
2024-11-30 01:30:00,25,0.0,0.0,0.0
2024-11-30 02:00:00,25,0.0,0.0,0.0
2024-12-02 09:00:00,25,0.32,0.28,-0.0017780938833570348
2024-12-02 09:30:00,25,0.0,0.12,0.0017588430721124926
2024-12-02 10:00:00,25,0.0,0.0,-0.0004655493482309536
2024-12-02 10:30:00,25,0.12,0.0,-0.000812897981303351
2024-12-02 11:00:00,25,0.0,0.04,0.001231830500123099
2024-12-02 13:30:00,25,0.04,0.0,-0.0007836990595611049
2024-12-02 14:00:00,25,0.16,0.0,-0.00191693290734829
2024-12-02 14:30:00,25,0.0,0.04,0.0012015620306398134
2024-12-02 21:00:00,25,0.12,0.08,0.00016441959881619006
2024-12-02 21:30:00,25,0.0,0.0,0.0
2024-12-02 22:00:00,25,0.0,0.0,0.0
2024-12-02 22:30:00,25,0.04,0.0,-0.0004891171435559283
2024-12-02 23:00:00,25,0.0,0.04,0.0
2024-12-02 23:30:00,25,0.0,0.0,0.0
2024-12-03 00:00:00,25,0.04,0.0,0.0
2024-12-03 00:30:00,25,0.0,0.0,0.0
2024-12-03 01:00:00,25,0.0,0.0,0.0
2024-12-03 01:30:00,25,0.0,0.0,0.0
2024-12-03 02:00:00,25,0.0,0.0,0.0
2024-12-03 09:00:00,25,0.12,0.16,0.0014852822036186542
2024-12-03 09:30:00,25,0.04,0.0,-0.0008103727714748876
2024-12-03 10:00:00,25,0.0,0.0,0.0
2024-12-03 10:30:00,25,0.04,0.0,-0.0008107012565869987
2024-12-03 11:00:00,25,0.04,0.04,0.0009411764705882231
2024-12-03 13:30:00,25,0.0,0.04,0.0
2024-12-03 14:00:00,25,0.0,0.12,0.001988071570576455
2024-12-03 14:30:00,25,0.0,0.04,0.00018835938971561994
2024-12-03 21:00:00,25,0.16,0.08,-0.0005125576627370565
2024-12-03 21:30:00,25,0.04,0.04,0.0
2024-12-03 22:00:00,25,0.0,0.0,0.0
2024-12-03 22:30:00,25,0.0,0.0,-8.224698770409322e-05
2024-12-03 23:00:00,25,0.0,0.0,0.0
2024-12-03 23:30:00,25,0.0,0.0,0.0
2024-12-04 00:00:00,25,0.0,0.0,0.0
2024-12-04 00:30:00,25,0.0,0.0,0.0
2024-12-04 01:00:00,25,0.0,0.0,0.0
2024-12-04 01:30:00,25,0.0,0.0,0.0
2024-12-04 02:00:00,25,0.0,0.0,0.0
2024-12-04 09:00:00,25,0.28,0.04,-0.0020914251568568965
2024-12-04 09:30:00,25,0.04,0.0,-0.0004898359049718692
2024-12-04 10:00:00,25,0.28,0.0,-0.001967729240456517
2024-12-04 10:30:00,25,0.04,0.04,0.0007886435331230235
2024-12-04 11:00:00,25,0.2,0.0,-0.0013401232913428096
2024-12-04 13:30:00,25,0.0,0.16,0.002780352177942591
2024-12-04 14:00:00,25,0.04,0.04,-0.0007860090391039742
2024-12-04 14:30:00,25,0.0,0.12,0.000486144871171712
2024-12-04 21:00:00,25,0.2,0.0,-0.0007027406886859211
2024-12-04 21:30:00,25,0.08,0.04,0.0002912150137517333
2024-12-04 22:00:00,25,0.0,0.04,0.0007886435331230235
2024-12-04 22:30:00,25,0.08,0.0,-0.001588562351072298
2024-12-04 23:00:00,25,0.0,0.0,0.0
2024-12-04 23:30:00,25,0.0,0.0,0.0
2024-12-05 00:00:00,25,0.0,0.0,0.0
2024-12-05 00:30:00,25,0.0,0.0,0.0
2024-12-05 01:00:00,25,0.0,0.0,0.0
2024-12-05 01:30:00,25,0.0,0.0,0.0
2024-12-05 02:00:00,25,0.0,0.0,0.0
2024-12-05 09:00:00,25,0.04,0.0,0.00019716088328070036
2024-12-05 09:30:00,25,0.08,0.0,-0.0016953257447324122
2024-12-05 10:00:00,25,0.08,0.0,-0.0013114754098361159
2024-12-05 10:30:00,25,0.0,0.04,-0.00026745119015780805
2024-12-05 11:00:00,25,0.0,0.08,0.0004514116874589913
2024-12-05 13:30:00,25,0.04,0.12,-0.00041946308724827297
2024-12-05 14:00:00,25,0.16,0.0,-0.0017934002869440802
2024-12-05 14:30:00,25,0.0,0.04,0.001323751891074254
2024-12-05 21:00:00,25,0.12,0.04,-0.0008085381630013044
2024-12-05 21:30:00,25,0.0,0.04,0.0011085564132040648
2024-12-05 22:00:00,25,0.0,0.0,-0.0003003003003002602
2024-12-05 22:30:00,25,0.04,0.0,-0.0005778676683039219
2024-12-05 23:00:00,25,0.0,0.0,0.0
2024-12-05 23:30:00,25,0.0,0.0,0.0
2024-12-06 00:00:00,25,0.04,0.0,0.0
2024-12-06 00:30:00,25,0.0,0.0,0.0
2024-12-06 01:00:00,25,0.04,0.0,0.0
2024-12-06 01:30:00,25,0.0,0.0,0.0
2024-12-06 02:00:00,25,0.0,0.0,0.0
2024-12-06 09:00:00,25,0.16,0.04,-0.0010818608005770392
2024-12-06 09:30:00,25,0.04,0.04,-0.0004032800107541812
2024-12-06 10:00:00,25,0.0,0.04,0.0020254629629630205
2024-12-06 10:30:00,25,0.04,0.08,0.0006548788474132206
2024-12-06 11:00:00,25,0.0,0.04,0.0002619172341540299
2024-12-06 13:30:00,25,0.0,0.0,0.001073799297149458
2024-12-06 14:00:00,25,0.0,0.04,-0.0006226650062266526
2024-12-06 14:30:00,25,0.12,0.04,-0.001378169790518191
2024-12-06 21:00:00,25,0.16,0.04,0.0
2024-12-06 21:30:00,25,0.0,0.0,-0.0005752085130860118
2024-12-06 22:00:00,25,0.12,0.0,-0.001126972201352383
2024-12-06 22:30:00,25,0.08,0.0,0.0
2024-12-06 23:00:00,25,0.0,0.0,0.0
2024-12-06 23:30:00,25,0.0,0.0,0.0
2024-12-07 00:00:00,25,0.0,0.0,0.0
2024-12-07 00:30:00,25,0.0,0.0,0.0
2024-12-07 01:00:00,25,0.0,0.0,0.0
2024-12-07 01:30:00,25,0.0,0.0,0.0
2024-12-07 02:00:00,25,0.0,0.0,0.0
2024-12-09 09:00:00,25,0.2,0.32,0.001966568338249708
2024-12-09 09:30:00,25,0.04,0.12,0.0008995502248876353
2024-12-09 10:00:00,25,0.0,0.0,-0.00039131285462723486
2024-12-09 10:30:00,25,0.0,0.0,-0.0005871990604815469
2024-12-09 11:00:00,25,0.16,0.0,-0.0029543994861913614
2024-12-09 13:30:00,25,0.04,0.12,0.0017706079087154158
2024-12-09 14:00:00,25,0.0,0.0,0.0011769321302470548
2024-12-09 14:30:00,25,0.0,0.04,0.0011409013120364797
2024-12-09 21:00:00,25,0.0,0.76,0.008235294117647118
2024-12-09 21:30:00,25,0.0,0.04,0.0022528491916247173
2024-12-09 22:00:00,25,0.0,0.04,0.0005854800936768711
2024-12-09 22:30:00,25,0.0,0.08,0.0016313213703098572
2024-12-09 23:00:00,25,0.0,0.0,0.0
2024-12-09 23:30:00,25,0.0,0.0,0.0
2024-12-10 00:00:00,25,0.0,0.0,0.0
2024-12-10 00:30:00,25,0.0,0.0,0.0
2024-12-10 01:00:00,25,0.0,0.0,0.0
2024-12-10 01:30:00,25,0.0,0.0,0.0
2024-12-10 02:00:00,25,0.0,0.0,0.0
2024-12-10 09:00:00,25,0.04,0.16,0.0013183279742765563
2024-12-10 09:30:00,25,0.36,0.0,-0.005899705014749235
2024-12-10 10:00:00,25,0.0,0.0,0.0008478168715557732
2024-12-10 10:30:00,25,0.0,0.0,-0.0023856858846919016
2024-12-10 11:00:00,25,0.04,0.0,-0.0017548990933021757
2024-12-10 13:30:00,25,0.0,0.0,0.0
2024-12-10 14:00:00,25,0.04,0.0,-0.0005617977528089568
2024-12-10 14:30:00,25,0.0,0.0,-0.0008453085376162184
2024-12-10 21:00:00,25,0.04,0.04,0.0005324104884865122
2024-12-10 21:30:00,25,0.0,0.0,0.000983767830792015
2024-12-10 22:00:00,25,0.0,0.0,0.0
2024-12-10 22:30:00,25,0.0,0.0,0.0
2024-12-10 23:00:00,25,0.0,0.0,0.0
2024-12-10 23:30:00,25,0.0,0.04,0.0
2024-12-11 00:00:00,25,0.0,0.0,0.0
2024-12-11 00:30:00,25,0.0,0.0,0.0
2024-12-11 01:00:00,25,0.0,0.0,0.0
2024-12-11 01:30:00,25,0.0,0.0,0.0
2024-12-11 02:00:00,25,0.0,0.0,0.0
2024-12-11 09:00:00,25,0.04,0.08,0.0009282588516112966
2024-12-11 09:30:00,25,0.0,0.0,0.0017361111111111605
2024-12-11 10:00:00,25,0.0,0.0,0.0005635843967635168
2024-12-11 10:30:00,25,0.0,0.0,-0.00042753313381782565
2024-12-11 11:00:00,25,0.0,0.0,0.00024473813020065016
2024-12-11 13:30:00,25,0.08,0.0,-0.0005627688226071959
2024-12-11 14:00:00,25,0.0,0.0,-0.0011578541103820505
2024-12-11 14:30:00,25,0.0,0.0,0.0009281357730044348
2024-12-11 21:00:00,25,0.08,0.12,-0.00038654812524163695
2024-12-11 21:30:00,25,0.0,0.0,-0.0004399648028158287
2024-12-11 22:00:00,25,0.0,0.0,0.0004909180166912108
2024-12-11 22:30:00,25,0.0,0.0,0.0003780718336483524
2024-12-11 23:00:00,25,0.0,0.0,0.0
2024-12-11 23:30:00,25,0.0,0.0,0.0
2024-12-12 00:00:00,25,0.0,0.0,0.0
2024-12-12 00:30:00,25,0.0,0.0,0.0
2024-12-12 01:00:00,25,0.0,0.0,0.0
2024-12-12 01:30:00,25,0.0,0.0,0.0
2024-12-12 02:00:00,25,0.0,0.0,0.0
2024-12-12 09:00:00,25,0.08,0.08,0.0
2024-12-12 09:30:00,25,0.0,0.12,0.00026581605528974706
2024-12-12 10:00:00,25,0.0,0.0,0.0004198152812762146
2024-12-12 10:30:00,25,0.08,0.0,-0.001698513800424628
2024-12-12 11:00:00,25,0.0,0.52,0.0033112582781456013
2024-12-12 13:30:00,25,0.0,0.08,-0.0007538635506972868
2024-12-12 14:00:00,25,0.04,0.0,0.0
2024-12-12 14:30:00,25,0.0,0.0,0.00036350418029806875
2024-12-12 21:00:00,25,0.52,0.08,-0.0032626944154073856
2024-12-12 21:30:00,25,0.12,0.0,0.0
2024-12-12 22:00:00,25,0.08,0.0,-0.0027638190954774045
2024-12-12 22:30:00,25,0.0,0.0,0.0006018054162486575
2024-12-12 23:00:00,25,0.04,0.0,0.0
2024-12-12 23:30:00,25,0.0,0.0,0.0
2024-12-13 00:00:00,25,0.0,0.0,0.0
2024-12-13 00:30:00,25,0.0,0.04,0.0
2024-12-13 01:00:00,25,0.0,0.04,0.0
2024-12-13 01:30:00,25,0.0,0.0,0.0
2024-12-13 02:00:00,25,0.0,0.0,0.0
2024-12-13 09:00:00,25,0.12,0.0,-0.0009756097560975618
2024-12-13 09:30:00,25,0.2,0.0,-0.0014725568942436373
2024-12-13 10:00:00,25,0.0,0.0,-0.000642343268242529
2024-12-13 10:30:00,25,0.04,0.04,-0.00012855122766419758
2024-12-13 11:00:00,25,0.04,0.0,0.000892060660124816
2024-12-13 13:30:00,25,0.0,0.04,0.0
2024-12-13 14:00:00,25,0.08,0.0,-0.00178359096313907
2024-12-13 14:30:00,25,0.04,0.04,0.00038377894332874973
2024-12-13 21:00:00,25,0.12,0.08,-0.0003868471953578645
2024-12-13 21:30:00,25,0.0,0.0,-0.0011609907120743168
2024-12-13 22:00:00,25,0.0,0.0,0.0
2024-12-13 22:30:00,25,0.0,0.0,0.0
2024-12-13 23:00:00,25,0.0,0.0,0.0
2024-12-13 23:30:00,25,0.0,0.04,0.0
2024-12-14 00:00:00,25,0.0,0.0,0.0
2024-12-14 00:30:00,25,0.0,0.0,0.0
2024-12-14 01:00:00,25,0.0,0.0,0.0
2024-12-14 01:30:00,25,0.0,0.0,0.0
2024-12-14 02:00:00,25,0.0,0.0,0.0
2024-12-16 09:00:00,25,0.04,0.08,-0.0014695077149154967
2024-12-16 09:30:00,25,0.08,0.0,-0.0007358351729213064
2024-12-16 10:00:00,25,0.12,0.0,-0.001367989056087593
2024-12-16 10:30:00,25,0.0,0.08,0.0008982035928144505
2024-12-16 11:00:00,25,0.0,0.08,0.002271006813020504
2024-12-16 13:30:00,25,0.04,0.0,-0.000671591672263272
2024-12-16 14:00:00,25,0.0,0.0,0.001273653566229882
2024-12-16 14:30:00,25,0.0,0.04,0.0010351966873705098
2024-12-16 21:00:00,25,0.08,0.08,0.0
2024-12-16 21:30:00,25,0.0,0.04,0.0
2024-12-16 22:00:00,25,0.0,0.04,0.0
2024-12-16 22:30:00,25,0.04,0.0,-0.00044563279857401383
2024-12-16 23:00:00,25,0.0,0.0,0.0
2024-12-16 23:30:00,25,0.0,0.0,0.0
2024-12-17 00:00:00,25,0.0,0.0,0.0
2024-12-17 00:30:00,25,0.0,0.0,0.0
2024-12-17 01:00:00,25,0.0,0.0,0.0
2024-12-17 01:30:00,25,0.0,0.0,0.0
2024-12-17 02:00:00,25,0.0,0.0,0.0
2024-12-17 09:00:00,25,0.24,0.0,-0.0017851829812556286
2024-12-17 09:30:00,25,0.0,0.16,0.0025450274079874546
2024-12-17 10:00:00,25,0.04,0.0,-0.0011320907289855686
2024-12-17 10:30:00,25,0.04,0.0,-0.0003822629969418845
2024-12-17 11:00:00,25,0.04,0.0,-0.0009389671361502705
2024-12-17 13:30:00,25,0.0,0.0,0.0006652253450856183
2024-12-17 14:00:00,25,0.04,0.0,-0.0011086474501108556
2024-12-17 14:30:00,25,0.04,0.0,0.00025923525599491626
2024-12-17 21:00:00,25,0.36,0.0,-0.0038993955936830194
2024-12-17 21:30:00,25,0.12,0.0,-0.0018348623853210455
2024-12-17 22:00:00,25,0.0,0.04,0.0
2024-12-17 22:30:00,25,0.0,0.0,-0.0009079412432309031
2024-12-17 23:00:00,25,0.0,0.0,0.0
2024-12-17 23:30:00,25,0.0,0.0,0.0
2024-12-18 00:00:00,25,0.0,0.0,0.0
2024-12-18 00:30:00,25,0.0,0.0,0.0
2024-12-18 01:00:00,25,0.0,0.0,0.0
2024-12-18 01:30:00,25,0.0,0.0,0.0
2024-12-18 02:00:00,25,0.0,0.0,0.0
2024-12-18 09:00:00,25,0.08,0.08,0.0
2024-12-18 09:30:00,25,0.08,0.0,0.0009446693657220173
2024-12-18 10:00:00,25,0.0,0.0,-0.0005890437855881059
2024-12-18 10:30:00,25,0.28,0.0,-0.002397123451857719
2024-12-18 11:00:00,25,0.0,0.0,0.0
2024-12-18 13:30:00,25,0.0,0.0,-0.0007390983000741258
2024-12-18 14:00:00,25,0.12,0.0,-0.0014257939079714843
2024-12-18 14:30:00,25,0.16,0.0,-0.00025862347654603823
2024-12-18 21:00:00,25,0.08,0.32,0.00038955979742882896
2024-12-18 21:30:00,25,0.0,0.0,-0.0005924170616113944
2024-12-18 22:00:00,25,0.0,0.0,-0.0005817335660267542
2024-12-18 22:30:00,25,0.0,0.12,0.0014204545454545858
2024-12-18 23:00:00,25,0.0,0.0,0.0
2024-12-18 23:30:00,25,0.0,0.0,0.0
2024-12-19 00:00:00,25,0.0,0.0,0.0
2024-12-19 00:30:00,25,0.0,0.0,0.0
2024-12-19 01:00:00,25,0.0,0.0,0.0
2024-12-19 01:30:00,25,0.0,0.0,0.0
2024-12-19 02:00:00,25,0.0,0.0,0.0
2024-12-19 09:00:00,25,0.72,0.04,-0.00588400112076215
2024-12-19 09:30:00,25,0.08,0.0,-0.0007493443237167607
2024-12-19 10:00:00,25,0.04,0.0,-0.0011726766344181128
2024-12-19 10:30:00,25,0.08,0.04,0.0008131183087138893
2024-12-19 11:00:00,25,0.16,0.0,-0.0009203865623561569
2024-12-19 13:30:00,25,0.12,0.0,-0.001710043376709991
2024-12-19 14:00:00,25,0.0,0.48,0.00398519783660678
2024-12-19 14:30:00,25,0.04,0.0,-0.0003886513797124458
2024-12-19 21:00:00,25,0.04,0.04,0.0
2024-12-19 21:30:00,25,0.0,0.0,0.0
2024-12-19 22:00:00,25,0.0,0.0,0.0
2024-12-19 22:30:00,25,0.0,0.0,-0.0014899092509820244
2024-12-19 23:00:00,25,0.0,0.0,0.0
2024-12-19 23:30:00,25,0.0,0.0,0.0
2024-12-20 00:00:00,25,0.0,0.0,0.0
2024-12-20 00:30:00,25,0.0,0.0,0.0
2024-12-20 01:00:00,25,0.0,0.0,0.0
2024-12-20 01:30:00,25,0.0,0.0,0.0
2024-12-20 02:00:00,25,0.0,0.0,0.0
2024-12-20 09:00:00,25,0.08,0.16,0.0012144110106597772
2024-12-20 09:30:00,25,0.0,0.04,0.0011591962905719289
2024-12-20 10:00:00,25,0.0,0.0,-0.0006090133982947776
2024-12-20 10:30:00,25,0.0,0.0,0.0
2024-12-20 11:00:00,25,0.0,0.16,0.0023833844058562814
2024-12-20 13:30:00,25,0.0,0.0,-0.0009998000399920048
2024-12-20 14:00:00,25,0.04,0.0,0.0
2024-12-20 14:30:00,25,0.0,0.0,-0.00016998130205680972
2024-12-20 21:00:00,25,0.12,0.0,-0.0018989745537409952
2024-12-20 21:30:00,25,0.0,0.08,-0.000916170407695871
2024-12-20 22:00:00,25,0.0,0.0,0.0002949852507374562
2024-12-20 22:30:00,25,0.0,0.2,0.0011904761904761862
2024-12-20 23:00:00,25,0.0,0.0,0.0
2024-12-20 23:30:00,25,0.0,0.0,0.0
2024-12-21 00:00:00,25,0.0,0.0,0.0
2024-12-21 00:30:00,25,0.0,0.0,0.0
2024-12-21 01:00:00,25,0.0,0.0,0.0
2024-12-21 01:30:00,25,0.0,0.0,0.0
2024-12-21 02:00:00,25,0.0,0.0,0.0
2024-12-23 09:00:00,25,0.04,0.2,0.001872659176029856
2024-12-23 09:30:00,25,0.0,0.0,-0.0007267441860464574
2024-12-23 10:00:00,25,0.0,0.0,0.00038699690402466125
2024-12-23 10:30:00,25,0.0,0.0,0.0014607069821794827
2024-12-23 11:00:00,25,0.0,0.0,0.0
2024-12-23 13:30:00,25,0.0,0.04,-0.0012242399510303814
2024-12-23 14:00:00,25,0.0,0.04,0.0
2024-12-23 14:30:00,25,0.0,0.04,0.00033675702980295874
2024-12-23 21:00:00,25,0.24,0.04,-0.001519756838905817
2024-12-23 21:30:00,25,0.0,0.0,0.0
2024-12-23 22:00:00,25,0.0,0.0,-0.0003044140030441511
2024-12-23 22:30:00,25,0.0,0.0,-0.0006910850034553828
2024-12-23 23:00:00,25,0.0,0.0,0.0
2024-12-23 23:30:00,25,0.0,0.0,0.0
2024-12-24 00:00:00,25,0.0,0.0,0.0
2024-12-24 00:30:00,25,0.0,0.0,0.0
2024-12-24 01:00:00,25,0.0,0.0,0.0
2024-12-24 01:30:00,25,0.0,0.0,0.0
2024-12-24 02:00:00,25,0.0,0.0,0.0
2024-12-24 09:00:00,25,0.04,0.12,0.0007633587786259888
2024-12-24 09:30:00,25,0.0,0.08,0.0019374481040685954
2024-12-24 10:00:00,25,0.0,0.0,0.001217203137679146
2024-12-24 10:30:00,25,0.04,0.04,-0.0005698005698006048
2024-12-24 11:00:00,25,0.0,0.0,-0.0007272727272726875
2024-12-24 13:30:00,25,0.0,0.12,0.0025227043390514403
2024-12-24 14:00:00,25,0.0,0.0,-0.0004372540445999329
2024-12-24 14:30:00,25,0.0,0.24,0.001622937516905676
2024-12-24 21:00:00,25,0.0,0.12,0.0
2024-12-24 21:30:00,25,0.0,0.0,0.0
2024-12-24 22:00:00,25,0.0,0.08,0.0007816571130796479
2024-12-24 22:30:00,25,0.04,0.0,-0.0006770480704130222
2024-12-24 23:00:00,25,0.0,0.0,0.0
2024-12-24 23:30:00,25,0.0,0.0,0.0
2024-12-25 00:00:00,25,0.0,0.0,0.0
2024-12-25 00:30:00,25,0.0,0.0,0.0
2024-12-25 01:00:00,25,0.0,0.0,0.0
2024-12-25 01:30:00,25,0.0,0.0,0.0
2024-12-25 02:00:00,25,0.0,0.0,0.0
2024-12-25 09:00:00,25,0.16,0.0,-0.00037397157816010385
2024-12-25 09:30:00,25,0.0,0.0,0.0006056935190792423
2024-12-25 10:00:00,25,0.0,0.0,0.0
2024-12-25 10:30:00,25,0.2,0.04,-0.0022831050228310223
2024-12-25 11:00:00,25,0.0,0.04,0.0013037809647979959
2024-12-25 13:30:00,25,0.0,0.08,-0.0003024803387779995
2024-12-25 14:00:00,25,0.0,0.12,0.00025119316754573795
2024-12-25 14:30:00,25,0.0,0.04,-0.00037792894935750887
2024-12-25 21:00:00,25,0.12,0.0,-0.000923239250857244
2024-12-25 21:30:00,25,0.0,0.0,0.00027427317608341717
2024-12-25 22:00:00,25,0.04,0.0,-0.0005037783375314575
2024-12-25 22:30:00,25,0.04,0.0,-0.0005892751915144157
2024-12-25 23:00:00,25,0.0,0.0,0.0
2024-12-25 23:30:00,25,0.0,0.0,0.0
2024-12-26 00:00:00,25,0.0,0.0,0.0
2024-12-26 00:30:00,25,0.0,0.0,0.0
2024-12-26 01:00:00,25,0.0,0.0,0.0
2024-12-26 01:30:00,25,0.0,0.0,0.0
2024-12-26 02:00:00,25,0.0,0.04,0.0
2024-12-26 09:00:00,25,0.04,0.28,0.0019043315473501465
2024-12-26 09:30:00,25,0.04,0.0,-0.00040766408479409044
2024-12-26 10:00:00,25,0.0,0.04,0.0009147457006952742
2024-12-26 10:30:00,25,0.0,0.04,3.2248701989923134e-05
2024-12-26 11:00:00,25,0.0,0.0,-0.0007538635506972868
2024-12-26 13:30:00,25,0.36,0.0,-0.001769911504424737
2024-12-26 14:00:00,25,0.04,0.0,0.000684462696783017
2024-12-26 14:30:00,25,0.04,0.04,-0.0008097165991902688
2024-12-26 21:00:00,25,0.08,0.44,0.0033469691335068497
2024-12-26 21:30:00,25,0.08,0.0,-0.0014755197853789648
2024-12-26 22:00:00,25,0.04,0.0,0.00039452919516036467
2024-12-26 22:30:00,25,0.04,0.0,0.0
2024-12-26 23:00:00,25,0.0,0.0,0.0
2024-12-26 23:30:00,25,0.0,0.0,0.0
2024-12-27 00:00:00,25,0.0,0.0,0.0
2024-12-27 00:30:00,25,0.0,0.0,0.0
2024-12-27 01:00:00,25,0.04,0.0,0.0
2024-12-27 01:30:00,25,0.0,0.0,0.0
2024-12-27 02:00:00,25,0.0,0.04,0.0
2024-12-27 09:00:00,25,0.16,0.08,-0.00025799793601655185
2024-12-27 09:30:00,25,0.08,0.04,-0.0008073196986005948
2024-12-27 10:00:00,25,0.0,0.0,-0.001022118647532655
2024-12-27 10:30:00,25,0.0,0.04,0.0011329305135951984
2024-12-27 11:00:00,25,0.0,0.0,-0.0008792497069167737
2024-12-27 13:30:00,25,0.04,0.0,-0.0007558578987150177
2024-12-27 14:00:00,25,0.0,0.0,-0.0009177118384827709
2024-12-27 14:30:00,25,0.04,0.0,-0.0005954743946010588
2024-12-27 21:00:00,25,0.2,0.08,0.0002808988764044784
2024-12-27 21:30:00,25,0.0,0.08,0.0009115770282588365
2024-12-27 22:00:00,25,0.0,0.0,0.0
2024-12-27 22:30:00,25,0.04,0.0,0.0
2024-12-27 23:00:00,25,0.0,0.0,0.0
2024-12-27 23:30:00,25,0.0,0.0,0.0
2024-12-28 00:00:00,25,0.0,0.0,0.0
2024-12-28 00:30:00,25,0.0,0.0,0.0
2024-12-28 01:00:00,25,0.0,0.0,0.0
2024-12-28 01:30:00,25,0.0,0.0,0.0
2024-12-28 02:00:00,25,0.0,0.0,0.0
2024-12-30 09:00:00,25,0.16,0.2,0.00028058361391702924
2024-12-30 09:30:00,25,0.0,0.28,0.0033872788859616865
2024-12-30 10:00:00,25,0.0,0.0,-0.0007446016381236209
2024-12-30 10:30:00,25,0.0,0.08,0.001494768310911887
2024-12-30 11:00:00,25,0.0,0.04,-0.0011665208515602155
2024-12-30 13:30:00,25,0.0,0.12,0.001123174840883534
2024-12-30 14:00:00,25,0.0,0.04,0.0006443298969072142
2024-12-30 14:30:00,25,0.08,0.04,-0.0008072110856989223
2024-12-30 21:00:00,25,0.12,0.0,0.0
2024-12-30 21:30:00,25,0.04,0.08,0.0
2024-12-30 22:00:00,25,0.0,0.04,0.0011090573012939586
2024-12-30 22:30:00,25,0.0,0.04,-0.0005605381165919576
2024-12-30 23:00:00,25,0.0,0.0,0.0
2024-12-30 23:30:00,25,0.0,0.0,0.0
2024-12-31 00:00:00,25,0.0,0.0,0.0
2024-12-31 00:30:00,25,0.0,0.0,0.0
2024-12-31 01:00:00,25,0.0,0.0,0.0
2024-12-31 01:30:00,25,0.0,0.0,0.0
2024-12-31 02:00:00,25,0.0,0.0,0.0
2024-12-31 09:00:00,25,0.16,0.04,-0.0009340805978116373
2024-12-31 09:30:00,25,0.08,0.0,-0.0015078407720144904
2024-12-31 10:00:00,25,0.08,0.0,-0.0007448789571694592
2024-12-31 10:30:00,25,0.0,0.0,0.000605143721633894
2024-12-31 11:00:00,25,0.08,0.12,-0.0002585315408479838
2024-12-31 13:30:00,25,0.04,0.04,0.00027140724657348514
2024-12-31 14:00:00,25,0.04,0.08,0.0
2024-12-31 14:30:00,25,0.0,0.04,0.0007415647015203142
2025-01-02 09:00:00,25,0.08,0.56,0.005308392315470201
2025-01-02 09:30:00,25,0.12,0.04,-0.0009200841219768607
2025-01-02 10:00:00,25,0.0,0.12,0.0020519835841312783
2025-01-02 10:30:00,25,0.0,0.0,0.0014985014985013922
2025-01-02 11:00:00,25,0.16,0.0,-0.0022490863086871427
2025-01-02 13:30:00,25,0.08,0.0,-0.0008948545861297008
2025-01-02 14:00:00,25,0.04,0.0,-0.0005955926146515855
2025-01-02 14:30:00,25,0.0,0.0,0.000302571860816947
2025-01-02 21:00:00,25,0.24,0.04,0.0
2025-01-02 21:30:00,25,0.12,0.0,0.0
2025-01-02 22:00:00,25,0.12,0.0,-0.0005163955589981839
2025-01-02 22:30:00,25,0.0,0.0,0.0
2025-01-02 23:00:00,25,0.0,0.0,0.0
2025-01-02 23:30:00,25,0.0,0.0,0.0
2025-01-03 00:00:00,25,0.0,0.0,0.0
2025-01-03 00:30:00,25,0.0,0.0,0.0
2025-01-03 01:00:00,25,0.0,0.0,0.0
2025-01-03 01:30:00,25,0.0,0.0,0.0
2025-01-03 02:00:00,25,0.0,0.0,0.0
2025-01-03 09:00:00,25,0.24,0.04,-0.0010467550593161734
2025-01-03 09:30:00,25,0.12,0.0,-0.0009995002498750516
2025-01-03 10:00:00,25,0.04,0.0,0.0004364906154517012
2025-01-03 10:30:00,25,0.16,0.04,-0.0011318619128466434
2025-01-03 11:00:00,25,0.04,0.0,0.0
2025-01-03 13:30:00,25,0.0,0.04,-0.0002975304968759751
2025-01-03 14:00:00,25,0.0,0.0,-8.182971236858627e-05
2025-01-03 14:30:00,25,0.0,0.04,0.0
2025-01-03 21:00:00,25,0.2,0.04,-0.00029612081729346595
2025-01-03 21:30:00,25,0.0,0.0,0.0014958863126401933
2025-01-03 22:00:00,25,0.0,0.04,0.0006787023211618504
2025-01-03 22:30:00,25,0.0,0.0,0.0007322741889268514
2025-01-03 23:00:00,25,0.0,0.0,0.0
2025-01-03 23:30:00,25,0.0,0.04,0.0
2025-01-04 00:00:00,25,0.0,0.0,0.0
2025-01-04 00:30:00,25,0.0,0.0,0.0
2025-01-04 01:00:00,25,0.0,0.0,0.0
2025-01-04 01:30:00,25,0.0,0.0,0.0
2025-01-04 02:00:00,25,0.0,0.0,0.0
2025-01-06 09:00:00,25,0.04,0.16,0.0006656681644199303
2025-01-06 09:30:00,25,0.2,0.0,-0.0024340770791074773
2025-01-06 10:00:00,25,0.0,0.12,0.0026730026730026335
2025-01-06 10:30:00,25,0.08,0.0,-0.002207505518763808
2025-01-06 11:00:00,25,0.04,0.0,-0.002099059459895858
2025-01-06 13:30:00,25,0.12,0.04,-0.0008174943797261136
2025-01-06 14:00:00,25,0.04,0.0,-0.0010552233556103685
2025-01-06 14:30:00,25,0.0,0.0,-0.00046360686138158247
2025-01-06 21:00:00,25,0.0,0.36,0.002772963604852796
2025-01-06 21:30:00,25,0.08,0.0,0.0
2025-01-06 22:00:00,25,0.08,0.04,-0.0020330368487928574
2025-01-06 22:30:00,25,0.0,0.04,0.0005948839976204212
2025-01-06 23:00:00,25,0.0,0.0,0.0
2025-01-06 23:30:00,25,0.04,0.0,0.0
2025-01-07 00:00:00,25,0.0,0.0,0.0
2025-01-07 00:30:00,25,0.0,0.0,0.0
2025-01-07 01:00:00,25,0.0,0.0,0.0
2025-01-07 01:30:00,25,0.0,0.0,0.0
2025-01-07 02:00:00,25,0.0,0.0,0.0
2025-01-07 09:00:00,25,0.24,0.0,-0.0027037466203166938
2025-01-07 09:30:00,25,0.0,0.04,0.0
2025-01-07 10:00:00,25,0.0,0.0,-0.0007082152974504652
2025-01-07 10:30:00,25,0.08,0.0,-0.0007513148009016257
2025-01-07 11:00:00,25,0.12,0.04,0.0
2025-01-07 13:30:00,25,0.0,0.08,0.001325673884224443
2025-01-07 14:00:00,25,0.0,0.04,0.0008075370121130021
2025-01-07 14:30:00,25,0.0,0.04,-0.0008965929468021105
2025-01-07 21:00:00,25,0.0,0.16,0.0014245014245013454
2025-01-07 21:30:00,25,0.0,0.0,0.0
2025-01-07 22:00:00,25,0.04,0.0,-0.0004608294930875667
2025-01-07 22:30:00,25,0.0,0.0,-3.961651216222162e-05
2025-01-07 23:00:00,25,0.0,0.0,0.0
2025-01-07 23:30:00,25,0.0,0.0,0.0
2025-01-08 00:00:00,25,0.0,0.0,0.0
2025-01-08 00:30:00,25,0.0,0.0,0.0
2025-01-08 01:00:00,25,0.0,0.0,0.0
2025-01-08 01:30:00,25,0.0,0.0,0.0
2025-01-08 02:00:00,25,0.0,0.0,0.0
2025-01-08 09:00:00,25,0.16,0.04,-0.000372717107715248
2025-01-08 09:30:00,25,0.0,0.04,0.0
2025-01-08 10:00:00,25,0.0,0.0,-0.0005422820504641379
2025-01-08 10:30:00,25,0.0,0.0,-0.0006671114076051143
2025-01-08 11:00:00,25,0.16,0.0,-0.0018549747048903775
2025-01-08 13:30:00,25,0.0,0.2,0.0035842293906809264
2025-01-08 14:00:00,25,0.0,0.0,-0.0005285412262155953
2025-01-08 14:30:00,25,0.12,0.0,-0.0012441679626750135
2025-01-08 21:00:00,25,0.16,0.04,-0.0005564387917329494
2025-01-08 21:30:00,25,0.0,0.0,0.00038804811796655514
2025-01-08 22:00:00,25,0.0,0.08,0.0015605493133583614
2025-01-08 22:30:00,25,0.0,0.0,-0.00038106125559689286
2025-01-08 23:00:00,25,0.0,0.0,0.0
2025-01-08 23:30:00,25,0.0,0.0,0.0
2025-01-09 00:00:00,25,0.0,0.0,0.0
2025-01-09 00:30:00,25,0.0,0.0,0.0
2025-01-09 01:00:00,25,0.04,0.0,0.0
2025-01-09 01:30:00,25,0.04,0.0,0.0
2025-01-09 02:00:00,25,0.0,0.0,0.0
2025-01-09 09:00:00,25,0.2,0.0,-0.002246181491464494
2025-01-09 09:30:00,25,0.08,0.0,-0.00034995068876642055
2025-01-09 10:00:00,25,0.0,0.0,0.0
2025-01-09 10:30:00,25,0.0,0.16,0.002250692520775477
2025-01-09 11:00:00,25,0.0,0.0,0.0005182242183452423
2025-01-09 13:30:00,25,0.04,0.12,0.0005922416345869319
2025-01-09 14:00:00,25,0.0,0.08,0.0011459129106188293
2025-01-09 14:30:00,25,0.04,0.12,0.0005354752342703328
2025-01-09 21:00:00,25,0.08,0.24,0.0
2025-01-09 21:30:00,25,0.04,0.0,-0.0007604562737643095
2025-01-09 22:00:00,25,0.0,0.0,0.0
2025-01-09 22:30:00,25,0.0,0.04,0.0007604562737641984
2025-01-09 23:00:00,25,0.0,0.0,0.0
2025-01-09 23:30:00,25,0.0,0.0,0.0
2025-01-10 00:00:00,25,0.0,0.0,0.0
2025-01-10 00:30:00,25,0.0,0.0,0.0
2025-01-10 01:00:00,25,0.0,0.0,0.0
2025-01-10 01:30:00,25,0.0,0.0,0.0
2025-01-10 02:00:00,25,0.0,0.0,0.0
2025-01-10 09:00:00,25,0.0,0.36,0.0031069684864624136
2025-01-10 09:30:00,25,0.04,0.0,-0.0011560693641619046
2025-01-10 10:00:00,25,0.0,0.0,0.0
2025-01-10 10:30:00,25,0.0,0.0,0.0009203865623561569
2025-01-10 11:00:00,25,0.08,0.0,-0.0006031363088058184
2025-01-10 13:30:00,25,0.0,0.04,0.0015153906866613998
2025-01-10 14:00:00,25,0.0,0.12,0.0009208103130755596
2025-01-10 14:30:00,25,0.0,0.04,-0.0008491847826086474
2025-01-10 21:00:00,25,0.08,0.32,0.001845869866174521
2025-01-10 21:30:00,25,0.0,0.08,0.0014450867052022698
2025-01-10 22:00:00,25,0.0,0.44,0.0037200651011393138
2025-01-10 22:30:00,25,0.0,0.0,0.0
2025-01-10 23:00:00,25,0.0,0.0,0.0
2025-01-10 23:30:00,25,0.0,0.0,0.0
2025-01-11 00:00:00,25,0.0,0.0,0.0
2025-01-11 00:30:00,25,0.0,0.0,0.0
2025-01-11 01:00:00,25,0.0,0.0,0.0
2025-01-11 01:30:00,25,0.0,0.0,0.0
2025-01-11 02:00:00,25,0.0,0.0,0.0
2025-01-13 09:00:00,25,0.12,0.4,0.0022332110384430948
2025-01-13 09:30:00,25,0.0,0.12,0.0028907701837703748
2025-01-13 10:00:00,25,0.04,0.0,-0.00037119524870077303
2025-01-13 10:30:00,25,0.0,0.12,0.0013477088948787852
2025-01-13 11:00:00,25,0.04,0.0,-0.0023802439750074678
2025-01-13 13:30:00,25,0.0,0.0,0.00038699690402466125
2025-01-13 14:00:00,25,0.04,0.0,-0.0006631299734748408
2025-01-13 14:30:00,25,0.0,0.16,0.002468373958654846
2025-01-13 21:00:00,25,0.32,0.0,-0.004338890157570274
2025-01-13 21:30:00,25,0.0,0.0,0.0
2025-01-13 22:00:00,25,0.0,0.0,0.0
2025-01-13 22:30:00,25,0.0,0.0,0.001178897730621964
2025-01-13 23:00:00,25,0.0,0.0,0.0
2025-01-13 23:30:00,25,0.0,0.0,0.0
2025-01-14 00:00:00,25,0.0,0.0,0.0
2025-01-14 00:30:00,25,0.0,0.0,0.0
2025-01-14 01:00:00,25,0.0,0.0,0.0
2025-01-14 01:30:00,25,0.0,0.0,0.0
2025-01-14 02:00:00,25,0.0,0.0,0.0
2025-01-14 09:00:00,25,0.0,0.28,0.00298919291791222
2025-01-14 09:30:00,25,0.0,0.12,0.0013755158184318717
2025-01-14 10:00:00,25,0.0,0.0,-0.0004395604395603936
2025-01-14 10:30:00,25,0.0,0.0,0.0017590149516271136
2025-01-14 11:00:00,25,0.0,0.0,-0.0002885170225043199
2025-01-14 13:30:00,25,0.0,0.08,0.0008703220191470518
2025-01-14 14:00:00,25,0.0,0.04,-0.00036778227289446797
2025-01-14 14:30:00,25,0.0,0.0,0.0
2025-01-14 21:00:00,25,0.2,0.0,-0.0019157088122605526
2025-01-14 21:30:00,25,0.0,0.0,0.0006099420555047974
2025-01-14 22:00:00,25,0.0,0.0,0.0
2025-01-14 22:30:00,25,0.0,0.0,0.0002021508854208598
2025-01-14 23:00:00,25,0.0,0.0,0.0
2025-01-14 23:30:00,25,0.0,0.0,0.0
2025-01-15 00:00:00,25,0.0,0.0,0.0
2025-01-15 00:30:00,25,0.0,0.0,0.0
2025-01-15 01:00:00,25,0.0,0.0,0.0
2025-01-15 01:30:00,25,0.0,0.0,0.0
2025-01-15 02:00:00,25,0.0,0.0,0.0
2025-01-15 09:00:00,25,0.24,0.0,-0.001517067003792616
2025-01-15 09:30:00,25,0.0,0.12,0.00038550501156509043
2025-01-15 10:00:00,25,0.0,0.0,0.0007377351530799547
2025-01-15 10:30:00,25,0.08,0.04,0.00044424700133283146
2025-01-15 11:00:00,25,0.04,0.0,-0.001549053356282304
2025-01-15 13:30:00,25,0.08,0.0,-0.00026113069591326976
2025-01-15 14:00:00,25,0.0,0.0,-0.000320000000000098
2025-01-15 14:30:00,25,0.0,0.08,0.0019267822736031004
2025-01-15 21:00:00,25,0.04,0.16,0.002075765438505517
2025-01-15 21:30:00,25,0.0,0.36,0.003337378640776656
2025-01-15 22:00:00,25,0.0,0.04,0.000604777744179108
2025-01-15 22:30:00,25,0.08,0.0,-0.0007403751233958644
2025-01-15 23:00:00,25,0.0,0.0,0.0
2025-01-15 23:30:00,25,0.0,0.0,0.0
2025-01-16 00:00:00,25,0.0,0.0,0.0
2025-01-16 00:30:00,25,0.0,0.0,0.0
2025-01-16 01:00:00,25,0.0,0.0,0.0
2025-01-16 01:30:00,25,0.0,0.0,0.0
2025-01-16 02:00:00,25,0.0,0.0,0.0
2025-01-16 09:00:00,25,0.16,0.08,-0.00037707390648566985
2025-01-16 09:30:00,25,0.04,0.0,-0.0008428150021070335
2025-01-16 10:00:00,25,0.0,0.0,-0.000843525938422629
2025-01-16 10:30:00,25,0.0,0.0,0.0
2025-01-16 11:00:00,25,0.0,0.0,0.00024612355402409136
2025-01-16 13:30:00,25,0.16,0.12,0.0011483986219216202
2025-01-16 14:00:00,25,0.04,0.12,0.0014019882742799528
2025-01-16 14:30:00,25,0.0,0.16,0.0023721665788085655
2025-01-16 21:00:00,25,0.24,0.08,-0.002229215840545473
2025-01-16 21:30:00,25,0.0,0.08,0.0008779631255486642
2025-01-16 22:00:00,25,0.08,0.0,-0.0006339546088499626
2025-01-16 22:30:00,25,0.04,0.0,0.0004359469390295967
2025-01-16 23:00:00,25,0.0,0.0,0.0
2025-01-16 23:30:00,25,0.0,0.0,0.0
2025-01-17 00:00:00,25,0.0,0.0,0.0
2025-01-17 00:30:00,25,0.0,0.0,0.0
2025-01-17 01:00:00,25,0.0,0.0,0.0
2025-01-17 01:30:00,25,0.0,0.0,0.0
2025-01-17 02:00:00,25,0.0,0.0,0.0
2025-01-17 09:00:00,25,0.04,0.2,0.002001715756362543
2025-01-17 09:30:00,25,0.0,0.04,0.0005795421616923147
2025-01-17 10:00:00,25,0.0,0.04,0.001448016217781678
2025-01-17 10:30:00,25,0.0,0.04,0.0011176306230791244
2025-01-17 11:00:00,25,0.0,0.24,0.0031347962382444194
2025-01-17 13:30:00,25,0.16,0.0,-0.002560351133869765
2025-01-17 14:00:00,25,0.04,0.0,0.0006206040546130609
2025-01-17 14:30:00,25,0.0,0.0,0.0011458034947007256
2025-01-17 21:00:00,25,0.28,0.0,-0.002870264064293915
2025-01-17 21:30:00,25,0.04,0.0,0.0
2025-01-17 22:00:00,25,0.04,0.0,0.0
2025-01-17 22:30:00,25,0.0,0.16,0.002115562607430954
2025-01-17 23:00:00,25,0.0,0.0,0.0
2025-01-17 23:30:00,25,0.0,0.0,0.0
2025-01-18 00:00:00,25,0.0,0.0,0.0
2025-01-18 00:30:00,25,0.0,0.0,0.0
2025-01-18 01:00:00,25,0.0,0.0,0.0
2025-01-18 01:30:00,25,0.0,0.0,0.0
2025-01-18 02:00:00,25,0.0,0.0,0.0
2025-01-20 09:00:00,25,0.36,0.12,-0.004001143183766764
2025-01-20 09:30:00,25,0.08,0.0,-0.0021127690479334493
2025-01-20 10:00:00,25,0.16,0.0,-0.0034937888198758316
2025-01-20 10:30:00,25,0.0,0.08,0.0015637216575450363
2025-01-20 11:00:00,25,0.0,0.04,0.0008650519031141446
2025-01-20 13:30:00,25,0.0,0.0,0.0008643042350906516
2025-01-20 14:00:00,25,0.0,0.0,-0.0004739336492890489
2025-01-20 14:30:00,25,0.0,0.0,0.00041313778145002367
2025-01-20 21:00:00,25,0.0,0.28,0.0012251899044350978
2025-01-20 21:30:00,25,0.12,0.0,-0.0008658008658009031
2025-01-20 22:00:00,25,0.0,0.0,0.0
2025-01-20 22:30:00,25,0.0,0.0,0.0
2025-01-20 23:00:00,25,0.0,0.0,0.0
2025-01-20 23:30:00,25,0.0,0.0,0.0
2025-01-21 00:00:00,25,0.0,0.0,0.0
2025-01-21 00:30:00,25,0.0,0.0,0.0
2025-01-21 01:00:00,25,0.0,0.0,0.0
2025-01-21 01:30:00,25,0.0,0.0,0.0
2025-01-21 02:00:00,25,0.0,0.0,0.0
2025-01-21 09:00:00,25,0.0,0.0,0.0003853564547207089
2025-01-21 09:30:00,25,0.04,0.0,-0.001066856330014243
2025-01-21 10:00:00,25,0.0,0.0,0.0011586034131829681
2025-01-21 10:30:00,25,0.0,0.04,9.383210309010792e-05
2025-01-21 11:00:00,25,0.0,0.0,0.000528890651857683
2025-01-21 13:30:00,25,0.0,0.08,0.0
2025-01-21 14:00:00,25,0.08,0.0,-0.002199951112197507
2025-01-21 14:30:00,25,0.0,0.0,0.0
2025-01-21 21:00:00,25,0.52,0.0,-0.003513394817742599
2025-01-21 21:30:00,25,0.04,0.0,-0.00044072278536799736
2025-01-21 22:00:00,25,0.0,0.0,0.0
2025-01-21 22:30:00,25,0.04,0.04,-0.0006974716652136115
2025-01-21 23:00:00,25,0.0,0.0,0.0
2025-01-21 23:30:00,25,0.0,0.0,0.0
2025-01-22 00:00:00,25,0.0,0.0,0.0
2025-01-22 00:30:00,25,0.0,0.0,0.0
2025-01-22 01:00:00,25,0.0,0.0,0.0
2025-01-22 01:30:00,25,0.0,0.0,0.0
2025-01-22 02:00:00,25,0.0,0.0,0.0
2025-01-22 09:00:00,25,0.0,0.16,0.0021551724137931494
2025-01-22 09:30:00,25,0.0,0.0,0.00020708221163801
2025-01-22 10:00:00,25,0.0,0.0,0.0008760402978535975
2025-01-22 10:30:00,25,0.0,0.0,0.0
2025-01-22 11:00:00,25,0.0,0.0,-0.0003002101471030194
2025-01-22 13:30:00,25,0.0,0.12,0.00140301648544372
2025-01-22 14:00:00,25,0.12,0.0,-0.0010586211459573391
2025-01-22 14:30:00,25,0.0,0.0,0.000580046403712231
2025-01-22 21:00:00,25,0.04,0.28,0.0021699819168172763
2025-01-22 21:30:00,25,0.0,0.0,0.0007361059992638808
2025-01-22 22:00:00,25,0.0,0.0,-0.000711743772242035
2025-01-22 22:30:00,25,0.08,0.0,-0.0016731016731016402
2025-01-22 23:00:00,25,0.0,0.0,0.0
2025-01-22 23:30:00,25,0.0,0.0,0.0
2025-01-23 00:00:00,25,0.0,0.0,0.0
2025-01-23 00:30:00,25,0.0,0.0,0.0
2025-01-23 01:00:00,25,0.0,0.0,0.0
2025-01-23 01:30:00,25,0.0,0.0,0.0
2025-01-23 02:00:00,25,0.0,0.0,0.0
2025-01-23 09:00:00,25,0.08,0.0,-0.0008752735229758946
2025-01-23 09:30:00,25,0.36,0.0,-0.0019584802193497453
2025-01-23 10:00:00,25,0.0,0.0,-0.0003924646781789942
2025-01-23 10:30:00,25,0.12,0.0,-0.0012650221378873727
2025-01-23 11:00:00,25,0.04,0.0,0.001343183344526544
2025-01-23 13:30:00,25,0.0,0.0,-0.0008655510675129596
2025-01-23 14:00:00,25,0.04,0.0,-0.0008960573476702871
2025-01-23 14:30:00,25,0.0,0.0,0.0
2025-01-23 21:00:00,25,0.2,0.12,-0.0014864362690449884
2025-01-23 21:30:00,25,0.0,0.0,0.0013233348037053894
2025-01-23 22:00:00,25,0.04,0.0,-0.0005668245677962203
2025-01-23 22:30:00,25,0.0,0.08,0.0005242463958059496
2025-01-23 23:00:00,25,0.0,0.0,0.0
2025-01-23 23:30:00,25,0.0,0.0,0.0
2025-01-24 00:00:00,25,0.04,0.0,0.0
2025-01-24 00:30:00,25,0.0,0.0,0.0
2025-01-24 01:00:00,25,0.0,0.0,0.0
2025-01-24 01:30:00,25,0.0,0.0,0.0
2025-01-24 02:00:00,25,0.0,0.0,0.0
2025-01-24 09:00:00,25,0.2,0.0,-0.0016835016835017313
2025-01-24 09:30:00,25,0.0,0.12,0.001461599787403678
2025-01-24 10:00:00,25,0.0,0.04,0.0010350181128169211
2025-01-24 10:30:00,25,0.04,0.08,0.0
2025-01-24 11:00:00,25,0.0,0.04,-0.00044091710758376035
2025-01-24 13:30:00,25,0.0,0.08,0.0008375209380233617
2025-01-24 14:00:00,25,0.0,0.32,0.001933768431230387
2025-01-24 14:30:00,25,0.0,0.0,-0.0010460251046024993
2025-01-24 21:00:00,25,0.2,0.16,-0.0013262599469495706
2025-01-24 21:30:00,25,0.0,0.0,0.0002973535533750127
2025-01-24 22:00:00,25,0.08,0.0,0.0
2025-01-24 22:30:00,25,0.0,0.0,0.0
2025-01-24 23:00:00,25,0.0,0.0,0.0
2025-01-24 23:30:00,25,0.04,0.0,0.0
2025-01-25 00:00:00,25,0.0,0.0,0.0
2025-01-25 00:30:00,25,0.0,0.0,0.0
2025-01-25 01:00:00,25,0.0,0.0,0.0
2025-01-25 01:30:00,25,0.0,0.0,0.0
2025-01-25 02:00:00,25,0.0,0.0,0.0
2025-01-27 09:00:00,25,0.16,0.12,3.0844205916036316e-05
2025-01-27 09:30:00,25,0.0,0.0,0.0002474634991338487
2025-01-27 10:00:00,25,0.0,0.04,-0.0006859886811867444
2025-01-27 10:30:00,25,0.04,0.08,0.00035816618911166387
2025-01-27 11:00:00,25,0.0,0.04,0.001315789473684159
2025-01-27 13:30:00,25,0.0,0.08,0.00036603221083453263
2025-01-27 14:00:00,25,0.0,0.0,0.0
2025-01-27 14:30:00,25,0.04,0.0,0.00042292239374064344
2025-02-05 09:00:00,25,0.44,0.4,0.00033200531208499307
2025-02-05 09:30:00,25,0.16,0.0,-0.0018254231662795384
2025-02-05 10:00:00,25,0.2,0.04,-0.0008787346221441616
2025-02-05 10:30:00,25,0.12,0.0,-0.0015255530129671957
2025-02-05 11:00:00,25,0.0,0.12,0.0030129557095510684
2025-02-05 13:30:00,25,0.12,0.0,-0.000862493839329681
2025-02-05 14:00:00,25,0.0,0.0,0.0
2025-02-05 14:30:00,25,0.0,0.0,0.0
2025-02-05 21:00:00,25,0.2,0.08,0.0
2025-02-05 21:30:00,25,0.0,0.0,-0.0008703220191470518
2025-02-05 22:00:00,25,0.0,0.04,0.0011834319526626835
2025-02-05 22:30:00,25,0.0,0.04,0.0007457121551082135
2025-02-05 23:00:00,25,0.0,0.0,0.0
2025-02-05 23:30:00,25,0.0,0.0,0.0
2025-02-06 00:00:00,25,0.0,0.0,0.0
2025-02-06 00:30:00,25,0.0,0.0,0.0
2025-02-06 01:00:00,25,0.0,0.0,0.0
2025-02-06 01:30:00,25,0.0,0.0,0.0
2025-02-06 02:00:00,25,0.0,0.0,0.0
2025-02-06 09:00:00,25,0.12,0.08,-0.0009515030775177902
2025-02-06 09:30:00,25,0.04,0.12,0.0005851375073142595
2025-02-06 10:00:00,25,0.0,0.04,0.0004024144869214652
2025-02-06 10:30:00,25,0.0,0.16,0.0015353121801433556
2025-02-06 11:00:00,25,0.0,0.0,-0.0006138735420503361
2025-02-06 13:30:00,25,0.0,0.0,0.001727712508638568
2025-02-06 14:00:00,25,0.0,0.0,0.0004587155963302614
2025-02-06 14:30:00,25,0.0,0.0,-0.00042220814861726463
2025-02-06 21:00:00,25,0.0,0.08,0.0009835259404966656
2025-02-06 21:30:00,25,0.04,0.0,0.0
2025-02-06 22:00:00,25,0.0,0.0,0.0
2025-02-06 22:30:00,25,0.08,0.0,-0.0024360535931789995
2025-02-06 23:00:00,25,0.0,0.0,0.0
2025-02-06 23:30:00,25,0.0,0.0,0.0
2025-02-07 00:00:00,25,0.0,0.0,0.0
2025-02-07 00:30:00,25,0.0,0.0,0.0
2025-02-07 01:00:00,25,0.0,0.0,0.0
2025-02-07 01:30:00,25,0.04,0.0,0.0
2025-02-07 02:00:00,25,0.0,0.0,0.0
2025-02-07 09:00:00,25,0.04,0.12,0.0014981273408238849
2025-02-07 09:30:00,25,0.0,0.12,0.002474022761009387
2025-02-07 10:00:00,25,0.0,0.08,0.0014513788098693414
2025-02-07 10:30:00,25,0.0,0.16,0.0009097111667044633
2025-02-07 11:00:00,25,0.04,0.04,0.00043802014892690977
2025-02-07 13:30:00,25,0.08,0.0,-0.0011326378539493476
2025-02-07 14:00:00,25,0.04,0.04,0.0
2025-02-07 14:30:00,25,0.04,0.04,0.0008705745792223496
2025-02-07 21:00:00,25,0.16,0.04,-0.0014668133480014722
2025-02-07 21:30:00,25,0.0,0.04,0.0014605647517040854
2025-02-07 22:00:00,25,0.0,0.08,0.0
2025-02-07 22:30:00,25,0.0,0.0,-0.0006260434056761799
2025-02-07 23:00:00,25,0.0,0.0,0.0
2025-02-07 23:30:00,25,0.0,0.0,0.0
2025-02-08 00:00:00,25,0.0,0.0,0.0
2025-02-08 00:30:00,25,0.0,0.0,0.0
2025-02-08 01:00:00,25,0.0,0.0,0.0
2025-02-08 01:30:00,25,0.0,0.04,0.0
2025-02-08 02:00:00,25,0.0,0.0,0.0
2025-02-10 09:00:00,25,0.0,0.16,0.0
2025-02-10 09:30:00,25,0.04,0.0,-0.0002486016159104487
2025-02-10 10:00:00,25,0.04,0.0,-0.00179331988343423
2025-02-10 10:30:00,25,0.04,0.08,0.001427644386761795
2025-02-10 11:00:00,25,0.04,0.0,-0.0005622299816535614
2025-02-10 13:30:00,25,0.04,0.04,0.00024612355402409136
2025-02-10 14:00:00,25,0.04,0.16,0.0014970059880239361
2025-02-10 14:30:00,25,0.0,0.12,0.000993295257015081
2025-02-10 21:00:00,25,0.0,0.2,0.000604960677555999
2025-02-10 21:30:00,25,0.08,0.0,-0.0008901617772273385
2025-02-10 22:00:00,25,0.0,0.04,-0.00030057108506165164
2025-02-10 22:30:00,25,0.0,0.0,0.0008578781812982328
2025-02-10 23:00:00,25,0.0,0.0,0.0
2025-02-10 23:30:00,25,0.0,0.0,0.0
2025-02-11 00:00:00,25,0.0,0.0,0.0
2025-02-11 00:30:00,25,0.0,0.0,0.0
2025-02-11 01:00:00,25,0.0,0.0,0.0
2025-02-11 01:30:00,25,0.0,0.0,0.0
2025-02-11 02:00:00,25,0.0,0.0,0.0
2025-02-11 09:00:00,25,0.12,0.16,-0.0007722007722007485
2025-02-11 09:30:00,25,0.04,0.04,0.0
2025-02-11 10:00:00,25,0.0,0.0,0.00021958717610881529
2025-02-11 10:30:00,25,0.36,0.0,-0.0031578947368421373
2025-02-11 11:00:00,25,0.0,0.04,0.001927795303189539
2025-02-11 13:30:00,25,0.04,0.0,-0.0008892841262783113
2025-02-11 14:00:00,25,0.0,0.0,-0.0003844675124952124
2025-02-11 14:30:00,25,0.0,0.0,-0.00048379293662326184
2025-02-11 21:00:00,25,0.32,0.08,-0.0009673518742442377
2025-02-11 21:30:00,25,0.0,0.0,0.0
2025-02-11 22:00:00,25,0.0,0.0,0.00024230676035852383
2025-02-11 22:30:00,25,0.0,0.0,7.784827371448699e-05
2025-02-11 23:00:00,25,0.0,0.0,0.0
2025-02-11 23:30:00,25,0.0,0.0,0.0
2025-02-12 00:00:00,25,0.0,0.0,0.0
2025-02-12 00:30:00,25,0.0,0.0,0.0
2025-02-12 01:00:00,25,0.0,0.0,0.0
2025-02-12 01:30:00,25,0.0,0.0,0.0
2025-02-12 02:00:00,25,0.0,0.0,0.0
2025-02-12 09:00:00,25,0.08,0.0,-0.0017905102954342
2025-02-12 09:30:00,25,0.0,0.32,0.0027121270825261057
2025-02-12 10:00:00,25,0.0,0.0,-0.0003629764065335994
2025-02-12 10:30:00,25,0.0,0.0,-0.0003631082062454105
2025-02-12 11:00:00,25,0.0,0.0,-0.0009259259259258856
2025-02-12 13:30:00,25,0.08,0.04,0.0007593014426727773
2025-02-12 14:00:00,25,0.0,0.0,-0.0002176752285589778
2025-02-12 14:30:00,25,0.04,0.12,0.001454545454545375
2025-02-12 21:00:00,25,0.16,0.12,-0.0006802721088435826
2025-02-12 21:30:00,25,0.04,0.0,-0.0007304601899196239
2025-02-12 22:00:00,25,0.04,0.0,0.0
2025-02-12 22:30:00,25,0.0,0.0,-0.00023435669088367472
2025-02-12 23:00:00,25,0.0,0.0,0.0
2025-02-12 23:30:00,25,0.0,0.04,0.0
2025-02-13 00:00:00,25,0.0,0.0,0.0
2025-02-13 00:30:00,25,0.0,0.0,0.0
2025-02-13 01:00:00,25,0.04,0.0,0.0
2025-02-13 01:30:00,25,0.0,0.0,0.0
2025-02-13 02:00:00,25,0.0,0.0,0.0
2025-02-13 09:00:00,25,0.32,0.0,-0.0014116318464144628
2025-02-13 09:30:00,25,0.04,0.04,0.0006460783046904339
2025-02-13 10:00:00,25,0.04,0.0,-0.0015600624024960652
2025-02-13 10:30:00,25,0.0,0.08,0.0011812352345594856
2025-02-13 11:00:00,25,0.12,0.0,-0.0013953488372092648
2025-02-13 13:30:00,25,0.0,0.08,-0.00016846361185984815
2025-02-13 14:00:00,25,0.08,0.0,-0.00040890238915824995
2025-02-13 14:30:00,25,0.2,0.0,-0.001853724300640347
2025-02-13 21:00:00,25,0.16,0.04,0.0
2025-02-13 21:30:00,25,0.0,0.04,0.0
2025-02-13 22:00:00,25,0.0,0.04,0.0007293946024800047
2025-02-13 22:30:00,25,0.0,0.04,0.0006476683937823857
2025-02-13 23:00:00,25,0.0,0.0,0.0
2025-02-13 23:30:00,25,0.0,0.0,0.0
2025-02-14 00:00:00,25,0.0,0.0,0.0
2025-02-14 00:30:00,25,0.0,0.0,0.0
2025-02-14 01:00:00,25,0.0,0.0,0.0
2025-02-14 01:30:00,25,0.0,0.0,0.0
2025-02-14 02:00:00,25,0.0,0.0,0.0
2025-02-14 09:00:00,25,0.04,0.44,0.0035608308605341588
2025-02-14 09:30:00,25,0.0,0.08,0.0010489510489510856
2025-02-14 10:00:00,25,0.0,0.0,0.0006681142475364332
2025-02-14 10:30:00,25,0.0,0.04,-0.0006095702529717029
2025-02-14 11:00:00,25,0.0,0.0,0.0
2025-02-14 13:30:00,25,0.0,0.08,0.0007275372862858287
2025-02-14 14:00:00,25,0.24,0.04,-0.0023631350925561456
2025-02-14 14:30:00,25,0.0,0.0,0.0006863417982154729
2025-02-14 21:00:00,25,0.16,0.16,0.0
2025-02-14 21:30:00,25,0.08,0.0,-0.0009615384615384581
2025-02-14 22:00:00,25,0.0,0.08,0.002149217070924081
2025-02-14 22:30:00,25,0.0,0.0,-0.0011834319526626835
2025-02-14 23:00:00,25,0.24,0.0,0.0
2025-02-14 23:30:00,25,0.0,0.0,0.0
2025-02-15 00:00:00,25,0.0,0.0,0.0
2025-02-15 00:30:00,25,0.0,0.0,0.0
2025-02-15 01:00:00,25,0.0,0.0,0.0
2025-02-15 01:30:00,25,0.0,0.0,0.0
2025-02-15 02:00:00,25,0.0,0.0,0.0
2025-02-17 09:00:00,25,0.16,0.0,-0.0023643603782976808
2025-02-17 09:30:00,25,0.04,0.04,-0.00024183796856103168
2025-02-17 10:00:00,25,0.0,0.0,0.0
2025-02-17 10:30:00,25,0.0,0.0,0.000611995104039087
2025-02-17 11:00:00,25,0.0,0.0,0.0007254261878852919
2025-02-17 13:30:00,25,0.0,0.08,-0.0006132617861249745
2025-02-17 14:00:00,25,0.04,0.08,0.001336675020885636
2025-02-17 14:30:00,25,0.0,0.12,0.001374141161773812
2025-02-17 21:00:00,25,0.04,0.04,0.0006605019815060231
2025-02-17 21:30:00,25,0.0,0.04,0.0
2025-02-17 22:00:00,25,0.04,0.0,-0.0006619593998234974
2025-02-17 22:30:00,25,0.0,0.0,-0.00043630017452012115
2025-02-17 23:00:00,25,0.0,0.0,0.0
2025-02-17 23:30:00,25,0.0,0.0,0.0
2025-02-18 00:00:00,25,0.0,0.0,0.0
2025-02-18 00:30:00,25,0.0,0.0,0.0
2025-02-18 01:00:00,25,0.0,0.0,0.0
2025-02-18 01:30:00,25,0.0,0.0,0.0
2025-02-18 02:00:00,25,0.0,0.0,0.0
2025-02-18 09:00:00,25,0.04,0.04,-0.0015748031496063408
2025-02-18 09:30:00,25,0.0,0.0,0.0006099420555047974
2025-02-18 10:00:00,25,0.0,0.0,0.0005015883631500628
2025-02-18 10:30:00,25,0.0,0.08,0.0006517205422313932
2025-02-18 11:00:00,25,0.04,0.04,0.0019946808510638014
2025-02-18 13:30:00,25,0.0,0.08,-0.001114137162664064
2025-02-18 14:00:00,25,0.0,0.0,0.0
2025-02-18 14:30:00,25,0.0,0.0,0.00012382367508667613
2025-02-18 21:00:00,25,0.04,0.08,-0.0004364906154518122
2025-02-18 21:30:00,25,0.04,0.0,-0.0002536139994927522
2025-02-18 22:00:00,25,0.0,0.04,0.0006127450980393245
2025-02-18 22:30:00,25,0.0,0.04,0.0002807411566536633
2025-02-18 23:00:00,25,0.0,0.0,0.0
2025-02-18 23:30:00,25,0.0,0.0,0.0
2025-02-19 00:00:00,25,0.0,0.08,0.0
2025-02-19 00:30:00,25,0.0,0.0,0.0
2025-02-19 01:00:00,25,0.0,0.0,0.0
2025-02-19 01:30:00,25,0.0,0.0,0.0
2025-02-19 02:00:00,25,0.0,0.0,0.0
2025-02-19 09:00:00,25,0.08,0.16,0.000990300876707595
2025-02-19 09:30:00,25,0.0,0.12,0.001311188811188746
2025-02-19 10:00:00,25,0.04,0.0,-0.000708466170740274
2025-02-19 10:30:00,25,0.08,0.04,-0.00021810250817888566
2025-02-19 11:00:00,25,0.08,0.0,-0.0007407407407407085
2025-02-19 13:30:00,25,0.08,0.04,0.0009678199854827874
2025-02-19 14:00:00,25,0.0,0.04,0.00046838407494154133
2025-02-19 14:30:00,25,0.04,0.0,-0.0005731753916699001
2025-02-19 21:00:00,25,0.04,0.32,0.00284966560046529
2025-02-19 21:30:00,25,0.04,0.08,0.0
2025-02-19 22:00:00,25,0.0,0.04,-0.0004999166805532695
2025-02-19 22:30:00,25,0.04,0.04,0.00041902367483759306
2025-02-19 23:00:00,25,0.0,0.0,0.0
2025-02-19 23:30:00,25,0.08,0.0,0.0
2025-02-20 00:00:00,25,0.0,0.04,0.0
2025-02-20 00:30:00,25,0.0,0.0,0.0
2025-02-20 01:00:00,25,0.0,0.0,0.0
2025-02-20 01:30:00,25,0.0,0.0,0.0
2025-02-20 02:00:00,25,0.0,0.0,0.0
2025-02-20 09:00:00,25,0.24,0.04,-0.002069054700633677
2025-02-20 09:30:00,25,0.0,0.16,0.0011815675462780728
2025-02-20 10:00:00,25,0.0,0.0,-0.0003883495145631244
2025-02-20 10:30:00,25,0.0,0.08,0.00024050024050015217
2025-02-20 11:00:00,25,0.0,0.04,0.0002457908320019353
2025-02-20 13:30:00,25,0.0,0.28,0.0016822879115596656
2025-02-20 14:00:00,25,0.0,0.0,0.0007212405337180261
2025-02-20 14:30:00,25,0.04,0.08,0.00108108108108107
2025-02-20 21:00:00,25,0.04,0.24,0.0011947431302270495
2025-02-20 21:30:00,25,0.0,0.0,0.0
2025-02-20 22:00:00,25,0.0,0.04,0.0007068386640749491
2025-02-20 22:30:00,25,0.0,0.0,0.0
2025-02-20 23:00:00,25,0.0,0.0,0.0
2025-02-20 23:30:00,25,0.0,0.0,0.0
2025-02-21 00:00:00,25,0.0,0.0,0.0
2025-02-21 00:30:00,25,0.0,0.0,0.0
2025-02-21 01:00:00,25,0.0,0.0,0.0
2025-02-21 01:30:00,25,0.0,0.0,0.0
2025-02-21 02:00:00,25,0.0,0.0,0.0
2025-02-21 09:00:00,25,0.04,0.28,0.0015710919088767206
2025-02-21 09:30:00,25,0.2,0.0,-0.0015485869144405973
2025-02-21 10:00:00,25,0.04,0.04,-0.0003553660270076975
2025-02-21 10:30:00,25,0.0,0.0,0.0007552870090634656
2025-02-21 11:00:00,25,0.12,0.0,-0.0015673981191222097
2025-02-21 13:30:00,25,0.08,0.0,-0.0014854426619133054
2025-02-21 14:00:00,25,0.04,0.0,0.00018956627236876855
2025-02-21 14:30:00,25,0.12,0.0,-0.0004422821760282636
2025-02-21 21:00:00,25,0.2,0.2,0.0
2025-02-21 21:30:00,25,0.0,0.0,0.0003894080996884597
2025-02-21 22:00:00,25,0.08,0.04,-0.0011997600479903836
2025-02-21 22:30:00,25,0.04,0.04,-0.0008754012255617338
2025-02-21 23:00:00,25,0.04,0.0,0.0
2025-02-21 23:30:00,25,0.0,0.0,0.0
2025-02-22 00:00:00,25,0.0,0.0,0.0
2025-02-22 00:30:00,25,0.0,0.0,0.0
2025-02-22 01:00:00,25,0.0,0.0,0.0
2025-02-22 01:30:00,25,0.0,0.0,0.0
2025-02-22 02:00:00,25,0.04,0.0,0.0
2025-02-24 09:00:00,25,0.48,0.04,-0.003946329913180779
2025-02-24 09:30:00,25,0.08,0.08,0.00037318074387360234
2025-02-24 10:00:00,25,0.0,0.0,0.0012961762799741372
2025-02-24 10:30:00,25,0.0,0.0,-0.0005870267097153326
2025-02-24 11:00:00,25,0.08,0.0,-0.001187648456057011
2025-02-24 13:30:00,25,0.04,0.04,0.0
2025-02-24 14:00:00,25,0.0,0.04,0.0010438413361169019
2025-02-24 14:30:00,25,0.0,0.0,-0.000204045939485753
2025-02-24 21:00:00,25,0.2,0.04,-0.0008745080891998658
2025-02-24 21:30:00,25,0.0,0.0,0.00021872265966749183
2025-02-24 22:00:00,25,0.08,0.0,0.0
2025-02-24 22:30:00,25,0.12,0.0,-0.0011881188118811892
2025-02-24 23:00:00,25,0.0,0.0,0.0
2025-02-24 23:30:00,25,0.0,0.0,0.0
2025-02-25 00:00:00,25,0.0,0.0,0.0
2025-02-25 00:30:00,25,0.0,0.0,0.0
2025-02-25 01:00:00,25,0.0,0.0,0.0
2025-02-25 01:30:00,25,0.0,0.0,0.0
2025-02-25 02:00:00,25,0.0,0.0,0.0
2025-02-25 09:00:00,25,0.32,0.04,-0.0024063251976623734
2025-02-25 09:30:00,25,0.0,0.0,0.0013436345314075115
2025-02-25 10:00:00,25,0.0,0.0,-0.000662690523525522
2025-02-25 10:30:00,25,0.0,0.04,0.0019864918553833544
2025-02-25 11:00:00,25,0.0,0.0,-0.0004376367614880028
2025-02-25 13:30:00,25,0.04,0.0,-0.00021132713440408235
2025-02-25 14:00:00,25,0.04,0.0,-0.0010568590150074053
2025-02-25 14:30:00,25,0.2,0.0,-0.0009592326139088447
2025-02-25 21:00:00,25,0.12,0.16,0.0007923930269413404
2025-02-25 21:30:00,25,0.08,0.0,0.0
2025-02-25 22:00:00,25,0.0,0.0,0.0011381876550418113
2025-02-25 22:30:00,25,0.08,0.0,-0.0018390804597701038
2025-02-25 23:00:00,25,0.2,0.0,0.0
2025-02-25 23:30:00,25,0.0,0.0,0.0
2025-02-26 00:00:00,25,0.0,0.0,0.0
2025-02-26 00:30:00,25,0.0,0.0,0.0
2025-02-26 01:00:00,25,0.0,0.0,0.0
2025-02-26 01:30:00,25,0.0,0.0,0.0
2025-02-26 02:00:00,25,0.0,0.0,0.0
2025-02-26 09:00:00,25,0.16,0.16,0.0
2025-02-26 09:30:00,25,0.12,0.0,-0.0005175983436852549
2025-02-26 10:00:00,25,0.08,0.0,-0.0007241129616220032
2025-02-26 10:30:00,25,0.0,0.36,0.002358490566037652
2025-02-26 11:00:00,25,0.08,0.0,-0.001088376142795
2025-02-26 13:30:00,25,0.0,0.04,0.0011158638646082686
2025-02-26 14:00:00,25,0.04,0.04,-0.00042417815482498344
2025-02-26 14:30:00,25,0.04,0.08,-0.00024248302618812279
2025-02-26 21:00:00,25,0.08,0.04,-0.00048508367693422816
2025-02-26 21:30:00,25,0.0,0.04,0.0
2025-02-26 22:00:00,25,0.0,0.0,0.0
2025-02-26 22:30:00,25,0.04,0.0,0.0003340571237682166
2025-02-26 23:00:00,25,0.04,0.0,0.0
2025-02-26 23:30:00,25,0.0,0.0,0.0
2025-02-27 00:00:00,25,0.0,0.0,0.0
2025-02-27 00:30:00,25,0.0,0.0,0.0
2025-02-27 01:00:00,25,0.0,0.0,0.0
2025-02-27 01:30:00,25,0.0,0.0,0.0
2025-02-27 02:00:00,25,0.0,0.0,0.0
2025-02-27 09:00:00,25,0.2,0.0,-0.0017942583732057926
2025-02-27 09:30:00,25,0.04,0.0,0.0002524614996213259
2025-02-27 10:00:00,25,0.0,0.08,-0.00012608750472831165
2025-02-27 10:30:00,25,0.04,0.0,-0.0006605019815059121
2025-02-27 11:00:00,25,0.0,0.2,0.001505117399157152
2025-02-27 13:30:00,25,0.08,0.12,0.0005581395348837059
2025-02-27 14:00:00,25,0.0,0.0,0.0010021713713044278
2025-02-27 14:30:00,25,0.0,0.0,0.00012659830358274782
2025-02-27 21:00:00,25,0.04,0.04,0.0008917954815694795
2025-02-27 21:30:00,25,0.0,0.0,0.0
2025-02-27 22:00:00,25,0.0,0.0,0.0
2025-02-27 22:30:00,25,0.04,0.0,0.0
2025-02-27 23:00:00,25,0.0,0.0,0.0
2025-02-27 23:30:00,25,0.0,0.0,0.0
2025-02-28 00:00:00,25,0.0,0.0,0.0
2025-02-28 00:30:00,25,0.0,0.0,0.0
2025-02-28 01:00:00,25,0.0,0.0,0.0
2025-02-28 01:30:00,25,0.0,0.0,0.0
2025-02-28 02:00:00,25,0.0,0.0,0.0
2025-02-28 09:00:00,25,0.24,0.0,-0.002442996742671011
2025-02-28 09:30:00,25,0.0,0.0,-0.0006218905472636926
2025-02-28 10:00:00,25,0.0,0.0,0.0009068923821040631
2025-02-28 10:30:00,25,0.12,0.0,0.0
2025-02-28 11:00:00,25,0.04,0.0,-0.0008904719501335867
2025-02-28 13:30:00,25,0.12,0.08,0.00024260067928194573
2025-02-28 14:00:00,25,0.04,0.0,-0.0006381620931716903
2025-02-28 14:30:00,25,0.0,0.36,0.001519756838905817
2025-02-28 21:00:00,25,0.12,0.2,0.0
2025-02-28 21:30:00,25,0.04,0.04,-0.0008467400508044287
2025-02-28 22:00:00,25,0.0,0.04,0.0
2025-02-28 22:30:00,25,0.28,0.0,-0.0013027618551328946
2025-02-28 23:00:00,25,0.0,0.04,0.0
2025-02-28 23:30:00,25,0.0,0.0,0.0
2025-03-01 00:00:00,25,0.0,0.0,0.0
2025-03-01 00:30:00,25,0.0,0.0,0.0
2025-03-01 01:00:00,25,0.0,0.0,0.0
2025-03-01 01:30:00,25,0.0,0.0,0.0
2025-03-01 02:00:00,25,0.0,0.0,0.0
2025-03-03 09:00:00,25,0.0,0.6,0.0037234042553191404
2025-03-03 09:30:00,25,0.0,0.08,0.0011025358324145973
2025-03-03 10:00:00,25,0.0,0.0,0.0003000300030002734
2025-03-03 10:30:00,25,0.04,0.0,-0.0013486176668914274
2025-03-03 11:00:00,25,0.0,0.0,0.0
2025-03-03 13:30:00,25,0.04,0.04,-0.0007815552950370952
2025-03-03 14:00:00,25,0.04,0.0,-0.0003679175864605977
2025-03-03 14:30:00,25,0.04,0.0,-0.0006317119393556281
2025-03-03 21:00:00,25,0.0,0.24,0.0025284450063212116
2025-03-03 21:30:00,25,0.0,0.04,0.000605143721633894
2025-03-03 22:00:00,25,0.0,0.0,-0.0001685772083613868
2025-03-03 22:30:00,25,0.0,0.0,-0.0001292991983449232
2025-03-03 23:00:00,25,0.0,0.0,0.0
2025-03-03 23:30:00,25,0.0,0.0,0.0
2025-03-04 00:00:00,25,0.0,0.0,0.0
2025-03-04 00:30:00,25,0.0,0.0,0.0
2025-03-04 01:00:00,25,0.0,0.0,0.0
2025-03-04 01:30:00,25,0.0,0.0,0.0
2025-03-04 02:00:00,25,0.04,0.0,0.0
2025-03-04 09:00:00,25,0.6,0.0,-0.0055783910745742515
2025-03-04 09:30:00,25,0.0,0.0,0.00011678150181015923
2025-03-04 10:00:00,25,0.08,0.0,-0.0008952203020395899
2025-03-04 10:30:00,25,0.0,0.04,-0.0002266545784225249
2025-03-04 11:00:00,25,0.04,0.0,0.00038930703348039053
2025-03-04 13:30:00,25,0.04,0.12,0.0006727211570802805
2025-03-04 14:00:00,25,0.04,0.0,-0.00019201228878629184
2025-03-04 14:30:00,25,0.04,0.0,-0.0009082652134423386
2025-03-04 21:00:00,25,0.24,0.08,-0.00147145379635083
2025-03-04 21:30:00,25,0.04,0.0,0.0
2025-03-04 22:00:00,25,0.0,0.0,0.0
2025-03-04 22:30:00,25,0.28,0.0,-0.0033182503770738947
2025-03-04 23:00:00,25,0.0,0.0,0.0
2025-03-04 23:30:00,25,0.0,0.0,0.0
2025-03-05 00:00:00,25,0.0,0.0,0.0
2025-03-05 00:30:00,25,0.0,0.0,0.0
2025-03-05 01:00:00,25,0.0,0.0,0.0
2025-03-05 01:30:00,25,0.0,0.0,0.0
2025-03-05 02:00:00,25,0.0,0.0,0.0
2025-03-05 09:00:00,25,0.12,0.04,-3.904267364229774e-05
2025-03-05 09:30:00,25,0.08,0.0,-0.000889152341434496
2025-03-05 10:00:00,25,0.0,0.08,0.0012784454103809129
2025-03-05 10:30:00,25,0.2,0.0,-0.002315708220764323
2025-03-05 11:00:00,25,0.0,0.12,0.0017336030049117657
2025-03-05 13:30:00,25,0.0,0.04,0.0004892367906066397
2025-03-05 14:00:00,25,0.0,0.0,-0.0006331785563529202
2025-03-05 14:30:00,25,0.0,0.0,-0.000375469336670875
2025-03-05 21:00:00,25,0.12,0.08,0.0
2025-03-05 21:30:00,25,0.04,0.0,0.0
2025-03-05 22:00:00,25,0.0,0.0,-0.0002893518518518601
2025-03-05 22:30:00,25,0.04,0.0,-0.00033858134416797636
2025-03-05 23:00:00,25,0.0,0.0,0.0
2025-03-05 23:30:00,25,0.0,0.0,0.0
2025-03-06 00:00:00,25,0.0,0.0,0.0
2025-03-06 00:30:00,25,0.0,0.0,0.0
2025-03-06 01:00:00,25,0.0,0.0,0.0
2025-03-06 01:30:00,25,0.0,0.0,0.0
2025-03-06 02:00:00,25,0.0,0.0,0.0
2025-03-06 09:00:00,25,0.0,0.4,0.004435245416912981
2025-03-06 09:30:00,25,0.0,0.04,0.0012706480304955914
2025-03-06 10:00:00,25,0.0,0.0,-0.0006196554715578451
2025-03-06 10:30:00,25,0.08,0.0,-0.0004960317460317443
2025-03-06 11:00:00,25,0.0,0.0,0.0004906771344455052
2025-03-06 13:30:00,25,0.2,0.0,-0.0018593644354293337
2025-03-06 14:00:00,25,0.0,0.12,0.0014059304703475384
2025-03-06 14:30:00,25,0.0,0.08,0.001366969056791456
2025-03-06 21:00:00,25,0.08,0.04,-0.0008453085376162184
2025-03-06 21:30:00,25,0.0,0.04,0.0002495632642876
2025-03-06 22:00:00,25,0.0,0.04,0.0009171507184346783
2025-03-06 22:30:00,25,0.0,0.04,0.0008319467554076532
2025-03-06 23:00:00,25,0.0,0.0,0.0
2025-03-06 23:30:00,25,0.0,0.0,0.0
2025-03-07 00:00:00,25,0.0,0.04,0.0
2025-03-07 00:30:00,25,0.0,0.0,0.0
2025-03-07 01:00:00,25,0.0,0.0,0.0
2025-03-07 01:30:00,25,0.0,0.0,0.0
2025-03-07 02:00:00,25,0.0,0.0,0.0
2025-03-07 09:00:00,25,0.24,0.0,-0.00248447204968949
2025-03-07 09:30:00,25,0.0,0.0,0.0006755615605471554
2025-03-07 10:00:00,25,0.0,0.0,0.0006468305304010435
2025-03-07 10:30:00,25,0.0,0.0,0.00022813688212930394
2025-03-07 11:00:00,25,0.0,0.0,-0.0007347538574578039
2025-03-07 13:30:00,25,0.04,0.0,-0.0009174311926605228
2025-03-07 14:00:00,25,0.12,0.0,-0.0009587727708533222
2025-03-07 14:30:00,25,0.04,0.04,-0.00022817158503196655
2025-03-07 21:00:00,25,0.44,0.08,-0.0020309648554777127
2025-03-07 21:30:00,25,0.0,0.08,0.0008392782207302663
2025-03-07 22:00:00,25,0.0,0.08,0.0007361059992638808
2025-03-07 22:30:00,25,0.0,0.12,0.0017441860465117198
2025-03-07 23:00:00,25,0.0,0.0,0.0
2025-03-07 23:30:00,25,0.0,0.0,0.0
2025-03-08 00:00:00,25,0.0,0.0,0.0
2025-03-08 00:30:00,25,0.0,0.0,0.0
2025-03-08 01:00:00,25,0.0,0.0,0.0
2025-03-08 01:30:00,25,0.0,0.0,0.0
2025-03-08 02:00:00,25,0.0,0.0,0.0
2025-03-10 09:00:00,25,0.04,0.28,0.0017976600948930166
2025-03-10 09:30:00,25,0.04,0.0,-0.0008361204013378476
2025-03-10 10:00:00,25,0.08,0.0,-0.0009253547193091016
2025-03-10 10:30:00,25,0.04,0.04,-0.001347935973041281
2025-03-10 11:00:00,25,0.0,0.0,-0.0009289363678588458
2025-03-10 13:30:00,25,0.16,0.0,-0.0012468827930174342
2025-03-10 14:00:00,25,0.08,0.0,0.0
2025-03-10 14:30:00,25,0.0,0.04,0.00029868578255665135
2025-03-10 21:00:00,25,0.08,0.04,0.0
2025-03-10 21:30:00,25,0.0,0.0,-0.0012942191544434989
2025-03-10 22:00:00,25,0.0,0.0,0.0
2025-03-10 22:30:00,25,0.0,0.0,-0.0005847953216374657
2025-03-10 23:00:00,25,0.0,0.0,0.0
2025-03-10 23:30:00,25,0.0,0.0,0.0
2025-03-11 00:00:00,25,0.0,0.0,0.0
2025-03-11 00:30:00,25,0.0,0.0,0.0
2025-03-11 01:00:00,25,0.0,0.0,0.0
2025-03-11 01:30:00,25,0.0,0.0,0.0
2025-03-11 02:00:00,25,0.0,0.0,0.0
2025-03-11 09:00:00,25,0.56,0.0,-0.00405869497346234
2025-03-11 09:30:00,25,0.0,0.24,0.002451929281197529
2025-03-11 10:00:00,25,0.0,0.0,0.0005286809410520732
2025-03-11 10:30:00,25,0.0,0.0,-0.0006234413965087171
2025-03-11 11:00:00,25,0.0,0.0,-0.00012537612838514622
2025-03-11 13:30:00,25,0.0,0.04,0.0020894274968659143
2025-03-11 14:00:00,25,0.0,0.0,-0.00042955326460480947
2025-03-11 14:30:00,25,0.0,0.0,-0.00042973785990541025
2025-03-11 21:00:00,25,0.0,0.32,0.0034940600978337066
2025-03-11 21:30:00,25,0.0,0.04,0.0
2025-03-11 22:00:00,25,0.08,0.0,-0.0012763241863433805
2025-03-11 22:30:00,25,0.0,0.0,-0.0004419954621798228
2025-03-11 23:00:00,25,0.0,0.0,0.0
2025-03-11 23:30:00,25,0.0,0.0,0.0
2025-03-12 00:00:00,25,0.0,0.0,0.0
2025-03-12 00:30:00,25,0.0,0.0,0.0
2025-03-12 01:00:00,25,0.0,0.0,0.0
2025-03-12 01:30:00,25,0.0,0.0,0.0
2025-03-12 02:00:00,25,0.0,0.0,0.0
2025-03-12 09:00:00,25,0.08,0.0,0.0
2025-03-12 09:30:00,25,0.0,0.0,-0.00033596505963384704
2025-03-12 10:00:00,25,0.04,0.0,-0.0010545742156604643
2025-03-12 10:30:00,25,0.0,0.04,0.0005278437582476592
2025-03-12 11:00:00,25,0.0,0.04,0.0005795981452858534
2025-03-12 13:30:00,25,0.04,0.04,0.0002648204895396855
2025-03-12 14:00:00,25,0.16,0.0,-0.003162055335968361
2025-03-12 14:30:00,25,0.0,0.2,-0.00020942408376967148
2025-03-12 21:00:00,25,0.04,0.28,0.0035629453681709222
2025-03-12 21:30:00,25,0.0,0.0,0.0
2025-03-12 22:00:00,25,0.0,0.0,-0.00042087542087543284
2025-03-12 22:30:00,25,0.0,0.0,0.0003941663381947791
2025-03-12 23:00:00,25,0.0,0.0,0.0
2025-03-12 23:30:00,25,0.0,0.0,0.0
2025-03-13 00:00:00,25,0.0,0.04,0.0
2025-03-13 00:30:00,25,0.0,0.0,0.0
2025-03-13 01:00:00,25,0.0,0.0,0.0
2025-03-13 01:30:00,25,0.0,0.0,0.0
2025-03-13 02:00:00,25,0.0,0.0,0.0
2025-03-13 09:00:00,25,0.16,0.12,-0.001169199933188536
2025-03-13 09:30:00,25,0.0,0.0,0.001403180542563165
2025-03-13 10:00:00,25,0.0,0.08,0.002330430516374271
2025-03-13 10:30:00,25,0.0,0.04,0.00037664783427504567
2025-03-13 11:00:00,25,0.16,0.0,-0.0022031823745409795
2025-03-13 13:30:00,25,0.04,0.2,0.0003940110323088497
2025-03-13 14:00:00,25,0.0,0.0,0.0
2025-03-13 14:30:00,25,0.0,0.08,0.0005030181086518315
2025-03-13 21:00:00,25,0.08,0.16,0.0008389261744965459
2025-03-13 21:30:00,25,0.0,0.08,0.0
2025-03-13 22:00:00,25,0.04,0.04,0.0
2025-03-13 22:30:00,25,0.0,0.08,0.0014540922309929094
2025-03-13 23:00:00,25,0.0,0.08,0.0
2025-03-13 23:30:00,25,0.0,0.04,0.0
2025-03-14 00:00:00,25,0.0,0.08,0.0
2025-03-14 00:30:00,25,0.04,0.0,0.0
2025-03-14 01:00:00,25,0.0,0.0,0.0
2025-03-14 01:30:00,25,0.0,0.0,0.0
2025-03-14 02:00:00,25,0.0,0.0,0.0
2025-03-14 09:00:00,25,0.0,0.04,0.0017523364485980686
2025-03-14 09:30:00,25,0.04,0.0,0.0017325017325018344
2025-03-14 10:00:00,25,0.0,0.0,0.0
2025-03-14 10:30:00,25,0.0,0.0,0.0
2025-03-14 11:00:00,25,0.04,0.0,0.00012464165524117554
2025-03-14 13:30:00,25,0.0,0.16,0.0010582010582009804
2025-03-14 14:00:00,25,0.0,0.0,0.000612557427258853
2025-03-14 14:30:00,25,0.0,0.0,0.0009925558312655625
2025-03-14 21:00:00,25,0.44,0.04,-0.0033349213911386677
2025-03-14 21:30:00,25,0.08,0.0,-0.00041562759767244106
2025-03-14 22:00:00,25,0.16,0.0,-0.0008613264427217437
2025-03-14 22:30:00,25,0.0,0.08,0.00031693894603401773
2025-03-14 23:00:00,25,0.0,0.0,0.0
2025-03-14 23:30:00,25,0.0,0.0,0.0
2025-03-15 00:00:00,25,0.0,0.0,0.0
2025-03-15 00:30:00,25,0.0,0.0,0.0
2025-03-15 01:00:00,25,0.0,0.0,0.0
2025-03-15 01:30:00,25,0.0,0.0,0.0
2025-03-15 02:00:00,25,0.0,0.0,0.0
2025-03-17 09:00:00,25,0.04,0.48,0.0024941802460924922
2025-03-17 09:30:00,25,0.2,0.0,-0.0017237133710908958
2025-03-17 10:00:00,25,0.0,0.0,-0.0006634599436059485
2025-03-17 10:30:00,25,0.04,0.04,-0.00024978144123888324
2025-03-17 11:00:00,25,0.04,0.0,-0.001028453890983938
2025-03-17 13:30:00,25,0.0,0.0,-0.000664672648720499
2025-03-17 14:00:00,25,0.04,0.0,-0.00031055900621113075
2025-03-17 14:30:00,25,0.04,0.12,0.002368265245707546
2025-03-17 21:00:00,25,0.28,0.04,-0.002797637550512877
2025-03-17 21:30:00,25,0.0,0.04,0.0014005602240896309
2025-03-17 22:00:00,25,0.04,0.04,0.0
2025-03-17 22:30:00,25,0.0,0.0,-0.00041476565740361515
2025-03-17 23:00:00,25,0.0,0.0,0.0
2025-03-17 23:30:00,25,0.0,0.0,0.0
2025-03-18 00:00:00,25,0.0,0.0,0.0
2025-03-18 00:30:00,25,0.0,0.0,0.0
2025-03-18 01:00:00,25,0.0,0.0,0.0
2025-03-18 01:30:00,25,0.0,0.0,0.0
2025-03-18 02:00:00,25,0.0,0.0,0.0
2025-03-18 09:00:00,25,0.08,0.0,0.001248699271592102
2025-03-18 09:30:00,25,0.08,0.0,-0.0007422068283028382
2025-03-18 10:00:00,25,0.04,0.12,0.0007882291119285512
2025-03-18 10:30:00,25,0.0,0.0,-0.0003724394785847851
2025-03-18 11:00:00,25,0.04,0.0,-0.0018814675446848783
2025-03-18 13:30:00,25,0.12,0.04,-0.00022331397945507536
2025-03-18 14:00:00,25,0.0,0.0,-0.0003681885125184081
2025-03-18 14:30:00,25,0.04,0.08,0.0
2025-03-18 21:00:00,25,0.2,0.08,0.0
2025-03-18 21:30:00,25,0.0,0.04,-0.0007097030602395415
2025-03-18 22:00:00,25,0.04,0.0,-0.000685871056241405
2025-03-18 22:30:00,25,0.0,0.0,0.0
2025-03-18 23:00:00,25,0.0,0.0,0.0
2025-03-18 23:30:00,25,0.0,0.0,0.0
2025-03-19 00:00:00,25,0.0,0.0,0.0
2025-03-19 00:30:00,25,0.0,0.0,0.0
2025-03-19 01:00:00,25,0.0,0.0,0.0
2025-03-19 01:30:00,25,0.0,0.0,0.0
2025-03-19 02:00:00,25,0.0,0.0,0.0
2025-03-19 09:00:00,25,0.08,0.0,-0.0016139044072005504
2025-03-19 09:30:00,25,0.04,0.04,0.0003161555485298173
2025-03-19 10:00:00,25,0.0,0.0,0.0008257638315440907
2025-03-19 10:30:00,25,0.0,0.0,0.00034376074252318034
2025-03-19 11:00:00,25,0.0,0.0,-0.0007429420505200568
2025-03-19 13:30:00,25,0.0,0.2,0.0013276686139138683
2025-03-19 14:00:00,25,0.16,0.0,-0.0017873100983020196
2025-03-19 14:30:00,25,0.0,0.0,-0.00031615554852992833
2025-03-19 21:00:00,25,0.16,0.08,0.0
2025-03-19 21:30:00,25,0.08,0.0,-0.001242236024844745
2025-03-19 22:00:00,25,0.0,0.04,-0.0003852080123267765
2025-03-19 22:30:00,25,0.0,0.0,0.0
2025-03-19 23:00:00,25,0.0,0.0,0.0
2025-03-19 23:30:00,25,0.0,0.0,0.0
2025-03-20 00:00:00,25,0.0,0.0,0.0
2025-03-20 00:30:00,25,0.0,0.0,0.0
2025-03-20 01:00:00,25,0.0,0.0,0.0
2025-03-20 01:30:00,25,0.0,0.0,0.0
2025-03-20 02:00:00,25,0.0,0.0,0.0
2025-03-20 09:00:00,25,0.08,0.24,0.0008208832703988644
2025-03-20 09:30:00,25,0.16,0.04,-0.0004393673110720808
2025-03-20 10:00:00,25,0.0,0.32,0.003490401396160525
2025-03-20 10:30:00,25,0.0,0.04,0.0
2025-03-20 11:00:00,25,0.0,0.16,0.001686340640809414
2025-03-20 13:30:00,25,0.08,0.0,-0.0007601672367922863
2025-03-20 14:00:00,25,0.0,0.04,0.0006963788300835549
2025-03-20 14:30:00,25,0.04,0.04,0.0003909304143863146
2025-03-20 21:00:00,25,0.32,0.04,-0.0031486146095718315
2025-03-20 21:30:00,25,0.0,0.04,0.0011009174311926717
2025-03-20 22:00:00,25,0.04,0.16,0.0
2025-03-20 22:30:00,25,0.0,0.04,0.0006975933031043713
2025-03-20 23:00:00,25,0.0,0.0,0.0
2025-03-20 23:30:00,25,0.0,0.0,0.0
2025-03-21 00:00:00,25,0.0,0.0,0.0
2025-03-21 00:30:00,25,0.0,0.0,0.0
2025-03-21 01:00:00,25,0.0,0.0,0.0
2025-03-21 01:30:00,25,0.0,0.0,0.0
2025-03-21 02:00:00,25,0.0,0.0,0.0
2025-03-21 09:00:00,25,0.04,0.04,-0.000315756236185627
2025-03-21 09:30:00,25,0.12,0.0,-0.0015625000000000222
2025-03-21 10:00:00,25,0.0,0.0,0.000365630712979792
2025-03-21 10:30:00,25,0.04,0.04,-0.0008931229532599394
2025-03-21 11:00:00,25,0.04,0.0,-0.00034879665155218564
2025-03-21 13:30:00,25,0.08,0.08,-0.0003109276951777096
2025-03-21 14:00:00,25,0.0,0.0,-0.0005963029218842841
2025-03-21 14:30:00,25,0.0,0.0,-0.00034940600978339287
2025-03-21 21:00:00,25,0.08,0.04,0.0007246376811593791
2025-03-21 21:30:00,25,0.08,0.0,-0.0013151405556468543
2025-03-21 22:00:00,25,0.04,0.04,-0.0002088991017338282
2025-03-21 22:30:00,25,0.0,0.28,0.0021862702229995534
2025-03-21 23:00:00,25,0.0,0.0,0.0
2025-03-21 23:30:00,25,0.0,0.0,0.0
2025-03-22 00:00:00,25,0.0,0.0,0.0
2025-03-22 00:30:00,25,0.0,0.0,0.0
2025-03-22 01:00:00,25,0.0,0.0,0.0
2025-03-22 01:30:00,25,0.0,0.0,0.0
2025-03-22 02:00:00,25,0.0,0.0,0.0
2025-03-24 09:00:00,25,0.12,0.16,0.0013042615327907292
2025-03-24 09:30:00,25,0.0,0.04,0.000888888888888939
2025-03-24 10:00:00,25,0.0,0.0,0.0010567101091933928
2025-03-24 10:30:00,25,0.0,0.0,-0.0004926108374384564
2025-03-24 11:00:00,25,0.0,0.0,0.0003117030320205494
2025-03-24 13:30:00,25,0.0,0.0,0.0013586956521738358
2025-03-24 14:00:00,25,0.0,0.0,0.0004399472063352228
2025-03-24 14:30:00,25,0.0,0.0,0.0003122073056509578
2025-03-24 21:00:00,25,0.12,0.0,-0.00040950040950038513
2025-03-24 21:30:00,25,0.0,0.0,0.0
2025-03-24 22:00:00,25,0.0,0.0,-0.0007336757153337814
2025-03-24 22:30:00,25,0.0,0.04,0.0004405286343611703
2025-03-24 23:00:00,25,0.0,0.0,0.0
2025-03-24 23:30:00,25,0.0,0.0,0.0
2025-03-25 00:00:00,25,0.0,0.0,0.0
2025-03-25 00:30:00,25,0.0,0.0,0.0
2025-03-25 01:00:00,25,0.0,0.0,0.0
2025-03-25 01:30:00,25,0.0,0.0,0.0
2025-03-25 02:00:00,25,0.0,0.0,0.0
2025-03-25 09:00:00,25,0.04,0.04,-0.00047402005469465713
2025-03-25 09:30:00,25,0.0,0.0,-0.00010944112067712286
2025-03-25 10:00:00,25,0.08,0.0,-0.0002515723270439807
2025-03-25 10:30:00,25,0.16,0.04,-0.0013956734124215275
2025-03-25 11:00:00,25,0.04,0.08,0.0011144130757800852
2025-03-25 13:30:00,25,0.04,0.0,0.0009068238494671643
2025-03-25 14:00:00,25,0.04,0.0,0.00048344210780748575
2025-03-25 14:30:00,25,0.0,0.04,0.00033041467041128314
2025-03-25 21:00:00,25,0.04,0.28,0.001047031524138431
2025-03-25 21:30:00,25,0.0,0.08,0.0
2025-03-25 22:00:00,25,0.0,0.0,-0.00024177949709869306
2025-03-25 22:30:00,25,0.0,0.04,0.0007374631268437515
2025-03-25 23:00:00,25,0.0,0.0,0.0
2025-03-25 23:30:00,25,0.0,0.0,0.0
2025-03-26 00:00:00,25,0.0,0.0,0.0
2025-03-26 00:30:00,25,0.0,0.0,0.0
2025-03-26 01:00:00,25,0.0,0.0,0.0
2025-03-26 01:30:00,25,0.0,0.0,0.0
2025-03-26 02:00:00,25,0.0,0.0,0.0
2025-03-26 09:00:00,25,0.12,0.2,-0.0003684598378776993
2025-03-26 09:30:00,25,0.08,0.0,0.000358594310303717
2025-03-26 10:00:00,25,0.0,0.0,-0.0008792497069167737
2025-03-26 10:30:00,25,0.04,0.08,0.0009659502535619424
2025-03-26 11:00:00,25,0.2,0.04,-0.0020761245674740803
2025-03-26 13:30:00,25,0.04,0.08,0.0010198878123406363
2025-03-26 14:00:00,25,0.04,0.04,0.0006211355487169001
2025-03-26 14:30:00,25,0.12,0.0,-0.00035448422545192315
2025-03-26 21:00:00,25,0.2,0.04,-0.00011953143676790567
2025-03-26 21:30:00,25,0.04,0.08,0.001129177958446359
2025-03-26 22:00:00,25,0.0,0.04,0.0008218277449045797
2025-03-26 22:30:00,25,0.0,0.0,0.0
2025-03-26 23:00:00,25,0.0,0.0,0.0
2025-03-26 23:30:00,25,0.0,0.0,0.0
2025-03-27 00:00:00,25,0.0,0.0,0.0
2025-03-27 00:30:00,25,0.0,0.0,0.0
2025-03-27 01:00:00,25,0.0,0.0,0.0
2025-03-27 01:30:00,25,0.0,0.0,0.0
2025-03-27 02:00:00,25,0.0,0.0,0.0
2025-03-27 09:00:00,25,0.16,0.04,-0.0013493621197252503
2025-03-27 09:30:00,25,0.0,0.04,0.0012674271229404788
2025-03-27 10:00:00,25,0.0,0.0,-0.0006218905472636926
2025-03-27 10:30:00,25,0.0,0.0,0.001170046801872049
2025-03-27 11:00:00,25,0.08,0.0,-0.0008849557522123686
2025-03-27 13:30:00,25,0.04,0.04,0.0
2025-03-27 14:00:00,25,0.0,0.08,0.0007176175098673188
2025-03-27 14:30:00,25,0.0,0.04,0.00041502386387226586
2025-03-27 21:00:00,25,0.32,0.12,-0.0008836524300441795
2025-03-27 21:30:00,25,0.04,0.0,0.0
2025-03-27 22:00:00,25,0.0,0.08,0.0
2025-03-27 22:30:00,25,0.0,0.08,0.0006381620931716903
2025-03-27 23:00:00,25,0.0,0.0,0.0
2025-03-27 23:30:00,25,0.0,0.0,0.0
2025-03-28 00:00:00,25,0.0,0.0,0.0
2025-03-28 00:30:00,25,0.0,0.0,0.0
2025-03-28 01:00:00,25,0.0,0.0,0.0
2025-03-28 01:30:00,25,0.0,0.0,0.0
2025-03-28 02:00:00,25,0.0,0.0,0.0
2025-03-28 09:00:00,25,0.04,0.12,0.0012755102040815647
2025-03-28 09:30:00,25,0.24,0.04,-0.0020938023450586263
2025-03-28 10:00:00,25,0.04,0.0,-0.0006220839813374512
2025-03-28 10:30:00,25,0.16,0.0,-0.0008837825894829621
2025-03-28 11:00:00,25,0.04,0.0,-0.0004422821760282636
2025-03-28 13:30:00,25,0.0,0.08,0.0015408320493066618
2025-03-28 14:00:00,25,0.0,0.04,0.0002508151492350841
2025-03-28 14:30:00,25,0.12,0.04,-0.00031269543464662597
2025-03-28 21:00:00,25,0.16,0.08,-0.001472444257467398
2025-03-28 21:30:00,25,0.08,0.0,-0.00039463299131803353
2025-03-28 22:00:00,25,0.24,0.0,-0.0014398848092153083
2025-03-28 22:30:00,25,0.04,0.04,0.0
2025-03-28 23:00:00,25,0.0,0.04,0.0
2025-03-28 23:30:00,25,0.04,0.0,0.0
2025-03-29 00:00:00,25,0.0,0.0,0.0
2025-03-29 00:30:00,25,0.0,0.0,0.0
2025-03-29 01:00:00,25,0.0,0.0,0.0
2025-03-29 01:30:00,25,0.0,0.0,0.0
2025-03-29 02:00:00,25,0.0,0.0,0.0
2025-03-31 09:00:00,25,0.16,0.08,-0.0010147133434804667
2025-03-31 09:30:00,25,0.12,0.0,-0.0015748031496063408
2025-03-31 10:00:00,25,0.04,0.0,-0.00016425755584759116
2025-03-31 10:30:00,25,0.16,0.0,0.0
2025-03-31 11:00:00,25,0.04,0.0,-0.0005415651232060226
2025-03-31 13:30:00,25,0.0,0.16,0.0015098137896325525
2025-03-31 14:00:00,25,0.04,0.0,-0.0003522367030645013
2025-03-31 14:30:00,25,0.0,0.0,0.0
2025-03-31 21:00:00,25,0.16,0.16,0.0
2025-03-31 21:30:00,25,0.0,0.08,0.0015188335358444771
2025-03-31 22:00:00,25,0.0,0.04,0.0
2025-03-31 22:30:00,25,0.0,0.04,0.0010032605969401143
2025-03-31 23:00:00,25,0.0,0.0,0.0
2025-03-31 23:30:00,25,0.0,0.0,0.0
2025-04-01 00:00:00,25,0.0,0.0,0.0
2025-04-01 00:30:00,25,0.0,0.0,0.0
2025-04-01 01:00:00,25,0.0,0.0,0.0
2025-04-01 01:30:00,25,0.0,0.0,0.0
2025-04-01 02:00:00,25,0.0,0.0,0.0
2025-04-01 09:00:00,25,0.12,0.04,-0.000850882790895513
2025-04-01 09:30:00,25,0.0,0.04,0.000903016073686036
2025-04-01 10:00:00,25,0.0,0.28,0.0020523345305285545
2025-04-01 10:30:00,25,0.0,0.12,0.0017547707830665171
2025-04-01 11:00:00,25,0.0,0.0,-0.0004907574022574579
2025-04-01 13:30:00,25,0.0,0.0,0.0007571933366985473
2025-04-01 14:00:00,25,0.0,0.12,0.0011437908496731986
2025-04-01 14:30:00,25,0.08,0.0,-0.0012165450121655041
2025-04-01 21:00:00,25,0.12,0.08,-0.00029770765108660946
2025-04-01 21:30:00,25,0.04,0.08,0.0
2025-04-01 22:00:00,25,0.0,0.0,0.0
2025-04-01 22:30:00,25,0.0,0.08,0.000805477245267916
2025-04-01 23:00:00,25,0.0,0.0,0.0
2025-04-01 23:30:00,25,0.04,0.0,0.0
2025-04-02 00:00:00,25,0.0,0.0,0.0
2025-04-02 00:30:00,25,0.0,0.0,0.0
2025-04-02 01:00:00,25,0.0,0.0,0.0
2025-04-02 01:30:00,25,0.0,0.0,0.0
2025-04-02 02:00:00,25,0.0,0.0,0.0
2025-04-02 09:00:00,25,0.0,0.2,0.001224589762429673
2025-04-02 09:30:00,25,0.08,0.08,0.00030469226081653034
2025-04-02 10:00:00,25,0.0,0.04,0.0007323324789454411
2025-04-02 10:30:00,25,0.0,0.0,0.0
2025-04-02 11:00:00,25,0.04,0.0,-0.0007225433526011349
2025-04-02 13:30:00,25,0.04,0.0,0.0
2025-04-02 14:00:00,25,0.2,0.0,-0.0019006244909041126
2025-04-02 14:30:00,25,0.0,0.08,0.00042789901583217826
2025-04-02 21:00:00,25,0.12,0.08,0.0
2025-04-02 21:30:00,25,0.0,0.04,0.0008103727714747766
2025-04-02 22:00:00,25,0.04,0.0,-0.0006473888649115578
2025-04-02 22:30:00,25,0.0,0.0,0.0
2025-04-02 23:00:00,25,0.0,0.0,0.0
2025-04-02 23:30:00,25,0.0,0.0,0.0
2025-04-03 00:00:00,25,0.0,0.04,0.0
2025-04-03 00:30:00,25,0.0,0.0,0.0
2025-04-03 01:00:00,25,0.0,0.0,0.0
2025-04-03 01:30:00,25,0.0,0.0,0.0
2025-04-03 02:00:00,25,0.04,0.0,0.0
2025-04-03 09:00:00,25,0.4,0.04,-0.0025284450063211006
2025-04-03 09:30:00,25,0.04,0.12,0.0012145748987855143
2025-04-03 10:00:00,25,0.08,0.0,-0.0022181146025878062
2025-04-03 10:30:00,25,0.08,0.08,0.0
2025-04-03 11:00:00,25,0.08,0.0,-0.000948766603415585
2025-04-03 13:30:00,25,0.08,0.04,0.0009496676163343043
2025-04-03 14:00:00,25,0.04,0.0,-0.0008756567425569628
2025-04-03 14:30:00,25,0.04,0.0,0.0006345177664974777
2025-04-07 09:00:00,25,0.92,0.08,-0.028273809523809534
2025-04-07 09:30:00,25,0.0,0.0,0.0
2025-04-07 10:00:00,25,0.0,0.04,0.002808988764045006
2025-04-07 10:30:00,25,0.0,0.0,0.0
2025-04-07 11:00:00,25,0.0,0.0,-0.00037965072133638866
2025-04-07 13:30:00,25,0.16,0.0,-0.004610655737704916
2025-04-07 14:00:00,25,0.0,0.0,-0.0004374453193350947
2025-04-07 14:30:00,25,0.0,0.0,0.00016431153466966997
2025-04-07 21:00:00,25,0.16,0.08,0.0
2025-04-07 21:30:00,25,0.0,0.0,0.0016018306636156332
2025-04-07 22:00:00,25,0.0,0.0,0.001477832512315258
2025-04-07 22:30:00,25,0.0,0.0,-0.0004378283712784814
2025-04-07 23:00:00,25,0.0,0.0,0.0
2025-04-07 23:30:00,25,0.0,0.0,0.0
2025-04-08 00:00:00,25,0.0,0.0,0.0
2025-04-08 00:30:00,25,0.0,0.0,0.0
2025-04-08 01:00:00,25,0.0,0.0,0.0
2025-04-08 01:30:00,25,0.0,0.0,0.0
2025-04-08 02:00:00,25,0.0,0.0,0.0
2025-04-08 09:00:00,25,0.04,0.04,-0.001831501831501825
2025-04-08 09:30:00,25,0.0,0.0,0.0
2025-04-08 10:00:00,25,0.0,0.0,-0.0005206977349648811
2025-04-08 10:30:00,25,0.08,0.0,-0.0037437603993344393
2025-04-08 11:00:00,25,0.04,0.0,-0.000947268708556992
2025-04-08 13:30:00,25,0.04,0.0,-0.0005235602094241232
2025-04-08 14:00:00,25,0.16,0.0,-0.00304800609601219
2025-04-08 14:30:00,25,0.0,0.0,0.0005095541401274328
2025-04-08 21:00:00,25,0.0,0.0,0.0
2025-04-08 21:30:00,25,0.0,0.0,-0.0012974375608173494
2025-04-08 22:00:00,25,0.0,0.0,0.0007859575582918055
2025-04-08 22:30:00,25,0.0,0.0,-0.003615328994938549
2025-04-08 23:00:00,25,0.0,0.0,0.0
2025-04-08 23:30:00,25,0.0,0.0,0.0
2025-04-09 00:00:00,25,0.0,0.0,0.0
2025-04-09 00:30:00,25,0.0,0.0,0.0
2025-04-09 01:00:00,25,0.0,0.0,0.0
2025-04-09 01:30:00,25,0.0,0.0,0.0
2025-04-09 02:00:00,25,0.0,0.0,0.0
2025-04-09 09:00:00,25,0.52,0.0,-0.01078476365305181
2025-04-09 09:30:00,25,0.0,0.0,0.0022905759162303863
2025-04-09 10:00:00,25,0.0,0.0,0.0004550625711035039
2025-04-09 10:30:00,25,0.04,0.08,0.0016644474034619439
2025-04-09 11:00:00,25,0.04,0.0,-0.0007251631617113397
2025-04-09 13:30:00,25,0.04,0.0,0.0009078529278256919
2025-04-09 14:00:00,25,0.0,0.04,0.002104155707522315
2025-04-09 14:30:00,25,0.0,0.0,-0.0015748031496063408
2025-04-09 21:00:00,25,0.08,0.08,0.0012824623276690428
2025-04-09 21:30:00,25,0.0,0.0,0.000527983104540608
2025-04-09 22:00:00,25,0.0,0.0,0.00025793139025021006
2025-04-09 22:30:00,25,0.0,0.0,-0.002096924510717635
2025-04-09 23:00:00,25,0.0,0.0,0.0
2025-04-09 23:30:00,25,0.0,0.0,0.0
2025-04-10 00:00:00,25,0.0,0.0,0.0
2025-04-10 00:30:00,25,0.0,0.0,0.0
2025-04-10 01:00:00,25,0.04,0.04,0.0
2025-04-10 01:30:00,25,0.0,0.04,0.0
2025-04-10 02:00:00,25,0.0,0.0,0.0
2025-04-10 09:00:00,25,0.04,0.68,0.012145748987854255
2025-04-10 09:30:00,25,0.0,0.0,0.0026476915439350712
2025-04-10 10:00:00,25,0.0,0.04,0.0035389878494751503
2025-04-10 10:30:00,25,0.0,0.0,-0.002245508982035904
2025-04-10 11:00:00,25,0.04,0.0,-0.0014841688654353424
2025-04-10 13:30:00,25,0.0,0.0,0.0005047955577990315
2025-04-10 14:00:00,25,0.0,0.0,0.00025227043390518844
2025-04-10 14:30:00,25,0.0,0.0,0.00044014084507049134
2025-04-10 21:00:00,25,0.16,0.0,-0.004301075268817178
2025-04-10 21:30:00,25,0.0,0.0,-0.0008244023083264773
2025-04-10 22:00:00,25,0.0,0.0,0.0020936927505887937
2025-04-10 22:30:00,25,0.0,0.0,0.0
2025-04-10 23:00:00,25,0.0,0.0,0.0
2025-04-10 23:30:00,25,0.0,0.0,0.0
2025-04-11 00:00:00,25,0.0,0.0,0.0
2025-04-11 00:30:00,25,0.0,0.0,0.0
2025-04-11 01:00:00,25,0.0,0.0,0.0
2025-04-11 01:30:00,25,0.0,0.0,0.0
2025-04-11 02:00:00,25,0.0,0.0,0.0
2025-04-11 09:00:00,25,0.08,0.04,-0.0020893183598851284
2025-04-11 09:30:00,25,0.0,0.0,-0.0012787723785165905
2025-04-11 10:00:00,25,0.04,0.0,-0.0013315579227696217
2025-04-11 10:30:00,25,0.0,0.0,0.002666666666666595
2025-04-11 11:00:00,25,0.0,0.0,0.0017459038409883831
2025-04-11 13:30:00,25,0.04,0.08,0.0027447392497712553
2025-04-11 14:00:00,25,0.0,0.04,0.0
2025-04-11 14:30:00,25,0.04,0.0,-0.0003243593902043651
2025-04-11 21:00:00,25,0.08,0.08,0.0
2025-04-11 21:30:00,25,0.0,0.04,-0.0003745318352059712
2025-04-11 22:00:00,25,0.0,0.0,-0.000519885625162475
2025-04-11 22:30:00,25,0.0,0.04,0.0
2025-04-11 23:00:00,25,0.0,0.0,0.0
2025-04-11 23:30:00,25,0.0,0.0,0.0
2025-04-12 00:00:00,25,0.0,0.0,0.0
2025-04-12 00:30:00,25,0.0,0.0,0.0
2025-04-12 01:00:00,25,0.0,0.0,0.0
2025-04-12 01:30:00,25,0.0,0.0,0.0
2025-04-12 02:00:00,25,0.0,0.0,0.0
2025-04-14 09:00:00,25,0.04,0.04,0.0032393909944929966
2025-04-14 09:30:00,25,0.0,0.0,0.0
2025-04-14 10:00:00,25,0.0,0.0,0.00021141649048628253
2025-04-14 10:30:00,25,0.0,0.0,-0.0014068655036578726
2025-04-14 11:00:00,25,0.0,0.04,-0.0007704160246533309
2025-04-14 13:30:00,25,0.04,0.04,0.0011565150346954933
2025-04-14 14:00:00,25,0.04,0.0,0.00044189129474148103
2025-04-14 14:30:00,25,0.0,0.0,-0.0012322858903265343
2025-04-14 21:00:00,25,0.2,0.08,0.0
2025-04-14 21:30:00,25,0.0,0.0,-0.0003209242618742447
2025-04-14 22:00:00,25,0.0,0.0,0.0004214075010535723
2025-04-14 22:30:00,25,0.0,0.0,-0.00033863867253636215
2025-04-14 23:00:00,25,0.0,0.0,0.0
2025-04-14 23:30:00,25,0.0,0.0,0.0
2025-04-15 00:00:00,25,0.0,0.0,0.0
2025-04-15 00:30:00,25,0.0,0.0,0.0
2025-04-15 01:00:00,25,0.0,0.0,0.0
2025-04-15 01:30:00,25,0.0,0.0,0.0
2025-04-15 02:00:00,25,0.0,0.0,0.0
2025-04-15 09:00:00,25,0.16,0.0,-0.0007518796992481702
2025-04-15 09:30:00,25,0.08,0.0,-0.0009237875288683473
2025-04-15 10:00:00,25,0.0,0.0,0.00021128248468205157
2025-04-15 10:30:00,25,0.0,0.04,-0.0003233107015842007
2025-04-15 11:00:00,25,0.0,0.04,0.0015282730514518672
2025-04-15 13:30:00,25,0.0,0.0,0.0
2025-04-15 14:00:00,25,0.0,0.0,-0.0006688963210702559
2025-04-15 14:30:00,25,0.04,0.0,-0.00038804811796666616
2025-04-15 21:00:00,25,0.08,0.16,0.0
2025-04-15 21:30:00,25,0.0,0.0,0.0007358351729211954
2025-04-15 22:00:00,25,0.0,0.0,0.0
2025-04-15 22:30:00,25,0.0,0.04,-0.0003872966692486379
2025-04-15 23:00:00,25,0.0,0.0,0.0
2025-04-15 23:30:00,25,0.0,0.0,0.0
2025-04-16 00:00:00,25,0.0,0.0,0.0
2025-04-16 00:30:00,25,0.0,0.0,0.0
2025-04-16 01:00:00,25,0.0,0.0,0.0
2025-04-16 01:30:00,25,0.0,0.0,0.0
2025-04-16 02:00:00,25,0.0,0.0,0.0
2025-04-16 09:00:00,25,0.04,0.16,0.00046490004649002437
2025-04-16 09:30:00,25,0.08,0.0,-0.001506489493201535
2025-04-16 10:00:00,25,0.0,0.0,-0.0004216740459624946
2025-04-16 10:30:00,25,0.12,0.0,-0.0014204545454545858
2025-04-16 11:00:00,25,0.36,0.0,-0.0022602518566354757
2025-04-16 13:30:00,25,0.08,0.0,0.0
2025-04-16 14:00:00,25,0.04,0.0,-0.0003234152652005218
2025-04-16 14:30:00,25,0.04,0.08,0.001170503316425986
2025-04-16 21:00:00,25,0.16,0.16,0.0
2025-04-16 21:30:00,25,0.0,0.2,0.001788086236844677
2025-04-16 22:00:00,25,0.0,0.0,0.0019860973187686426
2025-04-16 22:30:00,25,0.12,0.0,-0.0017262638717632228
2025-04-16 23:00:00,25,0.0,0.0,0.0
2025-04-16 23:30:00,25,0.0,0.0,0.0
2025-04-17 00:00:00,25,0.0,0.0,0.0
2025-04-17 00:30:00,25,0.0,0.0,0.0
2025-04-17 01:00:00,25,0.0,0.0,0.0
2025-04-17 01:30:00,25,0.0,0.0,0.0
2025-04-17 02:00:00,25,0.0,0.04,0.0
2025-04-17 09:00:00,25,0.08,0.0,0.0
2025-04-17 09:30:00,25,0.08,0.2,0.002558362647905321
2025-04-17 10:00:00,25,0.0,0.0,-0.0005202913631633388
2025-04-17 10:30:00,25,0.0,0.2,0.003108727753166951
2025-04-17 11:00:00,25,0.0,0.04,0.0022529771483745797
2025-04-17 13:30:00,25,0.08,0.0,-0.0024875621890547706
2025-04-17 14:00:00,25,0.08,0.0,-0.0009904258831296975
2025-04-17 14:30:00,25,0.2,0.0,-0.001108033240997175
2025-04-17 21:00:00,25,0.0,0.04,0.00039588281868563335
2025-04-17 21:30:00,25,0.0,0.0,0.0
2025-04-17 22:00:00,25,0.04,0.0,-0.001616031027795728
2025-04-17 22:30:00,25,0.04,0.04,-0.0004897159647404559
2025-04-17 23:00:00,25,0.0,0.04,0.0
2025-04-17 23:30:00,25,0.0,0.0,0.0
2025-04-18 00:00:00,25,0.0,0.04,0.0
2025-04-18 00:30:00,25,0.0,0.0,0.0
2025-04-18 01:00:00,25,0.0,0.0,0.0
2025-04-18 01:30:00,25,0.0,0.0,0.0
2025-04-18 02:00:00,25,0.0,0.0,0.0
2025-04-18 09:00:00,25,0.04,0.0,0.0
2025-04-18 09:30:00,25,0.08,0.12,0.0007468259895444529
2025-04-18 10:00:00,25,0.0,0.0,-0.0005077430820005224
2025-04-18 10:30:00,25,0.08,0.0,-0.0006466214031684014
2025-04-18 11:00:00,25,0.0,0.0,-0.0018826482585503346
2025-04-18 13:30:00,25,0.0,0.12,0.0019409937888199558
2025-04-18 14:00:00,25,0.0,0.04,0.0012973533990658925
2025-04-18 14:30:00,25,0.24,0.0,-0.0014245014245014564
2025-04-18 21:00:00,25,0.16,0.04,-0.0015105740181269312
2025-04-18 21:30:00,25,0.0,0.12,0.0015743073047858047
2025-04-18 22:00:00,25,0.0,0.12,0.0014720314033365156
2025-04-18 22:30:00,25,0.0,0.0,0.0005249343832021136
2025-04-18 23:00:00,25,0.0,0.0,0.0
2025-04-18 23:30:00,25,0.0,0.0,0.0
2025-04-19 00:00:00,25,0.0,0.0,0.0
2025-04-19 00:30:00,25,0.0,0.0,0.0
2025-04-19 01:00:00,25,0.0,0.0,0.0
2025-04-19 01:30:00,25,0.0,0.0,0.0
2025-04-19 02:00:00,25,0.0,0.0,0.0
2025-04-21 09:00:00,25,0.32,0.16,0.0006590424500871883
2025-04-21 09:30:00,25,0.0,0.08,0.0030891438658429138
2025-04-21 10:00:00,25,0.0,0.0,-0.00024327940639823353
2025-04-21 10:30:00,25,0.12,0.0,-0.0006437077566784355
2025-04-21 11:00:00,25,0.0,0.04,0.002480270574971799
2025-04-21 13:30:00,25,0.0,0.12,0.0016072002571521082
2025-04-21 14:00:00,25,0.0,0.04,0.0006983240223463749
2025-04-21 14:30:00,25,0.0,0.0,-0.0011273957158962622
2025-04-21 21:00:00,25,0.2,0.08,-0.002070125501358544
2025-04-21 21:30:00,25,0.12,0.0,-0.0010018367006178197
2025-04-21 22:00:00,25,0.04,0.0,0.0
2025-04-21 22:30:00,25,0.0,0.0,-0.0002520796571716666
2025-04-21 23:00:00,25,0.0,0.0,0.0
2025-04-21 23:30:00,25,0.0,0.0,0.0
2025-04-22 00:00:00,25,0.0,0.0,0.0
2025-04-22 00:30:00,25,0.0,0.0,0.0
2025-04-22 01:00:00,25,0.0,0.0,0.0
2025-04-22 01:30:00,25,0.0,0.0,0.0
2025-04-22 02:00:00,25,0.0,0.0,0.0
2025-04-22 09:00:00,25,0.08,0.2,0.001172485669619583
2025-04-22 09:30:00,25,0.08,0.0,-0.0010346611484738366
2025-04-22 10:00:00,25,0.0,0.04,0.0008635578583764403
2025-04-22 10:30:00,25,0.12,0.08,-0.0012999675008125156
2025-04-22 11:00:00,25,0.0,0.0,0.0
2025-04-22 13:30:00,25,0.08,0.12,0.0009332711152589823
2025-04-22 14:00:00,25,0.16,0.0,-0.0020114942528736135
2025-04-22 14:30:00,25,0.0,0.04,0.0005387931034481763
2025-04-22 21:00:00,25,0.0,0.2,0.0022790579893643415
2025-04-22 21:30:00,25,0.04,0.0,0.0
2025-04-22 22:00:00,25,0.0,0.12,0.001421555957611842
2025-04-22 22:30:00,25,0.0,0.0,-0.0009254974548820183
2025-04-22 23:00:00,25,0.0,0.0,0.0
2025-04-22 23:30:00,25,0.0,0.0,0.0
2025-04-23 00:00:00,25,0.04,0.0,0.0
2025-04-23 00:30:00,25,0.0,0.0,0.0
2025-04-23 01:00:00,25,0.0,0.0,0.0
2025-04-23 01:30:00,25,0.0,0.0,0.0
2025-04-23 02:00:00,25,0.0,0.0,0.0
2025-04-23 09:00:00,25,0.04,0.56,0.006172839506172867
2025-04-23 09:30:00,25,0.04,0.0,-0.0013812154696132284
2025-04-23 10:00:00,25,0.04,0.0,-0.0007363770250368162
2025-04-23 10:30:00,25,0.04,0.0,-0.0007362058276503269
2025-04-23 11:00:00,25,0.0,0.0,0.0008602150537635467
2025-04-23 13:30:00,25,0.0,0.28,0.0030935808197989356
2025-04-23 14:00:00,25,0.0,0.04,0.0017346053772766545
2025-04-23 14:30:00,25,0.0,0.0,0.00022266755733690857
2025-04-23 21:00:00,25,0.2,0.0,-0.0022965042102577327
2025-04-23 21:30:00,25,0.0,0.0,0.001023017902813228
2025-04-23 22:00:00,25,0.08,0.0,-0.0020065211938801175
2025-04-23 22:30:00,25,0.0,0.04,0.0028927458834000497
2025-04-23 23:00:00,25,0.04,0.0,0.0
2025-04-23 23:30:00,25,0.0,0.0,0.0
2025-04-24 00:00:00,25,0.0,0.0,0.0
2025-04-24 00:30:00,25,0.0,0.0,0.0
2025-04-24 01:00:00,25,0.0,0.0,0.0
2025-04-24 01:30:00,25,0.0,0.0,0.0
2025-04-24 02:00:00,25,0.0,0.0,0.0
2025-04-24 09:00:00,25,0.08,0.08,-0.001151631477927073
2025-04-24 09:30:00,25,0.0,0.0,0.0006437491953135144
2025-04-24 10:00:00,25,0.0,0.0,-0.0008420546132563711
2025-04-24 10:30:00,25,0.0,0.08,0.0
2025-04-24 11:00:00,25,0.04,0.0,-0.0017497812773403787
2025-04-24 13:30:00,25,0.0,0.0,-0.0007336757153337814
2025-04-24 14:00:00,25,0.04,0.0,0.0003170577045021883
2025-04-24 14:30:00,25,0.0,0.04,0.0019323671497584183
2025-04-24 21:00:00,25,0.08,0.08,-0.00022133687472336572
2025-04-24 21:30:00,25,0.04,0.0,0.0
2025-04-24 22:00:00,25,0.0,0.0,0.0
2025-04-24 22:30:00,25,0.04,0.0,0.0009661835748793202
2025-04-24 23:00:00,25,0.0,0.0,0.0
2025-04-24 23:30:00,25,0.0,0.0,0.0
2025-04-25 00:00:00,25,0.0,0.0,0.0
2025-04-25 00:30:00,25,0.0,0.0,0.0
2025-04-25 01:00:00,25,0.0,0.0,0.0
2025-04-25 01:30:00,25,0.0,0.0,0.0
2025-04-25 02:00:00,25,0.0,0.0,0.0
2025-04-25 09:00:00,25,0.0,0.12,0.001154290111581302
2025-04-25 09:30:00,25,0.0,0.08,0.0012197911107723058
2025-04-25 10:00:00,25,0.0,0.0,0.0
2025-04-25 10:30:00,25,0.0,0.04,0.001219001180907453
2025-04-25 11:00:00,25,0.0,0.0,0.0006203473945409765
2025-04-25 13:30:00,25,0.4,0.0,-0.004034171808258158
2025-04-25 14:00:00,25,0.16,0.0,-0.0012476606363068798
2025-04-25 14:30:00,25,0.04,0.0,0.0005167958656331351
2025-04-25 21:00:00,25,0.2,0.2,0.0
2025-04-25 21:30:00,25,0.04,0.0,0.0
2025-04-25 22:00:00,25,0.04,0.0,-0.0007598784194529085
2025-04-25 22:30:00,25,0.08,0.12,0.0
2025-04-25 23:00:00,25,0.0,0.0,0.0
2025-04-25 23:30:00,25,0.0,0.0,0.0
2025-04-26 00:00:00,25,0.0,0.0,0.0
2025-04-26 00:30:00,25,0.0,0.0,0.0
2025-04-26 01:00:00,25,0.0,0.0,0.0
2025-04-26 01:30:00,25,0.04,0.0,0.0
2025-04-26 02:00:00,25,0.0,0.0,0.0
2025-04-28 09:00:00,25,0.24,0.12,-0.001995565410199518
2025-04-28 09:30:00,25,0.08,0.0,-0.0017579105976895937
2025-04-28 10:00:00,25,0.04,0.0,-0.0004237288135593431
2025-04-28 10:30:00,25,0.0,0.0,0.0007342143906019505
2025-04-28 11:00:00,25,0.0,0.16,0.0015781167806416807
2025-04-28 13:30:00,25,0.0,0.0,-0.0003188775510204467
2025-04-28 14:00:00,25,0.12,0.0,-0.0008449514152936155
2025-04-28 14:30:00,25,0.0,0.0,0.0
2025-04-28 21:00:00,25,0.12,0.08,-0.0007037297677692234
2025-04-28 21:30:00,25,0.04,0.0,-0.0003401360544217358
2025-04-28 22:00:00,25,0.0,0.04,0.0013520365049857208
2025-04-28 22:30:00,25,0.0,0.0,-0.0008718395815170421
2025-04-28 23:00:00,25,0.0,0.0,0.0
2025-04-28 23:30:00,25,0.0,0.0,0.0
2025-04-29 00:00:00,25,0.0,0.0,0.0
2025-04-29 00:30:00,25,0.0,0.0,0.0
2025-04-29 01:00:00,25,0.0,0.0,0.0
2025-04-29 01:30:00,25,0.0,0.0,0.0
2025-04-29 02:00:00,25,0.0,0.0,0.0
2025-04-29 09:00:00,25,0.16,0.0,-0.0016051364365970988
2025-04-29 09:30:00,25,0.04,0.0,0.0007729966503478014
2025-04-29 10:00:00,25,0.04,0.0,0.0007723995880535295
2025-04-29 10:30:00,25,0.24,0.0,-0.0024837007140640077
2025-04-29 11:00:00,25,0.08,0.0,-0.0016108247422680355
2025-04-29 13:30:00,25,0.0,0.08,0.0005827505827504798
2025-04-29 14:00:00,25,0.04,0.0,-0.001229407425620832
2025-04-29 14:30:00,25,0.04,0.04,0.00025094102885825365
2025-04-29 21:00:00,25,0.04,0.16,0.0
2025-04-29 21:30:00,25,0.0,0.0,0.0
2025-04-29 22:00:00,25,0.12,0.0,-0.001188051595383599
2025-04-29 22:30:00,25,0.12,0.04,-0.0004395604395603936
2025-04-29 23:00:00,25,0.0,0.0,0.0
2025-04-29 23:30:00,25,0.0,0.0,0.0
2025-04-30 00:00:00,25,0.0,0.0,0.0
2025-04-30 00:30:00,25,0.0,0.0,0.0
2025-04-30 01:00:00,25,0.0,0.0,0.0
2025-04-30 01:30:00,25,0.0,0.0,0.0
2025-04-30 02:00:00,25,0.0,0.0,0.0
2025-04-30 09:00:00,25,0.0,0.16,0.0014144271570013522
2025-04-30 09:30:00,25,0.04,0.0,-0.0016103059581320522
2025-04-30 10:00:00,25,0.0,0.0,0.0002565418163160693
2025-04-30 10:30:00,25,0.2,0.0,-0.0012509382036527406
2025-04-30 11:00:00,25,0.04,0.04,-0.0009036922282468218
2025-04-30 13:30:00,25,0.12,0.04,-0.0006805035726437092
2025-04-30 14:00:00,25,0.0,0.04,-0.0005871990604815469
2025-04-30 14:30:00,25,0.0,0.0,7.689941556443536e-05
2025-05-06 09:00:00,25,0.4,0.32,-0.0009604302727621583
2025-05-06 09:30:00,25,0.16,0.12,0.00033967391304345895
2025-05-06 10:00:00,25,0.24,0.0,-0.003780297976428759
2025-05-06 10:30:00,25,0.0,0.12,0.0015334063526835084
2025-05-06 11:00:00,25,0.0,0.04,0.0008318209316393599
2025-05-06 13:30:00,25,0.2,0.0,-0.0031473187265463887
2025-05-06 14:00:00,25,0.0,0.04,0.0006504065040651152
2025-05-06 14:30:00,25,0.0,0.0,-0.0007092198581559739
2025-05-06 21:00:00,25,0.0,0.52,0.004614450516089885
2025-05-06 21:30:00,25,0.0,0.0,0.0
2025-05-06 22:00:00,25,0.0,0.0,0.0
2025-05-06 22:30:00,25,0.0,0.0,-0.00032992411745302874
2025-05-06 23:00:00,25,0.0,0.0,0.0
2025-05-06 23:30:00,25,0.0,0.0,0.0
2025-05-07 00:00:00,25,0.0,0.0,0.0
2025-05-07 00:30:00,25,0.0,0.0,0.0
2025-05-07 01:00:00,25,0.0,0.0,0.0
2025-05-07 01:30:00,25,0.0,0.0,0.0
2025-05-07 02:00:00,25,0.0,0.0,0.0
2025-05-07 09:00:00,25,0.08,0.24,0.0034342133505045336
2025-05-07 09:30:00,25,0.32,0.0,-0.004195804195804231
2025-05-07 10:00:00,25,0.08,0.0,-0.0005988023952095967
2025-05-07 10:30:00,25,0.0,0.04,-0.0011554756708178626
2025-05-07 11:00:00,25,0.0,0.0,-0.0010702054794520244
2025-05-07 13:30:00,25,0.04,0.0,-0.00031152647975074554
2025-05-07 14:00:00,25,0.0,0.0,0.001957623215108173
2025-05-07 14:30:00,25,0.04,0.0,0.0
2025-05-07 21:00:00,25,0.32,0.04,-0.004296183977760881
2025-05-07 21:30:00,25,0.0,0.0,-0.0001715560130383098
2025-05-07 22:00:00,25,0.0,0.0,-0.000389711613406063
2025-05-07 22:30:00,25,0.0,0.0,-0.00025829781738340163
2025-05-07 23:00:00,25,0.0,0.0,0.0
2025-05-07 23:30:00,25,0.0,0.0,0.0
2025-05-08 00:00:00,25,0.0,0.0,0.0
2025-05-08 00:30:00,25,0.0,0.0,0.0
2025-05-08 01:00:00,25,0.0,0.0,0.0
2025-05-08 01:30:00,25,0.0,0.0,0.0
2025-05-08 02:00:00,25,0.0,0.0,0.0
2025-05-08 09:00:00,25,0.12,0.08,0.0007092198581559739
2025-05-08 09:30:00,25,0.04,0.12,0.0019047619047618536
2025-05-08 10:00:00,25,0.04,0.0,-0.00034094783498128667
2025-05-08 10:30:00,25,0.0,0.04,0.0004516711833784104
2025-05-08 11:00:00,25,0.0,0.08,0.0004184259576247573
2025-05-08 13:30:00,25,0.2,0.0,-0.0006478082487584302
2025-05-08 14:00:00,25,0.08,0.0,-0.002372881355932166
2025-05-08 14:30:00,25,0.0,0.04,0.0018957345971564177
2025-05-08 21:00:00,25,0.04,0.12,0.0010277492291881352
2025-05-08 21:30:00,25,0.0,0.04,0.0007742934572203541
2025-05-08 22:00:00,25,0.0,0.0,-0.00025113008538424353
2025-05-08 22:30:00,25,0.0,0.0,-0.0010190217391304879
2025-05-08 23:00:00,25,0.0,0.0,0.0
2025-05-08 23:30:00,25,0.0,0.04,0.0
2025-05-09 00:00:00,25,0.0,0.0,0.0
2025-05-09 00:30:00,25,0.0,0.0,0.0
2025-05-09 01:00:00,25,0.0,0.0,0.0
2025-05-09 01:30:00,25,0.0,0.0,0.0
2025-05-09 02:00:00,25,0.0,0.0,0.0
2025-05-09 09:00:00,25,0.08,0.04,-0.0006863417982154729
2025-05-09 09:30:00,25,0.0,0.0,0.0015748031496063408
2025-05-09 10:00:00,25,0.0,0.0,-0.000773694390715618
2025-05-09 10:30:00,25,0.08,0.04,-0.0003147623544224043
2025-05-09 11:00:00,25,0.08,0.0,-0.00031486146095716094
2025-05-09 13:30:00,25,0.0,0.0,0.0
2025-05-09 14:00:00,25,0.04,0.0,-0.0013455931823278533
2025-05-09 14:30:00,25,0.0,0.0,-0.000717875089734421
2025-05-09 21:00:00,25,0.08,0.12,0.001194420898512849
2025-05-09 21:30:00,25,0.0,0.08,0.0
2025-05-09 22:00:00,25,0.0,0.0,-0.0007625826131164581
2025-05-09 22:30:00,25,0.12,0.04,0.0
2025-05-09 23:00:00,25,0.0,0.04,0.0
2025-05-09 23:30:00,25,0.0,0.0,0.0
2025-05-10 00:00:00,25,0.0,0.0,0.0
2025-05-10 00:30:00,25,0.0,0.0,0.0
2025-05-10 01:00:00,25,0.0,0.0,0.0
2025-05-10 01:30:00,25,0.0,0.0,0.0
2025-05-10 02:00:00,25,0.0,0.0,0.0
2025-05-12 09:00:00,25,0.16,0.52,0.0048750761730651515
2025-05-12 09:30:00,25,0.2,0.0,-0.003032140691328067
2025-05-12 10:00:00,25,0.0,0.28,0.0042613636363635354
2025-05-12 10:30:00,25,0.0,0.04,-0.00031347962382444194
2025-05-12 11:00:00,25,0.0,0.0,0.00037878787878797837
2025-05-12 13:30:00,25,0.0,0.44,0.0042164441321153046
2025-05-12 14:00:00,25,0.0,0.0,0.002007024586051287
2025-05-12 14:30:00,25,0.0,0.0,0.0008510638297871687
2025-05-12 21:00:00,25,0.16,0.32,0.002492522432701927
2025-05-12 21:30:00,25,0.0,0.0,-0.0013670539986329056
2025-05-12 22:00:00,25,0.04,0.0,-0.000679232467311941
2025-05-12 22:30:00,25,0.04,0.0,0.0
2025-05-12 23:00:00,25,0.0,0.0,0.0
2025-05-12 23:30:00,25,0.0,0.0,0.0
2025-05-13 00:00:00,25,0.0,0.0,0.0
2025-05-13 00:30:00,25,0.0,0.0,0.0
2025-05-13 01:00:00,25,0.0,0.0,0.0
2025-05-13 01:30:00,25,0.0,0.0,0.0
2025-05-13 02:00:00,25,0.0,0.0,0.0
2025-05-13 09:00:00,25,0.08,0.0,-0.0013333333333332975
2025-05-13 09:30:00,25,0.0,0.04,-0.0011560693641619046
2025-05-13 10:00:00,25,0.0,0.0,-0.00024869435463814593
2025-05-13 10:30:00,25,0.0,0.0,-0.0008517887563883608
2025-05-13 11:00:00,25,0.08,0.0,7.662541665065525e-05
2025-05-13 13:30:00,25,0.12,0.0,-0.000426985482493647
2025-05-13 14:00:00,25,0.0,0.0,0.0006232471174820731
2025-05-13 14:30:00,25,0.0,0.04,0.001006795872136923
2025-05-13 21:00:00,25,0.04,0.16,0.0
2025-05-13 21:30:00,25,0.0,0.16,0.0004264392324093702
2025-05-13 22:00:00,25,0.0,0.36,0.003550006120700111
2025-05-13 22:30:00,25,0.0,0.16,0.0015020653398423178
2025-05-13 23:00:00,25,0.0,0.0,0.0
2025-05-13 23:30:00,25,0.0,0.0,0.0
2025-05-14 00:00:00,25,0.0,0.0,0.0
2025-05-14 00:30:00,25,0.0,0.0,0.0
2025-05-14 01:00:00,25,0.0,0.0,0.0
2025-05-14 01:30:00,25,0.0,0.0,0.0
2025-05-14 02:00:00,25,0.0,0.0,0.0
2025-05-14 09:00:00,25,0.0,0.24,0.002470660901791266
2025-05-14 09:30:00,25,0.0,0.12,0.0022404779686333587
2025-05-14 10:00:00,25,0.04,0.0,-0.0011177347242921076
2025-05-14 10:30:00,25,0.0,0.0,0.00030180706983062855
2025-05-14 11:00:00,25,0.0,0.0,-0.0004118616144975773
2025-05-14 13:30:00,25,0.0,0.08,0.0018444512757453957
2025-05-14 14:00:00,25,0.0,0.0,0.0003201024327785795
2025-05-14 14:30:00,25,0.0,0.04,0.0006868131868131844
2025-05-14 21:00:00,25,0.2,0.04,-0.002558362647905321
2025-05-14 21:30:00,25,0.0,0.0,-0.0004105090311986581
2025-05-14 22:00:00,25,0.0,0.0,0.0
2025-05-14 22:30:00,25,0.0,0.0,0.0
2025-05-14 23:00:00,25,0.0,0.0,0.0
2025-05-14 23:30:00,25,0.0,0.0,0.0
2025-05-15 00:00:00,25,0.0,0.0,0.0
2025-05-15 00:30:00,25,0.0,0.0,0.0
2025-05-15 01:00:00,25,0.0,0.0,0.0
2025-05-15 01:30:00,25,0.0,0.0,0.0
2025-05-15 02:00:00,25,0.0,0.0,0.0
2025-05-15 09:00:00,25,0.2,0.04,-0.0006779661016949046
2025-05-15 09:30:00,25,0.16,0.0,-0.002144607843137303
2025-05-15 10:00:00,25,0.0,0.0,0.0007479431563202077
2025-05-15 10:30:00,25,0.16,0.0,-0.0028790786948176272
2025-05-15 11:00:00,25,0.0,0.0,0.000493461633358061
2025-05-15 13:30:00,25,0.12,0.0,-0.000640820249919849
2025-05-15 14:00:00,25,0.0,0.04,-0.0006230529595016021
2025-05-15 14:30:00,25,0.0,0.0,0.0
2025-05-15 21:00:00,25,0.2,0.16,-0.0010261672652642773
2025-05-15 21:30:00,25,0.04,0.0,-0.0006157635467980427
2025-05-15 22:00:00,25,0.04,0.0,-0.0006435006435006052
2025-05-15 22:30:00,25,0.0,0.0,0.0010827197921177145
2025-05-15 23:00:00,25,0.0,0.0,0.0
2025-05-15 23:30:00,25,0.0,0.04,0.0
2025-05-16 00:00:00,25,0.0,0.0,0.0
2025-05-16 00:30:00,25,0.0,0.0,0.0
2025-05-16 01:00:00,25,0.0,0.0,0.0
2025-05-16 01:30:00,25,0.0,0.0,0.0
2025-05-16 02:00:00,25,0.0,0.0,0.0
2025-05-16 09:00:00,25,0.16,0.0,-0.0005783689994216523
2025-05-16 09:30:00,25,0.08,0.0,0.0
2025-05-16 10:00:00,25,0.04,0.0,-0.0005803830528148257
2025-05-16 10:30:00,25,0.04,0.0,-0.00061747452917571
2025-05-16 11:00:00,25,0.04,0.0,-0.0012443908141333004
2025-05-16 13:30:00,25,0.08,0.0,-0.0017434620174345827
2025-05-16 14:00:00,25,0.04,0.0,0.00022246941045600543
2025-05-16 14:30:00,25,0.04,0.0,-0.001381692573402371
2025-05-16 21:00:00,25,0.04,0.08,0.0003459010722932643
2025-05-16 21:30:00,25,0.0,0.08,0.0012853470437017567
2025-05-16 22:00:00,25,0.32,0.0,-0.0026099925428784143
2025-05-16 22:30:00,25,0.04,0.0,0.0
2025-05-16 23:00:00,25,0.0,0.0,0.0
2025-05-16 23:30:00,25,0.0,0.0,0.0
2025-05-17 00:00:00,25,0.0,0.0,0.0
2025-05-17 00:30:00,25,0.0,0.0,0.0
2025-05-17 01:00:00,25,0.0,0.0,0.0
2025-05-17 01:30:00,25,0.0,0.0,0.0
2025-05-17 02:00:00,25,0.0,0.0,0.0
2025-05-19 09:00:00,25,0.12,0.12,-0.001285897985426443
2025-05-19 09:30:00,25,0.0,0.04,-0.0007812499999999556
2025-05-19 10:00:00,25,0.0,0.04,0.00037369207772797175
2025-05-19 10:30:00,25,0.0,0.04,-0.0002574665293512135
2025-05-19 11:00:00,25,0.04,0.0,-0.0008576329331045907
2025-05-19 13:30:00,25,0.04,0.04,0.0
2025-05-19 14:00:00,25,0.0,0.0,0.0003265839320705233
2025-05-19 14:30:00,25,0.0,0.0,0.0002227171492203972
2025-05-19 21:00:00,25,0.12,0.16,0.0
2025-05-19 21:30:00,25,0.04,0.0,-0.0007475703962123159
2025-05-19 22:00:00,25,0.0,0.0,0.0
2025-05-19 22:30:00,25,0.0,0.0,-0.0002463661000245976
2025-05-19 23:00:00,25,0.0,0.0,0.0
2025-05-19 23:30:00,25,0.0,0.04,0.0
2025-05-20 00:00:00,25,0.0,0.0,0.0
2025-05-20 00:30:00,25,0.0,0.0,0.0
2025-05-20 01:00:00,25,0.0,0.0,0.0
2025-05-20 01:30:00,25,0.0,0.0,0.0
2025-05-20 02:00:00,25,0.0,0.04,0.0
2025-05-20 09:00:00,25,0.16,0.12,0.0007457121551082135
2025-05-20 09:30:00,25,0.0,0.0,0.00037257824143077656
2025-05-20 10:00:00,25,0.0,0.0,-0.0004295532646049205
2025-05-20 10:30:00,25,0.08,0.04,-0.00031142946122708626
2025-05-20 11:00:00,25,0.0,0.0,0.0
2025-05-20 13:30:00,25,0.12,0.0,-0.0012447099825740882
2025-05-20 14:00:00,25,0.0,0.0,-0.0007414730598122032
2025-05-20 14:30:00,25,0.04,0.08,-0.0007171164370636252
2025-05-20 21:00:00,25,0.08,0.12,0.0005129081894341692
2025-05-20 21:30:00,25,0.0,0.08,0.0012964563526360884
2025-05-20 22:00:00,25,0.0,0.28,0.0016339869281045694
2025-05-20 22:30:00,25,0.0,0.04,-0.0008554319931565191
2025-05-20 23:00:00,25,0.0,0.04,0.0
2025-05-20 23:30:00,25,0.0,0.0,0.0
2025-05-21 00:00:00,25,0.0,0.04,0.0
2025-05-21 00:30:00,25,0.0,0.04,0.0
2025-05-21 01:00:00,25,0.0,0.0,0.0
2025-05-21 01:30:00,25,0.0,0.0,0.0
2025-05-21 02:00:00,25,0.0,0.0,0.0
2025-05-21 09:00:00,25,0.16,0.12,-0.000673627484001349
2025-05-21 09:30:00,25,0.0,0.0,0.0012674271229404788
2025-05-21 10:00:00,25,0.04,0.12,0.0017922485251287146
2025-05-21 10:30:00,25,0.12,0.12,-0.0009775171065493637
2025-05-21 11:00:00,25,0.16,0.0,-0.0005115743701240572
2025-05-21 13:30:00,25,0.0,0.0,0.00034328870580147
2025-05-21 14:00:00,25,0.0,0.0,-0.00024172105390374288
2025-05-21 14:30:00,25,0.0,0.08,0.0006827103601296791
2025-05-21 21:00:00,25,0.16,0.04,-0.0010224948875255935
2025-05-21 21:30:00,25,0.0,0.04,0.0
2025-05-21 22:00:00,25,0.0,0.04,0.0007429420505200568
2025-05-21 22:30:00,25,0.0,0.0,-0.00020628658363630592
2025-05-21 23:00:00,25,0.0,0.0,0.0
2025-05-21 23:30:00,25,0.0,0.0,0.0
2025-05-22 00:00:00,25,0.0,0.0,0.0
2025-05-22 00:30:00,25,0.0,0.0,0.0
2025-05-22 01:00:00,25,0.0,0.0,0.0
2025-05-22 01:30:00,25,0.0,0.0,0.0
2025-05-22 02:00:00,25,0.0,0.0,0.0
2025-05-22 09:00:00,25,0.36,0.16,-0.002930678188991176
2025-05-22 09:30:00,25,0.0,0.0,0.0005874690301652663
2025-05-22 10:00:00,25,0.0,0.0,0.0
2025-05-22 10:30:00,25,0.0,0.0,0.0005282022259951447
2025-05-22 11:00:00,25,0.2,0.08,-0.0012430080795524656
2025-05-22 13:30:00,25,0.16,0.08,-0.0006882312456985007
2025-05-22 14:00:00,25,0.0,0.04,-0.00025726781579626934
2025-05-22 14:30:00,25,0.16,0.08,-0.0008301886792453361
2025-05-22 21:00:00,25,0.16,0.0,0.0
2025-05-22 21:30:00,25,0.2,0.0,-0.002054794520547909
2025-05-22 22:00:00,25,0.0,0.04,0.001963993453355073
2025-05-22 22:30:00,25,0.0,0.0,0.0
2025-05-22 23:00:00,25,0.0,0.0,0.0
2025-05-22 23:30:00,25,0.0,0.0,0.0
2025-05-23 00:00:00,25,0.0,0.0,0.0
2025-05-23 00:30:00,25,0.0,0.0,0.0
2025-05-23 01:00:00,25,0.0,0.0,0.0
2025-05-23 01:30:00,25,0.0,0.0,0.0
2025-05-23 02:00:00,25,0.0,0.0,0.0
2025-05-23 09:00:00,25,0.0,0.12,0.0005141388174807471
2025-05-23 09:30:00,25,0.12,0.0,-0.0012870012870013214
2025-05-23 10:00:00,25,0.0,0.0,0.0
2025-05-23 10:30:00,25,0.12,0.0,-0.001091173617846719
2025-05-23 11:00:00,25,0.2,0.0,-0.00025713551041395277
2025-05-23 13:30:00,25,0.0,0.12,0.0017460713394861216
2025-05-23 14:00:00,25,0.24,0.0,-0.0021868166198063532
2025-05-23 14:30:00,25,0.04,0.0,-0.0011325028312570984
2025-05-23 21:00:00,25,0.12,0.12,-0.0003023431594859627
2025-05-23 21:30:00,25,0.0,0.08,0.0008591065292096189
2025-05-23 22:00:00,25,0.0,0.08,0.00042973785990541025
2025-05-23 22:30:00,25,0.04,0.0,-0.00044563279857401383
2025-05-23 23:00:00,25,0.0,0.0,0.0
2025-05-23 23:30:00,25,0.0,0.0,0.0
2025-05-24 00:00:00,25,0.0,0.0,0.0
2025-05-24 00:30:00,25,0.04,0.0,0.0
2025-05-24 01:00:00,25,0.0,0.0,0.0
2025-05-24 01:30:00,25,0.0,0.0,0.0
2025-05-24 02:00:00,25,0.0,0.0,0.0
2025-05-26 09:00:00,25,0.52,0.0,-0.003341687552213868
2025-05-26 09:30:00,25,0.0,0.0,0.0005301022340022943
2025-05-26 10:00:00,25,0.0,0.04,-0.00037467216185838037
2025-05-26 10:30:00,25,0.2,0.0,-0.0006289308176100628
2025-05-26 11:00:00,25,0.0,0.08,0.0
2025-05-26 13:30:00,25,0.0,0.0,0.0
2025-05-26 14:00:00,25,0.0,0.0,-0.0004308487720809939
2025-05-26 14:30:00,25,0.0,0.04,-0.0003028811570060519
2025-05-26 21:00:00,25,0.12,0.08,0.0
2025-05-26 21:30:00,25,0.04,0.0,-0.0009560229445506607
2025-05-26 22:00:00,25,0.04,0.04,-0.00017981453415194526
2025-05-26 22:30:00,25,0.0,0.04,0.0
2025-05-26 23:00:00,25,0.0,0.0,0.0
2025-05-26 23:30:00,25,0.0,0.0,0.0
2025-05-27 00:00:00,25,0.0,0.0,0.0
2025-05-27 00:30:00,25,0.0,0.0,0.0
2025-05-27 01:00:00,25,0.0,0.0,0.0
2025-05-27 01:30:00,25,0.0,0.0,0.0
2025-05-27 02:00:00,25,0.0,0.0,0.0
2025-05-27 09:00:00,25,0.24,0.04,-0.0022026431718061845
2025-05-27 09:30:00,25,0.0,0.04,0.0009061733056447974
2025-05-27 10:00:00,25,0.04,0.0,-0.0009765625
2025-05-27 10:30:00,25,0.0,0.08,0.0015576323987538387
2025-05-27 11:00:00,25,0.04,0.04,0.0
2025-05-27 13:30:00,25,0.08,0.04,0.0003371544167227736
2025-05-27 14:00:00,25,0.0,0.16,0.002195389681668436
2025-05-27 14:30:00,25,0.08,0.0,-0.0013416815742397503
2025-05-27 21:00:00,25,0.16,0.04,-0.0016072002571519972
2025-05-27 21:30:00,25,0.04,0.0,0.0
2025-05-27 22:00:00,25,0.0,0.0,0.0
2025-05-27 22:30:00,25,0.08,0.0,-0.0006885866758478132
2025-05-27 23:00:00,25,0.0,0.0,0.0
2025-05-27 23:30:00,25,0.0,0.0,0.0
2025-05-28 00:00:00,25,0.0,0.0,0.0
2025-05-28 00:30:00,25,0.0,0.0,0.0
2025-05-28 01:00:00,25,0.0,0.0,0.0
2025-05-28 01:30:00,25,0.0,0.0,0.0
2025-05-28 02:00:00,25,0.0,0.0,0.0
2025-05-28 09:00:00,25,0.04,0.12,0.0012531328320801727
2025-05-28 09:30:00,25,0.04,0.0,-0.0010881110909609637
2025-05-28 10:00:00,25,0.0,0.0,-0.001245377009585602
2025-05-28 10:30:00,25,0.04,0.04,0.0004847309743092332
2025-05-28 11:00:00,25,0.2,0.0,-0.0014316392269148048
2025-05-28 13:30:00,25,0.12,0.0,-0.0014336917562723928
2025-05-28 14:00:00,25,0.04,0.08,0.0
2025-05-28 14:30:00,25,0.08,0.0,-0.0005184033177811909
2025-05-28 21:00:00,25,0.08,0.12,0.0
2025-05-28 21:30:00,25,0.12,0.0,-0.001686909581646412
2025-05-28 22:00:00,25,0.0,0.0,0.0
2025-05-28 22:30:00,25,0.08,0.0,-0.0013446884805020654
2025-05-28 23:00:00,25,0.0,0.0,0.0
2025-05-28 23:30:00,25,0.0,0.04,0.0
2025-05-29 00:00:00,25,0.0,0.0,0.0
2025-05-29 00:30:00,25,0.0,0.0,0.0
2025-05-29 01:00:00,25,0.0,0.0,0.0
2025-05-29 01:30:00,25,0.0,0.0,0.0
2025-05-29 02:00:00,25,0.0,0.0,0.0
2025-05-29 09:00:00,25,0.16,0.16,0.000783085356303781
2025-05-29 09:30:00,25,0.0,0.52,0.004128819157720898
2025-05-29 10:00:00,25,0.08,0.0,-0.0006443298969072142
2025-05-29 10:30:00,25,0.08,0.04,0.0007076398899226177
2025-05-29 11:00:00,25,0.2,0.0,-0.001563896336014281
2025-05-29 13:30:00,25,0.0,0.48,0.0062653837547550495
2025-05-29 14:00:00,25,0.0,0.0,0.0
2025-05-29 14:30:00,25,0.04,0.0,-0.0007501875468867159
2025-05-29 21:00:00,25,0.32,0.12,-0.0024752475247524774
2025-05-29 21:30:00,25,0.16,0.0,-0.001985111662531014
2025-05-29 22:00:00,25,0.0,0.0,-0.00017325017325020564
2025-05-29 22:30:00,25,0.0,0.0,0.0009045680687471691
2025-05-29 23:00:00,25,0.0,0.0,0.0
2025-05-29 23:30:00,25,0.0,0.0,0.0
2025-05-30 00:00:00,25,0.0,0.0,0.0
2025-05-30 00:30:00,25,0.0,0.0,0.0
2025-05-30 01:00:00,25,0.0,0.0,0.0
2025-05-30 01:30:00,25,0.0,0.0,0.0
2025-05-30 02:00:00,25,0.0,0.0,0.0
2025-05-30 09:00:00,25,0.36,0.08,-0.0027349577324714547
2025-05-30 09:30:00,25,0.04,0.0,-0.0014265335235378318
2025-05-30 10:00:00,25,0.04,0.0,-0.0006788866259335169
2025-05-30 10:30:00,25,0.04,0.2,0.00227716330513994
2025-05-30 11:00:00,25,0.0,0.0,-0.0002572016460905546
2025-05-30 13:30:00,25,0.0,0.0,0.0
2025-05-30 14:00:00,25,0.04,0.0,-0.0014174344436569397
2025-05-30 14:30:00,25,0.04,0.0,-0.00042535091450446316
2025-06-03 09:00:00,25,0.48,0.28,-0.0026368357970435463
2025-06-03 09:30:00,25,0.0,0.0,0.00012825445684239156
2025-06-03 10:00:00,25,0.0,0.0,-0.0013114754098361159
2025-06-03 10:30:00,25,0.0,0.0,0.0013513513513514486
2025-06-03 11:00:00,25,0.0,0.04,0.002535925612848766
2025-06-03 13:30:00,25,0.16,0.0,-0.002081165452653466
2025-06-03 14:00:00,25,0.0,0.0,-0.0010062893081761448
2025-06-03 14:30:00,25,0.0,0.0,0.0007194244604316058
2025-06-03 21:00:00,25,0.0,0.28,0.0037568306010928865
2025-06-03 21:30:00,25,0.0,0.0,0.0007558578987150177
2025-06-03 22:00:00,25,0.0,0.0,0.0
2025-06-03 22:30:00,25,0.0,0.0,7.867201636369003e-05
2025-06-03 23:00:00,25,0.0,0.0,0.0
2025-06-03 23:30:00,25,0.0,0.0,0.0
2025-06-04 00:00:00,25,0.0,0.0,0.0
2025-06-04 00:30:00,25,0.0,0.0,0.0
2025-06-04 01:00:00,25,0.0,0.0,0.0
2025-06-04 01:30:00,25,0.0,0.0,0.0
2025-06-04 02:00:00,25,0.0,0.0,0.0
2025-06-04 09:00:00,25,0.2,0.0,-0.002658396101019034
2025-06-04 09:30:00,25,0.04,0.0,0.0007798284377436016
2025-06-04 10:00:00,25,0.0,0.0,0.0
2025-06-04 10:30:00,25,0.08,0.0,-0.000680735194009574
2025-06-04 11:00:00,25,0.0,0.04,0.0008918617614270818
2025-06-04 13:30:00,25,0.0,0.08,0.0012999675008125156
2025-06-04 14:00:00,25,0.0,0.32,0.0027285129604366354
2025-06-04 14:30:00,25,0.0,0.0,0.0
2025-06-04 21:00:00,25,0.16,0.0,-0.001494396014943944
2025-06-04 21:30:00,25,0.0,0.0,0.0
2025-06-04 22:00:00,25,0.0,0.0,0.0004293688278231844
2025-06-04 22:30:00,25,0.0,0.0,-0.0008704735376044992
2025-06-04 23:00:00,25,0.0,0.0,0.0
2025-06-04 23:30:00,25,0.0,0.0,0.0
2025-06-05 00:00:00,25,0.0,0.0,0.0
2025-06-05 00:30:00,25,0.0,0.0,0.0
2025-06-05 01:00:00,25,0.0,0.0,0.0
2025-06-05 01:30:00,25,0.0,0.0,0.0
2025-06-05 02:00:00,25,0.0,0.0,0.0
2025-06-05 09:00:00,25,0.12,0.0,0.00037636432066245895
2025-06-05 09:30:00,25,0.0,0.04,-0.0007071302298172766
2025-06-05 10:00:00,25,0.0,0.0,-0.0007403751233958644
2025-06-05 10:30:00,25,0.0,0.0,-0.0010373443983402453
2025-06-05 11:00:00,25,0.0,0.0,-0.0010030090270812808
2025-06-05 13:30:00,25,0.04,0.0,0.0
2025-06-05 14:00:00,25,0.0,0.0,0.001044245049504955
2025-06-05 14:30:00,25,0.0,0.0,0.0008861320336730483
2025-06-05 21:00:00,25,0.04,0.6,0.0074349442379182396
2025-06-05 21:30:00,25,0.04,0.0,-0.0022151119862170443
2025-06-05 22:00:00,25,0.0,0.0,0.0009718172983479434
2025-06-05 22:30:00,25,0.0,0.24,0.002885893297892572
2025-06-05 23:00:00,25,0.0,0.0,0.0
2025-06-05 23:30:00,25,0.04,0.0,0.0
2025-06-06 00:00:00,25,0.0,0.0,0.0
2025-06-06 00:30:00,25,0.0,0.0,0.0
2025-06-06 01:00:00,25,0.0,0.0,0.0
2025-06-06 01:30:00,25,0.0,0.0,0.0
2025-06-06 02:00:00,25,0.0,0.0,0.0
2025-06-06 09:00:00,25,0.04,0.16,0.0
2025-06-06 09:30:00,25,0.0,0.0,0.0
2025-06-06 10:00:00,25,0.0,0.0,0.00034891835310535413
2025-06-06 10:30:00,25,0.04,0.0,-0.00012698412698408656
2025-06-06 11:00:00,25,0.0,0.0,-0.0018595119729801768
2025-06-06 13:30:00,25,0.0,0.0,0.0002542265158256285
2025-06-06 14:00:00,25,0.0,0.0,-0.0006648936170212671
2025-06-06 14:30:00,25,0.0,0.04,0.0013306719893546592
2025-06-06 21:00:00,25,0.12,0.12,0.0
2025-06-06 21:30:00,25,0.0,0.04,0.0008547008547008517
2025-06-06 22:00:00,25,0.2,0.0,-0.0014154281670205604
2025-06-06 22:30:00,25,0.0,0.0,0.0
2025-06-06 23:00:00,25,0.0,0.0,0.0
2025-06-06 23:30:00,25,0.0,0.0,0.0
2025-06-07 00:00:00,25,0.0,0.0,0.0
2025-06-07 00:30:00,25,0.0,0.0,0.0
2025-06-07 01:00:00,25,0.0,0.0,0.0
2025-06-07 01:30:00,25,0.0,0.0,0.0
2025-06-07 02:00:00,25,0.0,0.0,0.0
2025-06-09 09:00:00,25,0.08,0.08,0.0013498312710911176
2025-06-09 09:30:00,25,0.0,0.0,0.00022466861379455416
2025-06-09 10:00:00,25,0.0,0.04,0.0013477088948787852
2025-06-09 10:30:00,25,0.04,0.0,-0.00042016806722688926
2025-06-09 11:00:00,25,0.04,0.0,-0.0009946949602122057
2025-06-09 13:30:00,25,0.04,0.04,0.0022018348623853434
2025-06-09 14:00:00,25,0.12,0.04,-0.0011115227862170673
2025-06-09 14:30:00,25,0.0,0.04,0.0006713662302786361
2025-06-09 21:00:00,25,0.16,0.04,-0.0018027298480556286
2025-06-09 21:30:00,25,0.04,0.0,-0.0007473841554559435
2025-06-09 22:00:00,25,0.0,0.04,0.0010114632501685428
2025-06-09 22:30:00,25,0.0,0.04,0.0
2025-06-09 23:00:00,25,0.0,0.04,0.0
2025-06-09 23:30:00,25,0.0,0.0,0.0
2025-06-10 00:00:00,25,0.0,0.0,0.0
2025-06-10 00:30:00,25,0.0,0.0,0.0
2025-06-10 01:00:00,25,0.0,0.0,0.0
2025-06-10 01:30:00,25,0.0,0.0,0.0
2025-06-10 02:00:00,25,0.0,0.0,0.0
2025-06-10 09:00:00,25,0.24,0.2,0.0
2025-06-10 09:30:00,25,0.0,0.12,0.0025965595585848433
2025-06-10 10:00:00,25,0.0,0.0,0.0007866052365435028
2025-06-10 10:30:00,25,0.04,0.04,0.0012220670391061006
2025-06-10 11:00:00,25,0.0,0.0,-0.0008244023083264773
2025-06-10 13:30:00,25,0.08,0.04,-0.0013902932254802325
2025-06-10 14:00:00,25,0.0,0.0,0.0006570302233903647
2025-06-10 14:30:00,25,0.04,0.0,-0.0020060180541624506
2025-06-10 21:00:00,25,0.0,0.2,0.0012505210504376585
2025-06-10 21:30:00,25,0.0,0.04,0.0
2025-06-10 22:00:00,25,0.0,0.0,0.0
2025-06-10 22:30:00,25,0.04,0.0,0.0
2025-06-10 23:00:00,25,0.0,0.0,0.0
2025-06-10 23:30:00,25,0.0,0.0,0.0
2025-06-11 00:00:00,25,0.0,0.0,0.0
2025-06-11 00:30:00,25,0.0,0.0,0.0
2025-06-11 01:00:00,25,0.0,0.0,0.0
2025-06-11 01:30:00,25,0.0,0.0,0.0
2025-06-11 02:00:00,25,0.0,0.0,0.0
2025-06-11 09:00:00,25,0.28,0.04,-0.0008285004142501995
2025-06-11 09:30:00,25,0.0,0.12,0.0016583747927032544
2025-06-11 10:00:00,25,0.0,0.0,-0.0007415647015202032
2025-06-11 10:30:00,25,0.04,0.0,-0.000627615062761544
2025-06-11 11:00:00,25,0.0,0.28,0.0016108247422681465
2025-06-11 13:30:00,25,0.04,0.12,0.0007573844988639777
2025-06-11 14:00:00,25,0.08,0.0,-0.0007568113017154543
2025-06-11 14:30:00,25,0.0,0.0,0.0
2025-06-11 21:00:00,25,0.36,0.12,-0.0012345679012345512
2025-06-11 21:30:00,25,0.04,0.0,0.0
2025-06-11 22:00:00,25,0.08,0.0,-0.00025025025025027237
2025-06-11 22:30:00,25,0.0,0.0,0.00042069835927649457
2025-06-11 23:00:00,25,0.0,0.0,0.0
2025-06-11 23:30:00,25,0.0,0.0,0.0
2025-06-12 00:00:00,25,0.0,0.0,0.0
2025-06-12 00:30:00,25,0.0,0.0,0.0
2025-06-12 01:00:00,25,0.0,0.0,0.0
2025-06-12 01:30:00,25,0.0,0.0,0.0
2025-06-12 02:00:00,25,0.0,0.08,0.0
2025-06-12 09:00:00,25,0.04,0.12,0.0013445378151260012
2025-06-12 09:30:00,25,0.0,0.04,-0.0016279602167221796
2025-06-12 10:00:00,25,0.0,0.0,0.0009072009072008669
2025-06-12 10:30:00,25,0.08,0.0,-0.0007919447901346688
2025-06-12 11:00:00,25,0.08,0.0,0.00020140986908367964
2025-06-12 13:30:00,25,0.04,0.0,0.0003242542153047978
2025-06-12 14:00:00,25,0.16,0.0,-0.0019448946515396859
2025-06-12 14:30:00,25,0.04,0.0,0.00032808398950123774
2025-06-12 21:00:00,25,0.4,0.12,-0.003968703934686513
2025-06-12 21:30:00,25,0.0,0.0,0.00042247570764675224
2025-06-12 22:00:00,25,0.04,0.0,0.0
2025-06-12 22:30:00,25,0.0,0.0,0.0
2025-06-12 23:00:00,25,0.0,0.0,0.0
2025-06-12 23:30:00,25,0.0,0.0,0.0
2025-06-13 00:00:00,25,0.0,0.0,0.0
2025-06-13 00:30:00,25,0.0,0.0,0.0
2025-06-13 01:00:00,25,0.0,0.0,0.0
2025-06-13 01:30:00,25,0.0,0.0,0.0
2025-06-13 02:00:00,25,0.0,0.0,0.0
2025-06-13 09:00:00,25,0.04,0.36,0.0022329735764794467
2025-06-13 09:30:00,25,0.0,0.08,0.0018063583815028927
2025-06-13 10:00:00,25,0.0,0.08,0.001511373082445422
2025-06-13 10:30:00,25,0.0,0.24,0.0029339853300733854
2025-06-13 11:00:00,25,0.08,0.0,-0.002014098690835797
2025-06-13 13:30:00,25,0.16,0.0,-0.0015873015873015817
2025-06-13 14:00:00,25,0.04,0.0,0.0009842519685039353
2025-06-13 14:30:00,25,0.12,0.0,-0.0017948717948718107
2025-06-13 21:00:00,25,0.2,0.04,-0.001936733376371902
2025-06-13 21:30:00,25,0.0,0.12,0.0
2025-06-13 22:00:00,25,0.0,0.32,0.0027535566773748688
2025-06-13 22:30:00,25,0.0,0.0,0.0
2025-06-13 23:00:00,25,0.0,0.0,0.0
2025-06-13 23:30:00,25,0.0,0.0,0.0
2025-06-14 00:00:00,25,0.0,0.0,0.0
2025-06-14 00:30:00,25,0.0,0.0,0.0
2025-06-14 01:00:00,25,0.0,0.0,0.0
2025-06-14 01:30:00,25,0.0,0.0,0.0
2025-06-14 02:00:00,25,0.0,0.0,0.0
2025-06-16 09:00:00,25,0.2,0.04,-0.002824007831915054
2025-06-16 09:30:00,25,0.0,0.04,0.0017739932588256568
2025-06-16 10:00:00,25,0.0,0.0,0.0007087172218285254
2025-06-16 10:30:00,25,0.0,0.0,0.00024539877300622237
2025-06-16 11:00:00,25,0.0,0.0,0.00011356323579514438
2025-06-16 13:30:00,25,0.04,0.04,0.0004909180166912108
2025-06-16 14:00:00,25,0.0,0.0,-0.00042016806722688926
2025-06-16 14:30:00,25,0.04,0.0,0.000764428589629329
2025-06-16 21:00:00,25,0.08,0.12,0.0
2025-06-16 21:30:00,25,0.2,0.0,-0.002844950213371278
2025-06-16 22:00:00,25,0.0,0.0,-0.0009699321047527132
2025-06-16 22:30:00,25,0.0,0.0,0.001713796058269157
2025-06-16 23:00:00,25,0.0,0.0,0.0
2025-06-16 23:30:00,25,0.0,0.0,0.0
2025-06-17 00:00:00,25,0.0,0.0,0.0
2025-06-17 00:30:00,25,0.0,0.0,0.0
2025-06-17 01:00:00,25,0.0,0.0,0.0
2025-06-17 01:30:00,25,0.0,0.0,0.0
2025-06-17 02:00:00,25,0.0,0.0,0.0
2025-06-17 09:00:00,25,0.04,0.04,0.0007358351729211954
2025-06-17 09:30:00,25,0.0,0.0,0.0007352941176470562
2025-06-17 10:00:00,25,0.0,0.0,0.0007158196134573469
2025-06-17 10:30:00,25,0.0,0.04,-0.0016032982134677187
2025-06-17 11:00:00,25,0.0,0.0,0.00033444816053518345
2025-06-17 13:30:00,25,0.0,0.0,0.0006476683937823857
2025-06-17 14:00:00,25,0.0,0.0,0.0003518029903253339
2025-06-17 14:30:00,25,0.0,0.0,0.0
2025-06-17 21:00:00,25,0.08,0.32,0.0018596830896213667
2025-06-17 21:30:00,25,0.0,0.04,0.0007063393960797804
2025-06-17 22:00:00,25,0.0,0.0,0.0
2025-06-17 22:30:00,25,0.0,0.0,0.0
2025-06-17 23:00:00,25,0.0,0.0,0.0
2025-06-17 23:30:00,25,0.0,0.0,0.0
2025-06-18 00:00:00,25,0.0,0.0,0.0
2025-06-18 00:30:00,25,0.0,0.0,0.0
2025-06-18 01:00:00,25,0.0,0.0,0.0
2025-06-18 01:30:00,25,0.0,0.0,0.0
2025-06-18 02:00:00,25,0.0,0.0,0.0
2025-06-18 09:00:00,25,0.0,0.4,0.0020408163265306367
2025-06-18 09:30:00,25,0.2,0.0,-0.0019341375273578265
2025-06-18 10:00:00,25,0.04,0.0,0.0003255208333332593
2025-06-18 10:30:00,25,0.0,0.04,0.0015569395017793752
2025-06-18 11:00:00,25,0.04,0.04,-0.00035625222657642563
2025-06-18 13:30:00,25,0.04,0.0,0.0001272782812340445
2025-06-18 14:00:00,25,0.04,0.0,0.0
2025-06-18 14:30:00,25,0.0,0.04,0.00033114269702982924
2025-06-18 21:00:00,25,0.08,0.48,0.003014065639651786
2025-06-18 21:30:00,25,0.04,0.0,-0.0010010010010009784
2025-06-18 22:00:00,25,0.32,0.0,-0.0014326647564469885
2025-06-18 22:30:00,25,0.0,0.0,0.0
2025-06-18 23:00:00,25,0.0,0.0,0.0
2025-06-18 23:30:00,25,0.0,0.0,0.0
2025-06-19 00:00:00,25,0.0,0.0,0.0
2025-06-19 00:30:00,25,0.0,0.0,0.0
2025-06-19 01:00:00,25,0.0,0.0,0.0
2025-06-19 01:30:00,25,0.0,0.0,0.0
2025-06-19 02:00:00,25,0.0,0.0,0.0
2025-06-19 09:00:00,25,0.0,0.0,0.0
2025-06-19 09:30:00,25,0.04,0.0,-0.0011711986964049181
2025-06-19 10:00:00,25,0.0,0.0,0.00032594524119944346
2025-06-19 10:30:00,25,0.0,0.0,-0.0005095541401273218
2025-06-19 11:00:00,25,0.0,0.0,0.0003706449221645425
2025-06-19 13:30:00,25,0.0,0.04,0.0009784735812132794
2025-06-19 14:00:00,25,0.08,0.0,0.0
2025-06-19 14:30:00,25,0.0,0.0,0.0008844861135679505
2025-06-19 21:00:00,25,0.12,0.04,-0.0006325110689436864
2025-06-19 21:30:00,25,0.0,0.04,0.0010090817356205317
2025-06-19 22:00:00,25,0.0,0.04,0.00022831050228311334
2025-06-19 22:30:00,25,0.0,0.04,0.001260239445494582
2025-06-19 23:00:00,25,0.0,0.0,0.0
2025-06-19 23:30:00,25,0.0,0.0,0.0
2025-06-20 00:00:00,25,0.0,0.0,0.0
2025-06-20 00:30:00,25,0.0,0.0,0.0
2025-06-20 01:00:00,25,0.0,0.0,0.0
2025-06-20 01:30:00,25,0.04,0.0,0.0
2025-06-20 02:00:00,25,0.0,0.0,0.0
2025-06-20 09:00:00,25,0.16,0.12,-0.0007181328545781129
2025-06-20 09:30:00,25,0.04,0.28,-0.0004149377593360981
2025-06-20 10:00:00,25,0.0,0.0,0.0004900759617740835
2025-06-20 10:30:00,25,0.16,0.0,-0.0012014417300760805
2025-06-20 11:00:00,25,0.24,0.0,-0.002767892447607778
2025-06-20 13:30:00,25,0.04,0.0,-0.0012800819252432039
2025-06-20 14:00:00,25,0.12,0.0,0.0
2025-06-20 14:30:00,25,0.0,0.08,0.0009256164348341311
2025-06-20 21:00:00,25,0.08,0.16,-0.0009627727856226231
2025-06-20 21:30:00,25,0.0,0.04,0.00017825311942964994
2025-06-20 22:00:00,25,0.0,0.0,0.0
2025-06-20 22:30:00,25,0.0,0.08,0.0012306177701206789
2025-06-20 23:00:00,25,0.0,0.0,0.0
2025-06-20 23:30:00,25,0.0,0.0,0.0
2025-06-21 00:00:00,25,0.0,0.0,0.0
2025-06-21 00:30:00,25,0.0,0.0,0.0
2025-06-21 01:00:00,25,0.0,0.0,0.0
2025-06-21 01:30:00,25,0.0,0.0,0.0
2025-06-21 02:00:00,25,0.0,0.0,0.0
2025-06-23 09:00:00,25,0.12,0.12,-0.0013973799126637543
2025-06-23 09:30:00,25,0.08,0.0,-0.0012275963663147538
2025-06-23 10:00:00,25,0.0,0.0,0.0004149377593360981
2025-06-23 10:30:00,25,0.0,0.0,0.0007267163893669437
2025-06-23 11:00:00,25,0.08,0.04,-0.0008736676568233959
2025-06-23 13:30:00,25,0.0,0.2,0.0021798156717274253
2025-06-23 14:00:00,25,0.0,0.0,-0.0005378271782000565
2025-06-23 14:30:00,25,0.0,0.0,0.0
2025-06-23 21:00:00,25,0.2,0.04,0.0
2025-06-23 21:30:00,25,0.0,0.0,0.0
2025-06-23 22:00:00,25,0.0,0.0,0.0
2025-06-23 22:30:00,25,0.0,0.0,0.0004166666666667318
2025-06-23 23:00:00,25,0.0,0.04,0.0
2025-06-23 23:30:00,25,0.0,0.0,0.0
2025-06-24 00:00:00,25,0.0,0.0,0.0
2025-06-24 00:30:00,25,0.0,0.0,0.0
2025-06-24 01:00:00,25,0.04,0.0,0.0
2025-06-24 01:30:00,25,0.0,0.0,0.0
2025-06-24 02:00:00,25,0.0,0.0,0.0
2025-06-24 09:00:00,25,0.48,0.04,-0.0035260930888575404
2025-06-24 09:30:00,25,0.08,0.04,-0.0007241129616220032
2025-06-24 10:00:00,25,0.0,0.0,0.0006711409395974144
2025-06-24 10:30:00,25,0.0,0.04,0.00036088054853844476
2025-06-24 11:00:00,25,0.16,0.0,-0.0023427041499330947
2025-06-24 13:30:00,25,0.04,0.08,0.0006443298969072142
2025-06-24 14:00:00,25,0.12,0.0,-0.0009878169245965962
2025-06-24 14:30:00,25,0.0,0.08,0.0009162753407399027
2025-06-24 21:00:00,25,0.4,0.0,-0.0025716385011020915
2025-06-24 21:30:00,25,0.04,0.04,0.0007817080320500214
2025-06-24 22:00:00,25,0.0,0.04,0.00041946308724827297
2025-06-24 22:30:00,25,0.04,0.0,0.00022815423226107967
2025-06-24 23:00:00,25,0.0,0.0,0.0
2025-06-24 23:30:00,25,0.0,0.0,0.0
2025-06-25 00:00:00,25,0.0,0.0,0.0
2025-06-25 00:30:00,25,0.0,0.0,0.0
2025-06-25 01:00:00,25,0.0,0.0,0.0
2025-06-25 01:30:00,25,0.0,0.0,0.0
2025-06-25 02:00:00,25,0.0,0.0,0.0
2025-06-25 09:00:00,25,0.0,0.08,0.000892060660124816
2025-06-25 09:30:00,25,0.04,0.0,0.00017467248908298316
2025-06-25 10:00:00,25,0.0,0.0,0.0002545824847250966
2025-06-25 10:30:00,25,0.04,0.0,0.0006734006734006037
2025-06-25 11:00:00,25,0.0,0.0,0.0
2025-06-25 13:30:00,25,0.0,0.04,0.0012547051442910462
2025-06-25 14:00:00,25,0.0,0.24,0.00088934061745638
2025-06-25 14:30:00,25,0.0,0.0,0.00030427506465846577
2025-06-25 21:00:00,25,0.12,0.08,-0.001228199459592183
2025-06-25 21:30:00,25,0.04,0.0,0.0
2025-06-25 22:00:00,25,0.0,0.12,0.001097694840834329
2025-06-25 22:30:00,25,0.0,0.0,0.0
2025-06-25 23:00:00,25,0.0,0.0,0.0
2025-06-25 23:30:00,25,0.0,0.0,0.0
2025-06-26 00:00:00,25,0.0,0.0,0.0
2025-06-26 00:30:00,25,0.0,0.0,0.0
2025-06-26 01:00:00,25,0.0,0.0,0.0
2025-06-26 01:30:00,25,0.0,0.0,0.0
2025-06-26 02:00:00,25,0.0,0.0,0.0
2025-06-26 09:00:00,25,0.08,0.04,-0.00032362459546930733
2025-06-26 09:30:00,25,0.0,0.0,0.0002508151492350841
2025-06-26 10:00:00,25,0.04,0.0,-0.000717875089734421
2025-06-26 10:30:00,25,0.0,0.04,0.0010806916426513435
2025-06-26 11:00:00,25,0.08,0.0,-0.0012610340479193294
2025-06-26 13:30:00,25,0.0,0.24,0.0013519603424965165
2025-06-26 14:00:00,25,0.0,0.04,0.00195439739413672
2025-06-26 14:30:00,25,0.0,0.08,0.0006731740154830579
2025-06-26 21:00:00,25,0.08,0.16,0.0002273760800364233
2025-06-26 21:30:00,25,0.0,0.16,0.0008288437629506706
2025-06-26 22:00:00,25,0.0,0.28,0.002808988764045006
2025-06-26 22:30:00,25,0.0,0.0,0.0
2025-06-26 23:00:00,25,0.0,0.0,0.0
2025-06-26 23:30:00,25,0.0,0.0,0.0
2025-06-27 00:00:00,25,0.0,0.0,0.0
2025-06-27 00:30:00,25,0.0,0.0,0.0
2025-06-27 01:00:00,25,0.04,0.0,0.0
2025-06-27 01:30:00,25,0.0,0.0,0.0
2025-06-27 02:00:00,25,0.0,0.0,0.0
2025-06-27 09:00:00,25,0.12,0.12,-0.00042087542087543284
2025-06-27 09:30:00,25,0.0,0.0,0.0
2025-06-27 10:00:00,25,0.0,0.0,0.0008424599831506896
2025-06-27 10:30:00,25,0.04,0.04,-0.0005994005994006679
2025-06-27 11:00:00,25,0.12,0.0,-0.0019218449711723151
2025-06-27 13:30:00,25,0.04,0.0,0.0007511266900350755
2025-06-27 14:00:00,25,0.0,0.08,0.0005178663904712444
2025-06-27 14:30:00,25,0.0,0.08,0.0006682258603407654
2025-06-27 21:00:00,25,0.16,0.28,0.0004178854993732717
2025-06-27 21:30:00,25,0.04,0.08,0.0003631082062454105
2025-06-27 22:00:00,25,0.0,0.04,-0.0006357279084552303
2025-06-27 22:30:00,25,0.0,0.0,0.0007213272421255912
2025-06-27 23:00:00,25,0.0,0.0,0.0
2025-06-27 23:30:00,25,0.04,0.0,0.0
2025-06-28 00:00:00,25,0.0,0.0,0.0
2025-06-28 00:30:00,25,0.0,0.0,0.0
2025-06-28 01:00:00,25,0.0,0.0,0.0
2025-06-28 01:30:00,25,0.0,0.0,0.0
2025-06-28 02:00:00,25,0.0,0.0,0.0
2025-06-30 09:00:00,25,0.32,0.04,-0.0025220680958385477
2025-06-30 09:30:00,25,0.08,0.0,-0.002911813643926786
2025-06-30 10:00:00,25,0.0,0.04,0.0007532956685498693
2025-06-30 10:30:00,25,0.04,0.0,0.0
2025-06-30 11:00:00,25,0.04,0.0,0.0006896551724138167
2025-06-30 13:30:00,25,0.0,0.08,0.0013781007266349121
2025-06-30 14:00:00,25,0.0,0.0,-0.0008403361344537785
2025-06-30 14:30:00,25,0.12,0.0,-0.0006749915626054204
2025-06-30 21:00:00,25,0.08,0.08,-0.0021834061135370675
2025-06-30 21:30:00,25,0.0,0.0,0.0003392218772015898
2025-06-30 22:00:00,25,0.0,0.04,-5.217028380644084e-05
2025-06-30 22:30:00,25,0.0,0.0,-0.00034383954154726393
2025-06-30 23:00:00,25,0.0,0.0,0.0
2025-06-30 23:30:00,25,0.0,0.0,0.0
2025-07-01 00:00:00,25,0.0,0.0,0.0
2025-07-01 00:30:00,25,0.0,0.0,0.0
2025-07-01 01:00:00,25,0.0,0.0,0.0
2025-07-01 01:30:00,25,0.0,0.0,0.0
2025-07-01 02:00:00,25,0.0,0.0,0.0
2025-07-01 09:00:00,25,0.2,0.04,-0.001284109149277679
2025-07-01 09:30:00,25,0.0,0.0,-0.00041946308724827297
2025-07-01 10:00:00,25,0.08,0.0,-0.0011273957158962622
2025-07-01 10:30:00,25,0.08,0.0,0.0
2025-07-01 11:00:00,25,0.04,0.0,-0.00025113008538424353
2025-07-01 13:30:00,25,0.0,0.08,0.002032061413411501
2025-07-01 14:00:00,25,0.0,0.2,0.000972289742343202
2025-07-01 14:30:00,25,0.0,0.16,0.0008665511265164572
2025-07-01 21:00:00,25,0.08,0.12,0.0004196391103650221
2025-07-01 21:30:00,25,0.0,0.04,0.0006675053272060527
2025-07-01 22:00:00,25,0.04,0.0,-0.0006009615384615641
2025-07-01 22:30:00,25,0.0,0.0,-0.0008413967185527671
2025-07-01 23:00:00,25,0.04,0.0,0.0
2025-07-01 23:30:00,25,0.0,0.0,0.0
2025-07-02 00:00:00,25,0.0,0.0,0.0
2025-07-02 00:30:00,25,0.0,0.0,0.0
2025-07-02 01:00:00,25,0.0,0.0,0.0
2025-07-02 01:30:00,25,0.0,0.0,0.0
2025-07-02 02:00:00,25,0.0,0.0,0.0
2025-07-02 09:00:00,25,0.04,0.12,0.002239084463241614
2025-07-02 09:30:00,25,0.0,0.0,0.0006336427000632749
2025-07-02 10:00:00,25,0.0,0.0,-0.0004097444684496576
2025-07-02 10:30:00,25,0.0,0.44,0.003199431212228987
2025-07-02 11:00:00,25,0.0,0.0,0.0
2025-07-02 13:30:00,25,0.0,0.4,0.0014897024319391328
2025-07-02 14:00:00,25,0.0,0.0,0.0
2025-07-02 14:30:00,25,0.04,0.04,-0.0004230118443316888
2025-07-02 21:00:00,25,0.0,0.28,0.0006793478260869179
2025-07-02 21:30:00,25,0.0,0.0,0.0
2025-07-02 22:00:00,25,0.0,0.0,0.0010183299389001643
2025-07-02 22:30:00,25,0.0,0.0,0.0
2025-07-02 23:00:00,25,0.0,0.0,0.0
2025-07-02 23:30:00,25,0.0,0.04,0.0
2025-07-03 00:00:00,25,0.0,0.0,0.0
2025-07-03 00:30:00,25,0.0,0.0,0.0
2025-07-03 01:00:00,25,0.0,0.0,0.0
2025-07-03 01:30:00,25,0.0,0.0,0.0
2025-07-03 02:00:00,25,0.0,0.0,0.0
2025-07-03 09:00:00,25,0.32,0.08,-0.0026934817741066652
2025-07-03 09:30:00,25,0.08,0.04,-0.0007433102081269016
2025-07-03 10:00:00,25,0.0,0.0,-0.0003374957813027102
2025-07-03 10:30:00,25,0.08,0.0,-0.0003376097231599928
2025-07-03 11:00:00,25,0.0,0.2,0.0016849199663016012
2025-07-03 13:30:00,25,0.0,0.16,0.001261564339781307
2025-07-03 14:00:00,25,0.04,0.12,0.0008677542519959225
2025-07-03 14:30:00,25,0.04,0.0,-0.00163653946291753
2025-07-03 21:00:00,25,0.04,0.2,0.0004479283314668958
2025-07-03 21:30:00,25,0.0,0.0,0.0
2025-07-03 22:00:00,25,0.0,0.0,-0.00023479690068095582
2025-07-03 22:30:00,25,0.0,0.0,0.00022396416573355893
2025-07-03 23:00:00,25,0.0,0.0,0.0
2025-07-03 23:30:00,25,0.0,0.0,0.0
2025-07-04 00:00:00,25,0.0,0.0,0.0
2025-07-04 00:30:00,25,0.0,0.0,0.0
2025-07-04 01:00:00,25,0.0,0.0,0.0
2025-07-04 01:30:00,25,0.0,0.0,0.0
2025-07-04 02:00:00,25,0.0,0.0,0.0
2025-07-04 09:00:00,25,0.04,0.04,0.0004125412541253759
2025-07-04 09:30:00,25,0.24,0.0,-0.002533478103510678
2025-07-04 10:00:00,25,0.0,0.0,0.0003964321110010438
2025-07-04 10:30:00,25,0.04,0.0,-0.0012711864406779183
2025-07-04 11:00:00,25,0.0,0.0,0.00024218939210451929
2025-07-04 13:30:00,25,0.0,0.0,-0.0001731901627987087
2025-07-04 14:00:00,25,0.04,0.0,-0.0015079165619502621
2025-07-04 14:30:00,25,0.0,0.0,-0.0005014416447285397
2025-07-04 21:00:00,25,0.32,0.0,-0.0015620118712902364
2025-07-04 21:30:00,25,0.0,0.04,0.0
2025-07-04 22:00:00,25,0.0,0.16,0.0005971337579617764
2025-07-04 22:30:00,25,0.0,0.08,0.0
2025-07-04 23:00:00,25,0.0,0.0,0.0
2025-07-04 23:30:00,25,0.0,0.0,0.0
2025-07-05 00:00:00,25,0.0,0.0,0.0
2025-07-05 00:30:00,25,0.0,0.0,0.0
2025-07-05 01:00:00,25,0.0,0.0,0.0
2025-07-05 01:30:00,25,0.0,0.0,0.0
2025-07-05 02:00:00,25,0.0,0.0,0.0
2025-07-07 09:00:00,25,0.6,0.0,-0.004262574595055413
2025-07-07 09:30:00,25,0.0,0.04,0.00024384296513035864
2025-07-07 10:00:00,25,0.0,0.0,0.0
2025-07-07 10:30:00,25,0.0,0.0,-0.0006762849413886052
2025-07-07 11:00:00,25,0.04,0.0,-0.000412417516496677
2025-07-07 13:30:00,25,0.0,0.0,-0.0004524886877828038
2025-07-07 14:00:00,25,0.08,0.0,0.0
2025-07-07 14:30:00,25,0.04,0.08,0.0010154575200271854
2025-07-07 21:00:00,25,0.04,0.12,0.0
2025-07-07 21:30:00,25,0.04,0.04,0.0
2025-07-07 22:00:00,25,0.0,0.0,-0.00011232168931818443
2025-07-07 22:30:00,25,0.0,0.0,-0.00043066322136087187
2025-07-07 23:00:00,25,0.0,0.0,0.0
2025-07-07 23:30:00,25,0.0,0.0,0.0
2025-07-08 00:00:00,25,0.0,0.0,0.0
2025-07-08 00:30:00,25,0.0,0.0,0.0
2025-07-08 01:00:00,25,0.0,0.0,0.0
2025-07-08 01:30:00,25,0.0,0.0,0.0
2025-07-08 02:00:00,25,0.0,0.0,0.0
2025-07-08 09:00:00,25,0.16,0.0,0.0006544502617800152
2025-07-08 09:30:00,25,0.04,0.04,0.0014117647058824456
2025-07-08 10:00:00,25,0.0,0.0,-0.0006271558482282558
2025-07-08 10:30:00,25,0.0,0.04,0.0006805035726438202
2025-07-08 11:00:00,25,0.0,0.12,0.0015709547914120048
2025-07-08 13:30:00,25,0.0,0.16,0.0009778994719342737
2025-07-08 14:00:00,25,0.04,0.04,-0.00024342745861738457
2025-07-08 14:30:00,25,0.04,0.0,-0.001290877796901846
2025-07-08 21:00:00,25,0.16,0.28,0.0006814310051106443
2025-07-08 21:30:00,25,0.0,0.04,0.0
2025-07-08 22:00:00,25,0.0,0.0,-0.0009424715373596015
2025-07-08 22:30:00,25,0.0,0.0,0.0
2025-07-08 23:00:00,25,0.0,0.0,0.0
2025-07-08 23:30:00,25,0.0,0.0,0.0
2025-07-09 00:00:00,25,0.0,0.0,0.0
2025-07-09 00:30:00,25,0.0,0.04,0.0
2025-07-09 01:00:00,25,0.0,0.0,0.0
2025-07-09 01:30:00,25,0.0,0.0,0.0
2025-07-09 02:00:00,25,0.0,0.0,0.0
2025-07-09 09:00:00,25,0.16,0.04,0.0
2025-07-09 09:30:00,25,0.04,0.04,0.0
2025-07-09 10:00:00,25,0.0,0.0,0.00023100023100020017
2025-07-09 10:30:00,25,0.12,0.0,-0.0009737098344693162
2025-07-09 11:00:00,25,0.0,0.16,0.0008351166553577372
2025-07-09 13:30:00,25,0.08,0.2,0.0013577732518670338
2025-07-09 14:00:00,25,0.0,0.04,-0.00017304031839415757
2025-07-09 14:30:00,25,0.04,0.04,0.0
2025-07-09 21:00:00,25,0.08,0.32,0.0009041591320071429
2025-07-09 21:30:00,25,0.0,0.08,0.0006758278891643155
2025-07-09 22:00:00,25,0.0,0.08,0.0003399048266485849
2025-07-09 22:30:00,25,0.0,0.12,0.0
2025-07-09 23:00:00,25,0.0,0.0,0.0
2025-07-09 23:30:00,25,0.0,0.0,0.0
2025-07-10 00:00:00,25,0.0,0.0,0.0
2025-07-10 00:30:00,25,0.0,0.0,0.0
2025-07-10 01:00:00,25,0.0,0.0,0.0
2025-07-10 01:30:00,25,0.0,0.0,0.0
2025-07-10 02:00:00,25,0.0,0.0,0.0
2025-07-10 09:00:00,25,0.04,0.12,-0.000671591672263272
2025-07-10 09:30:00,25,0.0,0.0,0.00108147080028842
2025-07-10 10:00:00,25,0.0,0.04,0.0010803024846957054
2025-07-10 10:30:00,25,0.0,0.0,0.0008350730688935215
2025-07-10 11:00:00,25,0.04,0.12,-0.00022341376228773857
2025-07-10 13:30:00,25,0.04,0.2,0.0011173184357542443
2025-07-10 14:00:00,25,0.0,0.24,0.0016680567139282232
2025-07-10 14:30:00,25,0.0,0.0,-0.00033840947546526223
2025-07-10 21:00:00,25,0.12,0.04,0.0
2025-07-10 21:30:00,25,0.04,0.0,-0.000424628450106157
2025-07-10 22:00:00,25,0.0,0.0,0.0008190008190007703
2025-07-10 22:30:00,25,0.0,0.04,0.0006544502617800152
2025-07-10 23:00:00,25,0.0,0.0,0.0
2025-07-10 23:30:00,25,0.0,0.0,0.0
2025-07-11 00:00:00,25,0.0,0.0,0.0
2025-07-11 00:30:00,25,0.0,0.0,0.0
2025-07-11 01:00:00,25,0.0,0.0,0.0
2025-07-11 01:30:00,25,0.0,0.0,0.0
2025-07-11 02:00:00,25,0.0,0.0,0.0
2025-07-11 09:00:00,25,0.04,0.16,-0.00044563279857401383
2025-07-11 09:30:00,25,0.0,0.12,0.0013427324605572721
2025-07-11 10:00:00,25,0.0,0.04,0.0002500625156289793
2025-07-11 10:30:00,25,0.0,0.0,0.0
2025-07-11 11:00:00,25,0.08,0.0,0.0001719690455717071
2025-07-11 13:30:00,25,0.0,0.04,-0.00031084861672370234
2025-07-11 14:00:00,25,0.12,0.0,-0.0005159958720329927
2025-07-11 14:30:00,25,0.12,0.04,-0.0007242877836793893
2025-07-11 21:00:00,25,0.12,0.32,0.0013821700069107656
2025-07-11 21:30:00,25,0.24,0.0,-0.0004993757802747023
2025-07-11 22:00:00,25,0.0,0.0,0.0012799999999999478
2025-07-11 22:30:00,25,0.0,0.04,0.00033624747814386957
2025-07-11 23:00:00,25,0.0,0.0,0.0
2025-07-11 23:30:00,25,0.0,0.0,0.0
2025-07-12 00:00:00,25,0.0,0.0,0.0
2025-07-12 00:30:00,25,0.0,0.0,0.0
2025-07-12 01:00:00,25,0.0,0.0,0.0
2025-07-12 01:30:00,25,0.0,0.0,0.0
2025-07-12 02:00:00,25,0.0,0.0,0.0
2025-07-14 09:00:00,25,0.08,0.16,0.0006980802792320162
2025-07-14 09:30:00,25,0.08,0.0,-0.001576576576576616
2025-07-14 10:00:00,25,0.0,0.0,-0.0003288391976323801
2025-07-14 10:30:00,25,0.0,0.12,0.0007012622720896644
2025-07-14 11:00:00,25,0.04,0.0,0.0
2025-07-14 13:30:00,25,0.0,0.04,0.0013767783386875454
2025-07-14 14:00:00,25,0.04,0.12,0.0009005290608232741
2025-07-14 14:30:00,25,0.0,0.12,0.00033433634236046395
2025-07-14 21:00:00,25,0.32,0.08,-0.002578648788035043
2025-07-14 21:30:00,25,0.0,0.0,0.0003061849357011148
2025-07-14 22:00:00,25,0.0,0.0,-0.0007238508867173366
2025-07-14 22:30:00,25,0.0,0.0,0.0
2025-07-14 23:00:00,25,0.04,0.0,0.0
2025-07-14 23:30:00,25,0.0,0.0,0.0
2025-07-15 00:00:00,25,0.0,0.0,0.0
2025-07-15 00:30:00,25,0.0,0.0,0.0
2025-07-15 01:00:00,25,0.0,0.0,0.0
2025-07-15 01:30:00,25,0.0,0.0,0.0
2025-07-15 02:00:00,25,0.0,0.0,0.0
2025-07-15 09:00:00,25,0.04,0.08,-0.00038451679056650256
2025-07-15 09:30:00,25,0.0,0.04,0.00030525030525030417
2025-07-15 10:00:00,25,0.08,0.0,-0.0009165902841430373
2025-07-15 10:30:00,25,0.16,0.0,-0.0007209805335256503
2025-07-15 11:00:00,25,0.28,0.0,-0.0016792611251049694
2025-07-15 13:30:00,25,0.08,0.04,0.0010842067220817597
2025-07-15 14:00:00,25,0.0,0.0,0.00043426338074037396
2025-07-15 14:30:00,25,0.0,0.0,0.0007347538574578039
2025-07-15 21:00:00,25,0.12,0.0,-0.0004894762604014113
2025-07-15 21:30:00,25,0.0,0.04,-0.001136363636363602
2025-07-15 22:00:00,25,0.0,0.0,0.0009664948453609323
2025-07-15 22:30:00,25,0.0,0.0,0.0
2025-07-15 23:00:00,25,0.04,0.0,0.0
2025-07-15 23:30:00,25,0.0,0.0,0.0
2025-07-16 00:00:00,25,0.0,0.0,0.0
2025-07-16 00:30:00,25,0.0,0.0,0.0
2025-07-16 01:00:00,25,0.0,0.0,0.0
2025-07-16 01:30:00,25,0.0,0.0,0.0
2025-07-16 02:00:00,25,0.0,0.0,0.0
2025-07-16 09:00:00,25,0.04,0.12,0.0017014036580178526
2025-07-16 09:30:00,25,0.0,0.0,0.0009302325581395099
2025-07-16 10:00:00,25,0.0,0.0,-0.0019236934915036752
2025-07-16 10:30:00,25,0.0,0.0,-0.0013903371567605127
2025-07-16 11:00:00,25,0.0,0.08,0.0022515278224508606
2025-07-16 13:30:00,25,0.12,0.0,-0.0011343012704174704
2025-07-16 14:00:00,25,0.0,0.0,-0.00022914757103575933
2025-07-16 14:30:00,25,0.0,0.04,0.0005466273095002805
2025-07-16 21:00:00,25,0.2,0.28,0.0006804264005444427
2025-07-16 21:30:00,25,0.04,0.08,0.0
2025-07-16 22:00:00,25,0.04,0.0,-0.001224589762429562
2025-07-16 22:30:00,25,0.0,0.12,0.0009808729769493763
2025-07-16 23:00:00,25,0.0,0.12,0.0
2025-07-16 23:30:00,25,0.04,0.0,0.0
2025-07-17 00:00:00,25,0.0,0.0,0.0
2025-07-17 00:30:00,25,0.0,0.0,0.0
2025-07-17 01:00:00,25,0.0,0.0,0.0
2025-07-17 01:30:00,25,0.0,0.04,0.0
2025-07-17 02:00:00,25,0.0,0.0,0.0
2025-07-17 09:00:00,25,0.08,0.16,-0.00043658589827544336
2025-07-17 09:30:00,25,0.0,0.0,0.00032020493115592075
2025-07-17 10:00:00,25,0.0,0.0,0.0006422607578677741
2025-07-17 10:30:00,25,0.0,0.04,0.000436109899694781
2025-07-17 11:00:00,25,0.0,0.04,-0.00041188281933779436
2025-07-17 13:30:00,25,0.0,0.04,0.0017599436818021008
2025-07-17 14:00:00,25,0.04,0.0,-0.00043591979075852105
2025-07-17 14:30:00,25,0.0,0.12,0.0008586639189420708
2025-07-17 21:00:00,25,0.12,0.28,0.0009910802775023875
2025-07-17 21:30:00,25,0.0,0.24,0.0021090689966858367
2025-07-17 22:00:00,25,0.0,0.0,0.0
2025-07-17 22:30:00,25,0.0,0.16,0.0015817779183802116
2025-07-17 23:00:00,25,0.0,0.0,0.0
2025-07-17 23:30:00,25,0.0,0.0,0.0
2025-07-18 00:00:00,25,0.0,0.0,0.0
2025-07-18 00:30:00,25,0.0,0.0,0.0
2025-07-18 01:00:00,25,0.0,0.0,0.0
2025-07-18 01:30:00,25,0.0,0.0,0.0
2025-07-18 02:00:00,25,0.0,0.0,0.0
2025-07-18 09:00:00,25,0.0,0.24,0.001218323586744674
2025-07-18 09:30:00,25,0.12,0.0,-0.0017211703958691649
2025-07-18 10:00:00,25,0.04,0.0,0.0003160556257901792
2025-07-18 10:30:00,25,0.12,0.04,-0.0010471204188481353
2025-07-18 11:00:00,25,0.12,0.0,-0.001733853489380155
2025-07-18 13:30:00,25,0.12,0.08,-0.0004875670404680399
2025-07-18 14:00:00,25,0.0,0.0,0.0021186440677967155
2025-07-18 14:30:00,25,0.0,0.04,-0.0002437241043139471
2025-07-18 21:00:00,25,0.08,0.48,0.0034434383369468247
2025-07-18 21:30:00,25,0.0,0.04,0.0021130480718436484
2025-07-18 22:00:00,25,0.0,0.16,0.0013705670721260166
2025-07-18 22:30:00,25,0.04,0.0,0.0016329196603526164
2025-07-18 23:00:00,25,0.04,0.0,0.0
2025-07-18 23:30:00,25,0.0,0.0,0.0
2025-07-19 00:00:00,25,0.0,0.0,0.0
2025-07-19 00:30:00,25,0.0,0.0,0.0
2025-07-19 01:00:00,25,0.0,0.0,0.0
2025-07-19 01:30:00,25,0.0,0.0,0.0
2025-07-19 02:00:00,25,0.0,0.0,0.0
2025-07-21 09:00:00,25,0.12,0.12,0.001293661060802087
2025-07-21 09:30:00,25,0.0,0.12,0.0008962581223392885
2025-07-21 10:00:00,25,0.0,0.04,0.0
2025-07-21 10:30:00,25,0.0,0.04,0.0007763975155279379
2025-07-21 11:00:00,25,0.0,0.08,0.0004325259515571833
2025-07-21 13:30:00,25,0.04,0.0,-0.001419658534763002
2025-07-21 14:00:00,25,0.0,0.0,-0.0003107520198881719
2025-07-21 14:30:00,25,0.0,0.0,0.0012002743484225142
2025-07-21 21:00:00,25,0.0,0.12,-0.0006516780710329462
2025-07-21 21:30:00,25,0.0,0.0,-0.0004387889425186975
2025-07-21 22:00:00,25,0.0,0.04,0.0008620689655172153
2025-07-21 22:30:00,25,0.0,0.04,0.000618429189857661
2025-07-21 23:00:00,25,0.0,0.0,0.0
2025-07-21 23:30:00,25,0.0,0.0,0.0
2025-07-22 00:00:00,25,0.0,0.0,0.0
2025-07-22 00:30:00,25,0.0,0.0,0.0
2025-07-22 01:00:00,25,0.0,0.0,0.0
2025-07-22 01:30:00,25,0.0,0.0,0.0
2025-07-22 02:00:00,25,0.0,0.0,0.0
2025-07-22 09:00:00,25,0.16,0.08,-0.001128243700639353
2025-07-22 09:30:00,25,0.0,0.0,0.0
2025-07-22 10:00:00,25,0.0,0.0,0.0002513826043237799
2025-07-22 10:30:00,25,0.0,0.08,0.00227716330513994
2025-07-22 11:00:00,25,0.04,0.04,-0.0013736263736263687
2025-07-22 13:30:00,25,0.08,0.32,0.0015898251192369983
2025-07-22 14:00:00,25,0.0,0.08,0.002473498233215521
2025-07-22 14:30:00,25,0.0,0.08,0.001172457898102719
2025-07-22 21:00:00,25,0.04,0.16,0.0
2025-07-22 21:30:00,25,0.08,0.0,-0.0020441537203598203
2025-07-22 22:00:00,25,0.04,0.0,0.0013032145960034658
2025-07-22 22:30:00,25,0.0,0.0,0.00035137034434296055
2025-07-22 23:00:00,25,0.0,0.0,0.0
2025-07-22 23:30:00,25,0.0,0.0,0.0
2025-07-23 00:00:00,25,0.0,0.0,0.0
2025-07-23 00:30:00,25,0.0,0.0,0.0
2025-07-23 01:00:00,25,0.0,0.0,0.0
2025-07-23 01:30:00,25,0.0,0.0,0.0
2025-07-23 02:00:00,25,0.0,0.0,0.0
2025-07-23 09:00:00,25,0.12,0.24,-0.0005044517870205212
2025-07-23 09:30:00,25,0.04,0.04,-0.0008327655386478616
2025-07-23 10:00:00,25,0.0,0.04,-0.00033355570380255717
2025-07-23 10:30:00,25,0.44,0.0,-0.0029371305350038845
2025-07-23 11:00:00,25,0.0,0.16,0.003968253968253954
2025-07-23 13:30:00,25,0.12,0.0,-0.003541532517707613
2025-07-23 14:00:00,25,0.0,0.0,-0.0005274818018777827
2025-07-23 14:30:00,25,0.0,0.2,0.0020946795140344143
2025-07-23 21:00:00,25,0.04,0.16,-0.00021762785636558757
2025-07-23 21:30:00,25,0.0,0.12,0.0006153846153846843
2025-07-23 22:00:00,25,0.04,0.04,0.0
2025-07-23 22:30:00,25,0.08,0.0,-0.0017649135192375764
2025-07-23 23:00:00,25,0.0,0.0,0.0
2025-07-23 23:30:00,25,0.04,0.0,0.0
2025-07-24 00:00:00,25,0.0,0.0,0.0
2025-07-24 00:30:00,25,0.0,0.0,0.0
2025-07-24 01:00:00,25,0.0,0.0,0.0
2025-07-24 01:30:00,25,0.0,0.0,0.0
2025-07-24 02:00:00,25,0.0,0.0,0.0
2025-07-24 09:00:00,25,0.0,0.08,0.00033444816053518345
2025-07-24 09:30:00,25,0.0,0.0,0.0006138735420504471
2025-07-24 10:00:00,25,0.04,0.0,0.0
2025-07-24 10:30:00,25,0.0,0.04,0.0016181229773462036
2025-07-24 11:00:00,25,0.04,0.04,0.0004161464835621409
2025-07-24 13:30:00,25,0.0,0.16,0.002220248667850866
2025-07-24 14:00:00,25,0.0,0.2,0.0028282828282828465
2025-07-24 14:30:00,25,0.04,0.0,0.0
2025-07-24 21:00:00,25,0.2,0.16,0.0008064516129031585
2025-07-24 21:30:00,25,0.0,0.04,0.0002520161290322509
2025-07-24 22:00:00,25,0.04,0.08,0.0009756097560975618
2025-07-24 22:30:00,25,0.0,0.0,-0.0006040471156750771
2025-07-24 23:00:00,25,0.0,0.0,0.0
2025-07-24 23:30:00,25,0.0,0.0,0.0
2025-07-25 00:00:00,25,0.0,0.0,0.0
2025-07-25 00:30:00,25,0.04,0.0,0.0
2025-07-25 01:00:00,25,0.0,0.0,0.0
2025-07-25 01:30:00,25,0.0,0.0,0.0
2025-07-25 02:00:00,25,0.0,0.0,0.0
2025-07-25 09:00:00,25,0.0,0.16,-0.00015422578655155395
2025-07-25 09:30:00,25,0.0,0.04,0.001730602826651273
2025-07-25 10:00:00,25,0.0,0.0,0.0007826257092544697
2025-07-25 10:30:00,25,0.0,0.0,-0.0016539861065166805
2025-07-25 11:00:00,25,0.0,0.0,0.0
2025-07-25 13:30:00,25,0.0,0.04,-0.0011720831113478658
2025-07-25 14:00:00,25,0.04,0.04,0.0008762322015334334
2025-07-25 14:30:00,25,0.0,0.08,0.000983284169124854
2025-07-25 21:00:00,25,0.32,0.04,-0.0038079555395461595
2025-07-25 21:30:00,25,0.0,0.04,0.0
2025-07-25 22:00:00,25,0.24,0.0,-0.0027819387973464504
2025-07-25 22:30:00,25,0.64,0.0,-0.0056843025797989055
2025-07-25 23:00:00,25,0.0,0.0,0.0
2025-07-25 23:30:00,25,0.0,0.0,0.0
2025-07-26 00:00:00,25,0.0,0.0,0.0
2025-07-26 00:30:00,25,0.0,0.0,0.0
2025-07-26 01:00:00,25,0.0,0.0,0.0
2025-07-26 01:30:00,25,0.0,0.0,0.0
2025-07-26 02:00:00,25,0.0,0.0,0.0
2025-07-28 09:00:00,25,0.12,0.08,0.0
2025-07-28 09:30:00,25,0.0,0.0,-0.000855139387720194
2025-07-28 10:00:00,25,0.0,0.04,0.0019762845849802257
2025-07-28 10:30:00,25,0.04,0.0,-0.0003421727972625632
2025-07-28 11:00:00,25,0.16,0.04,-0.004026845637583931
2025-07-28 13:30:00,25,0.0,0.04,-0.00041753653444676075
2025-07-28 14:00:00,25,0.0,0.0,-0.0006653359946773296
2025-07-28 14:30:00,25,0.0,0.0,0.0005933544303795557
2025-07-28 21:00:00,25,0.16,0.04,0.0005132591958938448
2025-07-28 21:30:00,25,0.04,0.0,0.0004133939644481721
2025-07-28 22:00:00,25,0.0,0.0,0.0008792497069167737
2025-07-28 22:30:00,25,0.0,0.0,0.0
2025-07-28 23:00:00,25,0.0,0.0,0.0
2025-07-28 23:30:00,25,0.0,0.0,0.0
2025-07-29 00:00:00,25,0.0,0.0,0.0
2025-07-29 00:30:00,25,0.0,0.0,0.0
2025-07-29 01:00:00,25,0.0,0.0,0.0
2025-07-29 01:30:00,25,0.0,0.0,0.0
2025-07-29 02:00:00,25,0.0,0.0,0.0
2025-07-29 09:00:00,25,0.08,0.0,-0.00022060445620997182
2025-07-29 09:30:00,25,0.04,0.0,-0.0019670518809933313
2025-07-29 10:00:00,25,0.04,0.0,-0.0008769365682549379
2025-07-29 10:30:00,25,0.0,0.28,0.003954057616268214
2025-07-29 11:00:00,25,0.0,0.04,0.0
2025-07-29 13:30:00,25,0.0,0.12,0.0013037809647979959
2025-07-29 14:00:00,25,0.0,0.0,0.0010084033613444454
2025-07-29 14:30:00,25,0.0,0.0,-0.00019413706076498727
2025-07-29 21:00:00,25,0.0,0.24,0.0032867707477404196
2025-07-29 21:30:00,25,0.0,0.0,-0.00037907505686129994
2025-07-29 22:00:00,25,0.0,0.04,0.0005667327854916859
2025-07-29 22:30:00,25,0.0,0.0,0.0007215007215006786
2025-07-29 23:00:00,25,0.0,0.0,0.0
2025-07-29 23:30:00,25,0.0,0.0,0.0
2025-07-30 00:00:00,25,0.0,0.0,0.0
2025-07-30 00:30:00,25,0.0,0.0,0.0
2025-07-30 01:00:00,25,0.0,0.0,0.0
2025-07-30 01:30:00,25,0.0,0.04,0.0
2025-07-30 02:00:00,25,0.0,0.0,0.0
2025-07-30 09:00:00,25,0.28,0.0,-0.00216294160057684
2025-07-30 09:30:00,25,0.0,0.0,0.0012554927809165228
2025-07-30 10:00:00,25,0.0,0.0,0.0002945508100147265
2025-07-30 10:30:00,25,0.0,0.0,0.0006512536633018762
2025-07-30 11:00:00,25,0.12,0.0,-0.0019379844961240345
2025-07-30 13:30:00,25,0.08,0.0,-0.0017617264919621567
2025-07-30 14:00:00,25,0.16,0.0,-0.0008250825082508628
2025-07-30 14:30:00,25,0.0,0.0,0.0008620689655172153
2025-07-30 21:00:00,25,0.32,0.08,-0.0016990291262135582
2025-07-30 21:30:00,25,0.0,0.0,-0.0003047851264857959
2025-07-30 22:00:00,25,0.0,0.0,-0.0012031625988312422
2025-07-30 22:30:00,25,0.04,0.0,0.0
2025-07-30 23:00:00,25,0.04,0.0,0.0
2025-07-30 23:30:00,25,0.0,0.0,0.0
2025-07-31 00:00:00,25,0.0,0.0,0.0
2025-07-31 00:30:00,25,0.0,0.0,0.0
2025-07-31 01:00:00,25,0.0,0.0,0.0
2025-07-31 01:30:00,25,0.0,0.0,0.0
2025-07-31 02:00:00,25,0.0,0.0,0.0
2025-07-31 09:00:00,25,0.28,0.08,-0.004479283314669624
2025-07-31 09:30:00,25,0.12,0.0,-0.0020111731843575065
2025-07-31 10:00:00,25,0.0,0.0,0.0005106600280861961
2025-07-31 10:30:00,25,0.0,0.0,0.00034536349507852115
2025-07-31 11:00:00,25,0.0,0.0,-0.0006353240152477957
2025-07-31 13:30:00,25,0.04,0.0,-0.00034548281223012456
2025-07-31 14:00:00,25,0.44,0.0,-0.0034843205574912606
2025-07-31 14:30:00,25,0.0,0.0,0.0009419743782970169
2025-07-31 21:00:00,25,0.16,0.12,0.0
2025-07-31 21:30:00,25,0.0,0.04,0.0015134317063940639
2025-07-31 22:00:00,25,0.0,0.0,-0.00073260073260073
2025-07-31 22:30:00,25,0.16,0.0,0.0
2025-07-31 23:00:00,25,0.0,0.0,0.0
2025-07-31 23:30:00,25,0.0,0.0,0.0
2025-08-01 00:00:00,25,0.0,0.0,0.0
2025-08-01 00:30:00,25,0.0,0.0,0.0
2025-08-01 01:00:00,25,0.0,0.0,0.0
2025-08-01 01:30:00,25,0.0,0.0,0.0
2025-08-01 02:00:00,25,0.0,0.0,0.0
2025-08-01 09:00:00,25,0.0,0.08,-0.0012448132780082943
2025-08-01 09:30:00,25,0.04,0.0,0.0012463647694225255
2025-08-01 10:00:00,25,0.0,0.0,-0.0015600624024960652
2025-08-01 10:30:00,25,0.0,0.0,-0.0007562866326337181
2025-08-01 11:00:00,25,0.04,0.0,-0.0007369196757552876
2025-08-01 13:30:00,25,0.08,0.08,0.0012468827930174342
2025-08-01 14:00:00,25,0.12,0.04,-0.0022361359570661765
2025-08-01 14:30:00,25,0.0,0.0,0.0002902757619738239
2025-08-01 21:00:00,25,0.12,0.16,0.0
2025-08-01 21:30:00,25,0.16,0.0,-0.0018927444794952786
2025-08-01 22:00:00,25,0.08,0.0,0.0
2025-08-01 22:30:00,25,0.08,0.04,0.0
2025-08-01 23:00:00,25,0.0,0.0,0.0
2025-08-01 23:30:00,25,0.0,0.0,0.0
2025-08-02 00:00:00,25,0.0,0.0,0.0
2025-08-02 00:30:00,25,0.0,0.0,0.0
2025-08-02 01:00:00,25,0.0,0.0,0.0
2025-08-02 01:30:00,25,0.0,0.0,0.0
2025-08-02 02:00:00,25,0.0,0.0,0.0
2025-08-04 09:00:00,25,0.2,0.12,-0.00244140625
2025-08-04 09:30:00,25,0.0,0.0,0.0019579050416054233
2025-08-04 10:00:00,25,0.0,0.0,-0.0018241517694271847
2025-08-04 10:30:00,25,0.0,0.04,0.0014669926650365817
2025-08-04 11:00:00,25,0.04,0.0,-0.000732421875
2025-08-04 13:30:00,25,0.0,0.08,0.0015072157956215193
2025-08-04 14:00:00,25,0.0,0.0,0.0010474860335194514
2025-08-04 14:30:00,25,0.0,0.0,0.0004185851820845965
2025-08-04 21:00:00,25,0.16,0.12,0.0
2025-08-04 21:30:00,25,0.0,0.0,-0.0002548419979612193
2025-08-04 22:00:00,25,0.0,0.0,0.0005822416302765365
2025-08-04 22:30:00,25,0.08,0.08,-0.0008849557522123686
2025-08-04 23:00:00,25,0.0,0.0,0.0
2025-08-04 23:30:00,25,0.0,0.0,0.0
2025-08-05 00:00:00,25,0.0,0.0,0.0
2025-08-05 00:30:00,25,0.0,0.0,0.0
2025-08-05 01:00:00,25,0.0,0.0,0.0
2025-08-05 01:30:00,25,0.0,0.0,0.0
2025-08-05 02:00:00,25,0.0,0.0,0.0
2025-08-05 09:00:00,25,0.08,0.0,0.0009432759719567585
2025-08-05 09:30:00,25,0.0,0.0,0.0
2025-08-05 10:00:00,25,0.04,0.04,0.0011472275334607485
2025-08-05 10:30:00,25,0.04,0.0,-0.0013291980505095724
2025-08-05 11:00:00,25,0.04,0.08,0.00048792388387419727
2025-08-05 13:30:00,25,0.0,0.08,0.001626016260162677
2025-08-05 14:00:00,25,0.0,0.08,0.0012174336498660399
2025-08-05 14:30:00,25,0.0,0.08,0.0005268703898841931
2025-08-05 21:00:00,25,0.16,0.04,-0.002563007261853878
2025-08-05 21:30:00,25,0.0,0.04,0.000365230094959923
2025-08-05 22:00:00,25,0.04,0.04,-0.0004863813229571967
2025-08-05 22:30:00,25,0.04,0.04,-0.0002998613141421691
2025-08-05 23:00:00,25,0.0,0.0,0.0
2025-08-05 23:30:00,25,0.0,0.0,0.0
2025-08-06 00:00:00,25,0.0,0.0,0.0
2025-08-06 00:30:00,25,0.0,0.0,0.0
2025-08-06 01:00:00,25,0.0,0.0,0.0
2025-08-06 01:30:00,25,0.0,0.0,0.0
2025-08-06 02:00:00,25,0.0,0.0,0.0
2025-08-06 09:00:00,25,0.08,0.08,0.0003510003510003301
2025-08-06 09:30:00,25,0.0,0.04,0.001941747572815622
2025-08-06 10:00:00,25,0.0,0.0,0.000671591672263272
2025-08-06 10:30:00,25,0.04,0.04,0.00022371364653239745
2025-08-06 11:00:00,25,0.0,0.04,0.0006265664160400863
2025-08-06 13:30:00,25,0.04,0.04,0.0
2025-08-06 14:00:00,25,0.0,0.04,-0.00021769892239031918
2025-08-06 14:30:00,25,0.04,0.04,-0.00044933722758933037
2025-08-06 21:00:00,25,0.08,0.12,0.0
2025-08-06 21:30:00,25,0.0,0.0,0.0
2025-08-06 22:00:00,25,0.04,0.0,0.00021772262138042286
2025-08-06 22:30:00,25,0.0,0.0,0.0
2025-08-06 23:00:00,25,0.0,0.0,0.0
2025-08-06 23:30:00,25,0.04,0.0,0.0
2025-08-07 00:00:00,25,0.0,0.0,0.0
2025-08-07 00:30:00,25,0.0,0.0,0.0
2025-08-07 01:00:00,25,0.0,0.0,0.0
2025-08-07 01:30:00,25,0.0,0.0,0.0
2025-08-07 02:00:00,25,0.08,0.0,0.0
2025-08-07 09:00:00,25,0.0,0.16,0.000962927298988836
2025-08-07 09:30:00,25,0.12,0.0,-0.0012744265080714134
2025-08-07 10:00:00,25,0.0,0.0,-0.0008813678829543425
2025-08-07 10:30:00,25,0.04,0.2,0.0008871146595696988
2025-08-07 11:00:00,25,0.0,0.2,0.0008233224804461425
2025-08-07 13:30:00,25,0.12,0.08,-0.0004411116012351668
2025-08-07 14:00:00,25,0.04,0.0,-0.00022346368715087106
2025-08-07 14:30:00,25,0.0,0.0,0.0009907529722588126
2025-08-07 21:00:00,25,0.24,0.08,-0.0025764895330112614
2025-08-07 21:30:00,25,0.0,0.0,-0.00021512315800797932
2025-08-07 22:00:00,25,0.04,0.04,-0.00022237046920170478
2025-08-07 22:30:00,25,0.0,0.0,-0.00011187350835317744
2025-08-07 23:00:00,25,0.0,0.0,0.0
2025-08-07 23:30:00,25,0.0,0.0,0.0
2025-08-08 00:00:00,25,0.0,0.0,0.0
2025-08-08 00:30:00,25,0.0,0.0,0.0
2025-08-08 01:00:00,25,0.0,0.0,0.0
2025-08-08 01:30:00,25,0.0,0.0,0.0
2025-08-08 02:00:00,25,0.0,0.0,0.0
2025-08-08 09:00:00,25,0.08,0.12,-0.0003354453969437454
2025-08-08 09:30:00,25,0.12,0.0,-0.001408167370750446
2025-08-08 10:00:00,25,0.0,0.04,0.0009544261512766106
2025-08-08 10:30:00,25,0.0,0.04,0.0
2025-08-08 11:00:00,25,0.0,0.0,-0.00032938076416333395
2025-08-08 13:30:00,25,0.0,0.04,0.0
2025-08-08 14:00:00,25,0.04,0.0,0.0004444444444444695
2025-08-08 14:30:00,25,0.0,0.0,0.0003590019745107753
2025-08-08 21:00:00,25,0.12,0.32,0.0
2025-08-08 21:30:00,25,0.0,0.08,0.0017564402810303914
2025-08-08 22:00:00,25,0.28,0.0,-0.0023378141437755406
2025-08-08 22:30:00,25,0.0,0.04,0.0017079419299743659
2025-08-08 23:00:00,25,0.0,0.0,0.0
2025-08-08 23:30:00,25,0.0,0.0,0.0
2025-08-09 00:00:00,25,0.0,0.0,0.0
2025-08-09 00:30:00,25,0.0,0.0,0.0
2025-08-09 01:00:00,25,0.0,0.0,0.0
2025-08-09 01:30:00,25,0.04,0.0,0.0
2025-08-09 02:00:00,25,0.0,0.04,0.0
2025-08-11 09:00:00,25,0.08,0.4,0.00171994765376704
2025-08-11 09:30:00,25,0.0,0.0,0.0007181328545780019
2025-08-11 10:00:00,25,0.12,0.0,-0.0006106248727865138
2025-08-11 10:30:00,25,0.0,0.08,0.0008590744406677953
2025-08-11 11:00:00,25,0.08,0.0,-0.0011870845204178249
2025-08-11 13:30:00,25,0.04,0.2,0.002172024326672517
2025-08-11 14:00:00,25,0.04,0.04,0.00042426813746287984
2025-08-11 14:30:00,25,0.0,0.0,-0.0008364700961940308
2025-08-11 21:00:00,25,0.24,0.12,-0.0006337135614702394
2025-08-11 21:30:00,25,0.0,0.04,0.00017911517105506647
2025-08-11 22:00:00,25,0.0,0.04,0.00025338907893068807
2025-08-11 22:30:00,25,0.0,0.0,0.0
2025-08-11 23:00:00,25,0.0,0.0,0.0
2025-08-11 23:30:00,25,0.0,0.0,0.0
2025-08-12 00:00:00,25,0.0,0.0,0.0
2025-08-12 00:30:00,25,0.0,0.0,0.0
2025-08-12 01:00:00,25,0.0,0.0,0.0
2025-08-12 01:30:00,25,0.0,0.0,0.0
2025-08-12 02:00:00,25,0.0,0.0,0.0
2025-08-12 09:00:00,25,0.08,0.08,0.0
2025-08-12 09:30:00,25,0.0,0.04,0.002744298164287118
2025-08-12 10:00:00,25,0.0,0.08,0.00033285254632198225
2025-08-12 10:30:00,25,0.0,0.0,-0.00035848718408315605
2025-08-12 11:00:00,25,0.0,0.0,0.0012288786482335112
2025-08-12 13:30:00,25,0.04,0.2,0.0015220700152207556
2025-08-12 14:00:00,25,0.0,0.0,0.0010712372790573355
2025-08-12 14:30:00,25,0.04,0.04,-0.0008456659619450191
2025-08-12 21:00:00,25,0.04,0.24,0.002838892831795503
2025-08-12 21:30:00,25,0.04,0.0,-0.0021240441801189114
2025-08-12 22:00:00,25,0.0,0.08,-0.00033270489076187015
2025-08-12 22:30:00,25,0.0,0.0,0.00042535091450446316
2025-08-12 23:00:00,25,0.0,0.04,0.0
2025-08-12 23:30:00,25,0.0,0.0,0.0
2025-08-13 00:00:00,25,0.0,0.0,0.0
2025-08-13 00:30:00,25,0.0,0.0,0.0
2025-08-13 01:00:00,25,0.0,0.0,0.0
2025-08-13 01:30:00,25,0.0,0.0,0.0
2025-08-13 02:00:00,25,0.0,0.0,0.0
2025-08-13 09:00:00,25,0.0,0.16,0.0014423076923077982
2025-08-13 09:30:00,25,0.0,0.0,-0.0001260716086737279
2025-08-13 10:00:00,25,0.04,0.0,-0.0006628369421122215
2025-08-13 10:30:00,25,0.08,0.0,-0.0014139271827501299
2025-08-13 11:00:00,25,0.0,0.12,0.0012277470841006721
2025-08-13 13:30:00,25,0.04,0.0,-0.000631113916061854
2025-08-13 14:00:00,25,0.08,0.0,-0.0012531328320801727
2025-08-13 14:30:00,25,0.16,0.0,-0.0008413967185527671
2025-08-13 21:00:00,25,0.2,0.08,-0.0022471910112360494
2025-08-13 21:30:00,25,0.0,0.0,0.0005372877713303303
2025-08-13 22:00:00,25,0.0,0.0,0.0002411963338158074
2025-08-13 22:30:00,25,0.08,0.0,-0.000315756236185627
2025-08-13 23:00:00,25,0.0,0.0,0.0
2025-08-13 23:30:00,25,0.0,0.0,0.0
2025-08-14 00:00:00,25,0.0,0.0,0.0
2025-08-14 00:30:00,25,0.0,0.0,0.0
2025-08-14 01:00:00,25,0.0,0.0,0.0
2025-08-14 01:30:00,25,0.0,0.0,0.0
2025-08-14 02:00:00,25,0.0,0.0,0.0
2025-08-14 09:00:00,25,0.0,0.08,0.0013951491736423627
2025-08-14 09:30:00,25,0.0,0.0,-0.0004014452027297777
2025-08-14 10:00:00,25,0.0,0.0,0.0017121455323703128
2025-08-14 10:30:00,25,0.32,0.0,-0.004345307068366111
2025-08-14 11:00:00,25,0.28,0.0,-0.0025660215973484224
2025-08-14 13:30:00,25,0.04,0.0,-0.00045454545454548523
2025-08-14 14:00:00,25,0.0,0.0,0.0012870012870012104
2025-08-14 14:30:00,25,0.08,0.0,-0.0007063393960797804
2025-08-14 21:00:00,25,0.08,0.24,0.0014568764568765324
2025-08-14 21:30:00,25,0.12,0.0,-0.002043735949315395
2025-08-14 22:00:00,25,0.0,0.0,0.0
2025-08-14 22:30:00,25,0.0,0.0,0.0003546728143288824
2025-08-14 23:00:00,25,0.0,0.0,0.0
2025-08-14 23:30:00,25,0.0,0.0,0.0
2025-08-15 00:00:00,25,0.0,0.0,0.0
2025-08-15 00:30:00,25,0.0,0.0,0.0
2025-08-15 01:00:00,25,0.0,0.0,0.0
2025-08-15 01:30:00,25,0.0,0.0,0.0
2025-08-15 02:00:00,25,0.0,0.0,0.0
2025-08-15 09:00:00,25,0.08,0.04,-0.002730996813837039
2025-08-15 09:30:00,25,0.0,0.04,0.0017730496453900457
2025-08-15 10:00:00,25,0.0,0.0,0.0
2025-08-15 10:30:00,25,0.04,0.0,-0.0019462137296532012
2025-08-15 11:00:00,25,0.0,0.0,0.0009787928221860476
2025-08-15 13:30:00,25,0.0,0.2,0.0028985507246377384
2025-08-15 14:00:00,25,0.0,0.0,-0.0015186028853454436
2025-08-15 14:30:00,25,0.0,0.16,0.0006000150003750981
2025-08-15 21:00:00,25,0.12,0.04,0.0
2025-08-15 21:30:00,25,0.04,0.0,-0.00031635558367604233
2025-08-15 22:00:00,25,0.0,0.04,0.0009321836401772199
2025-08-15 22:30:00,25,0.0,0.08,0.0007265681763137799
2025-08-15 23:00:00,25,0.0,0.0,0.0
2025-08-15 23:30:00,25,0.0,0.0,0.0
2025-08-16 00:00:00,25,0.0,0.0,0.0
2025-08-16 00:30:00,25,0.0,0.0,0.0
2025-08-16 01:00:00,25,0.0,0.0,0.0
2025-08-16 01:30:00,25,0.0,0.0,0.0
2025-08-16 02:00:00,25,0.0,0.0,0.0
2025-08-18 09:00:00,25,0.08,0.04,-0.0003182686187142014
2025-08-18 09:30:00,25,0.0,0.04,-0.0009419152276295417
2025-08-18 10:00:00,25,0.0,0.0,-0.0011173184357542443
2025-08-18 10:30:00,25,0.04,0.0,-0.0008163265306122547
2025-08-18 11:00:00,25,0.0,0.0,-0.0008478168715557732
2025-08-18 13:30:00,25,0.0,0.0,-0.00031635558367604233
2025-08-18 14:00:00,25,0.08,0.0,-0.0001266784899923712
2025-08-18 14:30:00,25,0.0,0.0,0.0012658227848101333
2025-08-18 21:00:00,25,0.12,0.24,0.0008428150021071446
2025-08-18 21:30:00,25,0.0,0.0,-0.0004859086491739717
2025-08-18 22:00:00,25,0.08,0.0,-0.000486144871171601
2025-08-18 22:30:00,25,0.0,0.08,0.00031585596967786955
2025-08-18 23:00:00,25,0.0,0.0,0.0
2025-08-18 23:30:00,25,0.0,0.0,0.0
2025-08-19 00:00:00,25,0.0,0.0,0.0
2025-08-19 00:30:00,25,0.0,0.0,0.0
2025-08-19 01:00:00,25,0.0,0.04,0.0
2025-08-19 01:30:00,25,0.0,0.0,0.0
2025-08-19 02:00:00,25,0.0,0.0,0.0
2025-08-19 09:00:00,25,0.04,0.0,0.0
2025-08-19 09:30:00,25,0.0,0.08,-0.0004508396889205679
2025-08-19 10:00:00,25,0.0,0.0,-0.0006476683937823857
2025-08-19 10:30:00,25,0.16,0.04,-0.0009334889148191472
2025-08-19 11:00:00,25,0.0,0.08,0.0016715419974926427
2025-08-19 13:30:00,25,0.12,0.0,-0.002331002331002363
2025-08-19 14:00:00,25,0.04,0.04,0.0
2025-08-19 14:30:00,25,0.08,0.0,-0.00017661603673613246
2025-08-19 21:00:00,25,0.44,0.04,-0.00316896945113454
2025-08-19 21:30:00,25,0.04,0.0,-0.00024384296513046966
2025-08-19 22:00:00,25,0.04,0.0,-0.0009587727708533222
2025-08-19 22:30:00,25,0.16,0.0,-0.0007151370679380209
2025-08-19 23:00:00,25,0.0,0.0,0.0
2025-08-19 23:30:00,25,0.0,0.0,0.0
2025-08-20 00:00:00,25,0.0,0.0,0.0
2025-08-20 00:30:00,25,0.0,0.0,0.0
2025-08-20 01:00:00,25,0.0,0.0,0.0
2025-08-20 01:30:00,25,0.0,0.0,0.0
2025-08-20 02:00:00,25,0.0,0.0,0.0
2025-08-20 09:00:00,25,0.16,0.12,0.0003819223424570417
2025-08-20 09:30:00,25,0.04,0.0,-0.001195457262402888
2025-08-20 10:00:00,25,0.04,0.04,-0.000860585197934638
2025-08-20 10:30:00,25,0.04,0.0,-0.0002592150966871376
2025-08-20 11:00:00,25,0.0,0.12,0.0
2025-08-20 13:30:00,25,0.0,0.4,0.003696857670979714
2025-08-20 14:00:00,25,0.0,0.0,-0.0004604051565377798
2025-08-20 14:30:00,25,0.0,0.08,0.0009748964172555663
2025-08-20 21:00:00,25,0.04,0.16,0.0010672358591248265
2025-08-20 21:30:00,25,0.04,0.0,0.0006333594128384856
2025-08-20 22:00:00,25,0.0,0.04,0.0004610419548178868
2025-08-20 22:30:00,25,0.0,0.0,-0.000710732054015617
2025-08-20 23:00:00,25,0.0,0.04,0.0
2025-08-20 23:30:00,25,0.0,0.0,0.0
2025-08-21 00:00:00,25,0.0,0.0,0.0
2025-08-21 00:30:00,25,0.0,0.0,0.0
2025-08-21 01:00:00,25,0.0,0.0,0.0
2025-08-21 01:30:00,25,0.0,0.0,0.0
2025-08-21 02:00:00,25,0.0,0.0,0.0
2025-08-21 09:00:00,25,0.12,0.12,-0.0008278145695364003
2025-08-21 09:30:00,25,0.0,0.0,-0.0007028641714988959
2025-08-21 10:00:00,25,0.0,0.0,-0.00017583963425360505
2025-08-21 10:30:00,25,0.04,0.0,0.0009699321047527132
2025-08-21 11:00:00,25,0.04,0.04,0.00043591979075841003
2025-08-21 13:30:00,25,0.04,0.0,-0.0008714596949891407
2025-08-21 14:00:00,25,0.0,0.04,0.00031918289179699855
2025-08-21 14:30:00,25,0.2,0.0,-0.0019389238972370437
2025-08-21 21:00:00,25,0.16,0.08,-0.0006009615384615641
2025-08-21 21:30:00,25,0.08,0.0,-0.0009527488090640412
2025-08-21 22:00:00,25,0.0,0.2,0.0018630647414996648
2025-08-21 22:30:00,25,0.0,0.04,0.0
2025-08-21 23:00:00,25,0.0,0.0,0.0
2025-08-21 23:30:00,25,0.0,0.0,0.0
2025-08-22 00:00:00,25,0.0,0.0,0.0
2025-08-22 00:30:00,25,0.0,0.0,0.0
2025-08-22 01:00:00,25,0.0,0.0,0.0
2025-08-22 01:30:00,25,0.0,0.0,0.0
2025-08-22 02:00:00,25,0.0,0.0,0.0
2025-08-22 09:00:00,25,0.2,0.0,-0.001654944145635051
2025-08-22 09:30:00,25,0.0,0.04,-0.0006744604316546443
2025-08-22 10:00:00,25,0.0,0.0,0.0004732607666824151
2025-08-22 10:30:00,25,0.0,0.0,0.00025416190113092263
2025-08-22 11:00:00,25,0.0,0.04,-0.0005287275290800642
2025-08-22 13:30:00,25,0.0,0.0,0.00023691068467179832
2025-08-22 14:00:00,25,0.0,0.0,-0.0008206811653672652
2025-08-22 14:30:00,25,0.0,0.24,0.0007604562737641984
2025-08-22 21:00:00,25,0.0,0.6,0.003635482307319471
2025-08-22 21:30:00,25,0.04,0.0,0.0
2025-08-22 22:00:00,25,0.0,0.32,0.0024154589371980784
2025-08-22 22:30:00,25,0.0,0.12,0.0009638554216866435
2025-08-22 23:00:00,25,0.0,0.04,0.0
2025-08-22 23:30:00,25,0.0,0.0,0.0
2025-08-23 00:00:00,25,0.0,0.0,0.0
2025-08-23 00:30:00,25,0.0,0.0,0.0
2025-08-23 01:00:00,25,0.0,0.0,0.0
2025-08-23 01:30:00,25,0.0,0.0,0.0
2025-08-23 02:00:00,25,0.0,0.0,0.0
2025-08-25 09:00:00,25,0.16,0.08,-0.0020584602717167444
2025-08-25 09:30:00,25,0.04,0.0,-0.0010656436487638254
2025-08-25 10:00:00,25,0.0,0.0,0.0012828736369467908
2025-08-25 10:30:00,25,0.04,0.28,0.0010623229461756978
2025-08-25 11:00:00,25,0.12,0.0,-0.0010141987829614951
2025-08-25 13:30:00,25,0.0,0.0,-0.0007445060587388808
2025-08-25 14:00:00,25,0.0,0.0,0.0009545020680878924
2025-08-25 14:30:00,25,0.0,0.04,-0.001185668235206938
2025-08-25 21:00:00,25,0.16,0.08,-0.00041135335252984184
2025-08-25 21:30:00,25,0.0,0.0,-0.00035385704175516786
2025-08-25 22:00:00,25,0.0,0.0,0.0
2025-08-25 22:30:00,25,0.0,0.0,0.0
2025-08-25 23:00:00,25,0.0,0.0,0.0
2025-08-25 23:30:00,25,0.0,0.04,0.0
2025-08-26 00:00:00,25,0.0,0.0,0.0
2025-08-26 00:30:00,25,0.0,0.0,0.0
2025-08-26 01:00:00,25,0.0,0.0,0.0
2025-08-26 01:30:00,25,0.0,0.0,0.0
2025-08-26 02:00:00,25,0.0,0.0,0.0
2025-08-26 09:00:00,25,0.08,0.04,0.0
2025-08-26 09:30:00,25,0.0,0.0,0.0006285355122563896
2025-08-26 10:00:00,25,0.0,0.04,0.0002096875655273056
2025-08-26 10:30:00,25,0.0,0.0,-0.00042735042735042583
2025-08-26 11:00:00,25,0.04,0.04,0.0
2025-08-26 13:30:00,25,0.08,0.0,-0.001006036217303774
2025-08-26 14:00:00,25,0.16,0.0,-0.0022604313347661664
2025-08-26 14:30:00,25,0.04,0.04,-0.00042087542087543284
2025-08-26 21:00:00,25,0.12,0.08,0.0
2025-08-26 21:30:00,25,0.0,0.04,0.0004633920296570615
2025-08-26 22:00:00,25,0.0,0.0,0.000848896434634927
2025-08-26 22:30:00,25,0.0,0.0,-0.0009624639076034613
2025-08-26 23:00:00,25,0.04,0.0,0.0
2025-08-26 23:30:00,25,0.0,0.0,0.0
2025-08-27 00:00:00,25,0.0,0.0,0.0
2025-08-27 00:30:00,25,0.0,0.0,0.0
2025-08-27 01:00:00,25,0.0,0.0,0.0
2025-08-27 01:30:00,25,0.0,0.0,0.0
2025-08-27 02:00:00,25,0.0,0.0,0.0
2025-08-27 09:00:00,25,0.0,0.2,0.0007099751508696794
2025-08-27 09:30:00,25,0.16,0.0,-0.002277904328018221
2025-08-27 10:00:00,25,0.0,0.04,0.0001259604484191712
2025-08-27 10:30:00,25,0.0,0.0,0.0
2025-08-27 11:00:00,25,0.0,0.12,0.00047973135044365733
2025-08-27 13:30:00,25,0.28,0.0,-0.003209242618742003
2025-08-27 14:00:00,25,0.0,0.04,0.00025239777889951576
2025-08-27 14:30:00,25,0.12,0.0,-0.0007146260123868098
2025-08-27 21:00:00,25,0.28,0.08,-0.0014929829799940064
2025-08-27 21:30:00,25,0.0,0.04,0.0010392849719393915
2025-08-27 22:00:00,25,0.04,0.08,-0.00029967036260114543
2025-08-27 22:30:00,25,0.0,0.0,0.00021017234131992524
2025-08-27 23:00:00,25,0.0,0.0,0.0
2025-08-27 23:30:00,25,0.0,0.0,0.0
2025-08-28 00:00:00,25,0.0,0.0,0.0
2025-08-28 00:30:00,25,0.0,0.0,0.0
2025-08-28 01:00:00,25,0.0,0.0,0.0
2025-08-28 01:30:00,25,0.0,0.0,0.0
2025-08-28 02:00:00,25,0.0,0.0,0.0
2025-08-28 09:00:00,25,0.2,0.0,-0.0006313131313131493
2025-08-28 09:30:00,25,0.0,0.0,0.00024125452352241616
2025-08-28 10:00:00,25,0.0,0.08,0.0007604562737641984
2025-08-28 10:30:00,25,0.0,0.04,0.00021367521367521292
2025-08-28 11:00:00,25,0.04,0.0,-0.0008866371120962446
2025-08-28 13:30:00,25,0.0,0.2,0.0009891196834816984
2025-08-28 14:00:00,25,0.0,0.04,0.000771803447388697
2025-08-28 14:30:00,25,0.0,0.04,0.0008876489982247993
2025-08-28 21:00:00,25,0.16,0.08,-0.0002409638554217164
2025-08-28 21:30:00,25,0.04,0.0,-0.0016054227613271355
2025-08-28 22:00:00,25,0.0,0.04,-0.0004214075010535723
2025-08-28 22:30:00,25,0.0,0.0,-0.0010679196924391343
2025-08-28 23:00:00,25,0.04,0.0,0.0
2025-08-28 23:30:00,25,0.0,0.0,0.0
2025-08-29 00:00:00,25,0.0,0.0,0.0
2025-08-29 00:30:00,25,0.0,0.0,0.0
2025-08-29 01:00:00,25,0.0,0.0,0.0
2025-08-29 01:30:00,25,0.0,0.04,0.0
2025-08-29 02:00:00,25,0.0,0.0,0.0
2025-08-29 09:00:00,25,0.04,0.04,-0.0005365766410302397
2025-08-29 09:30:00,25,0.0,0.0,0.0
2025-08-29 10:00:00,25,0.0,0.0,-0.0005476451259583959
2025-08-29 10:30:00,25,0.0,0.0,0.0003575259206292092
2025-08-29 11:00:00,25,0.04,0.0,0.00041928721174011585
2025-08-29 13:30:00,25,0.0,0.16,0.002064409578860449
2025-08-29 14:00:00,25,0.16,0.0,-0.002524455664247416
2025-08-29 14:30:00,25,0.0,0.08,0.0012722646310432406
2025-08-29 21:00:00,25,0.32,0.12,0.0
2025-08-29 21:30:00,25,0.12,0.04,-0.001312335958005284
2025-08-29 22:00:00,25,0.04,0.08,0.0
2025-08-29 22:30:00,25,0.04,0.04,0.0
2025-08-29 23:00:00,25,0.0,0.0,0.0
2025-08-29 23:30:00,25,0.0,0.04,0.0
2025-08-30 00:00:00,25,0.0,0.0,0.0
2025-08-30 00:30:00,25,0.0,0.04,0.0
2025-08-30 01:00:00,25,0.0,0.0,0.0
2025-08-30 01:30:00,25,0.0,0.0,0.0
2025-08-30 02:00:00,25,0.0,0.0,0.0
2025-09-01 09:00:00,25,0.28,0.12,-0.00041876046901168085
2025-09-01 09:30:00,25,0.28,0.08,-0.002899951667472256
2025-09-01 10:00:00,25,0.0,0.04,0.0013114754098360049
2025-09-01 10:30:00,25,0.04,0.08,0.0
2025-09-01 11:00:00,25,0.04,0.0,-0.0004847309743092332
2025-09-01 13:30:00,25,0.0,0.04,0.0018587360594795044
2025-09-01 14:00:00,25,0.0,0.04,0.0014743733913087365
2025-09-01 14:30:00,25,0.0,0.0,0.0004846135207172697
2025-09-01 21:00:00,25,0.0,0.32,0.0031471282454760274
2025-09-01 21:30:00,25,0.0,0.0,0.0
2025-09-01 22:00:00,25,0.0,0.0,0.0
2025-09-01 22:30:00,25,0.0,0.0,-0.0006480881399870686
2025-09-01 23:00:00,25,0.0,0.0,0.0
2025-09-01 23:30:00,25,0.0,0.0,0.0
2025-09-02 00:00:00,25,0.0,0.0,0.0
2025-09-02 00:30:00,25,0.0,0.0,0.0
2025-09-02 01:00:00,25,0.0,0.0,0.0
2025-09-02 01:30:00,25,0.0,0.0,0.0
2025-09-02 02:00:00,25,0.0,0.0,0.0
2025-09-02 09:00:00,25,0.08,0.08,0.0008771929824560321
2025-09-02 09:30:00,25,0.0,0.04,0.0001239310943115246
2025-09-02 10:00:00,25,0.16,0.0,-0.002106149957876946
2025-09-02 10:30:00,25,0.0,0.04,0.001778726431874711
2025-09-02 11:00:00,25,0.0,0.0,0.000604412209126659
2025-09-02 13:30:00,25,0.0,0.0,-0.0009141696292533918
2025-09-02 14:00:00,25,0.08,0.0,-0.0017506747392224131
2025-09-02 14:30:00,25,0.04,0.04,0.0
2025-09-02 21:00:00,25,0.08,0.32,0.0007119971520113122
2025-09-02 21:30:00,25,0.04,0.0,0.00022456770716372532
2025-09-02 22:00:00,25,0.0,0.0,-0.0009074410163338875
2025-09-02 22:30:00,25,0.04,0.2,0.0015705631590756663
2025-09-02 23:00:00,25,0.0,0.0,0.0
2025-09-02 23:30:00,25,0.0,0.0,0.0
2025-09-03 00:00:00,25,0.0,0.0,0.0
2025-09-03 00:30:00,25,0.0,0.0,0.0
2025-09-03 01:00:00,25,0.0,0.0,0.0
2025-09-03 01:30:00,25,0.0,0.0,0.0
2025-09-03 02:00:00,25,0.0,0.0,0.0
2025-09-03 09:00:00,25,0.04,0.04,0.0
2025-09-03 09:30:00,25,0.12,0.0,-0.002219084123461723
2025-09-03 10:00:00,25,0.0,0.0,-0.0006718924972004547
2025-09-03 10:30:00,25,0.0,0.04,0.0
2025-09-03 11:00:00,25,0.08,0.0,-0.0012456402590931281
2025-09-03 13:30:00,25,0.0,0.0,0.000455166135639562
2025-09-03 14:00:00,25,0.0,0.0,-0.00042598509052182987
2025-09-03 14:30:00,25,0.0,0.0,0.0
2025-09-03 21:00:00,25,0.28,0.08,0.0
2025-09-03 21:30:00,25,0.0,0.0,-0.0005408328826392861
2025-09-03 22:00:00,25,0.0,0.04,-0.0007215007215006786
2025-09-03 22:30:00,25,0.12,0.0,-0.00042034468263973945
2025-09-03 23:00:00,25,0.0,0.0,0.0
2025-09-03 23:30:00,25,0.0,0.04,0.0
2025-09-04 00:00:00,25,0.0,0.0,0.0
2025-09-04 00:30:00,25,0.0,0.0,0.0
2025-09-04 01:00:00,25,0.0,0.0,0.0
2025-09-04 01:30:00,25,0.0,0.0,0.0
2025-09-04 02:00:00,25,0.0,0.0,0.0
2025-09-04 09:00:00,25,0.24,0.04,0.0
2025-09-04 09:30:00,25,0.0,0.12,0.0012461059190032042
2025-09-04 10:00:00,25,0.0,0.0,-0.0009643201542912649
2025-09-04 10:30:00,25,0.0,0.32,0.002523128679562614
2025-09-04 11:00:00,25,0.0,0.12,0.0005877167205408096
2025-09-04 13:30:00,25,0.0,0.04,-0.0008748906386701893
2025-09-04 14:00:00,25,0.08,0.0,-0.0006333122229259525
2025-09-04 14:30:00,25,0.0,0.0,-0.0006033182503770718
2025-09-04 21:00:00,25,0.08,0.2,0.0006416426050690482
2025-09-04 21:30:00,25,0.0,0.04,-0.00018070112034695995
2025-09-04 22:00:00,25,0.04,0.04,-0.0007186858316221567
2025-09-04 22:30:00,25,0.0,0.0,0.0
2025-09-04 23:00:00,25,0.0,0.0,0.0
2025-09-04 23:30:00,25,0.0,0.0,0.0
2025-09-05 00:00:00,25,0.0,0.0,0.0
2025-09-05 00:30:00,25,0.0,0.0,0.0
2025-09-05 01:00:00,25,0.0,0.0,0.0
2025-09-05 01:30:00,25,0.0,0.0,0.0
2025-09-05 02:00:00,25,0.0,0.0,0.0
2025-09-05 09:00:00,25,0.0,0.16,0.001359311282283615
2025-09-05 09:30:00,25,0.04,0.04,-0.00032669062397905346
2025-09-05 10:00:00,25,0.0,0.0,-0.00040475401994333193
2025-09-05 10:30:00,25,0.0,0.16,0.0014531363526277818
2025-09-05 11:00:00,25,0.0,0.08,0.0013428827215755668
2025-09-05 13:30:00,25,0.0,0.28,0.001848428835489857
2025-09-05 14:00:00,25,0.0,0.24,0.0017889087656528524
2025-09-05 14:30:00,25,0.04,0.0,-0.0006516780710329462
2025-09-05 21:00:00,25,0.32,0.12,-0.0017469428500124229
2025-09-05 21:30:00,25,0.0,0.04,-0.0006387735547748186
2025-09-05 22:00:00,25,0.24,0.0,-0.002505368647100936
2025-09-05 22:30:00,25,0.04,0.0,0.00041631973355538143
2025-09-05 23:00:00,25,0.0,0.0,0.0
2025-09-05 23:30:00,25,0.0,0.0,0.0
2025-09-06 00:00:00,25,0.0,0.0,0.0
2025-09-06 00:30:00,25,0.0,0.0,0.0
2025-09-06 01:00:00,25,0.0,0.0,0.0
2025-09-06 01:30:00,25,0.0,0.0,0.0
2025-09-06 02:00:00,25,0.0,0.0,0.0
2025-09-08 09:00:00,25,0.08,0.08,-0.0010771992818671139
2025-09-08 09:30:00,25,0.0,0.04,0.00022507314877340256
2025-09-08 10:00:00,25,0.0,0.0,-4.875432694662063e-05
2025-09-08 10:30:00,25,0.0,0.08,0.0017961383026492417
2025-09-08 11:00:00,25,0.0,0.04,0.0006333122229258414
2025-09-08 13:30:00,25,0.04,0.04,0.0004833252779119501
2025-09-08 14:00:00,25,0.0,0.0,-0.0008305647840531893
2025-09-08 14:30:00,25,0.0,0.2,0.0008312551953448821
2025-09-08 21:00:00,25,0.08,0.08,0.0
2025-09-08 21:30:00,25,0.04,0.0,-0.00108147080028842
2025-09-08 22:00:00,25,0.0,0.04,0.0002376425855512565
2025-09-08 22:30:00,25,0.0,0.04,0.0
2025-09-08 23:00:00,25,0.0,0.0,0.0
2025-09-08 23:30:00,25,0.0,0.0,0.0
2025-09-09 00:00:00,25,0.0,0.0,0.0
2025-09-09 00:30:00,25,0.0,0.0,0.0
2025-09-09 01:00:00,25,0.0,0.0,0.0
2025-09-09 01:30:00,25,0.0,0.0,0.0
2025-09-09 02:00:00,25,0.0,0.0,0.0
2025-09-09 09:00:00,25,0.0,0.0,-0.001014404544532388
2025-09-09 09:30:00,25,0.0,0.2,0.0014216084484159897
2025-09-09 10:00:00,25,0.0,0.0,-0.0004166666666666208
2025-09-09 10:30:00,25,0.0,0.0,-0.0005432814197754432
2025-09-09 11:00:00,25,0.12,0.0,-0.0007247689798877133
2025-09-09 13:30:00,25,0.04,0.0,0.0
2025-09-09 14:00:00,25,0.0,0.0,-0.00018122508155127282
2025-09-09 14:30:00,25,0.08,0.0,0.0001112800919915724
2025-09-09 21:00:00,25,0.44,0.08,-0.002945358521226904
2025-09-09 21:30:00,25,0.0,0.04,0.0006281407035175768
2025-09-09 22:00:00,25,0.0,0.0,0.00018083182640138418
2025-09-09 22:30:00,25,0.0,0.0,-0.0009775171065493637
2025-09-09 23:00:00,25,0.0,0.0,0.0
2025-09-09 23:30:00,25,0.0,0.0,0.0
2025-09-10 00:00:00,25,0.0,0.0,0.0
2025-09-10 00:30:00,25,0.0,0.0,0.0
2025-09-10 01:00:00,25,0.0,0.0,0.0
2025-09-10 01:30:00,25,0.0,0.0,0.0
2025-09-10 02:00:00,25,0.0,0.0,0.0
2025-09-10 09:00:00,25,0.16,0.12,0.0008550662676356513
2025-09-10 09:30:00,25,0.0,0.08,0.0009095043201454711
2025-09-10 10:00:00,25,0.0,0.0,-0.0006255864873319084
2025-09-10 10:30:00,25,0.0,0.16,0.0015673981191222097
2025-09-10 11:00:00,25,0.0,0.04,0.0006273525721456341
2025-09-10 13:30:00,25,0.0,0.0,0.00041390728476820016
2025-09-10 14:00:00,25,0.0,0.04,0.0006529546196538671
2025-09-10 14:30:00,25,0.16,0.0,-0.001558846453624363
2025-09-10 21:00:00,25,0.08,0.04,0.00036133694670281713
2025-09-10 21:30:00,25,0.0,0.12,0.000932835820895539
2025-09-10 22:00:00,25,0.0,0.0,-0.00018050541516245744
2025-09-10 22:30:00,25,0.0,0.12,0.0008525149190110604
2025-09-10 23:00:00,25,0.0,0.0,0.0
2025-09-10 23:30:00,25,0.0,0.04,0.0
2025-09-11 00:00:00,25,0.0,0.0,0.0
2025-09-11 00:30:00,25,0.0,0.0,0.0
2025-09-11 01:00:00,25,0.0,0.0,0.0
2025-09-11 01:30:00,25,0.0,0.0,0.0
2025-09-11 02:00:00,25,0.0,0.0,0.0
2025-09-11 09:00:00,25,0.08,0.04,-0.0012479201331114798
2025-09-11 09:30:00,25,0.04,0.0,-0.0004061588450319231
2025-09-11 10:00:00,25,0.0,0.0,0.00040632387706862616
2025-09-11 10:30:00,25,0.08,0.0,-0.0015105377994101277
2025-09-11 11:00:00,25,0.04,0.0,-0.000918367346938731
2025-09-11 13:30:00,25,0.04,0.0,0.0012618296529969264
2025-09-11 14:00:00,25,0.0,0.16,0.002291420439470393
2025-09-11 14:30:00,25,0.0,0.0,0.0002399808015358662
2025-09-11 21:00:00,25,0.36,0.04,-0.0016794625719769307
2025-09-11 21:30:00,25,0.0,0.2,0.0025940337224383825
2025-09-11 22:00:00,25,0.0,0.0,-0.00047773041305310127
2025-09-11 22:30:00,25,0.0,0.0,0.0
2025-09-11 23:00:00,25,0.0,0.0,0.0
2025-09-11 23:30:00,25,0.0,0.0,0.0
2025-09-12 00:00:00,25,0.0,0.04,0.0
2025-09-12 00:30:00,25,0.0,0.0,0.0
2025-09-12 01:00:00,25,0.0,0.0,0.0
2025-09-12 01:30:00,25,0.0,0.0,0.0
2025-09-12 02:00:00,25,0.0,0.0,0.0
2025-09-12 09:00:00,25,0.0,0.12,0.00032414910858991064
2025-09-12 09:30:00,25,0.0,0.08,-0.0009463722397475838
2025-09-12 10:00:00,25,0.0,0.04,0.0006388415672913261
2025-09-12 10:30:00,25,0.08,0.0,-0.0006727965911639266
2025-09-12 11:00:00,25,0.0,0.32,0.0021551724137931494
2025-09-12 13:30:00,25,0.08,0.0,-0.0016792611251049694
2025-09-12 14:00:00,25,0.0,0.08,0.0
2025-09-12 14:30:00,25,0.04,0.0,0.000710732054015617
2025-09-12 21:00:00,25,0.04,0.08,0.00016782143798987903
2025-09-12 21:30:00,25,0.04,0.04,0.0014952153110048272
2025-09-12 22:00:00,25,0.0,0.04,0.00035945363048162093
2025-09-12 22:30:00,25,0.12,0.0,-0.001852309212151182
2025-09-12 23:00:00,25,0.0,0.0,0.0
2025-09-12 23:30:00,25,0.0,0.0,0.0
2025-09-13 00:00:00,25,0.0,0.0,0.0
2025-09-13 00:30:00,25,0.0,0.0,0.0
2025-09-13 01:00:00,25,0.0,0.0,0.0
2025-09-13 01:30:00,25,0.0,0.0,0.0
2025-09-13 02:00:00,25,0.0,0.0,0.0
2025-09-15 09:00:00,25,0.2,0.0,-0.0004484304932735883
2025-09-15 09:30:00,25,0.0,0.16,0.0018710789888836121
2025-09-15 10:00:00,25,0.04,0.0,-0.0004760771244941564
2025-09-15 10:30:00,25,0.0,0.04,0.00142891164562986
2025-09-15 11:00:00,25,0.0,0.32,0.0018969648562299213
2025-09-15 13:30:00,25,0.0,0.0,0.0003597122302159139
2025-09-15 14:00:00,25,0.12,0.0,-0.0011960530250174628
2025-09-15 14:30:00,25,0.0,0.0,0.0
2025-09-15 21:00:00,25,0.04,0.48,0.0025041736227044975
2025-09-15 21:30:00,25,0.0,0.08,0.0
2025-09-15 22:00:00,25,0.0,0.0,0.0003296944831123749
2025-09-15 22:30:00,25,0.0,0.0,0.0009817772562916716
2025-09-15 23:00:00,25,0.0,0.0,0.0
2025-09-15 23:30:00,25,0.0,0.04,0.0
2025-09-16 00:00:00,25,0.0,0.0,0.0
2025-09-16 00:30:00,25,0.0,0.0,0.0
2025-09-16 01:00:00,25,0.0,0.0,0.0
2025-09-16 01:30:00,25,0.0,0.0,0.0
2025-09-16 02:00:00,25,0.0,0.0,0.0
2025-09-16 09:00:00,25,0.08,0.12,-0.0004037141703673308
2025-09-16 09:30:00,25,0.04,0.0,-0.0006323110970597456
2025-09-16 10:00:00,25,0.0,0.0,0.00023813492724977792
2025-09-16 10:30:00,25,0.24,0.0,-0.002619047619047632
2025-09-16 11:00:00,25,0.0,0.0,0.0014261944378417546
2025-09-16 13:30:00,25,0.0,0.04,0.0011904761904761862
2025-09-16 14:00:00,25,0.0,0.0,-0.0004610419548178868
2025-09-16 14:30:00,25,0.0,0.04,-0.00024721878862798974
2025-09-16 21:00:00,25,0.04,0.24,0.0003605552550929314
2025-09-16 21:30:00,25,0.0,0.0,-0.00020080321285143032
2025-09-16 22:00:00,25,0.0,0.0,0.0
2025-09-16 22:30:00,25,0.0,0.0,0.0
2025-09-16 23:00:00,25,0.0,0.0,0.0
2025-09-16 23:30:00,25,0.0,0.0,0.0
2025-09-17 00:00:00,25,0.0,0.0,0.0
2025-09-17 00:30:00,25,0.0,0.0,0.0
2025-09-17 01:00:00,25,0.0,0.0,0.0
2025-09-17 01:30:00,25,0.0,0.0,0.0
2025-09-17 02:00:00,25,0.0,0.0,0.0
2025-09-17 09:00:00,25,0.12,0.04,-0.001250781738586615
2025-09-17 09:30:00,25,0.08,0.0,-0.000954198473282486
2025-09-17 10:00:00,25,0.04,0.0,-0.0005984440454818163
2025-09-17 10:30:00,25,0.0,0.08,0.0010795250089961073
2025-09-17 11:00:00,25,0.04,0.0,0.00014330411521656927
2025-09-17 13:30:00,25,0.04,0.0,0.0002389486260454543
2025-09-17 14:00:00,25,0.0,0.0,-0.0013458950201884479
2025-09-17 14:30:00,25,0.0,0.0,0.0006241509711055748
2025-09-17 21:00:00,25,0.24,0.04,-0.0009043226623258738
2025-09-17 21:30:00,25,0.0,0.04,0.0007194244604316058
2025-09-17 22:00:00,25,0.04,0.0,-0.0005018065034122499
2025-09-17 22:30:00,25,0.04,0.0,0.0
2025-09-17 23:00:00,25,0.0,0.0,0.0
2025-09-17 23:30:00,25,0.0,0.0,0.0
2025-09-18 00:00:00,25,0.0,0.0,0.0
2025-09-18 00:30:00,25,0.0,0.0,0.0
2025-09-18 01:00:00,25,0.0,0.0,0.0
2025-09-18 01:30:00,25,0.0,0.0,0.0
2025-09-18 02:00:00,25,0.04,0.0,0.0
2025-09-18 09:00:00,25,0.48,0.0,-0.0037866834963711238
2025-09-18 09:30:00,25,0.04,0.0,0.000950269242952162
2025-09-18 10:00:00,25,0.08,0.0,0.0
2025-09-18 10:30:00,25,0.08,0.0,-0.0004047763610606214
2025-09-18 11:00:00,25,0.16,0.0,-0.0014440433212996595
2025-09-18 13:30:00,25,0.24,0.0,-0.002473206924979432
2025-09-18 14:00:00,25,0.04,0.04,-0.0005083884087442314
2025-09-18 14:30:00,25,0.0,0.04,0.0004264392324093702
2025-09-18 21:00:00,25,0.04,0.16,0.0013364517206815307
2025-09-18 21:30:00,25,0.0,0.0,-0.00042753313381782565
2025-09-18 22:00:00,25,0.0,0.0,0.0
2025-09-18 22:30:00,25,0.04,0.0,-0.0014409221902017544
2025-09-18 23:00:00,25,0.04,0.0,0.0
2025-09-18 23:30:00,25,0.0,0.0,0.0
2025-09-19 00:00:00,25,0.0,0.0,0.0
2025-09-19 00:30:00,25,0.0,0.0,0.0
2025-09-19 01:00:00,25,0.0,0.0,0.0
2025-09-19 01:30:00,25,0.0,0.0,0.0
2025-09-19 02:00:00,25,0.0,0.0,0.0
2025-09-19 09:00:00,25,0.0,0.44,0.0037429819089207506
2025-09-19 09:30:00,25,0.04,0.04,-0.000914578379367148
2025-09-19 10:00:00,25,0.0,0.0,0.0005492493592091918
2025-09-19 10:30:00,25,0.0,0.04,0.00012512512512508067
2025-09-19 11:00:00,25,0.0,0.0,0.0
2025-09-19 13:30:00,25,0.08,0.0,-0.00048019207683069887
2025-09-19 14:00:00,25,0.0,0.16,0.0018552875695732052
2025-09-19 14:30:00,25,0.0,0.04,-0.0007581501137224889
2025-09-19 21:00:00,25,0.04,0.16,0.0004612546125462025
2025-09-19 21:30:00,25,0.0,0.0,-0.0004353504571179556
2025-09-19 22:00:00,25,0.0,0.0,0.0005927243091057299
2025-09-19 22:30:00,25,0.0,0.04,0.0
2025-09-19 23:00:00,25,0.0,0.0,0.0
2025-09-19 23:30:00,25,0.0,0.0,0.0
2025-09-20 00:00:00,25,0.0,0.0,0.0
2025-09-20 00:30:00,25,0.0,0.0,0.0
2025-09-20 01:00:00,25,0.0,0.0,0.0
2025-09-20 01:30:00,25,0.0,0.04,0.0
2025-09-20 02:00:00,25,0.0,0.0,0.0
2025-09-22 09:00:00,25,0.04,0.28,0.0026881720430107503
2025-09-22 09:30:00,25,0.2,0.0,-0.0019236934915036752
2025-09-22 10:00:00,25,0.0,0.0,-0.00109789569990848
2025-09-22 10:30:00,25,0.04,0.0,-0.0008723466123873314
2025-09-22 11:00:00,25,0.08,0.0,0.0
2025-09-22 13:30:00,25,0.0,0.0,0.0003142677561283058
2025-09-22 14:00:00,25,0.0,0.0,0.001310615989515096
2025-09-22 14:30:00,25,0.12,0.0,-0.0007331378299120228
2025-09-22 21:00:00,25,0.56,0.0,-0.00440852314474649
2025-09-22 21:30:00,25,0.0,0.04,0.0007253384912959682
2025-09-22 22:00:00,25,0.04,0.0,-0.0018575851393188847
2025-09-22 22:30:00,25,0.0,0.0,0.0016924564796905184
2025-09-22 23:00:00,25,0.0,0.0,0.0
2025-09-22 23:30:00,25,0.0,0.0,0.0
2025-09-23 00:00:00,25,0.0,0.0,0.0
2025-09-23 00:30:00,25,0.0,0.0,0.0
2025-09-23 01:00:00,25,0.0,0.0,0.0
2025-09-23 01:30:00,25,0.0,0.0,0.0
2025-09-23 02:00:00,25,0.0,0.0,0.0
2025-09-23 09:00:00,25,0.16,0.08,-0.0002413709872073344
2025-09-23 09:30:00,25,0.12,0.0,-0.003577441077441068
2025-09-23 10:00:00,25,0.04,0.0,-0.0006253126563281475
2025-09-23 10:30:00,25,0.04,0.08,0.0008797653958945162
2025-09-23 11:00:00,25,0.0,0.0,-0.0012703789964005896
2025-09-23 13:30:00,25,0.08,0.04,-0.0005005631335252003
2025-09-23 14:00:00,25,0.0,0.04,0.00092030185900982
2025-09-23 14:30:00,25,0.0,0.0,0.00046360686138147145
2025-09-23 21:00:00,25,0.0,0.28,0.0007420232500618962
2025-09-23 21:30:00,25,0.0,0.12,0.0007504690431519023
2025-09-23 22:00:00,25,0.04,0.0,0.0005154069874462319
2025-09-23 22:30:00,25,0.0,0.0,0.0
2025-09-23 23:00:00,25,0.0,0.0,0.0
2025-09-23 23:30:00,25,0.0,0.0,0.0
2025-09-24 00:00:00,25,0.0,0.0,0.0
2025-09-24 00:30:00,25,0.0,0.0,0.0
2025-09-24 01:00:00,25,0.0,0.0,0.0
2025-09-24 01:30:00,25,0.0,0.0,0.0
2025-09-24 02:00:00,25,0.0,0.0,0.0
2025-09-24 09:00:00,25,0.08,0.0,-0.0005602240896358524
2025-09-24 09:30:00,25,0.0,0.04,0.0012733446519523905
2025-09-24 10:00:00,25,0.0,0.0,-0.0006616674018526947
2025-09-24 10:30:00,25,0.0,0.0,0.0012357884330203017
2025-09-24 11:00:00,25,0.0,0.0,0.0
2025-09-24 13:30:00,25,0.0,0.24,0.000966417008939402
2025-09-24 14:00:00,25,0.0,0.04,0.0
2025-09-24 14:30:00,25,0.04,0.04,-0.0006216328222130585
2025-09-24 21:00:00,25,0.0,0.36,0.002977456401531242
2025-09-24 21:30:00,25,0.04,0.0,-0.0003193867773874093
2025-09-24 22:00:00,25,0.0,0.08,0.0
2025-09-24 22:30:00,25,0.0,0.0,-0.0002449779519843043
2025-09-24 23:00:00,25,0.0,0.0,0.0
2025-09-24 23:30:00,25,0.04,0.0,0.0
2025-09-25 00:00:00,25,0.0,0.0,0.0
2025-09-25 00:30:00,25,0.0,0.0,0.0
2025-09-25 01:00:00,25,0.0,0.0,0.0
2025-09-25 01:30:00,25,0.0,0.0,0.0
2025-09-25 02:00:00,25,0.0,0.0,0.0
2025-09-25 09:00:00,25,0.08,0.0,-0.0004240882103477839
2025-09-25 09:30:00,25,0.04,0.04,-0.0006238303181534954
2025-09-25 10:00:00,25,0.0,0.12,0.0014596764383894012
2025-09-25 10:30:00,25,0.0,0.16,0.0014820303816227565
2025-09-25 11:00:00,25,0.0,0.04,0.0005730659025788842
2025-09-25 13:30:00,25,0.04,0.0,-0.0006574381825487086
2025-09-25 14:00:00,25,0.0,0.0,0.0006503360069369801
2025-09-25 14:30:00,25,0.0,0.0,-0.0005842187899368634
2025-09-25 21:00:00,25,0.32,0.04,-0.0023622047244094
2025-09-25 21:30:00,25,0.04,0.0,-0.001529051987767538
2025-09-25 22:00:00,25,0.0,0.04,0.0
2025-09-25 22:30:00,25,0.0,0.04,0.0005986231667165498
2025-09-25 23:00:00,25,0.0,0.04,0.0
2025-09-25 23:30:00,25,0.0,0.0,0.0
2025-09-26 00:00:00,25,0.0,0.0,0.0
2025-09-26 00:30:00,25,0.0,0.0,0.0
2025-09-26 01:00:00,25,0.0,0.0,0.0
2025-09-26 01:30:00,25,0.0,0.0,0.0
2025-09-26 02:00:00,25,0.0,0.0,0.0
2025-09-26 09:00:00,25,0.2,0.08,-0.0012198097096852711
2025-09-26 09:30:00,25,0.0,0.0,-0.00032711808963048483
2025-09-26 10:00:00,25,0.0,0.04,0.0009563277016257921
2025-09-26 10:30:00,25,0.0,0.04,0.0
2025-09-26 11:00:00,25,0.0,0.04,0.00027122321670725036
2025-09-26 13:30:00,25,0.08,0.0,-0.0015740404407312836
2025-09-26 14:00:00,25,0.08,0.04,-0.000733317037399206
2025-09-26 14:30:00,25,0.24,0.0,-0.0023675104716809336
2025-09-26 21:00:00,25,0.16,0.12,0.00021654395842363172
2025-09-26 21:30:00,25,0.08,0.0,0.0
2025-09-26 22:00:00,25,0.0,0.04,0.0
2025-09-26 22:30:00,25,0.16,0.08,0.0002418964683115199
2025-09-26 23:00:00,25,0.0,0.0,0.0
2025-09-26 23:30:00,25,0.0,0.0,0.0
2025-09-27 00:00:00,25,0.0,0.0,0.0
2025-09-27 00:30:00,25,0.0,0.0,0.0
2025-09-27 01:00:00,25,0.0,0.04,0.0
2025-09-27 01:30:00,25,0.0,0.0,0.0
2025-09-27 02:00:00,25,0.0,0.0,0.0
2025-09-29 09:00:00,25,0.48,0.04,-0.0031225604996096834
2025-09-29 09:30:00,25,0.04,0.04,0.0006058770069676811
2025-09-29 10:00:00,25,0.0,0.0,0.0
2025-09-29 10:30:00,25,0.04,0.08,0.00043029259896720795
2025-09-29 11:00:00,25,0.0,0.0,0.0009212344541686956
2025-09-29 13:30:00,25,0.04,0.12,0.001611047180667402
2025-09-29 14:00:00,25,0.0,0.0,-0.0008115236356258659
2025-09-29 14:30:00,25,0.2,0.0,-0.0009117432530999503
2025-09-29 21:00:00,25,0.28,0.2,0.0005475451724767932
2025-09-29 21:30:00,25,0.0,0.08,0.0
2025-09-29 22:00:00,25,0.0,0.08,0.0008583690987125081
2025-09-29 22:30:00,25,0.08,0.0,-0.0012300123001229846
2025-09-29 23:00:00,25,0.0,0.0,0.0
2025-09-29 23:30:00,25,0.0,0.0,0.0
2025-09-30 00:00:00,25,0.0,0.0,0.0
2025-09-30 00:30:00,25,0.0,0.0,0.0
2025-09-30 01:00:00,25,0.0,0.0,0.0
2025-09-30 01:30:00,25,0.0,0.0,0.0
2025-09-30 02:00:00,25,0.0,0.0,0.0
2025-09-30 09:00:00,25,0.0,0.0,0.0
2025-09-30 09:30:00,25,0.0,0.0,-0.0006809669731018264
2025-09-30 10:00:00,25,0.0,0.04,-0.0016134236850596784
2025-09-30 10:30:00,25,0.0,0.0,-0.00045641259698769865
2025-09-30 11:00:00,25,0.04,0.04,-0.0008714596949891407
2025-09-30 13:30:00,25,0.08,0.04,0.0004580852038478245
2025-09-30 14:00:00,25,0.0,0.0,-0.00037878787878786735
2025-09-30 14:30:00,25,0.2,0.08,-0.0025204032645222973
2025-10-09 09:00:00,25,0.12,0.56,0.005225945281278843
2025-10-09 09:30:00,25,0.12,0.04,-0.0006758278891642044
2025-10-09 10:00:00,25,0.0,0.0,0.0019295706705257931
2025-10-09 10:30:00,25,0.08,0.04,0.0002725538293812946
2025-10-09 11:00:00,25,0.08,0.0,0.0
2025-10-09 13:30:00,25,0.0,0.32,0.003557744937055185
2025-10-09 14:00:00,25,0.0,0.08,0.00020903010033435088
2025-10-09 14:30:00,25,0.0,0.0,0.0
2025-10-09 21:00:00,25,0.0,0.48,0.006273806856374575
2025-10-09 21:30:00,25,0.08,0.0,-0.00272572402044291
2025-10-09 22:00:00,25,0.0,0.0,-0.0008718395815170421
2025-10-09 22:30:00,25,0.0,0.0,0.0026017029328286867
2025-10-09 23:00:00,25,0.0,0.0,0.0
2025-10-09 23:30:00,25,0.0,0.0,0.0
2025-10-10 00:00:00,25,0.0,0.0,0.0
2025-10-10 00:30:00,25,0.04,0.0,0.0
2025-10-10 01:00:00,25,0.0,0.0,0.0
2025-10-10 01:30:00,25,0.0,0.0,0.0
2025-10-10 02:00:00,25,0.0,0.0,0.0
2025-10-10 09:00:00,25,0.0,0.04,-0.001269474899019074
2025-10-10 09:30:00,25,0.04,0.0,-0.0004785833931562067
2025-10-10 10:00:00,25,0.0,0.0,0.0
2025-10-10 10:30:00,25,0.04,0.0,-0.0012169151201704143
2025-10-10 11:00:00,25,0.04,0.04,-0.0007507507507507061
2025-10-10 13:30:00,25,0.04,0.0,0.0
2025-10-10 14:00:00,25,0.0,0.0,-0.0013722126929673895
2025-10-10 14:30:00,25,0.0,0.08,0.0006361323155217313
2025-10-10 21:00:00,25,0.2,0.12,0.00048181161165983255
2025-10-10 21:30:00,25,0.04,0.0,-0.001484308736217188
2025-10-10 22:00:00,25,0.0,0.0,-0.0010138087746897062
2025-10-10 22:30:00,25,0.0,0.0,0.0
2025-10-10 23:00:00,25,0.08,0.0,0.0
2025-10-10 23:30:00,25,0.0,0.0,0.0
2025-10-11 00:00:00,25,0.0,0.0,0.0
2025-10-11 00:30:00,25,0.0,0.0,0.0
2025-10-11 01:00:00,25,0.0,0.0,0.0
2025-10-11 01:30:00,25,0.0,0.0,0.0
2025-10-11 02:00:00,25,0.0,0.0,0.0
2025-10-13 09:00:00,25,0.44,0.12,-0.0017738359201774356
2025-10-13 09:30:00,25,0.0,0.0,0.0017182130584192379
2025-10-13 10:00:00,25,0.0,0.0,0.0004336983627888369
2025-10-13 10:30:00,25,0.0,0.0,-0.0009199632014719183
2025-10-13 11:00:00,25,0.0,0.0,-0.0008756567425569628
2025-10-13 13:30:00,25,0.0,0.04,0.002743233357717534
2025-10-13 14:00:00,25,0.0,0.04,0.000671591672263272
2025-10-13 14:30:00,25,0.0,0.0,-0.0003242542153047978
2025-10-13 21:00:00,25,0.12,0.04,0.0
2025-10-13 21:30:00,25,0.0,0.04,0.000680735194009463
2025-10-13 22:00:00,25,0.08,0.0,-0.0017680964673432165
2025-10-13 22:30:00,25,0.0,0.0,0.0
2025-10-13 23:00:00,25,0.0,0.0,0.0
2025-10-13 23:30:00,25,0.0,0.0,0.0
2025-10-14 00:00:00,25,0.0,0.0,0.0
2025-10-14 00:30:00,25,0.0,0.0,0.0
2025-10-14 01:00:00,25,0.0,0.0,0.0
2025-10-14 01:30:00,25,0.0,0.0,0.0
2025-10-14 02:00:00,25,0.0,0.0,0.0
2025-10-14 09:00:00,25,0.12,0.16,0.00022089684117521102
2025-10-14 09:30:00,25,0.08,0.0,-0.0021735919133940573
2025-10-14 10:00:00,25,0.12,0.0,0.0
2025-10-14 10:30:00,25,0.08,0.0,-0.0018558614290132835
2025-10-14 11:00:00,25,0.0,0.0,0.0006197706848465323
2025-10-14 13:30:00,25,0.2,0.0,-0.0011316484345530453
2025-10-14 14:00:00,25,0.0,0.0,0.0013114754098360049
2025-10-14 14:30:00,25,0.0,0.12,0.00045065344749883884
2025-10-14 21:00:00,25,0.12,0.0,-0.0015077271013946847
2025-10-14 21:30:00,25,0.0,0.0,0.0006389776357826893
2025-10-14 22:00:00,25,0.0,0.0,0.0
2025-10-14 22:30:00,25,0.0,0.0,-0.0009532888465204614
2025-10-14 23:00:00,25,0.0,0.0,0.0
2025-10-14 23:30:00,25,0.0,0.0,0.0
2025-10-15 00:00:00,25,0.0,0.0,0.0
2025-10-15 00:30:00,25,0.0,0.0,0.0
2025-10-15 01:00:00,25,0.0,0.0,0.0
2025-10-15 01:30:00,25,0.0,0.0,0.0
2025-10-15 02:00:00,25,0.0,0.0,0.0
2025-10-15 09:00:00,25,0.0,0.2,0.002744425385934779
2025-10-15 09:30:00,25,0.0,0.0,0.0006369426751593465
2025-10-15 10:00:00,25,0.0,0.0,0.0004517732098485716
2025-10-15 10:30:00,25,0.28,0.0,-0.0036199095022624306
2025-10-15 11:00:00,25,0.16,0.0,-0.0011092623405435376
2025-10-15 13:30:00,25,0.0,0.0,0.0019329896907216426
2025-10-15 14:00:00,25,0.0,0.0,-0.0006591957811470373
2025-10-15 14:30:00,25,0.0,0.0,0.0013863216266174483
2025-10-15 21:00:00,25,0.12,0.04,-0.001647989452867482
2025-10-15 21:30:00,25,0.0,0.0,-0.0008750911553286889
2025-10-15 22:00:00,25,0.0,0.0,0.00042927666881298343
2025-10-15 22:30:00,25,0.0,0.0,0.0
2025-10-15 23:00:00,25,0.0,0.0,0.0
2025-10-15 23:30:00,25,0.0,0.0,0.0
2025-10-16 00:00:00,25,0.0,0.0,0.0
2025-10-16 00:30:00,25,0.0,0.0,0.0
2025-10-16 01:00:00,25,0.0,0.0,0.0
2025-10-16 01:30:00,25,0.0,0.0,0.0
2025-10-16 02:00:00,25,0.0,0.0,0.0
2025-10-16 09:00:00,25,0.0,0.24,0.0025974025974024872
2025-10-16 09:30:00,25,0.0,0.04,0.0008658008658009031
2025-10-16 10:00:00,25,0.0,0.0,0.0009035464196973653
2025-10-16 10:30:00,25,0.0,0.16,0.002636783124587927
2025-10-16 11:00:00,25,0.36,0.0,-0.003760683760683725
2025-10-16 13:30:00,25,0.08,0.16,0.0016990291262135582
2025-10-16 14:00:00,25,0.0,0.0,0.0008097165991902688
2025-10-16 14:30:00,25,0.0,0.08,0.00045085662759247747
2025-10-16 21:00:00,25,0.08,0.16,0.0
2025-10-16 21:30:00,25,0.0,0.04,0.0
2025-10-16 22:00:00,25,0.04,0.0,0.0008530603540199966
2025-10-16 22:30:00,25,0.0,0.08,0.00021308331557645666
2025-10-16 23:00:00,25,0.0,0.0,0.0
2025-10-16 23:30:00,25,0.0,0.0,0.0
2025-10-17 00:00:00,25,0.0,0.0,0.0
2025-10-17 00:30:00,25,0.04,0.0,0.0
2025-10-17 01:00:00,25,0.0,0.0,0.0
2025-10-17 01:30:00,25,0.0,0.0,0.0
2025-10-17 02:00:00,25,0.0,0.0,0.0
2025-10-17 09:00:00,25,0.2,0.08,-0.0011244377811094886
2025-10-17 09:30:00,25,0.08,0.08,-0.0013129102844638973
2025-10-17 10:00:00,25,0.04,0.0,-0.0002384358607534498
2025-10-17 10:30:00,25,0.04,0.2,0.001932834017878804
2025-10-17 11:00:00,25,0.08,0.0,-0.0011855364552459946
2025-10-17 13:30:00,25,0.04,0.04,-0.0003112356053532883
2025-10-17 14:00:00,25,0.08,0.0,-0.002600780234070177
2025-10-17 14:30:00,25,0.04,0.0,0.0
2025-10-17 21:00:00,25,0.12,0.6,0.00412448443944502
2025-10-17 21:30:00,25,0.08,0.08,0.0
2025-10-17 22:00:00,25,0.0,0.0,0.0
2025-10-17 22:30:00,25,0.0,0.0,0.0
2025-10-17 23:00:00,25,0.0,0.0,0.0
2025-10-17 23:30:00,25,0.0,0.0,0.0
2025-10-18 00:00:00,25,0.0,0.0,0.0
2025-10-18 00:30:00,25,0.0,0.0,0.0
2025-10-18 01:00:00,25,0.0,0.0,0.0
2025-10-18 01:30:00,25,0.0,0.0,0.0
2025-10-18 02:00:00,25,0.0,0.0,0.0
2025-10-20 09:00:00,25,0.04,0.32,0.0037174721189590088
2025-10-20 09:30:00,25,0.0,0.04,-0.0003680529996319404
2025-10-20 10:00:00,25,0.0,0.08,-0.00018409425625920406
2025-10-20 10:30:00,25,0.0,0.0,-0.0018256503879506836
2025-10-20 11:00:00,25,0.0,0.0,0.0
2025-10-20 13:30:00,25,0.0,0.0,-0.0012418503570319483
2025-10-20 14:00:00,25,0.0,0.0,-0.00037105751391464104
2025-10-20 14:30:00,25,0.08,0.0,-0.0006879156156844868
2025-10-20 21:00:00,25,0.16,0.08,-0.0009564801530368428
2025-10-20 21:30:00,25,0.0,0.0,0.00047869794159893786
2025-10-20 22:00:00,25,0.0,0.08,0.0
2025-10-20 22:30:00,25,0.0,0.0,0.0008894159501926513
2025-10-20 23:00:00,25,0.0,0.0,0.0
2025-10-20 23:30:00,25,0.0,0.0,0.0
2025-10-21 00:00:00,25,0.0,0.0,0.0
2025-10-21 00:30:00,25,0.0,0.0,0.0
2025-10-21 01:00:00,25,0.0,0.0,0.0
2025-10-21 01:30:00,25,0.0,0.0,0.0
2025-10-21 02:00:00,25,0.0,0.0,0.0
2025-10-21 09:00:00,25,0.04,0.04,0.0011384335154827063
2025-10-21 09:30:00,25,0.0,0.08,0.0006632499246306267
2025-10-21 10:00:00,25,0.0,0.04,-0.0004653327128897322
2025-10-21 10:30:00,25,0.0,0.12,0.0026429601153292737
2025-10-21 11:00:00,25,0.0,0.0,0.0012479201331114798
2025-10-21 13:30:00,25,0.0,0.0,-0.002157755933828831
2025-10-21 14:00:00,25,0.0,0.0,0.0004675081813931836
2025-10-21 14:30:00,25,0.2,0.0,-0.0022603978300180794
2025-10-21 21:00:00,25,0.12,0.12,0.000818884181293944
2025-10-21 21:30:00,25,0.12,0.0,-0.0014743826022852735
2025-10-21 22:00:00,25,0.04,0.0,-0.0002379819133745409
2025-10-21 22:30:00,25,0.04,0.0,0.0
2025-10-21 23:00:00,25,0.0,0.04,0.0
2025-10-21 23:30:00,25,0.0,0.0,0.0
2025-10-22 00:00:00,25,0.0,0.0,0.0
2025-10-22 00:30:00,25,0.0,0.0,0.0
2025-10-22 01:00:00,25,0.0,0.0,0.0
2025-10-22 01:30:00,25,0.0,0.0,0.0
2025-10-22 02:00:00,25,0.0,0.0,0.0
2025-10-22 09:00:00,25,0.04,0.08,0.0006824385805277444
2025-10-22 09:30:00,25,0.0,0.04,0.0
2025-10-22 10:00:00,25,0.0,0.0,0.0010604453870626251
2025-10-22 10:30:00,25,0.0,0.04,0.0
2025-10-22 11:00:00,25,0.0,0.12,0.001335622972715056
2025-10-22 13:30:00,25,0.12,0.08,-0.00022722108611683556
2025-10-22 14:00:00,25,0.0,0.0,0.00022727272727274261
2025-10-22 14:30:00,25,0.0,0.0,0.0007393715341958984
2025-10-22 21:00:00,25,0.16,0.08,-0.0008924587237840731
2025-10-22 21:30:00,25,0.0,0.0,0.0
2025-10-22 22:00:00,25,0.0,0.0,0.0
2025-10-22 22:30:00,25,0.0,0.08,0.0
2025-10-22 23:00:00,25,0.0,0.0,0.0
2025-10-22 23:30:00,25,0.0,0.0,0.0
2025-10-23 00:00:00,25,0.0,0.0,0.0
2025-10-23 00:30:00,25,0.0,0.0,0.0
2025-10-23 01:00:00,25,0.0,0.0,0.0
2025-10-23 01:30:00,25,0.0,0.0,0.0
2025-10-23 02:00:00,25,0.0,0.0,0.0
2025-10-23 09:00:00,25,0.0,0.2,0.0013262599469496816
2025-10-23 09:30:00,25,0.0,0.0,0.0
2025-10-23 10:00:00,25,0.0,0.04,0.0009800718719372714
2025-10-23 10:30:00,25,0.0,0.2,0.0021207033666166275
2025-10-23 11:00:00,25,0.0,0.0,0.0005534034311012181
2025-10-23 13:30:00,25,0.0,0.04,0.0007361059992638808
2025-10-23 14:00:00,25,0.0,0.12,0.0011401289770904821
2025-10-23 14:30:00,25,0.0,0.08,0.0
2025-10-23 21:00:00,25,0.2,0.2,-0.00021901007446345488
2025-10-23 21:30:00,25,0.0,0.0,0.0
2025-10-23 22:00:00,25,0.0,0.0,0.0
2025-10-23 22:30:00,25,0.0,0.04,0.0003271180896302628
2025-10-23 23:00:00,25,0.0,0.0,0.0
2025-10-23 23:30:00,25,0.0,0.0,0.0
2025-10-24 00:00:00,25,0.0,0.0,0.0
2025-10-24 00:30:00,25,0.0,0.0,0.0
2025-10-24 01:00:00,25,0.0,0.0,0.0
2025-10-24 01:30:00,25,0.0,0.0,0.0
2025-10-24 02:00:00,25,0.0,0.0,0.0
2025-10-24 09:00:00,25,0.2,0.08,-0.0009165902841430373
2025-10-24 09:30:00,25,0.16,0.0,-0.0017490161783996205
2025-10-24 10:00:00,25,0.0,0.0,-0.0005507618872774289
2025-10-24 10:30:00,25,0.16,0.0,-0.0016057808109193328
2025-10-24 11:00:00,25,0.0,0.32,0.0021229920033967176
2025-10-24 13:30:00,25,0.08,0.0,-0.000982961992136322
2025-10-24 14:00:00,25,0.0,0.08,0.0
2025-10-24 14:30:00,25,0.04,0.0,-0.00048792388387408625
2025-10-24 21:00:00,25,0.16,0.4,0.004238669709814236
2025-10-24 21:30:00,25,0.0,0.0,-0.00030515715593526505
2025-10-24 22:00:00,25,0.08,0.0,-0.00038914635440623346
2025-10-24 22:30:00,25,0.0,0.04,0.0006516780710328351
2025-10-24 23:00:00,25,0.0,0.0,0.0
2025-10-24 23:30:00,25,0.0,0.0,0.0
2025-10-25 00:00:00,25,0.0,0.0,0.0
2025-10-25 00:30:00,25,0.0,0.0,0.0
2025-10-25 01:00:00,25,0.0,0.0,0.0
2025-10-25 01:30:00,25,0.0,0.0,0.0
2025-10-25 02:00:00,25,0.0,0.0,0.0
2025-10-27 09:00:00,25,0.12,0.24,0.0015695067264573925
2025-10-27 09:30:00,25,0.04,0.0,-0.00170068027210879
2025-10-27 10:00:00,25,0.0,0.0,0.0008051529790660261
2025-10-27 10:30:00,25,0.0,0.0,0.0
2025-10-27 11:00:00,25,0.0,0.04,0.0003678499172337091
2025-10-27 13:30:00,25,0.0,0.04,0.0013033561420658923
2025-10-27 14:00:00,25,0.0,0.12,0.001322751322751392
2025-10-27 14:30:00,25,0.04,0.12,-0.0006497725795971965
2025-10-27 21:00:00,25,0.28,0.0,-0.0016051364365970988
2025-10-27 21:30:00,25,0.0,0.04,0.000803858520900258
2025-10-27 22:00:00,25,0.04,0.0,0.0
2025-10-27 22:30:00,25,0.04,0.0,-0.0006650410108622884
2025-10-27 23:00:00,25,0.0,0.0,0.0
2025-10-27 23:30:00,25,0.0,0.0,0.0
2025-10-28 00:00:00,25,0.0,0.0,0.0
2025-10-28 00:30:00,25,0.0,0.0,0.0
2025-10-28 01:00:00,25,0.0,0.0,0.0
2025-10-28 01:30:00,25,0.0,0.0,0.0
2025-10-28 02:00:00,25,0.0,0.0,0.0
2025-10-28 09:00:00,25,0.04,0.04,-0.0002352387673488776
2025-10-28 09:30:00,25,0.04,0.08,-8.962982880700299e-05
2025-10-28 10:00:00,25,0.0,0.0,0.0
2025-10-28 10:30:00,25,0.16,0.0,-0.002424977265838124
2025-10-28 11:00:00,25,0.0,0.16,0.0018450184501845879
2025-10-28 13:30:00,25,0.08,0.04,-0.0008051529790660261
2025-10-28 14:00:00,25,0.0,0.0,-0.0004327131112072946
2025-10-28 14:30:00,25,0.12,0.0,-0.001208824418253207
2025-10-28 21:00:00,25,0.2,0.2,0.0003647638154296029
2025-10-28 21:30:00,25,0.04,0.08,0.0011789672247111138
2025-10-28 22:00:00,25,0.0,0.08,0.0014156285390714007
2025-10-28 22:30:00,25,0.04,0.0,-0.00036456434560705464
2025-10-28 23:00:00,25,0.0,0.0,0.0
2025-10-28 23:30:00,25,0.0,0.0,0.0
2025-10-29 00:00:00,25,0.0,0.0,0.0
2025-10-29 00:30:00,25,0.0,0.0,0.0
2025-10-29 01:00:00,25,0.0,0.0,0.0
2025-10-29 01:30:00,25,0.0,0.0,0.0
2025-10-29 02:00:00,25,0.0,0.0,0.0
2025-10-29 09:00:00,25,0.08,0.2,0.0003208213025345241
2025-10-29 09:30:00,25,0.04,0.04,-0.00043421623968742384
2025-10-29 10:00:00,25,0.0,0.0,-0.0008926578888640568
2025-10-29 10:30:00,25,0.0,0.0,0.0
2025-10-29 11:00:00,25,0.0,0.0,0.000706880301602153
2025-10-29 13:30:00,25,0.0,0.04,0.001103752759381793
2025-10-29 14:00:00,25,0.0,0.24,0.002694509936005396
2025-10-29 14:30:00,25,0.0,0.04,0.0017245627001725161
2025-10-29 21:00:00,25,0.08,0.08,-0.0009100837277029594
2025-10-29 21:30:00,25,0.0,0.0,0.0003859513701274242
2025-10-29 22:00:00,25,0.0,0.0,0.001228199459592183
2025-10-29 22:30:00,25,0.0,0.0,0.0
2025-10-29 23:00:00,25,0.0,0.0,0.0
2025-10-29 23:30:00,25,0.04,0.0,0.0
2025-10-30 00:00:00,25,0.0,0.0,0.0
2025-10-30 00:30:00,25,0.0,0.0,0.0
2025-10-30 01:00:00,25,0.0,0.0,0.0
2025-10-30 01:30:00,25,0.0,0.0,0.0
2025-10-30 02:00:00,25,0.0,0.0,0.0
2025-10-30 09:00:00,25,0.24,0.0,-0.002476780185758476
2025-10-30 09:30:00,25,0.0,0.0,-8.92060660124816e-05
2025-10-30 10:00:00,25,0.0,0.04,0.0
2025-10-30 10:30:00,25,0.0,0.0,0.0
2025-10-30 11:00:00,25,0.08,0.04,0.0
2025-10-30 13:30:00,25,0.44,0.04,-0.0031731640979147935
2025-10-30 14:00:00,25,0.0,0.0,-0.000917075235441378
2025-10-30 14:30:00,25,0.04,0.04,0.0009483167377903889
2025-10-30 21:00:00,25,0.04,0.04,-0.0009658725048293793
2025-10-30 21:30:00,25,0.0,0.0,0.0
2025-10-30 22:00:00,25,0.0,0.0,0.0
2025-10-30 22:30:00,25,0.0,0.04,0.0007078810759792997
2025-10-30 23:00:00,25,0.0,0.0,0.0
2025-10-30 23:30:00,25,0.0,0.0,0.0
2025-10-31 00:00:00,25,0.0,0.0,0.0
2025-10-31 00:30:00,25,0.0,0.0,0.0
2025-10-31 01:00:00,25,0.0,0.0,0.0
2025-10-31 01:30:00,25,0.0,0.0,0.0
2025-10-31 02:00:00,25,0.0,0.0,0.0
2025-10-31 09:00:00,25,0.0,0.12,0.0019455252918287869
2025-10-31 09:30:00,25,0.0,0.0,0.0002176278563656986
2025-10-31 10:00:00,25,0.0,0.0,0.00036616623947272053
2025-10-31 10:30:00,25,0.04,0.08,-0.00043525571273117514
2025-10-31 11:00:00,25,0.36,0.0,-0.0037429819089207506
2025-10-31 13:30:00,25,0.08,0.08,-0.0003219575016097931
2025-10-31 14:00:00,25,0.04,0.04,0.0
2025-10-31 14:30:00,25,0.08,0.0,0.000302388872089443
2025-10-31 21:00:00,25,0.12,0.2,0.0
2025-10-31 21:30:00,25,0.12,0.0,-0.0020986358866736943
2025-10-31 22:00:00,25,0.2,0.0,-0.0012547051442910462
2025-10-31 22:30:00,25,0.0,0.08,0.0012158054711246535
2025-10-31 23:00:00,25,0.0,0.0,0.0
2025-10-31 23:30:00,25,0.04,0.0,0.0
2025-11-01 00:00:00,25,0.0,0.0,0.0
2025-11-01 00:30:00,25,0.0,0.0,0.0
2025-11-01 01:00:00,25,0.0,0.0,0.0
2025-11-01 01:30:00,25,0.0,0.0,0.0
2025-11-01 02:00:00,25,0.0,0.0,0.0
2025-11-03 09:00:00,25,0.0,0.44,0.003735699276208315
2025-11-03 09:30:00,25,0.0,0.0,-0.0016025641025640969
2025-11-03 10:00:00,25,0.0,0.0,7.004517914044328e-05
2025-11-03 10:30:00,25,0.04,0.04,-0.0007336757153337814
2025-11-03 11:00:00,25,0.04,0.0,-0.0016528925619834212
2025-11-03 13:30:00,25,0.04,0.12,0.0021758050478677404
2025-11-03 14:00:00,25,0.0,0.0,-0.0003245699448231054
2025-11-03 14:30:00,25,0.0,0.0,0.0
2025-11-03 21:00:00,25,0.12,0.04,-0.0010911074740862503
2025-11-03 21:30:00,25,0.04,0.0,-0.00011457378551782416
2025-11-03 22:00:00,25,0.0,0.0,0.00044111160123505577
2025-11-03 22:30:00,25,0.04,0.04,-0.00018208302986166824
2025-11-03 23:00:00,25,0.04,0.0,0.0
2025-11-03 23:30:00,25,0.0,0.0,0.0
2025-11-04 00:00:00,25,0.0,0.0,0.0
2025-11-04 00:30:00,25,0.0,0.0,0.0
2025-11-04 01:00:00,25,0.0,0.0,0.0
2025-11-04 01:30:00,25,0.0,0.0,0.0
2025-11-04 02:00:00,25,0.0,0.0,0.0
2025-11-04 09:00:00,25,0.0,0.12,-0.0003680529996319404
2025-11-04 09:30:00,25,0.08,0.0,-0.0013789933348655747
2025-11-04 10:00:00,25,0.0,0.0,-0.0006450225757901329
2025-11-04 10:30:00,25,0.0,0.0,-0.000660283922086502
2025-11-04 11:00:00,25,0.04,0.04,-0.0008382229673092878
2025-11-04 13:30:00,25,0.2,0.0,-0.002011397921555469
2025-11-04 14:00:00,25,0.04,0.0,-0.0008114305874051819
2025-11-04 14:30:00,25,0.04,0.0,-0.000468164794007464
2025-11-04 21:00:00,25,0.16,0.0,-0.0014776505356483005
2025-11-04 21:30:00,25,0.0,0.0,0.0
2025-11-04 22:00:00,25,0.04,0.0,0.0003365870077414179
2025-11-04 22:30:00,25,0.0,0.0,-0.00023380874444700606
2025-11-04 23:00:00,25,0.0,0.0,0.0
2025-11-04 23:30:00,25,0.0,0.0,0.0
2025-11-05 00:00:00,25,0.0,0.0,0.0
2025-11-05 00:30:00,25,0.0,0.0,0.0
2025-11-05 01:00:00,25,0.0,0.0,0.0
2025-11-05 01:30:00,25,0.0,0.0,0.0
2025-11-05 02:00:00,25,0.0,0.0,0.0
2025-11-05 09:00:00,25,0.4,0.04,-0.003493449781659441
2025-11-05 09:30:00,25,0.0,0.16,0.00110889332446229
2025-11-05 10:00:00,25,0.0,0.0,0.0006607201850017397
2025-11-05 10:30:00,25,0.08,0.0,-0.0004344048653345256
2025-11-05 11:00:00,25,0.0,0.04,0.002466091245376001
2025-11-05 13:30:00,25,0.0,0.12,0.0009225092250921829
2025-11-05 14:00:00,25,0.0,0.0,0.0002454590083456054
2025-11-05 14:30:00,25,0.0,0.04,-0.0009107468123861207
2025-11-05 21:00:00,25,0.04,0.08,0.0011672697560405343
2025-11-05 21:30:00,25,0.0,0.0,0.0
2025-11-05 22:00:00,25,0.0,0.04,-0.0004662004662004948
2025-11-05 22:30:00,25,0.0,0.0,0.0
2025-11-05 23:00:00,25,0.0,0.0,0.0
2025-11-05 23:30:00,25,0.0,0.0,0.0
2025-11-06 00:00:00,25,0.0,0.0,0.0
2025-11-06 00:30:00,25,0.04,0.0,0.0
2025-11-06 01:00:00,25,0.0,0.0,0.0
2025-11-06 01:30:00,25,0.0,0.0,0.0
2025-11-06 02:00:00,25,0.0,0.0,0.0
2025-11-06 09:00:00,25,0.28,0.0,-0.0016694490818029983
2025-11-06 09:30:00,25,0.0,0.0,0.0001770600941959355
2025-11-06 10:00:00,25,0.0,0.0,0.0001750508741602541
2025-11-06 10:30:00,25,0.0,0.36,0.0027573529411764053
2025-11-06 11:00:00,25,0.0,0.0,0.0005648121999435318
2025-11-06 13:30:00,25,0.04,0.2,0.0015055008685582738
2025-11-06 14:00:00,25,0.0,0.12,0.0009411764705882231
2025-11-06 14:30:00,25,0.0,0.08,-0.000307031010132075
2025-11-06 21:00:00,25,0.08,0.04,0.0
2025-11-06 21:30:00,25,0.0,0.0,0.0
2025-11-06 22:00:00,25,0.08,0.0,-0.0006138735420503361
2025-11-06 22:30:00,25,0.0,0.0,-0.00022075055187642523
2025-11-06 23:00:00,25,0.0,0.0,0.0
2025-11-06 23:30:00,25,0.0,0.0,0.0
2025-11-07 00:00:00,25,0.0,0.0,0.0
2025-11-07 00:30:00,25,0.0,0.0,0.0
2025-11-07 01:00:00,25,0.0,0.0,0.0
2025-11-07 01:30:00,25,0.0,0.04,0.0
2025-11-07 02:00:00,25,0.0,0.0,0.0
2025-11-07 09:00:00,25,0.2,0.04,-0.0012853470437017567
2025-11-07 09:30:00,25,0.04,0.08,0.0013328890369876945
2025-11-07 10:00:00,25,0.0,0.0,0.000245579567780041
2025-11-07 10:30:00,25,0.0,0.04,0.00010576787477090122
2025-11-07 11:00:00,25,0.12,0.0,-0.0009976720984369303
2025-11-07 13:30:00,25,0.16,0.08,-0.00011650937900498093
2025-11-07 14:00:00,25,0.0,0.12,0.0009319664492077884
2025-11-07 14:30:00,25,0.0,0.0,0.00023277467411553232
2025-11-07 21:00:00,25,0.08,0.12,0.0
2025-11-07 21:30:00,25,0.16,0.04,-0.0016170016170016233
2025-11-07 22:00:00,25,0.0,0.0,0.00023137436372056008
2025-11-07 22:30:00,25,0.0,0.04,0.0
2025-11-07 23:00:00,25,0.0,0.0,0.0
2025-11-07 23:30:00,25,0.0,0.0,0.0
2025-11-08 00:00:00,25,0.0,0.0,0.0
2025-11-08 00:30:00,25,0.0,0.0,0.0
2025-11-08 01:00:00,25,0.0,0.0,0.0
2025-11-08 01:30:00,25,0.0,0.0,0.0
2025-11-08 02:00:00,25,0.0,0.0,0.0
2025-11-10 09:00:00,25,0.16,0.44,0.002792181890705958
2025-11-10 09:30:00,25,0.12,0.0,-0.0019212295869356355
2025-11-10 10:00:00,25,0.04,0.04,-0.0002210433244915766
2025-11-10 10:30:00,25,0.0,0.08,0.0014787430683917968
2025-11-10 11:00:00,25,0.0,0.2,0.0013192612137202797
2025-11-10 13:30:00,25,0.0,0.08,0.0009272137227631649
2025-11-10 14:00:00,25,0.0,0.08,0.001231148045552466
2025-11-10 14:30:00,25,0.04,0.0,-0.0004757373929591413
2025-11-10 21:00:00,25,0.0,0.12,0.0
2025-11-10 21:30:00,25,0.08,0.04,-0.0003076923076923421
2025-11-10 22:00:00,25,0.0,0.0,0.0
2025-11-10 22:30:00,25,0.04,0.0,0.0
2025-11-10 23:00:00,25,0.0,0.0,0.0
2025-11-10 23:30:00,25,0.0,0.0,0.0
2025-11-11 00:00:00,25,0.0,0.0,0.0
2025-11-11 00:30:00,25,0.0,0.0,0.0
2025-11-11 01:00:00,25,0.0,0.0,0.0
2025-11-11 01:30:00,25,0.0,0.0,0.0
2025-11-11 02:00:00,25,0.0,0.0,0.0
2025-11-11 09:00:00,25,0.0,0.12,0.0013097576948264411
2025-11-11 09:30:00,25,0.0,0.0,-0.0004846135207172697
2025-11-11 10:00:00,25,0.0,0.08,0.0009696969696970648
2025-11-11 10:30:00,25,0.28,0.0,-0.0019444444444444153
2025-11-11 11:00:00,25,0.0,0.08,0.0009393264681325508
2025-11-11 13:30:00,25,0.04,0.0,-0.0008203445447088065
2025-11-11 14:00:00,25,0.04,0.04,0.0
2025-11-11 14:30:00,25,0.12,0.0,-0.0017463757443136885
2025-11-11 21:00:00,25,0.04,0.28,0.003116703220593431
2025-11-11 21:30:00,25,0.0,0.04,0.0006131207847945852
2025-11-11 22:00:00,25,0.0,0.0,-0.0009425070688030557
2025-11-11 22:30:00,25,0.0,0.0,0.00044150110375285045
2025-11-11 23:00:00,25,0.0,0.0,0.0
2025-11-11 23:30:00,25,0.0,0.0,0.0
2025-11-12 00:00:00,25,0.0,0.04,0.0
2025-11-12 00:30:00,25,0.0,0.0,0.0
2025-11-12 01:00:00,25,0.0,0.0,0.0
2025-11-12 01:30:00,25,0.0,0.0,0.0
2025-11-12 02:00:00,25,0.0,0.0,0.0
2025-11-12 09:00:00,25,0.04,0.04,-0.0011499540018399257
2025-11-12 09:30:00,25,0.0,0.08,0.000987166831194486
2025-11-12 10:00:00,25,0.0,0.0,0.0002282062984937383
2025-11-12 10:30:00,25,0.2,0.0,-0.002590673575129543
2025-11-12 11:00:00,25,0.04,0.0,0.0
2025-11-12 13:30:00,25,0.04,0.08,0.0012279983626688473
2025-11-12 14:00:00,25,0.0,0.04,0.0
2025-11-12 14:30:00,25,0.0,0.08,0.0004103405826836326
2025-11-12 21:00:00,25,0.32,0.12,-0.0019305019305019266
2025-11-12 21:30:00,25,0.0,0.16,0.0013131976362441566
2025-11-12 22:00:00,25,0.04,0.04,-0.0006550933508024936
2025-11-12 22:30:00,25,0.04,0.04,-0.00032992411745302874
2025-11-12 23:00:00,25,0.0,0.04,0.0
2025-11-12 23:30:00,25,0.0,0.0,0.0
2025-11-13 00:00:00,25,0.0,0.0,0.0
2025-11-13 00:30:00,25,0.0,0.04,0.0
2025-11-13 01:00:00,25,0.0,0.0,0.0
2025-11-13 01:30:00,25,0.0,0.0,0.0
2025-11-13 02:00:00,25,0.0,0.0,0.0
2025-11-13 09:00:00,25,0.16,0.12,-0.00045892611289577445
2025-11-13 09:30:00,25,0.0,0.04,0.0012097447021524044
2025-11-13 10:00:00,25,0.0,0.0,0.0007415647015203142
2025-11-13 10:30:00,25,0.0,0.16,0.0008912655971480277
2025-11-13 11:00:00,25,0.0,0.04,0.0012083131947799863
2025-11-13 13:30:00,25,0.0,0.12,0.0013127666557268824
2025-11-13 14:00:00,25,0.0,0.0,-0.000686555985520032
2025-11-13 14:30:00,25,0.08,0.04,0.0004399472063352228
2025-11-13 21:00:00,25,0.16,0.08,-0.0004118616144975773
2025-11-13 21:30:00,25,0.0,0.08,0.0
2025-11-13 22:00:00,25,0.04,0.04,-0.00018188432157151269
2025-11-13 22:30:00,25,0.04,0.0,-0.0008478168715557732
2025-11-13 23:00:00,25,0.0,0.0,0.0
2025-11-13 23:30:00,25,0.0,0.0,0.0
2025-11-14 00:00:00,25,0.0,0.0,0.0
2025-11-14 00:30:00,25,0.0,0.0,0.0
2025-11-14 01:00:00,25,0.0,0.0,0.0
2025-11-14 01:30:00,25,0.0,0.0,0.0
2025-11-14 02:00:00,25,0.0,0.0,0.0
2025-11-14 09:00:00,25,0.32,0.04,-0.0038184132371659185
2025-11-14 09:30:00,25,0.08,0.12,0.0020519835841312783
2025-11-14 10:00:00,25,0.08,0.0,-0.0008873114463177068
2025-11-14 10:30:00,25,0.08,0.0,-0.0015927189988623747
2025-11-14 11:00:00,25,0.0,0.0,-0.0001820167455406363
2025-11-14 13:30:00,25,0.04,0.0,-0.0003232062055591456
2025-11-14 14:00:00,25,0.0,0.04,0.0007429420505200568
2025-11-14 14:30:00,25,0.16,0.0,-0.0015416238437820917
2025-11-14 21:00:00,25,0.28,0.08,0.0
2025-11-14 21:30:00,25,0.08,0.0,-0.0006594131223210953
2025-11-14 22:00:00,25,0.12,0.0,-0.0003079765937789025
2025-11-14 22:30:00,25,0.0,0.16,0.001971090670170872
2025-11-14 23:00:00,25,0.0,0.0,0.0
2025-11-14 23:30:00,25,0.0,0.0,0.0
2025-11-15 00:00:00,25,0.0,0.0,0.0
2025-11-15 00:30:00,25,0.0,0.0,0.0
2025-11-15 01:00:00,25,0.0,0.0,0.0
2025-11-15 01:30:00,25,0.0,0.0,0.0
2025-11-15 02:00:00,25,0.0,0.0,0.0
2025-11-17 09:00:00,25,0.16,0.2,-0.0008075680664513252
2025-11-17 09:30:00,25,0.0,0.0,-0.000731261425959806
2025-11-17 10:00:00,25,0.04,0.0,-0.00032478077297826147
2025-11-17 10:30:00,25,0.0,0.12,0.0010405827263266776
2025-11-17 11:00:00,25,0.04,0.08,0.0
2025-11-17 13:30:00,25,0.0,0.2,0.0017083066410421566
2025-11-17 14:00:00,25,0.0,0.0,0.0
2025-11-17 14:30:00,25,0.0,0.0,-0.0005163333448073848
2025-11-17 21:00:00,25,0.2,0.04,0.0
2025-11-17 21:30:00,25,0.04,0.0,-0.00044632894443208393
2025-11-17 22:00:00,25,0.0,0.0,-0.0008143322475570036
2025-11-17 22:30:00,25,0.04,0.0,0.0006702412868633267
2025-11-17 23:00:00,25,0.0,0.0,0.0
2025-11-17 23:30:00,25,0.0,0.0,0.0
2025-11-18 00:00:00,25,0.0,0.0,0.0
2025-11-18 00:30:00,25,0.0,0.0,0.0
2025-11-18 01:00:00,25,0.0,0.0,0.0
2025-11-18 01:30:00,25,0.0,0.0,0.0
2025-11-18 02:00:00,25,0.0,0.0,0.0
2025-11-18 09:00:00,25,0.24,0.08,-0.001952489424015602
2025-11-18 09:30:00,25,0.2,0.0,-0.0017167381974249052
2025-11-18 10:00:00,25,0.0,0.04,0.0008561643835616195
2025-11-18 10:30:00,25,0.0,0.0,-0.0009135200974421664
2025-11-18 11:00:00,25,0.0,0.0,-0.0007607981464190505
2025-11-18 13:30:00,25,0.0,0.0,0.0
2025-11-18 14:00:00,25,0.0,0.04,0.0003288391976323801
2025-11-18 14:30:00,25,0.0,0.0,0.0
2025-11-18 21:00:00,25,0.04,0.32,0.0017130620985010836
2025-11-18 21:30:00,25,0.0,0.0,-0.00032467532467528315
2025-11-18 22:00:00,25,0.0,0.0,0.0
2025-11-18 22:30:00,25,0.04,0.0,-0.0012176560121766045
2025-11-18 23:00:00,25,0.0,0.0,0.0
2025-11-18 23:30:00,25,0.0,0.0,0.0
2025-11-19 00:00:00,25,0.0,0.0,0.0
2025-11-19 00:30:00,25,0.0,0.0,0.0
2025-11-19 01:00:00,25,0.0,0.0,0.0
2025-11-19 01:30:00,25,0.0,0.0,0.0
2025-11-19 02:00:00,25,0.0,0.0,0.0
2025-11-19 09:00:00,25,0.08,0.12,0.0015900912210227158
2025-11-19 09:30:00,25,0.08,0.08,-0.0004300150505268663
2025-11-19 10:00:00,25,0.04,0.0,0.00030851501439732587
2025-11-19 10:30:00,25,0.0,0.16,0.002193207909255923
2025-11-19 11:00:00,25,0.04,0.0,-0.0012586532410321372
2025-11-19 13:30:00,25,0.04,0.16,0.0008598452278589797
2025-11-19 14:00:00,25,0.0,0.08,0.0
2025-11-19 14:30:00,25,0.16,0.0,-0.0010752688172043223
2025-11-19 21:00:00,25,0.2,0.08,0.0
2025-11-19 21:30:00,25,0.0,0.0,0.0
2025-11-19 22:00:00,25,0.0,0.0,-0.000223015165031204
2025-11-19 22:30:00,25,0.0,0.0,-0.0006622516556291647
2025-11-19 23:00:00,25,0.0,0.0,0.0
2025-11-19 23:30:00,25,0.0,0.0,0.0
2025-11-20 00:00:00,25,0.04,0.0,0.0
2025-11-20 00:30:00,25,0.0,0.0,0.0
2025-11-20 01:00:00,25,0.0,0.0,0.0
2025-11-20 01:30:00,25,0.0,0.0,0.0
2025-11-20 02:00:00,25,0.0,0.0,0.0
2025-11-20 09:00:00,25,0.2,0.08,0.00032701111837796226
2025-11-20 09:30:00,25,0.12,0.08,-0.0008879478159898868
2025-11-20 10:00:00,25,0.04,0.0,-0.00046253469010171244
2025-11-20 10:30:00,25,0.2,0.0,-0.0020838156980782507
2025-11-20 11:00:00,25,0.0,0.32,0.0021810250817884125
2025-11-20 13:30:00,25,0.12,0.0,-0.002458210422812246
2025-11-20 14:00:00,25,0.0,0.0,-0.00043830813061584983
2025-11-20 14:30:00,25,0.0,0.0,-0.000655307994757548
2025-11-20 21:00:00,25,0.0,0.32,0.0023223409196471145
2025-11-20 21:30:00,25,0.04,0.04,0.0008100914246036428
2025-11-20 22:00:00,25,0.0,0.0,-0.0006821747731768912
2025-11-20 22:30:00,25,0.0,0.04,0.0006337135614702394
2025-11-20 23:00:00,25,0.0,0.0,0.0
2025-11-20 23:30:00,25,0.0,0.0,0.0
2025-11-21 00:00:00,25,0.04,0.0,0.0
2025-11-21 00:30:00,25,0.0,0.0,0.0
2025-11-21 01:00:00,25,0.0,0.0,0.0
2025-11-21 01:30:00,25,0.0,0.0,0.0
2025-11-21 02:00:00,25,0.0,0.0,0.0
2025-11-21 09:00:00,25,0.4,0.0,-0.0037735849056603765
2025-11-21 09:30:00,25,0.04,0.04,-0.0003315649867373649
2025-11-21 10:00:00,25,0.0,0.0,-0.0007461294534601981
2025-11-21 10:30:00,25,0.04,0.08,0.0
2025-11-21 11:00:00,25,0.0,0.04,0.00033145508783549715
2025-11-21 13:30:00,25,0.0,0.08,0.0011813475954207675
2025-11-21 14:00:00,25,0.04,0.08,-0.0008525149190110604
2025-11-21 14:30:00,25,0.08,0.0,-0.0011163206072783982
2025-11-21 21:00:00,25,0.12,0.12,-0.0006365372374284028
2025-11-21 21:30:00,25,0.04,0.0,0.0
2025-11-21 22:00:00,25,0.0,0.08,0.0
2025-11-21 22:30:00,25,0.0,0.0,-0.00043066322136087187
2025-11-21 23:00:00,25,0.0,0.0,0.0
2025-11-21 23:30:00,25,0.0,0.0,0.0
2025-11-22 00:00:00,25,0.0,0.0,0.0
2025-11-22 00:30:00,25,0.0,0.08,0.0
2025-11-22 01:00:00,25,0.0,0.0,0.0
2025-11-22 01:30:00,25,0.0,0.0,0.0
2025-11-22 02:00:00,25,0.0,0.0,0.0
2025-11-24 09:00:00,25,0.0,0.48,0.004288164665523064
2025-11-24 09:30:00,25,0.04,0.0,-0.0017079419299743659
2025-11-24 10:00:00,25,0.0,0.0,0.0
2025-11-24 10:30:00,25,0.0,0.08,0.0008986744551786607
2025-11-24 11:00:00,25,0.0,0.0,0.0006699419383653371
2025-11-24 13:30:00,25,0.0,0.12,0.001361779391738649
2025-11-24 14:00:00,25,0.0,0.04,0.0004512635379061436
2025-11-24 14:30:00,25,0.2,0.0,-0.0034071550255536653
2025-11-24 21:00:00,25,0.04,0.04,0.0
2025-11-24 21:30:00,25,0.0,0.0,0.0003237293622531112
2025-11-24 22:00:00,25,0.0,0.0,-0.00023696682464457997
2025-11-24 22:30:00,25,0.0,0.0,0.0007444630560209387
2025-11-24 23:00:00,25,0.0,0.0,0.0
2025-11-24 23:30:00,25,0.0,0.0,0.0
2025-11-25 00:00:00,25,0.0,0.0,0.0
2025-11-25 00:30:00,25,0.0,0.0,0.0
2025-11-25 01:00:00,25,0.0,0.0,0.0
2025-11-25 01:30:00,25,0.0,0.0,0.0
2025-11-25 02:00:00,25,0.0,0.0,0.0
2025-11-25 09:00:00,25,0.04,0.16,0.0009823182711199419
2025-11-25 09:30:00,25,0.0,0.04,0.001714845663890241
2025-11-25 10:00:00,25,0.0,0.04,-0.0002225189141076278
2025-11-25 10:30:00,25,0.0,0.0,0.0006269592476488839
2025-11-25 11:00:00,25,0.0,0.0,0.0007439469768699691
2025-11-25 13:30:00,25,0.08,0.04,-0.0006036824630244464
2025-11-25 14:00:00,25,0.0,0.0,-0.0015600624024960652
2025-11-25 14:30:00,25,0.04,0.0,-0.00023238127429447974
2025-11-25 21:00:00,25,0.12,0.08,0.0
2025-11-25 21:30:00,25,0.08,0.0,-0.0009606147934678733
2025-11-25 22:00:00,25,0.0,0.0,-0.0009842519685039353
2025-11-25 22:30:00,25,0.0,0.0,-0.0016317016317016764
2025-11-25 23:00:00,25,0.0,0.0,0.0
2025-11-25 23:30:00,25,0.0,0.0,0.0
2025-11-26 00:00:00,25,0.0,0.0,0.0
2025-11-26 00:30:00,25,0.0,0.0,0.0
2025-11-26 01:00:00,25,0.0,0.0,0.0
2025-11-26 01:30:00,25,0.0,0.0,0.0
2025-11-26 02:00:00,25,0.0,0.0,0.0
2025-11-26 09:00:00,25,0.0,0.28,0.002779386218876745
2025-11-26 09:30:00,25,0.0,0.0,0.0006067961165048263
2025-11-26 10:00:00,25,0.08,0.0,0.0
2025-11-26 10:30:00,25,0.0,0.04,-0.0002460629921260393
2025-11-26 11:00:00,25,0.0,0.16,0.0009334889148191472
2025-11-26 13:30:00,25,0.04,0.0,0.0
2025-11-26 14:00:00,25,0.0,0.0,0.0006186204763378722
2025-11-26 14:30:00,25,0.0,0.0,-0.0006986492780624021
2025-11-26 21:00:00,25,0.12,0.16,0.0
2025-11-26 21:30:00,25,0.0,0.04,0.0009107468123861207
2025-11-26 22:00:00,25,0.08,0.0,-0.0008936550491510653
2025-11-26 22:30:00,25,0.04,0.0,-0.0006576783952647602
2025-11-26 23:00:00,25,0.0,0.0,0.0
2025-11-26 23:30:00,25,0.0,0.0,0.0
2025-11-27 00:00:00,25,0.0,0.0,0.0
2025-11-27 00:30:00,25,0.0,0.04,0.0
2025-11-27 01:00:00,25,0.0,0.0,0.0
2025-11-27 01:30:00,25,0.0,0.0,0.0
2025-11-27 02:00:00,25,0.0,0.0,0.0
2025-11-27 09:00:00,25,0.04,0.16,0.0
2025-11-27 09:30:00,25,0.0,0.16,0.0019486846378693468
2025-11-27 10:00:00,25,0.0,0.04,0.0009861932938854956
2025-11-27 10:30:00,25,0.12,0.04,-0.0004458314757022075
2025-11-27 11:00:00,25,0.04,0.0,-0.00024330900243307862
2025-11-27 13:30:00,25,0.0,0.04,0.0003237293622531112
2025-11-27 14:00:00,25,0.0,0.04,0.0006544502617800152
2025-11-27 14:30:00,25,0.04,0.0,-0.00044563279857401383
2025-11-27 21:00:00,25,0.24,0.12,0.0
2025-11-27 21:30:00,25,0.04,0.12,0.0
2025-11-27 22:00:00,25,0.04,0.0,0.0006714413607877834
2025-11-27 22:30:00,25,0.0,0.0,0.0
2025-11-27 23:00:00,25,0.0,0.0,0.0
2025-11-27 23:30:00,25,0.0,0.0,0.0
2025-11-28 00:00:00,25,0.0,0.0,0.0
2025-11-28 00:30:00,25,0.0,0.0,0.0
2025-11-28 01:00:00,25,0.0,0.0,0.0
2025-11-28 01:30:00,25,0.0,0.0,0.0
2025-11-28 02:00:00,25,0.0,0.0,0.0
2025-11-28 09:00:00,25,0.04,0.12,0.0003040437823047526
2025-11-28 09:30:00,25,0.04,0.0,-0.0002218278615794267
2025-11-28 10:00:00,25,0.0,0.04,0.0006878367534104424
2025-11-28 10:30:00,25,0.0,0.0,0.0006645990252547307
2025-11-28 11:00:00,25,0.04,0.08,0.0010928961748633004
2025-11-28 13:30:00,25,0.0,0.0,-0.00046882325363339916
2025-11-28 14:00:00,25,0.0,0.04,0.0006435006435006052
2025-11-28 14:30:00,25,0.0,0.0,0.0
2025-11-28 21:00:00,25,0.24,0.04,-0.0009259259259258856
2025-11-28 21:30:00,25,0.08,0.08,0.00032226877215602023
2025-11-28 22:00:00,25,0.04,0.16,0.00042571306939120923
2025-11-28 22:30:00,25,0.0,0.2,0.0010905125408942062
2025-11-28 23:00:00,25,0.0,0.0,0.0
2025-11-28 23:30:00,25,0.0,0.0,0.0
2025-11-29 00:00:00,25,0.0,0.0,0.0
2025-11-29 00:30:00,25,0.0,0.0,0.0
2025-11-29 01:00:00,25,0.0,0.0,0.0
2025-11-29 01:30:00,25,0.0,0.0,0.0
2025-11-29 02:00:00,25,0.0,0.0,0.0
2025-12-01 09:00:00,25,0.16,0.44,0.0022407170294493906
2025-12-01 09:30:00,25,0.0,0.32,0.0018181818181817189
2025-12-01 10:00:00,25,0.08,0.04,-0.0005425935973955021
2025-12-01 10:30:00,25,0.0,0.0,0.0005428881650380024
2025-12-01 11:00:00,25,0.0,0.0,0.0
2025-12-01 13:30:00,25,0.08,0.0,-0.0012030075187969835
2025-12-01 14:00:00,25,0.0,0.0,0.0
2025-12-01 14:30:00,25,0.0,0.04,0.0013434841021047195
2025-12-01 21:00:00,25,0.16,0.2,0.0
2025-12-01 21:30:00,25,0.0,0.0,-0.00030057108506165164
2025-12-01 22:00:00,25,0.0,0.04,0.0
2025-12-01 22:30:00,25,0.0,0.04,0.0
2025-12-01 23:00:00,25,0.0,0.0,0.0
2025-12-01 23:30:00,25,0.0,0.0,0.0
2025-12-02 00:00:00,25,0.0,0.04,0.0
2025-12-02 00:30:00,25,0.0,0.0,0.0
2025-12-02 01:00:00,25,0.0,0.0,0.0
2025-12-02 01:30:00,25,0.0,0.0,0.0
2025-12-02 02:00:00,25,0.0,0.0,0.0
2025-12-02 09:00:00,25,0.24,0.04,-0.0013192612137202797
2025-12-02 09:30:00,25,0.0,0.0,0.0006591957811470373
2025-12-02 10:00:00,25,0.0,0.0,-0.00016655562958023395
2025-12-02 10:30:00,25,0.04,0.12,0.0005482456140351033
2025-12-02 11:00:00,25,0.08,0.0,-0.0016080863772111043
2025-12-02 13:30:00,25,0.04,0.0,0.00033298647242463453
2025-12-02 14:00:00,25,0.04,0.04,0.00036231884057968955
2025-12-02 14:30:00,25,0.0,0.0,0.0009182736455464191
2025-12-02 21:00:00,25,0.36,0.04,-0.0027615833077631047
2025-12-02 21:30:00,25,0.0,0.0,0.0
2025-12-02 22:00:00,25,0.0,0.04,0.0008884940026656629
2025-12-02 22:30:00,25,0.04,0.0,0.0
2025-12-02 23:00:00,25,0.08,0.04,0.0
2025-12-02 23:30:00,25,0.0,0.0,0.0
2025-12-03 00:00:00,25,0.0,0.0,0.0
2025-12-03 00:30:00,25,0.0,0.0,0.0
2025-12-03 01:00:00,25,0.0,0.0,0.0
2025-12-03 01:30:00,25,0.0,0.0,0.0
2025-12-03 02:00:00,25,0.0,0.0,0.0
2025-12-03 09:00:00,25,0.0,0.2,0.0021865889212828726
2025-12-03 09:30:00,25,0.0,0.0,-0.00021992522542335635
2025-12-03 10:00:00,25,0.0,0.0,0.0
2025-12-03 10:30:00,25,0.0,0.04,0.0003294892915979286
2025-12-03 11:00:00,25,0.0,0.0,0.0
2025-12-03 13:30:00,25,0.08,0.0,-0.00042247570764686326
2025-12-03 14:00:00,25,0.28,0.0,-0.0007446016381236209
2025-12-03 14:30:00,25,0.0,0.08,0.000985869208018464
2025-12-03 21:00:00,25,0.28,0.2,-0.0006591957811470373
2025-12-03 21:30:00,25,0.04,0.04,0.0006305170239595537
2025-12-03 22:00:00,25,0.04,0.0,-0.0009393199323689538
2025-12-03 22:30:00,25,0.0,0.0,0.0
2025-12-03 23:00:00,25,0.0,0.0,0.0
2025-12-03 23:30:00,25,0.0,0.0,0.0
2025-12-04 00:00:00,25,0.0,0.0,0.0
2025-12-04 00:30:00,25,0.0,0.0,0.0
2025-12-04 01:00:00,25,0.0,0.0,0.0
2025-12-04 01:30:00,25,0.0,0.0,0.0
2025-12-04 02:00:00,25,0.0,0.0,0.0
2025-12-04 09:00:00,25,0.0,0.08,0.00044355732978496043
2025-12-04 09:30:00,25,0.0,0.0,7.289692374978785e-05
2025-12-04 10:00:00,25,0.0,0.04,-0.000848896434634927
2025-12-04 10:30:00,25,0.04,0.04,0.0
2025-12-04 11:00:00,25,0.0,0.04,0.0
2025-12-04 13:30:00,25,0.12,0.04,-0.0009025270758122872
2025-12-04 14:00:00,25,0.0,0.16,0.0016627868307284022
2025-12-04 14:30:00,25,0.0,0.0,0.000947418285172974
2025-12-04 21:00:00,25,0.0,0.12,0.00023078698361422845
2025-12-04 21:30:00,25,0.0,0.04,0.0001674831470082072
2025-12-04 22:00:00,25,0.08,0.0,-0.00035360678925033806
2025-12-04 22:30:00,25,0.0,0.0,-0.00035373187124154715
2025-12-04 23:00:00,25,0.0,0.04,0.0
2025-12-04 23:30:00,25,0.0,0.0,0.0
2025-12-05 00:00:00,25,0.0,0.0,0.0
2025-12-05 00:30:00,25,0.0,0.0,0.0
2025-12-05 01:00:00,25,0.0,0.0,0.0
2025-12-05 01:30:00,25,0.0,0.0,0.0
2025-12-05 02:00:00,25,0.0,0.0,0.0
2025-12-05 09:00:00,25,0.08,0.08,-0.0006002400960384291
2025-12-05 09:30:00,25,0.08,0.04,-0.0006637902422834685
2025-12-05 10:00:00,25,0.0,0.0,-0.0007072135785006761
2025-12-05 10:30:00,25,0.08,0.12,-0.0006016847172082285
2025-12-05 11:00:00,25,0.04,0.0,-0.00043478260869567187
2025-12-05 13:30:00,25,0.0,0.04,0.001727488663355592
2025-12-05 14:00:00,25,0.12,0.0,-0.001274697259400881
2025-12-05 14:30:00,25,0.0,0.04,-0.0006020469596628164
2025-12-05 21:00:00,25,0.12,0.12,0.0
2025-12-05 21:30:00,25,0.12,0.0,-0.0019295706705257931
2025-12-05 22:00:00,25,0.0,0.0,0.0
2025-12-05 22:30:00,25,0.04,0.08,0.000227583067819781
2025-12-05 23:00:00,25,0.0,0.0,0.0
2025-12-05 23:30:00,25,0.0,0.0,0.0
2025-12-06 00:00:00,25,0.04,0.0,0.0
2025-12-06 00:30:00,25,0.0,0.0,0.0
2025-12-06 01:00:00,25,0.0,0.0,0.0
2025-12-06 01:30:00,25,0.0,0.0,0.0
2025-12-06 02:00:00,25,0.0,0.0,0.0
2025-12-08 09:00:00,25,0.28,0.08,-0.0016688918558077637
2025-12-08 09:30:00,25,0.08,0.0,-0.0015154795410261546
2025-12-08 10:00:00,25,0.0,0.0,-2.093407858649865e-05
2025-12-08 10:30:00,25,0.0,0.0,0.0004580852038478245
2025-12-08 11:00:00,25,0.0,0.04,0.00045745654162865357
2025-12-08 13:30:00,25,0.0,0.04,0.0007275372862858287
2025-12-08 14:00:00,25,0.0,0.08,0.0007270083605961375
2025-12-08 14:30:00,25,0.04,0.0,-0.000436871996504995
2025-12-08 21:00:00,25,0.36,0.0,-0.0038651492377066443
2025-12-08 21:30:00,25,0.04,0.0,-0.0007486430844094727
2025-12-08 22:00:00,25,0.0,0.0,-0.00024875621890552146
2025-12-08 22:30:00,25,0.04,0.0,-0.0003631082062454105
2025-12-08 23:00:00,25,0.0,0.0,0.0
2025-12-08 23:30:00,25,0.0,0.0,0.0
2025-12-09 00:00:00,25,0.0,0.0,0.0
2025-12-09 00:30:00,25,0.0,0.0,0.0
2025-12-09 01:00:00,25,0.0,0.0,0.0
2025-12-09 01:30:00,25,0.0,0.0,0.0
2025-12-09 02:00:00,25,0.0,0.0,0.0
2025-12-09 09:00:00,25,0.2,0.04,-0.0007264802034144813
2025-12-09 09:30:00,25,0.0,0.0,-0.0004318721658389535
2025-12-09 10:00:00,25,0.0,0.0,-0.0006648936170212671
2025-12-09 10:30:00,25,0.08,0.0,-0.000614062020264039
2025-12-09 11:00:00,25,0.04,0.04,0.00021649707728954581
2025-12-09 13:30:00,25,0.24,0.0,-0.0007478033277248386
2025-12-09 14:00:00,25,0.04,0.04,0.0
2025-12-09 14:30:00,25,0.0,0.0,0.0006469700237221598
2025-12-09 21:00:00,25,0.12,0.2,0.0
2025-12-09 21:30:00,25,0.0,0.0,-0.000982961992136322
2025-12-09 22:00:00,25,0.04,0.0,0.0
2025-12-09 22:30:00,25,0.0,0.0,0.0006148170919151319
2025-12-09 23:00:00,25,0.0,0.0,0.0
2025-12-09 23:30:00,25,0.0,0.0,0.0
2025-12-10 00:00:00,25,0.0,0.0,0.0
2025-12-10 00:30:00,25,0.0,0.0,0.0
2025-12-10 01:00:00,25,0.0,0.0,0.0
2025-12-10 01:30:00,25,0.0,0.0,0.0
2025-12-10 02:00:00,25,0.0,0.0,0.0
2025-12-10 09:00:00,25,0.04,0.24,0.0018050541516245744
2025-12-10 09:30:00,25,0.04,0.0,0.0
2025-12-10 10:00:00,25,0.04,0.0,-0.0006516072980017329
2025-12-10 10:30:00,25,0.0,0.32,0.0026881720430107503
2025-12-10 11:00:00,25,0.0,0.0,-0.0006038647342995196
2025-12-10 13:30:00,25,0.04,0.16,0.0009057971014492239
2025-12-10 14:00:00,25,0.04,0.0,-0.00031928480204346243
2025-12-10 14:30:00,25,0.16,0.0,-0.001248699271592102
2025-12-10 21:00:00,25,0.08,0.24,0.0
2025-12-10 21:30:00,25,0.0,0.08,0.0
2025-12-10 22:00:00,25,0.08,0.0,-0.0009033423667570428
2025-12-10 22:30:00,25,0.0,0.0,-0.00022722108611683556
2025-12-10 23:00:00,25,0.0,0.0,0.0
2025-12-10 23:30:00,25,0.0,0.0,0.0
2025-12-11 00:00:00,25,0.0,0.0,0.0
2025-12-11 00:30:00,25,0.0,0.04,0.0
2025-12-11 01:00:00,25,0.0,0.0,0.0
2025-12-11 01:30:00,25,0.0,0.0,0.0
2025-12-11 02:00:00,25,0.0,0.0,0.0
2025-12-11 09:00:00,25,0.08,0.32,0.0015214083894805608
2025-12-11 09:30:00,25,0.0,0.08,0.0010768899418478473
2025-12-11 10:00:00,25,0.0,0.0,-0.0002169197396962863
2025-12-11 10:30:00,25,0.0,0.04,0.00032776138970835866
2025-12-11 11:00:00,25,0.12,0.0,-0.002272235446872939
2025-12-11 13:30:00,25,0.16,0.0,-0.001339285714285765
2025-12-11 14:00:00,25,0.0,0.04,0.00019116803670415905
2025-12-11 14:30:00,25,0.16,0.0,0.0
2025-12-11 21:00:00,25,0.16,0.2,0.0
2025-12-11 21:30:00,25,0.0,0.04,0.0
2025-12-11 22:00:00,25,0.0,0.0,0.0004518752824220762
2025-12-11 22:30:00,25,0.04,0.0,-0.0003615328994938105
2025-12-11 23:00:00,25,0.0,0.0,0.0
2025-12-11 23:30:00,25,0.0,0.0,0.0
2025-12-12 00:00:00,25,0.0,0.0,0.0
2025-12-12 00:30:00,25,0.0,0.0,0.0
2025-12-12 01:00:00,25,0.0,0.0,0.0
2025-12-12 01:30:00,25,0.0,0.0,0.0
2025-12-12 02:00:00,25,0.0,0.0,0.0
2025-12-12 09:00:00,25,0.04,0.16,0.0017205123303383196
2025-12-12 09:30:00,25,0.0,0.0,0.0010838150289016468
2025-12-12 10:00:00,25,0.0,0.0,0.0009285051067779992
2025-12-12 10:30:00,25,0.08,0.04,-0.002286087524493774
2025-12-12 11:00:00,25,0.04,0.0,-0.0009057971014492239
2025-12-12 13:30:00,25,0.0,0.0,-0.00043290043290045155
2025-12-12 14:00:00,25,0.0,0.04,0.0003093102381688251
2025-12-12 14:30:00,25,0.16,0.0,-0.0021626297577854725
2025-12-12 21:00:00,25,0.04,0.16,0.0
2025-12-12 21:30:00,25,0.0,0.04,0.000654664484451617
2025-12-12 22:00:00,25,0.0,0.12,0.0017921146953405742
2025-12-12 22:30:00,25,0.04,0.0,-0.000654664484451728
2025-12-12 23:00:00,25,0.24,0.0,0.0
2025-12-12 23:30:00,25,0.08,0.0,0.0
2025-12-13 00:00:00,25,0.0,0.0,0.0
2025-12-13 00:30:00,25,0.0,0.0,0.0
2025-12-13 01:00:00,25,0.0,0.0,0.0
2025-12-13 01:30:00,25,0.0,0.0,0.0
2025-12-13 02:00:00,25,0.0,0.0,0.0
2025-12-15 09:00:00,25,0.04,0.04,0.0025974025974024872
2025-12-15 09:30:00,25,0.04,0.0,-0.00021390374331553552
2025-12-15 10:00:00,25,0.0,0.0,0.0
2025-12-15 10:30:00,25,0.0,0.04,0.0009270704573547395
2025-12-15 11:00:00,25,0.0,0.12,0.000888888888888939
2025-12-15 13:30:00,25,0.08,0.0,-0.0012974375608173494
2025-12-15 14:00:00,25,0.0,0.04,0.0
2025-12-15 14:30:00,25,0.08,0.04,-0.0006182380216382954
2025-12-15 21:00:00,25,0.08,0.2,0.0008976660682227244
2025-12-15 21:30:00,25,0.04,0.0,-0.0017523483505510473
2025-12-15 22:00:00,25,0.04,0.0,0.0
2025-12-15 22:30:00,25,0.0,0.04,-0.0009756097560975618
2025-12-15 23:00:00,25,0.0,0.0,0.0
2025-12-15 23:30:00,25,0.0,0.0,0.0
2025-12-16 00:00:00,25,0.0,0.0,0.0
2025-12-16 00:30:00,25,0.0,0.0,0.0
2025-12-16 01:00:00,25,0.0,0.0,0.0
2025-12-16 01:30:00,25,0.0,0.0,0.0
2025-12-16 02:00:00,25,0.0,0.0,0.0
2025-12-16 09:00:00,25,0.04,0.04,0.0002324500232451232
2025-12-16 09:30:00,25,0.12,0.0,-0.0019770660340054924
2025-12-16 10:00:00,25,0.0,0.0,0.0008628127696290733
2025-12-16 10:30:00,25,0.0,0.16,0.0006591957811470373
2025-12-16 11:00:00,25,0.0,0.0,0.0
2025-12-16 13:30:00,25,0.08,0.04,-0.0015257192676547682
2025-12-16 14:00:00,25,0.0,0.0,0.0011684973124561626
2025-12-16 14:30:00,25,0.0,0.04,0.0013935894883536637
2025-12-16 21:00:00,25,0.2,0.04,0.00030807147258160583
2025-12-16 21:30:00,25,0.0,0.0,-0.0007789678675754752
2025-12-16 22:00:00,25,0.0,0.0,0.0
2025-12-16 22:30:00,25,0.0,0.0,-0.0001238428434316985
2025-12-16 23:00:00,25,0.0,0.0,0.0
2025-12-16 23:30:00,25,0.0,0.0,0.0
2025-12-17 00:00:00,25,0.0,0.0,0.0
2025-12-17 00:30:00,25,0.0,0.0,0.0
2025-12-17 01:00:00,25,0.0,0.0,0.0
2025-12-17 01:30:00,25,0.0,0.0,0.0
2025-12-17 02:00:00,25,0.0,0.0,0.0
2025-12-17 09:00:00,25,0.04,0.32,0.0019633507853402676
2025-12-17 09:30:00,25,0.04,0.16,0.00043639537420903096
2025-12-17 10:00:00,25,0.0,0.08,0.001306335728282093
2025-12-17 10:30:00,25,0.0,0.0,0.0005822148679290873
2025-12-17 11:00:00,25,0.04,0.0,0.0004796163069544779
2025-12-17 13:30:00,25,0.0,0.08,0.001231906375115388
2025-12-17 14:00:00,25,0.0,0.0,-0.001074883554281647
2025-12-17 14:30:00,25,0.04,0.0,0.0
2025-12-17 21:00:00,25,0.0,0.52,0.004269854824936026
2025-12-17 21:30:00,25,0.0,0.04,0.002268602540834941
2025-12-17 22:00:00,25,0.12,0.0,-0.0012735608762098893
2025-12-17 22:30:00,25,0.0,0.0,-0.0003581661891117749
2025-12-17 23:00:00,25,0.0,0.0,0.0
2025-12-17 23:30:00,25,0.0,0.0,0.0
2025-12-18 00:00:00,25,0.0,0.0,0.0
2025-12-18 00:30:00,25,0.0,0.0,0.0
2025-12-18 01:00:00,25,0.0,0.0,0.0
2025-12-18 01:30:00,25,0.0,0.0,0.0
2025-12-18 02:00:00,25,0.0,0.0,0.0
2025-12-18 09:00:00,25,0.28,0.04,-0.002762430939226568
2025-12-18 09:30:00,25,0.04,0.08,0.0013667425968109104
2025-12-18 10:00:00,25,0.04,0.0,0.0
2025-12-18 10:30:00,25,0.0,0.0,-0.0002560163850486852
2025-12-18 11:00:00,25,0.0,0.04,0.0
2025-12-18 13:30:00,25,0.04,0.0,-0.0005371691187442407
2025-12-18 14:00:00,25,0.0,0.08,0.0010879025239338702
2025-12-18 14:30:00,25,0.0,0.0,-0.0001427639092836941
2025-12-18 21:00:00,25,0.12,0.0,-0.0027464144034177185
2025-12-18 21:30:00,25,0.0,0.16,0.00036483035388545915
2025-12-18 22:00:00,25,0.0,0.0,0.0003931590328287715
2025-12-18 22:30:00,25,0.0,0.04,0.0
2025-12-18 23:00:00,25,0.0,0.0,0.0
2025-12-18 23:30:00,25,0.0,0.0,0.0
2025-12-19 00:00:00,25,0.0,0.04,0.0
2025-12-19 00:30:00,25,0.0,0.0,0.0
2025-12-19 01:00:00,25,0.04,0.0,0.0
2025-12-19 01:30:00,25,0.0,0.0,0.0
2025-12-19 02:00:00,25,0.0,0.0,0.0
2025-12-19 09:00:00,25,0.16,0.04,-0.0014587892049598983
2025-12-19 09:30:00,25,0.0,0.0,0.0
2025-12-19 10:00:00,25,0.0,0.0,0.00094051257935579
2025-12-19 10:30:00,25,0.08,0.0,-0.001734981565820859
2025-12-19 11:00:00,25,0.0,0.0,0.0
2025-12-19 13:30:00,25,0.0,0.12,0.0003301419610433065
2025-12-19 14:00:00,25,0.0,0.04,0.0015318627450979783
2025-12-19 14:30:00,25,0.0,0.0,0.0006587615283266679
2025-12-19 21:00:00,25,0.0,0.28,0.0
2025-12-19 21:30:00,25,0.04,0.08,-0.0006121824303642054
2025-12-19 22:00:00,25,0.0,0.0,-0.0002593360995850613
2025-12-19 22:30:00,25,0.0,0.04,0.0008979408583498216
2025-12-19 23:00:00,25,0.0,0.0,0.0
2025-12-19 23:30:00,25,0.0,0.0,0.0
2025-12-20 00:00:00,25,0.0,0.0,0.0
2025-12-20 00:30:00,25,0.0,0.0,0.0
2025-12-20 01:00:00,25,0.0,0.0,0.0
2025-12-20 01:30:00,25,0.0,0.0,0.0
2025-12-20 02:00:00,25,0.0,0.0,0.0
2025-12-22 09:00:00,25,0.24,0.4,0.002491103202846956
2025-12-22 09:30:00,25,0.08,0.0,0.0
2025-12-22 10:00:00,25,0.08,0.04,-0.0004334633723450665
2025-12-22 10:30:00,25,0.04,0.0,0.0006422607578677741
2025-12-22 11:00:00,25,0.0,0.04,0.0015164644714038555
2025-12-22 13:30:00,25,0.24,0.08,-0.0009119927040583953
2025-12-22 14:00:00,25,0.0,0.04,0.0009727626459143934
2025-12-22 14:30:00,25,0.0,0.08,0.0016469038208168918
2025-12-22 21:00:00,25,0.04,0.4,0.00257334019557387
2025-12-22 21:30:00,25,0.0,0.04,-0.00022568269013767406
2025-12-22 22:00:00,25,0.12,0.0,-0.00036429872495447047
2025-12-22 22:30:00,25,0.0,0.0,0.0
2025-12-22 23:00:00,25,0.0,0.0,0.0
2025-12-22 23:30:00,25,0.0,0.0,0.0
2025-12-23 00:00:00,25,0.0,0.0,0.0
2025-12-23 00:30:00,25,0.0,0.0,0.0
2025-12-23 01:00:00,25,0.0,0.0,0.0
2025-12-23 01:30:00,25,0.0,0.0,0.0
2025-12-23 02:00:00,25,0.0,0.0,0.0
2025-12-23 09:00:00,25,0.16,0.2,-0.0003045066991473888
2025-12-23 09:30:00,25,0.0,0.0,0.0
2025-12-23 10:00:00,25,0.0,0.0,-0.0004131174630652712
2025-12-23 10:30:00,25,0.0,0.0,0.0003892565200467324
2025-12-23 11:00:00,25,0.0,0.0,0.0002576655501158598
2025-12-23 13:30:00,25,0.04,0.0,-0.0020254629629629095
2025-12-23 14:00:00,25,0.0,0.12,0.0019342359767891004
2025-12-23 14:30:00,25,0.0,0.04,0.0018248175182482562
2025-12-23 21:00:00,25,0.2,0.16,0.0
2025-12-23 21:30:00,25,0.04,0.08,0.0006282722513089034
2025-12-23 22:00:00,25,0.0,0.0,-0.001127649977446965
2025-12-23 22:30:00,25,0.12,0.0,-0.0009652509652510188
2025-12-23 23:00:00,25,0.0,0.0,0.0
2025-12-23 23:30:00,25,0.0,0.0,0.0
2025-12-24 00:00:00,25,0.0,0.0,0.0
2025-12-24 00:30:00,25,0.0,0.0,0.0
2025-12-24 01:00:00,25,0.0,0.0,0.0
2025-12-24 01:30:00,25,0.0,0.0,0.0
2025-12-24 02:00:00,25,0.0,0.0,0.0
2025-12-24 09:00:00,25,0.04,0.16,0.0015295197308045072
2025-12-24 09:30:00,25,0.0,0.24,0.0025876264408375427
2025-12-24 10:00:00,25,0.0,0.04,0.00045116174148440713
2025-12-24 10:30:00,25,0.16,0.0,-0.0021905805038334725
2025-12-24 11:00:00,25,0.0,0.28,0.002820581336658634
2025-12-24 13:30:00,25,0.0,0.0,-0.00021003990758239333
2025-12-24 14:00:00,25,0.0,0.08,0.0
2025-12-24 14:30:00,25,0.04,0.04,0.0008453085376163294
2025-12-24 21:00:00,25,0.2,0.0,-0.0017630465444288257
2025-12-24 21:30:00,25,0.0,0.04,0.0
2025-12-24 22:00:00,25,0.0,0.04,0.00045599635202919764
2025-12-24 22:30:00,25,0.24,0.0,-0.0013824884792627001
2025-12-24 23:00:00,25,0.0,0.0,0.0
2025-12-24 23:30:00,25,0.0,0.0,0.0
2025-12-25 00:00:00,25,0.0,0.0,0.0
2025-12-25 00:30:00,25,0.0,0.0,0.0
2025-12-25 01:00:00,25,0.0,0.0,0.0
2025-12-25 01:30:00,25,0.0,0.0,0.0
2025-12-25 02:00:00,25,0.0,0.0,0.0
2025-12-25 09:00:00,25,0.04,0.2,0.0009031384059607905
2025-12-25 09:30:00,25,0.0,0.0,0.00045116174148440713
2025-12-25 10:00:00,25,0.0,0.04,0.0
2025-12-25 10:30:00,25,0.0,0.0,-0.00031897926634771867
2025-12-25 11:00:00,25,0.0,0.0,0.0
2025-12-25 13:30:00,25,0.0,0.08,0.0
2025-12-25 14:00:00,25,0.0,0.0,0.0006439150032195862
2025-12-25 14:30:00,25,0.0,0.08,0.0006738544474393926
2025-12-25 21:00:00,25,0.0,0.36,0.0023126734505087843
2025-12-25 21:30:00,25,0.04,0.0,-0.00112082492714638
2025-12-25 22:00:00,25,0.04,0.0,0.0
2025-12-25 22:30:00,25,0.08,0.0,0.0
2025-12-25 23:00:00,25,0.0,0.0,0.0
2025-12-25 23:30:00,25,0.0,0.0,0.0
2025-12-26 00:00:00,25,0.0,0.0,0.0
2025-12-26 00:30:00,25,0.0,0.0,0.0
2025-12-26 01:00:00,25,0.0,0.0,0.0
2025-12-26 01:30:00,25,0.0,0.0,0.0
2025-12-26 02:00:00,25,0.0,0.0,0.0
2025-12-26 09:00:00,25,0.2,0.04,0.0
2025-12-26 09:30:00,25,0.2,0.04,-0.0015302218821728886
2025-12-26 10:00:00,25,0.0,0.0,0.0015325670498085309
2025-12-26 10:30:00,25,0.04,0.32,0.002262443438914019
2025-12-26 11:00:00,25,0.0,0.0,-0.001632283820724112
2025-12-26 13:30:00,25,0.0,0.2,0.0029069767441860517
2025-12-26 14:00:00,25,0.0,0.2,0.0025756600128783447
2025-12-26 14:30:00,25,0.08,0.04,-0.0006333122229259525
2025-12-26 21:00:00,25,0.12,0.16,0.0
2025-12-26 21:30:00,25,0.12,0.04,-0.0011424219345010922
2025-12-26 22:00:00,25,0.0,0.04,-0.0005691519635743214
2025-12-26 22:30:00,25,0.04,0.08,0.0013471037269869868
2025-12-26 23:00:00,25,0.0,0.0,0.0
2025-12-26 23:30:00,25,0.0,0.08,0.0
2025-12-27 00:00:00,25,0.0,0.0,0.0
2025-12-27 00:30:00,25,0.0,0.0,0.0
2025-12-27 01:00:00,25,0.0,0.0,0.0
2025-12-27 01:30:00,25,0.0,0.0,0.0
2025-12-27 02:00:00,25,0.0,0.0,0.0
2025-12-29 09:00:00,25,0.16,0.08,-0.0009113001215066419
2025-12-29 09:30:00,25,0.04,0.0,-0.0004458314757022075
2025-12-29 10:00:00,25,0.0,0.12,0.0018066847335140857
2025-12-29 10:30:00,25,0.04,0.16,0.002722676001555735
2025-12-29 11:00:00,25,0.0,0.04,-0.00030284675953962115
2025-12-29 13:30:00,25,0.2,0.0,-0.0027586206896551557
2025-12-29 14:00:00,25,0.12,0.0,-0.002858958068615025
2025-12-29 14:30:00,25,0.08,0.0,-0.0020739716557206522
2025-12-29 21:00:00,25,0.08,0.08,0.0
2025-12-29 21:30:00,25,0.04,0.04,0.0
2025-12-29 22:00:00,25,0.08,0.0,-0.0013642564802183177
2025-12-29 22:30:00,25,0.04,0.04,0.0009129640900791269
2025-12-29 23:00:00,25,0.04,0.0,0.0
2025-12-29 23:30:00,25,0.0,0.0,0.0
2025-12-30 00:00:00,25,0.0,0.0,0.0
2025-12-30 00:30:00,25,0.0,0.0,0.0
2025-12-30 01:00:00,25,0.0,0.0,0.0
2025-12-30 01:30:00,25,0.0,0.0,0.0
2025-12-30 02:00:00,25,0.0,0.0,0.0
2025-12-30 09:00:00,25,0.08,0.16,0.0031152647975076775
2025-12-30 09:30:00,25,0.0,0.08,0.0004571428571429337
2025-12-30 10:00:00,25,0.0,0.04,0.0
2025-12-30 10:30:00,25,0.0,0.0,0.0022573363431150906
2025-12-30 11:00:00,25,0.0,0.08,0.0011191941801902416
2025-12-30 13:30:00,25,0.04,0.04,-0.0009017132551848439
2025-12-30 14:00:00,25,0.0,0.0,0.00019018638265499987
2025-12-30 14:30:00,25,0.0,0.04,0.0
2025-12-30 21:00:00,25,0.08,0.08,0.00031908104658584513
2025-12-30 21:30:00,25,0.0,0.0,0.0005073566717401778
2025-12-30 22:00:00,25,0.0,0.0,-0.0006097560975609762
2025-12-30 22:30:00,25,0.0,0.0,-0.0003430531732419029
2025-12-30 23:00:00,25,0.0,0.0,0.0
2025-12-30 23:30:00,25,0.0,0.0,0.0
2025-12-31 00:00:00,25,0.0,0.0,0.0
2025-12-31 00:30:00,25,0.0,0.0,0.0
2025-12-31 01:00:00,25,0.0,0.0,0.0
2025-12-31 01:30:00,25,0.0,0.0,0.0
2025-12-31 02:00:00,25,0.0,0.0,0.0
2025-12-31 09:00:00,25,0.2,0.0,-0.0034065332441146623
2025-12-31 09:30:00,25,0.12,0.0,-0.0014503263234227903
2025-12-31 10:00:00,25,0.0,0.0,0.00025484199796133034
2025-12-31 10:30:00,25,0.12,0.0,-0.0010334137099552443
2025-12-31 11:00:00,25,0.04,0.04,-0.0002546473134708016
2025-12-31 13:30:00,25,0.08,0.04,-0.00032020493115592075
2025-12-31 14:00:00,25,0.0,0.08,0.001281640499839698
2025-12-31 14:30:00,25,0.08,0.04,-0.00023293733985563225
2026-01-05 09:00:00,25,0.24,0.48,0.0016015374759770218
2026-01-05 09:30:00,25,0.16,0.0,0.0007293946024800047
2026-01-05 10:00:00,25,0.0,0.0,-0.00101626016260159
2026-01-05 10:30:00,25,0.0,0.04,0.0
2026-01-05 11:00:00,25,0.0,0.0,0.0017026106696935717
2026-01-05 13:30:00,25,0.36,0.0,-0.003305364861428961
2026-01-05 14:00:00,25,0.0,0.0,0.0
2026-01-05 14:30:00,25,0.0,0.08,0.0013507429085997114
2026-01-05 21:00:00,25,0.04,0.2,0.0
2026-01-05 21:30:00,25,0.0,0.04,0.0009693053311792266
2026-01-05 22:00:00,25,0.0,0.0,-0.00023419203747077066
2026-01-05 22:30:00,25,0.0,0.0,0.0004405286343611703
2026-01-05 23:00:00,25,0.0,0.0,0.0
2026-01-05 23:30:00,25,0.0,0.04,0.0
2026-01-06 00:00:00,25,0.0,0.0,0.0
2026-01-06 00:30:00,25,0.0,0.0,0.0
2026-01-06 01:00:00,25,0.0,0.0,0.0
2026-01-06 01:30:00,25,0.0,0.0,0.0
2026-01-06 02:00:00,25,0.0,0.0,0.0
2026-01-06 09:00:00,25,0.08,0.16,0.0016983695652172948
2026-01-06 09:30:00,25,0.0,0.08,0.0021624961383996943
2026-01-06 10:00:00,25,0.0,0.0,0.00030826140567197235
2026-01-06 10:30:00,25,0.0,0.0,0.0
2026-01-06 11:00:00,25,0.0,0.04,0.0016435783047665797
2026-01-06 13:30:00,25,0.0,0.04,-0.0017694641051567706
2026-01-06 14:00:00,25,0.0,0.12,0.002892263195950928
2026-01-06 14:30:00,25,0.0,0.08,0.0007209805335255393
2026-01-06 21:00:00,25,0.0,0.4,0.003106796116504773
2026-01-06 21:30:00,25,0.0,0.04,0.0009308098045299751
2026-01-06 22:00:00,25,0.0,0.08,0.002020712301086025
2026-01-06 22:30:00,25,0.0,0.0,0.0
2026-01-06 23:00:00,25,0.0,0.04,0.0
2026-01-06 23:30:00,25,0.0,0.0,0.0
2026-01-07 00:00:00,25,0.0,0.0,0.0
2026-01-07 00:30:00,25,0.0,0.0,0.0
2026-01-07 01:00:00,25,0.0,0.0,0.0
2026-01-07 01:30:00,25,0.0,0.0,0.0
2026-01-07 02:00:00,25,0.0,0.0,0.0
2026-01-07 09:00:00,25,0.24,0.0,-0.001765893037335986
2026-01-07 09:30:00,25,0.0,0.0,-0.002422687758301234
2026-01-07 10:00:00,25,0.04,0.08,0.0012417218543046005
2026-01-07 10:30:00,25,0.0,0.04,0.0022016732716865217
2026-01-07 11:00:00,25,0.0,0.36,0.0022643062988885188
2026-01-07 13:30:00,25,0.08,0.0,-0.0009990841728415578
2026-01-07 14:00:00,25,0.0,0.24,0.0030809859154929953
2026-01-07 14:30:00,25,0.04,0.04,-0.0007861635220125507
2026-01-07 21:00:00,25,0.12,0.12,-0.0004448398576512025
2026-01-07 21:30:00,25,0.0,0.08,0.0009446438692612968
2026-01-07 22:00:00,25,0.0,0.0,-0.0009257116408238897
2026-01-07 22:30:00,25,0.04,0.0,-0.0020729684908789014
2026-01-07 23:00:00,25,0.0,0.0,0.0
2026-01-07 23:30:00,25,0.0,0.0,0.0
2026-01-08 00:00:00,25,0.0,0.0,0.0
2026-01-08 00:30:00,25,0.0,0.0,0.0
2026-01-08 01:00:00,25,0.0,0.0,0.0
2026-01-08 01:30:00,25,0.0,0.0,0.0
2026-01-08 02:00:00,25,0.0,0.0,0.0
2026-01-08 09:00:00,25,0.0,0.12,0.00111358574610243
2026-01-08 09:30:00,25,0.0,0.0,0.0014992503748125774
2026-01-08 10:00:00,25,0.04,0.0,-0.0011170064227868925
2026-01-08 10:30:00,25,0.16,0.0,-0.004315511867657662
2026-01-08 11:00:00,25,0.0,0.0,-0.00189645363170865
2026-01-08 13:30:00,25,0.16,0.04,-0.002835538752362976
2026-01-08 14:00:00,25,0.0,0.04,0.0012638230647710191
2026-01-08 14:30:00,25,0.0,0.08,0.0012641971344866665
2026-01-08 21:00:00,25,0.16,0.0,-0.0026478375992938785
2026-01-08 21:30:00,25,0.0,0.0,-0.0010466820180029535
2026-01-08 22:00:00,25,0.08,0.0,-0.0020871985157699946
2026-01-08 22:30:00,25,0.0,0.0,0.0003954132068011429
2026-01-08 23:00:00,25,0.0,0.0,0.0
2026-01-08 23:30:00,25,0.0,0.0,0.0
2026-01-09 00:00:00,25,0.0,0.0,0.0
2026-01-09 00:30:00,25,0.0,0.0,0.0
2026-01-09 01:00:00,25,0.0,0.0,0.0
2026-01-09 01:30:00,25,0.0,0.0,0.0
2026-01-09 02:00:00,25,0.0,0.0,0.0
2026-01-09 09:00:00,25,0.04,0.12,0.002090106827682403
2026-01-09 09:30:00,25,0.0,0.08,0.002823972387825613
2026-01-09 10:00:00,25,0.0,0.04,0.0017574692442883233
2026-01-09 10:30:00,25,0.0,0.04,0.001325673884224443
2026-01-09 11:00:00,25,0.12,0.0,-0.0024449877750610804
2026-01-09 13:30:00,25,0.0,0.04,0.00171461610542889
2026-01-09 14:00:00,25,0.0,0.0,0.0
2026-01-09 14:30:00,25,0.0,0.0,0.0001972581122398065
2026-01-09 21:00:00,25,0.24,0.0,-0.00031806615776086566
2026-01-09 21:30:00,25,0.04,0.0,0.0006363347120585949
2026-01-09 22:00:00,25,0.0,0.08,0.0022257551669315756
2026-01-09 22:30:00,25,0.0,0.04,0.0
2026-01-09 23:00:00,25,0.0,0.0,0.0
2026-01-09 23:30:00,25,0.0,0.0,0.0
2026-01-10 00:00:00,25,0.0,0.0,0.0
2026-01-10 00:30:00,25,0.0,0.0,0.0
2026-01-10 01:00:00,25,0.0,0.0,0.0
2026-01-10 01:30:00,25,0.04,0.0,0.0
2026-01-10 02:00:00,25,0.0,0.0,0.0
2026-01-12 09:00:00,25,0.04,0.44,0.004316546762589857
2026-01-12 09:30:00,25,0.04,0.0,-0.0017574692442882123
2026-01-12 10:00:00,25,0.0,0.0,0.0002851439977189507
2026-01-12 10:30:00,25,0.0,0.04,0.0011641443538998875
2026-01-12 11:00:00,25,0.0,0.04,0.0015075376884421399
2026-01-12 13:30:00,25,0.0,0.04,0.0
2026-01-12 14:00:00,25,0.0,0.08,0.00087374399300999
2026-01-12 14:30:00,25,0.0,0.0,-0.0008064516129032695
2026-01-12 21:00:00,25,0.16,0.16,0.0
2026-01-12 21:30:00,25,0.12,0.04,0.0
2026-01-12 22:00:00,25,0.28,0.0,-0.002447980416156681
2026-01-12 22:30:00,25,0.0,0.0,0.0015160703456640334
2026-01-12 23:00:00,25,0.0,0.0,0.0
2026-01-12 23:30:00,25,0.0,0.0,0.0
2026-01-13 00:00:00,25,0.0,0.0,0.0
2026-01-13 00:30:00,25,0.0,0.0,0.0
2026-01-13 01:00:00,25,0.0,0.0,0.0
2026-01-13 01:30:00,25,0.0,0.0,0.0
2026-01-13 02:00:00,25,0.0,0.0,0.0
2026-01-13 09:00:00,25,0.04,0.32,0.0024728932851436625
2026-01-13 09:30:00,25,0.0,0.0,-0.0008865248226950229
2026-01-13 10:00:00,25,0.0,0.0,0.001642710472279152
2026-01-13 10:30:00,25,0.0,0.12,0.002141494373710362
2026-01-13 11:00:00,25,0.0,0.04,-0.001258592312905371
2026-01-13 13:30:00,25,0.16,0.0,-0.0019394879751745142
2026-01-13 14:00:00,25,0.08,0.0,-0.0028019925280199365
2026-01-13 14:30:00,25,0.0,0.0,-0.001171760570256808
2026-01-13 21:00:00,25,0.04,0.24,0.0033003300330032292
2026-01-13 21:30:00,25,0.04,0.0,-0.0003162555344718987
2026-01-13 22:00:00,25,0.0,0.0,0.0009182736455464191
2026-01-13 22:30:00,25,0.0,0.08,0.0009475679090333866
2026-01-13 23:00:00,25,0.0,0.0,0.0
2026-01-13 23:30:00,25,0.0,0.0,0.0
2026-01-14 00:00:00,25,0.0,0.0,0.0
2026-01-14 00:30:00,25,0.0,0.0,0.0
2026-01-14 01:00:00,25,0.0,0.0,0.0
2026-01-14 01:30:00,25,0.0,0.0,0.0
2026-01-14 02:00:00,25,0.0,0.0,0.0
2026-01-14 09:00:00,25,0.16,0.0,-0.00020177562550438566
2026-01-14 09:30:00,25,0.0,0.04,0.0017064846416381396
2026-01-14 10:00:00,25,0.0,0.0,0.0008148299042574081
2026-01-14 10:30:00,25,0.0,0.08,0.0009475679090333866
2026-01-14 11:00:00,25,0.0,0.0,0.0
2026-01-14 13:30:00,25,0.4,0.0,-0.006541291905151292
2026-01-14 14:00:00,25,0.0,0.16,0.003630605229616446
2026-01-14 14:30:00,25,0.04,0.0,0.0
2026-01-14 21:00:00,25,0.12,0.16,-0.0006188118811880639
2026-01-14 21:30:00,25,0.0,0.0,0.0
2026-01-14 22:00:00,25,0.0,0.04,0.0019379844961240345
2026-01-14 22:30:00,25,0.04,0.04,-0.0003868471953578645
2026-01-14 23:00:00,25,0.0,0.0,0.0
2026-01-14 23:30:00,25,0.0,0.0,0.0
2026-01-15 00:00:00,25,0.0,0.0,0.0
2026-01-15 00:30:00,25,0.0,0.0,0.0
2026-01-15 01:00:00,25,0.0,0.0,0.0
2026-01-15 01:30:00,25,0.0,0.0,0.0
2026-01-15 02:00:00,25,0.0,0.0,0.0
2026-01-15 09:00:00,25,0.28,0.0,-0.0030446549391068833
2026-01-15 09:30:00,25,0.04,0.0,-0.0013129102844638973
2026-01-15 10:00:00,25,0.0,0.04,0.0018832391713747842
2026-01-15 10:30:00,25,0.04,0.0,-0.0019634310958399626
2026-01-15 11:00:00,25,0.32,0.0,-0.004286589099816274
2026-01-15 13:30:00,25,0.0,0.04,0.0017094017094017033
2026-01-15 14:00:00,25,0.0,0.12,0.0024227740763174133
2026-01-15 14:30:00,25,0.0,0.0,0.0008722197993893399
2026-01-15 21:00:00,25,0.24,0.0,-0.003368421052631576
2026-01-15 21:30:00,25,0.0,0.04,0.0009063444108761143
2026-01-15 22:00:00,25,0.0,0.08,0.0012582573136206143
2026-01-15 22:30:00,25,0.0,0.12,0.0
2026-01-15 23:00:00,25,0.0,0.0,0.0
2026-01-15 23:30:00,25,0.0,0.0,0.0
2026-01-16 00:00:00,25,0.0,0.0,0.0
2026-01-16 00:30:00,25,0.0,0.0,0.0
2026-01-16 01:00:00,25,0.0,0.0,0.0
2026-01-16 01:30:00,25,0.0,0.0,0.0
2026-01-16 02:00:00,25,0.0,0.0,0.0
2026-01-16 09:00:00,25,0.04,0.32,0.0050890585241729624
2026-01-16 09:30:00,25,0.08,0.08,-0.0007477567298105336
2026-01-16 10:00:00,25,0.08,0.0,-0.001984126984126977
2026-01-16 10:30:00,25,0.0,0.0,-0.0023923444976076125
2026-01-16 11:00:00,25,0.12,0.0,-0.0015904572564612307
2026-01-16 13:30:00,25,0.12,0.0,0.00024981264051970875
2026-01-16 14:00:00,25,0.0,0.0,-0.0012951865455247402
2026-01-16 14:30:00,25,0.0,0.0,0.0
2026-01-16 21:00:00,25,0.32,0.0,-0.0015082956259426794
2026-01-16 21:30:00,25,0.0,0.0,0.0018066847335140857
2026-01-16 22:00:00,25,0.0,0.08,-0.0002501876407305925
2026-01-16 22:30:00,25,0.0,0.0,0.0
2026-01-16 23:00:00,25,0.04,0.0,0.0
2026-01-16 23:30:00,25,0.0,0.0,0.0
2026-01-17 00:00:00,25,0.0,0.0,0.0
2026-01-17 00:30:00,25,0.0,0.0,0.0
2026-01-17 01:00:00,25,0.0,0.0,0.0
2026-01-17 01:30:00,25,0.0,0.0,0.0
2026-01-17 02:00:00,25,0.0,0.0,0.0
2026-01-19 09:00:00,25,0.16,0.2,0.0011587485515642815
2026-01-19 09:30:00,25,0.04,0.04,-0.0011387360030366
2026-01-19 10:00:00,25,0.0,0.0,0.0009548058561426043
2026-01-19 10:30:00,25,0.08,0.0,-0.0017103762827822555
2026-01-19 11:00:00,25,0.0,0.0,0.00020470829068575114
2026-01-19 13:30:00,25,0.0,0.0,0.00019054878048785362
2026-01-19 14:00:00,25,0.0,0.0,0.0
2026-01-19 14:30:00,25,0.0,0.0,-0.0009337068160597539
2026-01-19 21:00:00,25,0.36,0.04,-0.0019108280254777066
2026-01-19 21:30:00,25,0.0,0.0,0.0006913238852401804
2026-01-19 22:00:00,25,0.0,0.0,0.0008467400508043177
2026-01-19 22:30:00,25,0.0,0.0,0.0
2026-01-19 23:00:00,25,0.0,0.0,0.0
2026-01-19 23:30:00,25,0.0,0.0,0.0
2026-01-20 00:00:00,25,0.0,0.0,0.0
2026-01-20 00:30:00,25,0.0,0.0,0.0
2026-01-20 01:00:00,25,0.0,0.0,0.0
2026-01-20 01:30:00,25,0.0,0.0,0.0
2026-01-20 02:00:00,25,0.0,0.0,0.0
2026-01-20 09:00:00,25,0.12,0.12,0.0020739716557207633
2026-01-20 09:30:00,25,0.08,0.0,-0.003034901365705611
2026-01-20 10:00:00,25,0.0,0.0,-0.0011478420569329684
2026-01-20 10:30:00,25,0.0,0.12,0.00032392058229491205
2026-01-20 11:00:00,25,0.0,0.12,0.0009910802775023875
2026-01-20 13:30:00,25,0.0,0.08,0.0013192612137202797
2026-01-20 14:00:00,25,0.0,0.0,-0.0009609224855862131
2026-01-20 14:30:00,25,0.12,0.0,-0.0006141248720573644
2026-01-20 21:00:00,25,0.04,0.16,0.0
2026-01-20 21:30:00,25,0.04,0.0,0.0
2026-01-20 22:00:00,25,0.0,0.08,0.00022722108611672454
2026-01-20 22:30:00,25,0.0,0.0,0.0
2026-01-20 23:00:00,25,0.08,0.0,0.0
2026-01-20 23:30:00,25,0.0,0.0,0.0
2026-01-21 00:00:00,25,0.0,0.0,0.0
2026-01-21 00:30:00,25,0.0,0.0,0.0
2026-01-21 01:00:00,25,0.0,0.0,0.0
2026-01-21 01:30:00,25,0.0,0.0,0.0
2026-01-21 02:00:00,25,0.0,0.0,0.0
2026-01-21 09:00:00,25,0.08,0.08,-0.0012198841110094838
2026-01-21 09:30:00,25,0.04,0.0,0.0009652509652509078
2026-01-21 10:00:00,25,0.0,0.0,0.0
2026-01-21 10:30:00,25,0.04,0.0,-0.0012541806020066604
2026-01-21 11:00:00,25,0.0,0.0,0.0014462809917354935
2026-01-21 13:30:00,25,0.04,0.2,0.0019120458891013214
2026-01-21 14:00:00,25,0.04,0.08,0.0
2026-01-21 14:30:00,25,0.04,0.04,0.0
2026-01-21 21:00:00,25,0.04,0.16,0.0
2026-01-21 21:30:00,25,0.0,0.2,0.0009009009009008917
2026-01-21 22:00:00,25,0.04,0.0,-0.001214697843911372
2026-01-21 22:30:00,25,0.04,0.0,-0.0001945903872349053
2026-01-21 23:00:00,25,0.0,0.0,0.0
2026-01-21 23:30:00,25,0.0,0.0,0.0
2026-01-22 00:00:00,25,0.0,0.0,0.0
2026-01-22 00:30:00,25,0.0,0.0,0.0
2026-01-22 01:00:00,25,0.0,0.0,0.0
2026-01-22 01:30:00,25,0.0,0.0,0.0
2026-01-22 02:00:00,25,0.0,0.0,0.0
2026-01-22 09:00:00,25,0.08,0.12,0.0018920533758215452
2026-01-22 09:30:00,25,0.0,0.0,-0.00018504811250930064
2026-01-22 10:00:00,25,0.0,0.08,-0.00021967400377842505
2026-01-22 10:30:00,25,0.0,0.04,0.0006266973052015956
2026-01-22 11:00:00,25,0.08,0.0,0.0
2026-01-22 13:30:00,25,0.04,0.08,0.0016691007719591422
2026-01-22 14:00:00,25,0.0,0.0,-0.0007431260837255094
2026-01-22 14:30:00,25,0.0,0.16,0.0025353132922854016
2026-01-22 21:00:00,25,0.12,0.08,0.0
2026-01-22 21:30:00,25,0.0,0.08,0.0006717420510524708
2026-01-22 22:00:00,25,0.0,0.2,0.0017675651789659241
2026-01-22 22:30:00,25,0.0,0.0,-0.0003617945007236001
2026-01-22 23:00:00,25,0.0,0.0,0.0
2026-01-22 23:30:00,25,0.0,0.04,0.0
2026-01-23 00:00:00,25,0.0,0.04,0.0
2026-01-23 00:30:00,25,0.0,0.0,0.0
2026-01-23 01:00:00,25,0.0,0.0,0.0
2026-01-23 01:30:00,25,0.0,0.0,0.0
2026-01-23 02:00:00,25,0.0,0.0,0.0
2026-01-23 09:00:00,25,0.0,0.2,0.001823154056517673
2026-01-23 09:30:00,25,0.0,0.24,0.0028392958546279434
2026-01-23 10:00:00,25,0.04,0.0,0.00019275250578254521
2026-01-23 10:30:00,25,0.0,0.0,-0.0009230769230769154
2026-01-23 11:00:00,25,0.04,0.0,-0.0003079765937789025
2026-01-23 13:30:00,25,0.04,0.08,0.0033887861983981082
2026-01-23 14:00:00,25,0.04,0.2,0.0003400204012240504
2026-01-23 14:30:00,25,0.0,0.04,0.0007534983853607624
2026-01-23 21:00:00,25,0.04,0.24,0.00185261424454497
2026-01-23 21:30:00,25,0.0,0.08,0.0015618027666219891
2026-01-23 22:00:00,25,0.0,0.04,0.0
2026-01-23 22:30:00,25,0.0,0.0,-0.0004334633723450665
2026-01-23 23:00:00,25,0.0,0.0,0.0
2026-01-23 23:30:00,25,0.0,0.04,0.0
2026-01-24 00:00:00,25,0.0,0.04,0.0
2026-01-24 00:30:00,25,0.04,0.0,0.0
2026-01-24 01:00:00,25,0.0,0.0,0.0
2026-01-24 01:30:00,25,0.0,0.0,0.0
2026-01-24 02:00:00,25,0.0,0.0,0.0
2026-01-26 09:00:00,25,0.08,0.48,0.004201680672268893
2026-01-26 09:30:00,25,0.16,0.0,-0.002696456086286547
2026-01-26 10:00:00,25,0.0,0.0,0.0001931247585940099
2026-01-26 10:30:00,25,0.04,0.0,-0.00020614306328592402
2026-01-26 11:00:00,25,0.0,0.0,5.245213742455235e-05
2026-01-26 13:30:00,25,0.04,0.04,-0.0007217610970768895
2026-01-26 14:00:00,25,0.0,0.2,0.001846722068328699
2026-01-26 14:30:00,25,0.12,0.0,-0.0006157635467980427
2026-01-26 21:00:00,25,0.32,0.12,-0.002180549498473572
2026-01-26 21:30:00,25,0.04,0.0,-0.0004855311711011723
2026-01-26 22:00:00,25,0.0,0.2,0.001810282404055119
2026-01-26 22:30:00,25,0.0,0.0,0.00022182786157931567
2026-01-26 23:00:00,25,0.0,0.0,0.0
2026-01-26 23:30:00,25,0.0,0.0,0.0
2026-01-27 00:00:00,25,0.0,0.0,0.0
2026-01-27 00:30:00,25,0.0,0.0,0.0
2026-01-27 01:00:00,25,0.0,0.0,0.0
2026-01-27 01:30:00,25,0.0,0.0,0.0
2026-01-27 02:00:00,25,0.04,0.0,0.0
2026-01-27 09:00:00,25,0.16,0.16,-0.0005849663644340586
2026-01-27 09:30:00,25,0.24,0.0,-0.0038245219347581294
2026-01-27 10:00:00,25,0.0,0.0,0.001143728555089485
2026-01-27 10:30:00,25,0.0,0.0,0.00044563279857401383
2026-01-27 11:00:00,25,0.04,0.04,-0.0023072082779836967
2026-01-27 13:30:00,25,0.0,0.0,0.0012180267965895553
2026-01-27 14:00:00,25,0.0,0.04,0.0008403361344537785
2026-01-27 14:30:00,25,0.0,0.04,0.0004382120946537782
2026-01-27 21:00:00,25,0.0,0.2,0.002059732234809486
2026-01-27 21:30:00,25,0.0,0.04,-0.0005790387955992848
2026-01-27 22:00:00,25,0.08,0.0,-0.002542911633820699
2026-01-27 22:30:00,25,0.0,0.0,-0.0004337453914552425
2026-01-27 23:00:00,25,0.0,0.0,0.0
2026-01-27 23:30:00,25,0.0,0.0,0.0
2026-01-28 00:00:00,25,0.0,0.0,0.0
2026-01-28 00:30:00,25,0.0,0.0,0.0
2026-01-28 01:00:00,25,0.0,0.0,0.0
2026-01-28 01:30:00,25,0.0,0.0,0.0
2026-01-28 02:00:00,25,0.0,0.0,0.0
2026-01-28 09:00:00,25,0.04,0.16,0.00340136054421758
2026-01-28 09:30:00,25,0.04,0.0,-0.000640204865556937
2026-01-28 10:00:00,25,0.04,0.0,0.0009019843656044024
2026-01-28 10:30:00,25,0.0,0.08,0.0022411474675032572
2026-01-28 11:00:00,25,0.0,0.08,0.002845759817871274
2026-01-28 13:30:00,25,0.0,0.04,0.0
2026-01-28 14:00:00,25,0.0,0.0,-0.0009609224855862131
2026-01-28 14:30:00,25,0.0,0.08,0.001202501202501205
2026-01-28 21:00:00,25,0.12,0.12,-0.002027940513744886
2026-01-28 21:30:00,25,0.0,0.08,0.0012755102040815647
2026-01-28 22:00:00,25,0.0,0.12,0.0005913660555885158
2026-01-28 22:30:00,25,0.04,0.0,0.0
2026-01-28 23:00:00,25,0.0,0.0,0.0
2026-01-28 23:30:00,25,0.0,0.0,0.0
2026-01-29 00:00:00,25,0.0,0.0,0.0
2026-01-29 00:30:00,25,0.0,0.0,0.0
2026-01-29 01:00:00,25,0.0,0.0,0.0
2026-01-29 01:30:00,25,0.0,0.0,0.0
2026-01-29 02:00:00,25,0.0,0.0,0.0
2026-01-29 09:00:00,25,0.0,0.2,0.0014321518080917528
2026-01-29 09:30:00,25,0.0,0.04,0.002099236641221358
2026-01-29 10:00:00,25,0.0,0.0,-0.0018761726078799779
2026-01-29 10:30:00,25,0.0,0.32,0.003857693956279551
2026-01-29 11:00:00,25,0.04,0.12,-0.00031796502384739966
2026-01-29 13:30:00,25,0.0,0.2,0.003925967470555181
2026-01-29 14:00:00,25,0.0,0.0,-0.0012693039983074916
2026-01-29 14:30:00,25,0.0,0.12,0.0007142857142856673
2026-01-29 21:00:00,25,0.0,0.28,0.0016702457647339575
2026-01-29 21:30:00,25,0.12,0.04,-0.0007400376453933211
2026-01-29 22:00:00,25,0.0,0.28,0.004862700228833061
2026-01-29 22:30:00,25,0.0,0.08,-0.001076812634601576
2026-01-29 23:00:00,25,0.28,0.0,0.0
2026-01-29 23:30:00,25,0.0,0.0,0.0
2026-01-30 00:00:00,25,0.0,0.0,0.0
2026-01-30 00:30:00,25,0.0,0.0,0.0
2026-01-30 01:00:00,25,0.0,0.0,0.0
2026-01-30 01:30:00,25,0.0,0.0,0.0
2026-01-30 02:00:00,25,0.0,0.0,0.0
2026-01-30 09:00:00,25,0.64,0.0,-0.00598515681110845
2026-01-30 09:30:00,25,0.16,0.0,-0.005037783375314908
2026-01-30 10:00:00,25,0.04,0.0,-0.0022285896211398093
2026-01-30 10:30:00,25,0.0,0.04,0.0003805899143671798
2026-01-30 11:00:00,25,0.0,0.0,-0.0016583747927031434
2026-01-30 13:30:00,25,0.0,0.04,0.002956081081081141
2026-01-30 14:00:00,25,0.04,0.0,-0.0025839793281653423
2026-01-30 14:30:00,25,0.0,0.0,-0.0009460737937558861
2026-01-30 21:00:00,25,0.08,0.16,0.0
2026-01-30 21:30:00,25,0.0,0.0,-0.00024195499637069684
2026-01-30 22:00:00,25,0.0,0.08,0.005666792595391046
2026-01-30 22:30:00,25,0.0,0.0,-0.0006066120715801926
2026-01-30 23:00:00,25,0.0,0.0,0.0
2026-01-30 23:30:00,25,0.0,0.0,0.0
2026-01-31 00:00:00,25,0.0,0.0,0.0
2026-01-31 00:30:00,25,0.0,0.0,0.0
2026-01-31 01:00:00,25,0.0,0.0,0.0
2026-01-31 01:30:00,25,0.0,0.0,0.0
2026-01-31 02:00:00,25,0.0,0.0,0.0
2026-02-02 09:00:00,25,0.52,0.04,-0.009212730318257978
2026-02-02 09:30:00,25,0.0,0.04,0.0005752636625120378
2026-02-02 10:00:00,25,0.0,0.0,-0.0008791784358106458
2026-02-02 10:30:00,25,0.08,0.0,-0.003844921499519427
2026-02-02 11:00:00,25,0.0,0.0,0.0
2026-02-02 13:30:00,25,0.2,0.0,-0.003939916276779143
2026-02-02 14:00:00,25,0.0,0.0,-0.001934859722670157
2026-02-02 14:30:00,25,0.0,0.0,0.0
2026-02-02 21:00:00,25,0.08,0.28,0.004196255648805769
2026-02-02 21:30:00,25,0.0,0.0,0.0009179926560587415
2026-02-02 22:00:00,25,0.0,0.0,0.0
2026-02-02 22:30:00,25,0.0,0.0,-0.001163692785104753
2026-02-02 23:00:00,25,0.0,0.0,0.0
2026-02-02 23:30:00,25,0.0,0.0,0.0
2026-02-03 00:00:00,25,0.0,0.0,0.0
2026-02-03 00:30:00,25,0.0,0.0,0.0
2026-02-03 01:00:00,25,0.0,0.0,0.0
2026-02-03 01:30:00,25,0.0,0.0,0.0
2026-02-03 02:00:00,25,0.0,0.0,0.0
2026-02-03 09:00:00,25,0.0,0.24,0.006382978723404209
2026-02-03 09:30:00,25,0.04,0.0,-0.0008257638315442017
2026-02-03 10:00:00,25,0.08,0.0,-0.004201680672268893
2026-02-03 10:30:00,25,0.24,0.0,-0.0037344629619308067
2026-02-03 11:00:00,25,0.0,0.0,0.00031017369727037725
2026-02-03 13:30:00,25,0.04,0.0,0.0011305822498586249
2026-02-03 14:00:00,25,0.0,0.04,0.0013357079252003246
2026-02-03 14:30:00,25,0.0,0.04,0.0006457862447530882
2026-02-03 21:00:00,25,0.04,0.36,0.007717041800643143
2026-02-03 21:30:00,25,0.0,0.0,-0.0003215434083601032
2026-02-03 22:00:00,25,0.0,0.0,-0.001098901098901095
2026-02-03 22:30:00,25,0.0,0.0,0.0
2026-02-03 23:00:00,25,0.0,0.0,0.0
2026-02-03 23:30:00,25,0.0,0.0,0.0
2026-02-04 00:00:00,25,0.0,0.0,0.0
2026-02-04 00:30:00,25,0.0,0.0,0.0
2026-02-04 01:00:00,25,0.0,0.0,0.0
2026-02-04 01:30:00,25,0.0,0.0,0.0
2026-02-04 02:00:00,25,0.0,0.0,0.0
2026-02-04 09:00:00,25,0.04,0.08,0.0006118078923218473
2026-02-04 09:30:00,25,0.0,0.0,0.0013323182337265926
2026-02-04 10:00:00,25,0.0,0.0,0.0017107013875690136
2026-02-04 10:30:00,25,0.04,0.0,-0.003082342580361108
2026-02-04 11:00:00,25,0.0,0.08,0.0018303843807199183
2026-02-04 13:30:00,25,0.04,0.0,-0.0008795074758135568
2026-02-04 14:00:00,25,0.0,0.0,0.0
2026-02-04 14:30:00,25,0.0,0.0,0.001969473165928104
2026-02-04 21:00:00,25,0.16,0.04,-0.0008036970062286208
2026-02-04 21:30:00,25,0.08,0.0,0.0
2026-02-04 22:00:00,25,0.0,0.0,0.0
2026-02-04 22:30:00,25,0.0,0.0,-0.0015262515262515208
2026-02-04 23:00:00,25,0.0,0.0,0.0
2026-02-04 23:30:00,25,0.0,0.0,0.0
2026-02-05 00:00:00,25,0.0,0.0,0.0
2026-02-05 00:30:00,25,0.0,0.0,0.0
2026-02-05 01:00:00,25,0.0,0.04,0.0
2026-02-05 01:30:00,25,0.0,0.0,0.0
2026-02-05 02:00:00,25,0.0,0.0,0.0
2026-02-05 09:00:00,25,0.2,0.0,-0.002422285022204318
2026-02-05 09:30:00,25,0.04,0.0,-0.0008444162972345293
2026-02-05 10:00:00,25,0.04,0.0,-0.002702702702702675
2026-02-05 10:30:00,25,0.24,0.0,-0.0028522532800913103
2026-02-05 11:00:00,25,0.04,0.0,0.0008305647840531893
2026-02-05 13:30:00,25,0.0,0.04,0.0
2026-02-05 14:00:00,25,0.0,0.04,0.0006839945280436854
2026-02-05 14:30:00,25,0.08,0.0,-0.0009562057754828324
2026-02-05 21:00:00,25,0.08,0.04,0.0
2026-02-05 21:30:00,25,0.0,0.0,0.0
2026-02-05 22:00:00,25,0.0,0.04,0.0007392804337111869
2026-02-05 22:30:00,25,0.0,0.0,0.0
2026-02-05 23:00:00,25,0.0,0.0,0.0
2026-02-05 23:30:00,25,0.0,0.0,0.0
2026-02-06 00:00:00,25,0.0,0.0,0.0
2026-02-06 00:30:00,25,0.0,0.0,0.0
2026-02-06 01:00:00,25,0.0,0.0,0.0
2026-02-06 01:30:00,25,0.0,0.0,0.0
2026-02-06 02:00:00,25,0.0,0.0,0.0
2026-02-06 09:00:00,25,0.6,0.0,-0.00683270883843945
2026-02-06 09:30:00,25,0.04,0.2,0.0026784006122058113
2026-02-06 10:00:00,25,0.0,0.08,0.0031493701259748264
2026-02-06 10:30:00,25,0.08,0.0,-0.0017178441056474592
2026-02-06 11:00:00,25,0.0,0.0,0.0017257909875358912
2026-02-06 13:30:00,25,0.0,0.08,0.002561366061899717
2026-02-06 14:00:00,25,0.04,0.0,-0.001986754966887383
2026-02-06 14:30:00,25,0.12,0.0,-0.002762683645278985
2026-02-06 21:00:00,25,0.04,0.04,0.0
2026-02-06 21:30:00,25,0.08,0.0,-0.00030864197530866555
2026-02-06 22:00:00,25,0.12,0.0,-0.0019537609899055175
2026-02-06 22:30:00,25,0.0,0.0,0.0023997257456289667
2026-02-06 23:00:00,25,0.0,0.0,0.0
2026-02-06 23:30:00,25,0.0,0.0,0.0
2026-02-07 00:00:00,25,0.0,0.0,0.0
2026-02-07 00:30:00,25,0.0,0.0,0.0
2026-02-07 01:00:00,25,0.0,0.0,0.0
2026-02-07 01:30:00,25,0.0,0.0,0.0
2026-02-07 02:00:00,25,0.0,0.0,0.0
2026-02-09 09:00:00,25,0.08,0.04,0.002673796791443861
2026-02-09 09:30:00,25,0.0,0.0,-0.000308546744831828
2026-02-09 10:00:00,25,0.0,0.0,0.0020642878207017823
2026-02-09 10:30:00,25,0.0,0.0,-0.0008833922261484162
2026-02-09 11:00:00,25,0.0,0.04,0.00021537798836956945
2026-02-09 13:30:00,25,0.0,0.04,0.0009787928221860476
2026-02-09 14:00:00,25,0.0,0.0,-0.002557544757033292
2026-02-09 14:30:00,25,0.0,0.0,0.0
2026-02-09 21:00:00,25,0.16,0.08,-0.0017929179740027168
2026-02-09 21:30:00,25,0.04,0.0,0.0
2026-02-09 22:00:00,25,0.0,0.0,0.00073260073260073
2026-02-09 22:30:00,25,0.0,0.04,0.0013252555850056247
2026-02-09 23:00:00,25,0.0,0.0,0.0
2026-02-09 23:30:00,25,0.0,0.0,0.0
2026-02-10 00:00:00,25,0.0,0.0,0.0
2026-02-10 00:30:00,25,0.0,0.0,0.0
2026-02-10 01:00:00,25,0.0,0.0,0.0
2026-02-10 01:30:00,25,0.0,0.0,0.0
2026-02-10 02:00:00,25,0.0,0.0,0.0
2026-02-10 09:00:00,25,0.04,0.04,-0.0014781966001478075
2026-02-10 09:30:00,25,0.0,0.04,0.00146520146520146
2026-02-10 10:00:00,25,0.0,0.0,0.0007662835249042654
2026-02-10 10:30:00,25,0.08,0.0,-0.0019614253023864103
2026-02-10 11:00:00,25,0.08,0.04,-0.0017849174475680352
2026-02-10 13:30:00,25,0.0,0.04,0.0005941770647652778
2026-02-10 14:00:00,25,0.08,0.0,0.0
2026-02-10 14:30:00,25,0.04,0.0,-0.0006129955046996205
2026-02-10 21:00:00,25,0.12,0.04,0.0
2026-02-10 21:30:00,25,0.0,0.12,0.0017713048612477689
2026-02-10 22:00:00,25,0.0,0.0,0.0001893580761218594
2026-02-10 22:30:00,25,0.0,0.04,0.0
2026-02-10 23:00:00,25,0.0,0.0,0.0
2026-02-10 23:30:00,25,0.0,0.0,0.0
2026-02-11 00:00:00,25,0.0,0.0,0.0
2026-02-11 00:30:00,25,0.0,0.0,0.0
2026-02-11 01:00:00,25,0.0,0.0,0.0
2026-02-11 01:30:00,25,0.0,0.0,0.0
2026-02-11 02:00:00,25,0.0,0.0,0.0
2026-02-11 09:00:00,25,0.04,0.12,0.0
2026-02-11 09:30:00,25,0.0,0.08,0.0009810333551341088
2026-02-11 10:00:00,25,0.0,0.04,9.830908375940695e-05
2026-02-11 10:30:00,25,0.0,0.08,0.0025597269624573205
2026-02-11 11:00:00,25,0.0,0.0,0.0005964807634952773
2026-02-11 13:30:00,25,0.0,0.0,-0.0003397893306150701
2026-02-11 14:00:00,25,0.0,0.04,0.0
2026-02-11 14:30:00,25,0.0,0.08,-0.0005970149253731183
2026-02-11 21:00:00,25,0.12,0.16,0.0
2026-02-11 21:30:00,25,0.0,0.0,0.000853970964987294
2026-02-11 22:00:00,25,0.12,0.0,-0.0008532423208190698
2026-02-11 22:30:00,25,0.04,0.0,-0.0017513134851138146
2026-02-11 23:00:00,25,0.04,0.0,0.0
2026-02-11 23:30:00,25,0.0,0.0,0.0
2026-02-12 00:00:00,25,0.0,0.0,0.0
2026-02-12 00:30:00,25,0.0,0.0,0.0
2026-02-12 01:00:00,25,0.0,0.0,0.0
2026-02-12 01:30:00,25,0.0,0.0,0.0
2026-02-12 02:00:00,25,0.0,0.0,0.0
2026-02-12 09:00:00,25,0.04,0.16,0.0006765899864682456
2026-02-12 09:30:00,25,0.0,0.04,0.0008932559178205235
2026-02-12 10:00:00,25,0.0,0.0,-0.0006745362563237434
2026-02-12 10:30:00,25,0.04,0.0,-0.0009310986964617962
2026-02-12 11:00:00,25,0.0,0.04,0.0
2026-02-12 13:30:00,25,0.0,0.0,0.0
2026-02-12 14:00:00,25,0.16,0.0,-0.0019753086419752597
2026-02-12 14:30:00,25,0.12,0.0,-0.00044622936189198104
2026-02-12 21:00:00,25,0.12,0.12,-0.00020283975659229903
2026-02-12 21:30:00,25,0.0,0.16,0.002121855107608317
2026-02-12 22:00:00,25,0.08,0.0,-0.0010590976488031867
2026-02-12 22:30:00,25,0.0,0.0,0.00039211841976283246
2026-02-12 23:00:00,25,0.0,0.0,0.0
2026-02-12 23:30:00,25,0.0,0.0,0.0
2026-02-13 00:00:00,25,0.28,0.0,0.0
2026-02-13 00:30:00,25,0.04,0.04,0.0
2026-02-13 01:00:00,25,0.0,0.0,0.0
2026-02-13 01:30:00,25,0.0,0.0,0.0
2026-02-13 02:00:00,25,0.0,0.0,0.0
2026-02-13 09:00:00,25,0.32,0.04,-0.001525262154432827
2026-02-13 09:30:00,25,0.12,0.0,-0.000945179584120992
2026-02-13 10:00:00,25,0.0,0.0,0.0003274394237067213
2026-02-13 10:30:00,25,0.0,0.04,0.00043196544276447035
2026-02-13 11:00:00,25,0.0,0.0,-0.0013556258472661176
2026-02-13 13:30:00,25,0.12,0.04,-0.0007466401194624606
2026-02-13 14:00:00,25,0.04,0.04,0.00031017369727037725
2026-02-13 14:30:00,25,0.16,0.04,-0.0008613264427217437
2026-02-24 09:00:00,25,0.2,0.68,0.009932952570151476
2026-02-24 09:30:00,25,0.12,0.08,0.0010856691669955953
2026-02-24 10:00:00,25,0.0,0.04,0.001996007984031989
2026-02-24 10:30:00,25,0.0,0.28,0.0041641879833431705
2026-02-24 11:00:00,25,0.0,0.0,-0.0008144874794210333
2026-02-24 13:30:00,25,0.0,0.0,-0.001447065815654125
2026-02-24 14:00:00,25,0.0,0.0,-0.0012687671812222634
2026-02-24 14:30:00,25,0.04,0.0,0.0
2026-02-24 21:00:00,25,0.0,0.32,0.003633961017509124
2026-02-24 21:30:00,25,0.04,0.0,-0.0033783783783783994
2026-02-24 22:00:00,25,0.0,0.0,0.0008168266285479842
2026-02-24 22:30:00,25,0.0,0.0,0.0006734006734006037
2026-02-24 23:00:00,25,0.0,0.0,0.0
2026-02-24 23:30:00,25,0.0,0.0,0.0
2026-02-25 00:00:00,25,0.0,0.0,0.0
2026-02-25 00:30:00,25,0.0,0.0,0.0
2026-02-25 01:00:00,25,0.0,0.0,0.0
2026-02-25 01:30:00,25,0.0,0.0,0.0
2026-02-25 02:00:00,25,0.0,0.0,0.0
2026-02-25 09:00:00,25,0.0,0.08,0.003879134340547097
2026-02-25 09:30:00,25,0.0,0.0,-0.0015982488751453694
2026-02-25 10:00:00,25,0.0,0.0,0.0017953321364452268
2026-02-25 10:30:00,25,0.0,0.0,0.002535389816184175
2026-02-25 11:00:00,25,0.0,0.12,0.0
2026-02-25 13:30:00,25,0.0,0.04,0.0009759271307743234
2026-02-25 14:00:00,25,0.04,0.0,-0.002431610942249196
2026-02-25 14:30:00,25,0.0,0.0,0.001074743527112787
2026-02-25 21:00:00,25,0.04,0.0,0.0
2026-02-25 21:30:00,25,0.0,0.0,-0.0010473397570172072
2026-02-25 22:00:00,25,0.0,0.0,-0.0005838279653594958
2026-02-25 22:30:00,25,0.0,0.04,0.0012585713045742963
2026-02-25 23:00:00,25,0.0,0.0,0.0
2026-02-25 23:30:00,25,0.0,0.0,0.0
2026-02-26 00:00:00,25,0.0,0.0,0.0
2026-02-26 00:30:00,25,0.0,0.0,0.0
2026-02-26 01:00:00,25,0.0,0.0,0.0
2026-02-26 01:30:00,25,0.0,0.0,0.0
2026-02-26 02:00:00,25,0.0,0.0,0.0
2026-02-26 09:00:00,25,0.0,0.12,0.0008453085376163294
2026-02-26 09:30:00,25,0.0,0.0,-0.0011344299489506326
2026-02-26 10:00:00,25,0.0,0.0,-0.000681928884559202
2026-02-26 10:30:00,25,0.2,0.0,-0.0035502958579881616
2026-02-26 11:00:00,25,0.0,0.0,0.0010212418300654669
2026-02-26 13:30:00,25,0.08,0.0,-0.001280409731113985
2026-02-26 14:00:00,25,0.04,0.0,-0.0010501995379121887
2026-02-26 14:30:00,25,0.0,0.04,0.0013377926421405117
2026-02-26 21:00:00,25,0.16,0.16,-0.0021752641392168703
2026-02-26 21:30:00,25,0.0,0.0,0.00030712530712539987
2026-02-26 22:00:00,25,0.0,0.0,-0.00042069835927638355
2026-02-26 22:30:00,25,0.0,0.0,0.0
2026-02-26 23:00:00,25,0.0,0.04,0.0
2026-02-26 23:30:00,25,0.0,0.24,0.0
2026-02-27 00:00:00,25,0.0,0.0,0.0
2026-02-27 00:30:00,25,0.0,0.0,0.0
2026-02-27 01:00:00,25,0.0,0.0,0.0
2026-02-27 01:30:00,25,0.0,0.0,0.0
2026-02-27 02:00:00,25,0.0,0.0,0.0
2026-02-27 09:00:00,25,0.16,0.0,-0.0020026702269693164
2026-02-27 09:30:00,25,0.0,0.08,0.0016877637130801038
2026-02-27 10:00:00,25,0.0,0.04,0.0004859086491739717
2026-02-27 10:30:00,25,0.04,0.08,0.0005836008170412299
2026-02-27 11:00:00,25,0.08,0.0,-0.0021955165241507313
2026-02-27 13:30:00,25,0.0,0.04,0.0019047619047618536
2026-02-27 14:00:00,25,0.0,0.12,0.0009732360097323145
2026-02-27 14:30:00,25,0.0,0.32,0.0031201248049921304
2026-02-27 21:00:00,25,0.08,0.32,0.0017019207391197888
2026-02-27 21:30:00,25,0.28,0.0,-0.0033904690148803818
2026-02-27 22:00:00,25,0.0,0.0,0.0
2026-02-27 22:30:00,25,0.0,0.0,-0.00042087542087543284
2026-02-27 23:00:00,25,0.0,0.0,0.0
2026-02-27 23:30:00,25,0.0,0.0,0.0
2026-02-28 00:00:00,25,0.0,0.0,0.0
2026-02-28 00:30:00,25,0.0,0.0,0.0
2026-02-28 01:00:00,25,0.0,0.0,0.0
2026-02-28 01:30:00,25,0.0,0.0,0.0
2026-02-28 02:00:00,25,0.0,0.0,0.0
2026-03-02 09:00:00,25,0.24,0.24,-0.0007077140835102247
2026-03-02 09:30:00,25,0.0,0.04,0.0
2026-03-02 10:00:00,25,0.16,0.0,-0.0019361084220715918
2026-03-02 10:30:00,25,0.0,0.16,0.002632568634825194
2026-03-02 11:00:00,25,0.0,0.2,0.0018318746183594303
2026-03-02 13:30:00,25,0.0,0.08,0.0019717384160367057
2026-03-02 14:00:00,25,0.0,0.04,0.0015006565372350789
2026-03-02 14:30:00,25,0.0,0.04,2.2522522522550048e-05
2026-03-02 21:00:00,25,0.16,0.2,0.0
2026-03-02 21:30:00,25,0.04,0.0,-0.000353982300884903
2026-03-02 22:00:00,25,0.32,0.0,-0.004244482173174857
2026-03-02 22:30:00,25,0.0,0.0,0.0
2026-03-02 23:00:00,25,0.0,0.0,0.0
2026-03-02 23:30:00,25,0.0,0.0,0.0
2026-03-03 00:00:00,25,0.0,0.0,0.0
2026-03-03 00:30:00,25,0.0,0.0,0.0
2026-03-03 01:00:00,25,0.0,0.0,0.0
2026-03-03 01:30:00,25,0.0,0.0,0.0
2026-03-03 02:00:00,25,0.0,0.0,0.0
2026-03-03 09:00:00,25,0.04,0.36,0.005071461502996755
2026-03-03 09:30:00,25,0.32,0.0,-0.004813477737665495
2026-03-03 10:00:00,25,0.04,0.0,-0.00037643515904384195
2026-03-03 10:30:00,25,0.0,0.08,0.0031295843520782185
2026-03-03 11:00:00,25,0.0,0.0,0.00041008816895637956
2026-03-03 13:30:00,25,0.24,0.0,-0.002993115833582749
2026-03-03 14:00:00,25,0.08,0.04,0.0003757279729474927
2026-03-03 14:30:00,25,0.0,0.24,0.0011746280344557825
2026-03-03 21:00:00,25,0.12,0.32,0.0
2026-03-03 21:30:00,25,0.04,0.0,0.00040724903278355207
2026-03-03 22:00:00,25,0.0,0.0,-0.0013218770654329637
2026-03-03 22:30:00,25,0.2,0.0,-0.004042806183115366
2026-03-03 23:00:00,25,0.0,0.0,0.0
2026-03-03 23:30:00,25,0.0,0.0,0.0
2026-03-04 00:00:00,25,0.0,0.0,0.0
2026-03-04 00:30:00,25,0.0,0.0,0.0
2026-03-04 01:00:00,25,0.0,0.0,0.0
2026-03-04 01:30:00,25,0.0,0.0,0.0
2026-03-04 02:00:00,25,0.0,0.0,0.0
2026-03-04 09:00:00,25,0.2,0.04,-0.00037693177534869893
2026-03-04 09:30:00,25,0.08,0.08,-0.000954198473282486
2026-03-04 10:00:00,25,0.04,0.08,0.0030175015087507973
2026-03-04 10:30:00,25,0.04,0.0,-0.0015542430836182897
2026-03-04 11:00:00,25,0.0,0.0,0.0006687472135533667
2026-03-04 13:30:00,25,0.0,0.0,0.0014179369018079147
2026-03-04 14:00:00,25,0.0,0.04,0.0003109452736318463
2026-03-04 14:30:00,25,0.0,0.0,0.0
2026-03-04 21:00:00,25,0.12,0.08,0.0021017234131988083
2026-03-04 21:30:00,25,0.0,0.04,0.00035323207347226493
2026-03-04 22:00:00,25,0.0,0.0,-9.857072449481752e-05
2026-03-04 22:30:00,25,0.0,0.0,0.0
2026-03-04 23:00:00,25,0.0,0.0,0.0
2026-03-04 23:30:00,25,0.0,0.0,0.0
2026-03-05 00:00:00,25,0.0,0.0,0.0
2026-03-05 00:30:00,25,0.0,0.0,0.0
2026-03-05 01:00:00,25,0.0,0.0,0.0
2026-03-05 01:30:00,25,0.0,0.0,0.0
2026-03-05 02:00:00,25,0.0,0.0,0.0
2026-03-05 09:00:00,25,0.0,0.12,0.002636038410845476
2026-03-05 09:30:00,25,0.08,0.04,-0.0003299355757376832
2026-03-05 10:00:00,25,0.0,0.0,0.0017554125219425565
2026-03-05 10:30:00,25,0.0,0.04,0.0017523364485980686
2026-03-05 11:00:00,25,0.0,0.04,-0.0009740259740259605
2026-03-05 13:30:00,25,0.2,0.04,-0.0016722408026755842
2026-03-05 14:00:00,25,0.04,0.0,0.0001873711823121571
2026-03-05 14:30:00,25,0.12,0.0,-0.0007163323782235498
2026-03-05 21:00:00,25,0.16,0.08,-0.0006232471174820731
2026-03-05 21:30:00,25,0.0,0.0,0.0
2026-03-05 22:00:00,25,0.0,0.04,0.0
2026-03-05 22:30:00,25,0.0,0.0,0.0
2026-03-05 23:00:00,25,0.0,0.0,0.0
2026-03-05 23:30:00,25,0.0,0.0,0.0
2026-03-06 00:00:00,25,0.0,0.0,0.0
2026-03-06 00:30:00,25,0.0,0.0,0.0
2026-03-06 01:00:00,25,0.0,0.0,0.0
2026-03-06 01:30:00,25,0.0,0.0,0.0
2026-03-06 02:00:00,25,0.0,0.0,0.0
2026-03-06 09:00:00,25,0.04,0.28,0.004730368968779652
2026-03-06 09:30:00,25,0.04,0.24,0.004287464271131025
2026-03-06 10:00:00,25,0.0,0.0,-0.0008110300081103361
2026-03-06 10:30:00,25,0.0,0.0,0.0008960573476701761
2026-03-06 11:00:00,25,0.0,0.0,0.0013101867016049873
2026-03-06 13:30:00,25,0.0,0.04,0.0
2026-03-06 14:00:00,25,0.0,0.04,0.0011555884256262416
2026-03-06 14:30:00,25,0.0,0.0,0.0005757052389177009
2026-03-06 21:00:00,25,0.04,0.6,0.004334365325077361
2026-03-06 21:30:00,25,0.0,0.04,0.00037119524870088405
2026-03-06 22:00:00,25,0.0,0.0,-0.00018552875695732052
2026-03-06 22:30:00,25,0.08,0.0,0.0
2026-03-06 23:00:00,25,0.0,0.0,0.0
2026-03-06 23:30:00,25,0.0,0.0,0.0
2026-03-07 00:00:00,25,0.0,0.0,0.0
2026-03-07 00:30:00,25,0.04,0.0,0.0
2026-03-07 01:00:00,25,0.0,0.0,0.0
2026-03-07 01:30:00,25,0.0,0.0,0.0
2026-03-07 02:00:00,25,0.0,0.0,0.0
2026-03-09 09:00:00,25,0.2,0.64,0.01608579088471851
2026-03-09 09:30:00,25,0.04,0.04,0.0
2026-03-09 10:00:00,25,0.0,0.12,0.0004111842105263275
2026-03-09 10:30:00,25,0.04,0.04,0.0
2026-03-09 11:00:00,25,0.04,0.04,0.0
2026-03-09 13:30:00,25,0.64,0.0,-0.014984033407025255
2026-03-09 14:00:00,25,0.0,0.0,0.0005934407344703185
2026-03-09 14:30:00,25,0.0,0.0,0.000611995104039087
2026-03-09 21:00:00,25,0.04,0.04,-0.0018395879323032105
2026-03-09 21:30:00,25,0.0,0.0,-0.0014841199168892372
2026-03-09 22:00:00,25,0.0,0.04,0.0020500205002049743
2026-03-09 22:30:00,25,0.0,0.0,0.0004312203536007697
2026-03-09 23:00:00,25,0.0,0.0,0.0
2026-03-09 23:30:00,25,0.0,0.04,0.0
2026-03-10 00:00:00,25,0.0,0.0,0.0
2026-03-10 00:30:00,25,0.0,0.0,0.0
2026-03-10 01:00:00,25,0.0,0.0,0.0
2026-03-10 01:30:00,25,0.0,0.0,0.0
2026-03-10 02:00:00,25,0.0,0.0,0.0
2026-03-10 09:00:00,25,0.52,0.08,-0.012722646310432517
2026-03-10 09:30:00,25,0.0,0.0,0.0
2026-03-10 10:00:00,25,0.0,0.0,0.0
2026-03-10 10:30:00,25,0.0,0.0,0.0038910505836575737
2026-03-10 11:00:00,25,0.0,0.0,0.0016123831022250013
2026-03-10 13:30:00,25,0.0,0.0,0.0009293680297397522
2026-03-10 14:00:00,25,0.0,0.0,-0.00030674846625766694
2026-03-10 14:30:00,25,0.0,0.0,0.0
2026-03-10 21:00:00,25,0.0,0.04,0.0003221649484537181
2026-03-10 21:30:00,25,0.0,0.0,0.0
2026-03-10 22:00:00,25,0.0,0.0,-0.00030712530712528885
2026-03-10 22:30:00,25,0.0,0.0,-0.0001845699520117705
2026-03-10 23:00:00,25,0.0,0.0,0.0
2026-03-10 23:30:00,25,0.0,0.0,0.0
2026-03-11 00:00:00,25,0.0,0.0,0.0
2026-03-11 00:30:00,25,0.0,0.0,0.0
2026-03-11 01:00:00,25,0.0,0.0,0.0
2026-03-11 01:30:00,25,0.0,0.0,0.0
2026-03-11 02:00:00,25,0.0,0.0,0.0
2026-03-11 09:00:00,25,0.0,0.0,0.002751153709620091
2026-03-11 09:30:00,25,0.0,0.0,0.0009193993257738953
2026-03-11 10:00:00,25,0.0,0.0,0.0008203445447088065
2026-03-11 10:30:00,25,0.0,0.0,0.0018387986515475685
2026-03-11 11:00:00,25,0.0,0.0,0.0
2026-03-11 13:30:00,25,0.0,0.0,0.000801924619085792
2026-03-11 14:00:00,25,0.0,0.0,0.0011587485515642815
2026-03-11 14:30:00,25,0.08,0.04,0.0
2026-03-11 21:00:00,25,0.04,0.24,0.0037834691501745787
2026-03-11 21:30:00,25,0.16,0.0,-0.003764842166232296
2026-03-11 22:00:00,25,0.0,0.04,0.0012658227848101333
2026-03-11 22:30:00,25,0.0,0.0,0.0
2026-03-11 23:00:00,25,0.0,0.0,0.0
2026-03-11 23:30:00,25,0.0,0.0,0.0
2026-03-12 00:00:00,25,0.0,0.0,0.0
2026-03-12 00:30:00,25,0.0,0.0,0.0
2026-03-12 01:00:00,25,0.0,0.0,0.0
2026-03-12 01:30:00,25,0.0,0.0,0.0
2026-03-12 02:00:00,25,0.0,0.0,0.0
2026-03-12 09:00:00,25,0.0,0.12,0.0025284450063212116
2026-03-12 09:30:00,25,0.04,0.12,0.0049027157451615455
2026-03-12 10:00:00,25,0.0,0.0,0.001602050624799789
2026-03-12 10:30:00,25,0.68,0.0,-0.006890611541774283
2026-03-12 11:00:00,25,0.0,0.0,0.001221374045801582
2026-03-12 13:30:00,25,0.32,0.0,-0.002880184331797264
2026-03-12 14:00:00,25,0.0,0.04,0.0010289124395514992
2026-03-12 14:30:00,25,0.0,0.0,-0.0012505210504376585
2026-03-12 21:00:00,25,0.04,0.32,0.004865616311399368
2026-03-12 21:30:00,25,0.0,0.04,-0.0008833922261484162
2026-03-12 22:00:00,25,0.0,0.0,0.001822046765866947
2026-03-12 22:30:00,25,0.0,0.0,-0.0008795074758135568
2026-03-12 23:00:00,25,0.0,0.0,0.0
2026-03-12 23:30:00,25,0.0,0.0,0.0
2026-03-13 00:00:00,25,0.0,0.0,0.0
2026-03-13 00:30:00,25,0.0,0.0,0.0
2026-03-13 01:00:00,25,0.0,0.0,0.0
2026-03-13 01:30:00,25,0.0,0.0,0.0
2026-03-13 02:00:00,25,0.0,0.0,0.0
2026-03-13 09:00:00,25,0.0,0.08,0.0
2026-03-13 09:30:00,25,0.04,0.0,0.002376708259061111
2026-03-13 10:00:00,25,0.0,0.0,0.0008561643835616195
2026-03-13 10:30:00,25,0.0,0.0,-0.0008764241893076674
2026-03-13 11:00:00,25,0.0,0.04,-0.0012706480304955914
2026-03-13 13:30:00,25,0.24,0.0,-0.0034383954154727503
2026-03-13 14:00:00,25,0.04,0.0,-0.002052123948286466
2026-03-13 14:30:00,25,0.04,0.0,0.0
2026-03-13 21:00:00,25,0.16,0.08,-0.0008972186222709899
2026-03-13 21:30:00,25,0.0,0.0,0.0012499999999999734
2026-03-13 22:00:00,25,0.0,0.0,-0.00041963911036513313
2026-03-13 22:30:00,25,0.08,0.0,0.0005348165579206476
2026-03-13 23:00:00,25,0.0,0.04,0.0
2026-03-13 23:30:00,25,0.04,0.0,0.0
2026-03-14 00:00:00,25,0.0,0.0,0.0
2026-03-14 00:30:00,25,0.0,0.0,0.0
2026-03-14 01:00:00,25,0.0,0.0,0.0
2026-03-14 01:30:00,25,0.0,0.0,0.0
2026-03-14 02:00:00,25,0.0,0.0,0.0
2026-03-16 09:00:00,25,0.28,0.08,-0.0012016823552973843
2026-03-16 09:30:00,25,0.0,0.08,0.005065382957321285
2026-03-16 10:00:00,25,0.0,0.08,-0.00032362459546930733
2026-03-16 10:30:00,25,0.16,0.0,-0.002479851208927464
2026-03-16 11:00:00,25,0.0,0.0,0.0009074410163338875
2026-03-16 13:30:00,25,0.0,0.12,0.0014316136074874475
2026-03-16 14:00:00,25,0.0,0.04,0.0012755102040815647
2026-03-16 14:30:00,25,0.0,0.0,-0.0009066183136899886
2026-03-16 21:00:00,25,0.28,0.08,-0.0030902348578492056
2026-03-16 21:30:00,25,0.08,0.0,-0.0009646302250804206
2026-03-16 22:00:00,25,0.0,0.0,0.001625685836212254
2026-03-16 22:30:00,25,0.0,0.0,0.0006295907660021083
2026-03-16 23:00:00,25,0.0,0.0,0.0
2026-03-16 23:30:00,25,0.0,0.0,0.0
2026-03-17 00:00:00,25,0.0,0.0,0.0
2026-03-17 00:30:00,25,0.0,0.0,0.0
2026-03-17 01:00:00,25,0.0,0.0,0.0
2026-03-17 01:30:00,25,0.0,0.0,0.0
2026-03-17 02:00:00,25,0.0,0.0,0.0
2026-03-17 09:00:00,25,0.04,0.08,0.0006361323155217313
2026-03-17 09:30:00,25,0.0,0.0,0.0019736842105262387
2026-03-17 10:00:00,25,0.0,0.0,0.000402738622633958
2026-03-17 10:30:00,25,0.04,0.0,-0.0022083179977916423
2026-03-17 11:00:00,25,0.04,0.0,0.00031816735602929747
2026-03-17 13:30:00,25,0.12,0.08,0.001513775355737268
2026-03-17 14:00:00,25,0.0,0.0,-0.0020261263663022833
2026-03-17 14:30:00,25,0.0,0.04,-0.00018494544109493027
2026-03-17 21:00:00,25,0.04,0.12,0.0004191114836546994
2026-03-17 21:30:00,25,0.0,0.0,0.00030147723846840613
2026-03-17 22:00:00,25,0.0,0.0,0.0
2026-03-17 22:30:00,25,0.0,0.0,-0.0008017638805372096
2026-03-17 23:00:00,25,0.0,0.0,0.0
2026-03-17 23:30:00,25,0.0,0.0,0.0
2026-03-18 00:00:00,25,0.0,0.0,0.0
2026-03-18 00:30:00,25,0.0,0.0,0.0
2026-03-18 01:00:00,25,0.0,0.0,0.0
2026-03-18 01:30:00,25,0.0,0.0,0.0
2026-03-18 02:00:00,25,0.0,0.0,0.0
2026-03-18 09:00:00,25,0.16,0.08,0.0008554319931566301
2026-03-18 09:30:00,25,0.4,0.0,-0.005394662123793248
2026-03-18 10:00:00,25,0.16,0.0,-0.0004290924694271281
2026-03-18 10:30:00,25,0.08,0.0,-0.0023837902264600697
2026-03-18 11:00:00,25,0.0,0.0,-0.0006436387041407476
2026-03-18 13:30:00,25,0.04,0.0,-0.0010116337885685
2026-03-18 14:00:00,25,0.0,0.04,0.0009079903147699575
2026-03-18 14:30:00,25,0.04,0.0,0.0004199916001679238
2026-03-18 21:00:00,25,0.36,0.4,0.0
2026-03-18 21:30:00,25,0.0,0.0,0.00031948881789145567
2026-03-18 22:00:00,25,0.0,0.0,0.00020292207792205197
2026-03-18 22:30:00,25,0.0,0.0,0.0014347202295552641
2026-03-18 23:00:00,25,0.0,0.04,0.0
2026-03-18 23:30:00,25,0.0,0.0,0.0
2026-03-19 00:00:00,25,0.0,0.0,0.0
2026-03-19 00:30:00,25,0.0,0.0,0.0
2026-03-19 01:00:00,25,0.0,0.0,0.0
2026-03-19 01:30:00,25,0.0,0.0,0.0
2026-03-19 02:00:00,25,0.0,0.0,0.0
2026-03-19 09:00:00,25,0.08,0.08,-0.003281378178835115
2026-03-19 09:30:00,25,0.0,0.0,0.00020206102242870116
2026-03-19 10:00:00,25,0.0,0.0,-0.0009242144177449285
2026-03-19 10:30:00,25,0.12,0.0,-0.00223428024257899
2026-03-19 11:00:00,25,0.04,0.0,-0.00032905561039819897
2026-03-19 13:30:00,25,0.24,0.0,-0.0007393715341958984
2026-03-19 14:00:00,25,0.16,0.0,-0.001373771531226864
2026-03-19 14:30:00,25,0.04,0.04,0.0006207324643079382
2026-03-19 21:00:00,25,0.68,0.0,-0.0077619663648124115
2026-03-19 21:30:00,25,0.0,0.08,0.0033333333333334103
2026-03-19 22:00:00,25,0.0,0.0,0.0
2026-03-19 22:30:00,25,0.0,0.04,0.0015160703456640334
2026-03-19 23:00:00,25,0.0,0.0,0.0
2026-03-19 23:30:00,25,0.0,0.0,0.0
2026-03-20 00:00:00,25,0.0,0.0,0.0
2026-03-20 00:30:00,25,0.0,0.0,0.0
2026-03-20 01:00:00,25,0.0,0.0,0.0
2026-03-20 01:30:00,25,0.0,0.0,0.0
2026-03-20 02:00:00,25,0.0,0.0,0.0
2026-03-20 09:00:00,25,0.2,0.2,0.0011607661056296514
2026-03-20 09:30:00,25,0.0,0.0,0.0021592442645075316
2026-03-20 10:00:00,25,0.0,0.0,0.0
2026-03-20 10:30:00,25,0.0,0.04,0.0009334163036713861
2026-03-20 11:00:00,25,0.0,0.2,0.0024343986186203814
2026-03-20 13:30:00,25,0.08,0.04,-0.0006938020351526797
2026-03-20 14:00:00,25,0.0,0.04,-0.001014703629958813
2026-03-20 14:30:00,25,0.08,0.0,-0.0025433526011561236
2026-03-20 21:00:00,25,0.0,0.44,0.0030134445989800085
2026-03-20 21:30:00,25,0.0,0.08,0.0005494505494505475
2026-03-20 22:00:00,25,0.08,0.04,-0.0012813472451034258
2026-03-20 22:30:00,25,0.0,0.04,0.0015136027677307151
2026-03-20 23:00:00,25,0.0,0.0,0.0
2026-03-20 23:30:00,25,0.0,0.0,0.0
2026-03-21 00:00:00,25,0.0,0.0,0.0
2026-03-21 00:30:00,25,0.0,0.0,0.0
2026-03-21 01:00:00,25,0.0,0.0,0.0
2026-03-21 01:30:00,25,0.0,0.0,0.0
2026-03-21 02:00:00,25,0.0,0.0,0.0
2026-03-23 09:00:00,25,0.04,0.24,0.000694444444444553
2026-03-23 09:30:00,25,0.0,0.24,0.0028522532800911993
2026-03-23 10:00:00,25,0.16,0.0,-0.0028951939779965352
2026-03-23 10:30:00,25,0.0,0.04,0.0033355570380253496
2026-03-23 11:00:00,25,0.0,0.0,0.0
2026-03-23 13:30:00,25,0.0,0.0,-0.0011446886446886406
2026-03-23 14:00:00,25,0.0,0.0,-0.0005414185165132368
2026-03-23 14:30:00,25,0.04,0.04,0.0006009615384614531
2026-03-23 21:00:00,25,0.32,0.2,-0.0025364616360177283
2026-03-23 21:30:00,25,0.0,0.0,0.0
2026-03-23 22:00:00,25,0.0,0.0,-0.0009535918626827344
2026-03-23 22:30:00,25,0.0,0.0,0.0
2026-03-23 23:00:00,25,0.0,0.0,0.0
2026-03-23 23:30:00,25,0.0,0.0,0.0
2026-03-24 00:00:00,25,0.0,0.0,0.0
2026-03-24 00:30:00,25,0.0,0.0,0.0
2026-03-24 01:00:00,25,0.0,0.0,0.0
2026-03-24 01:30:00,25,0.0,0.0,0.0
2026-03-24 02:00:00,25,0.0,0.0,0.0
2026-03-24 09:00:00,25,0.0,0.24,0.003340292275574086
2026-03-24 09:30:00,25,0.0,0.0,-0.001088376142795
2026-03-24 10:00:00,25,0.0,0.0,0.0006537371976464978
2026-03-24 10:30:00,25,0.04,0.0,-0.0012706480304955914
2026-03-24 11:00:00,25,0.0,0.0,0.0009033423667570428
2026-03-24 13:30:00,25,0.0,0.0,-0.0012851110703139268
2026-03-24 14:00:00,25,0.04,0.0,-0.0007352941176470562
2026-03-24 14:30:00,25,0.0,0.0,-0.00130599451482305
2026-03-24 21:00:00,25,0.0,0.08,0.001907790143084176
2026-03-24 21:30:00,25,0.0,0.0,0.0
2026-03-24 22:00:00,25,0.04,0.0,-0.0019685039370078705
2026-03-24 22:30:00,25,0.0,0.0,0.0
2026-03-24 23:00:00,25,0.0,0.0,0.0
2026-03-24 23:30:00,25,0.0,0.0,0.0
2026-03-25 00:00:00,25,0.0,0.0,0.0
2026-03-25 00:30:00,25,0.0,0.0,0.0
2026-03-25 01:00:00,25,0.0,0.0,0.0
2026-03-25 01:30:00,25,0.0,0.0,0.0
2026-03-25 02:00:00,25,0.0,0.0,0.0
2026-03-25 09:00:00,25,0.28,0.28,-0.001843997787202678
2026-03-25 09:30:00,25,0.0,0.04,0.00042069835927649457
2026-03-25 10:00:00,25,0.0,0.04,0.0
2026-03-25 10:30:00,25,0.04,0.0,0.0
2026-03-25 11:00:00,25,0.0,0.04,0.0
2026-03-25 13:30:00,25,0.0,0.04,0.0005622715771718134
2026-03-25 14:00:00,25,0.0,0.0,0.0
2026-03-25 14:30:00,25,0.0,0.0,0.0
2026-03-25 21:00:00,25,0.04,0.04,0.0
2026-03-25 21:30:00,25,0.0,0.0,0.00028169014084511446
2026-03-25 22:00:00,25,0.04,0.0,0.0
2026-03-25 22:30:00,25,0.0,0.0,0.00031948881789145567
2026-03-25 23:00:00,25,0.0,0.0,0.0
2026-03-25 23:30:00,25,0.0,0.0,0.0
2026-03-26 00:00:00,25,0.0,0.0,0.0
2026-03-26 00:30:00,25,0.0,0.0,0.0
2026-03-26 01:00:00,25,0.0,0.0,0.0
2026-03-26 01:30:00,25,0.0,0.0,0.0
2026-03-26 02:00:00,25,0.0,0.0,0.0
2026-03-26 09:00:00,25,0.08,0.12,0.0005632216277104973
2026-03-26 09:30:00,25,0.08,0.04,-0.0008406893652794789
2026-03-26 10:00:00,25,0.0,0.0,-0.0009730781706129843
2026-03-26 10:30:00,25,0.04,0.08,-0.0009060706735125601
2026-03-26 11:00:00,25,0.0,0.04,0.00021829294913766617
2026-03-26 13:30:00,25,0.08,0.0,0.0
2026-03-26 14:00:00,25,0.0,0.0,-0.000604960677555999
2026-03-26 14:30:00,25,0.0,0.08,0.0012987012987013546
2026-03-26 21:00:00,25,0.2,0.08,0.0
2026-03-26 21:30:00,25,0.16,0.0,-0.0003049710277523987
2026-03-26 22:00:00,25,0.0,0.04,-0.0004179728317659226
2026-03-26 22:30:00,25,0.0,0.0,0.0007356998344676402
2026-03-26 23:00:00,25,0.0,0.0,0.0
2026-03-26 23:30:00,25,0.0,0.0,0.0
2026-03-27 00:00:00,25,0.0,0.0,0.0
2026-03-27 00:30:00,25,0.0,0.0,0.0
2026-03-27 01:00:00,25,0.0,0.0,0.0
2026-03-27 01:30:00,25,0.0,0.0,0.0
2026-03-27 02:00:00,25,0.0,0.0,0.0
2026-03-27 09:00:00,25,0.0,0.04,0.0008618213157138843
2026-03-27 09:30:00,25,0.0,0.04,0.00030358227079529954
2026-03-27 10:00:00,25,0.0,0.04,0.0006069802731412111
2026-03-27 10:30:00,25,0.04,0.04,-0.0006445375443119294
2026-03-27 11:00:00,25,0.0,0.16,0.0025839793281654533
2026-03-27 13:30:00,25,0.12,0.04,0.0006432246998284707
2026-03-27 14:00:00,25,0.0,0.04,0.0012154360376785966
2026-03-27 14:30:00,25,0.0,0.08,0.00036616623947272053
2026-03-27 21:00:00,25,0.16,0.24,0.0008442380751372269
2026-03-27 21:30:00,25,0.04,0.0,-0.00042900042900040347
2026-03-27 22:00:00,25,0.04,0.0,0.0
2026-03-27 22:30:00,25,0.08,0.12,0.0
2026-03-27 23:00:00,25,0.0,0.0,0.0
2026-03-27 23:30:00,25,0.0,0.0,0.0
2026-03-28 00:00:00,25,0.0,0.0,0.0
2026-03-28 00:30:00,25,0.0,0.0,0.0
2026-03-28 01:00:00,25,0.0,0.0,0.0
2026-03-28 01:30:00,25,0.0,0.0,0.0
2026-03-28 02:00:00,25,0.0,0.0,0.0
2026-03-30 09:00:00,25,0.12,0.48,0.005702879954377016
2026-03-30 09:30:00,25,0.24,0.0,-0.0017472335468841083
2026-03-30 10:00:00,25,0.0,0.0,0.0006373486297004405
2026-03-30 10:30:00,25,0.16,0.0,-0.0015169902912621769
2026-03-30 11:00:00,25,0.04,0.0,0.0009624639076035724
2026-03-30 13:30:00,25,0.04,0.04,0.000302388872089443
2026-03-30 14:00:00,25,0.0,0.0,0.0006499837504061468
2026-03-30 14:30:00,25,0.0,0.08,0.0
2026-03-30 21:00:00,25,0.08,0.04,0.0
2026-03-30 21:30:00,25,0.0,0.0,0.0
2026-03-30 22:00:00,25,0.0,0.0,0.0
2026-03-30 22:30:00,25,0.0,0.0,0.0008003201280513128
2026-03-30 23:00:00,25,0.0,0.0,0.0
2026-03-30 23:30:00,25,0.0,0.0,0.0
2026-03-31 00:00:00,25,0.0,0.0,0.0
2026-03-31 00:30:00,25,0.0,0.0,0.0
2026-03-31 01:00:00,25,0.0,0.0,0.0
2026-03-31 01:30:00,25,0.0,0.0,0.0
2026-03-31 02:00:00,25,0.0,0.0,0.0
2026-03-31 09:00:00,25,0.68,0.08,-0.004904966278356793
2026-03-31 09:30:00,25,0.04,0.04,0.0006161429451632117
2026-03-31 10:00:00,25,0.08,0.0,-0.001670146137787043
2026-03-31 10:30:00,25,0.08,0.04,-0.0002023062917256846
2026-03-31 11:00:00,25,0.08,0.0,-0.0012124886329191176
2026-03-31 13:30:00,25,0.0,0.04,0.0006384337092999459
2026-03-31 14:00:00,25,0.0,0.0,-0.0005998800239952473
2026-03-31 14:30:00,25,0.0,0.0,-0.00020973154362413648
2026-03-31 21:00:00,25,0.04,0.24,0.0023508668821627943
2026-03-31 21:30:00,25,0.0,0.0,-0.0006009615384615641
2026-03-31 22:00:00,25,0.0,0.08,0.001663585951940938
2026-03-31 22:30:00,25,0.0,0.04,0.0
2026-03-31 23:00:00,25,0.0,0.0,0.0
2026-03-31 23:30:00,25,0.0,0.0,0.0
2026-04-01 00:00:00,25,0.0,0.0,0.0
2026-04-01 00:30:00,25,0.04,0.08,0.0
2026-04-01 01:00:00,25,0.0,0.0,0.0
2026-04-01 01:30:00,25,0.0,0.0,0.0
2026-04-01 02:00:00,25,0.0,0.0,0.0
2026-04-01 09:00:00,25,0.24,0.04,-0.003917075250479685
2026-04-01 09:30:00,25,0.0,0.04,0.0012791813239527716
2026-04-01 10:00:00,25,0.04,0.0,-0.0001857355126300142
2026-04-01 10:30:00,25,0.0,0.16,0.0002000400080015563
2026-04-01 11:00:00,25,0.04,0.0,-0.0005581395348837059
2026-04-01 13:30:00,25,0.32,0.0,-0.004331782448259269
2026-04-01 14:00:00,25,0.04,0.0,-0.0004248088360238045
2026-04-01 14:30:00,25,0.04,0.0,-0.0012749681257968604
2026-04-01 21:00:00,25,0.04,0.12,0.0004264278670611521
2026-04-01 21:30:00,25,0.12,0.0,-0.0012658227848101333
2026-04-01 22:00:00,25,0.08,0.0,0.0
2026-04-01 22:30:00,25,0.0,0.04,0.0006985679357316421
2026-04-01 23:00:00,25,0.0,0.0,0.0
2026-04-01 23:30:00,25,0.0,0.0,0.0
2026-04-02 00:00:00,25,0.0,0.0,0.0
2026-04-02 00:30:00,25,0.0,0.0,0.0
2026-04-02 01:00:00,25,0.0,0.0,0.0
2026-04-02 01:30:00,25,0.0,0.0,0.0
2026-04-02 02:00:00,25,0.0,0.0,0.0
2026-04-02 09:00:00,25,0.2,0.24,0.0030060120240480437
2026-04-02 09:30:00,25,0.0,0.04,0.0006518904823988869
2026-04-02 10:00:00,25,0.0,0.0,0.0017108639863130382
2026-04-02 10:30:00,25,0.0,0.0,-0.0018564356435643026
2026-04-02 11:00:00,25,0.0,0.0,0.0006220839813375623
2026-04-02 13:30:00,25,0.08,0.12,0.00042480883602369346
2026-04-02 14:00:00,25,0.04,0.0,-0.0019273127753303143
2026-04-02 14:30:00,25,0.0,0.04,0.0
2026-04-02 21:00:00,25,0.12,0.12,0.0
2026-04-02 21:30:00,25,0.0,0.04,0.0
2026-04-02 22:00:00,25,0.04,0.0,-0.00040395879620280795
2026-04-02 22:30:00,25,0.04,0.0,0.0
2026-04-02 23:00:00,25,0.0,0.0,0.0
2026-04-02 23:30:00,25,0.0,0.0,0.0
2026-04-03 00:00:00,25,0.0,0.0,0.0
2026-04-03 00:30:00,25,0.0,0.0,0.0
2026-04-03 01:00:00,25,0.0,0.0,0.0
2026-04-03 01:30:00,25,0.0,0.0,0.0
2026-04-03 02:00:00,25,0.0,0.0,0.0
2026-04-03 09:00:00,25,0.08,0.0,0.0003045066991473888
2026-04-03 09:30:00,25,0.0,0.0,0.0
2026-04-03 10:00:00,25,0.0,0.0,-0.00010393929944907399
2026-04-03 10:30:00,25,0.0,0.0,0.00020255215718045783
2026-04-03 11:00:00,25,0.0,0.0,-0.0007005253940455258
2026-04-03 13:30:00,25,0.0,0.0,0.0012919896640826156
2026-04-03 14:00:00,25,0.04,0.0,-0.00032258064516133
2026-04-03 14:30:00,25,0.04,0.04,-0.000327653997378774
2026-04-07 09:00:00,25,0.12,0.2,0.0
2026-04-07 09:30:00,25,0.04,0.12,0.0008543357539512186
2026-04-07 10:00:00,25,0.04,0.0,-0.0008581235697940892
2026-04-07 10:30:00,25,0.0,0.04,0.0
2026-04-07 11:00:00,25,0.0,0.04,-0.0006557377049180024
2026-04-07 13:30:00,25,0.04,0.0,-0.0002945508100147265
2026-04-07 14:00:00,25,0.04,0.04,0.00039042891404994506
2026-04-07 14:30:00,25,0.08,0.0,-0.0014477766287487315
2026-04-07 21:00:00,25,0.04,0.2,0.000335045789591204
2026-04-07 21:30:00,25,0.04,0.0,0.0008718395815170421
2026-04-07 22:00:00,25,0.04,0.0,-0.000914076782449702
2026-04-07 22:30:00,25,0.04,0.0,-0.0003217503217503026
2026-04-07 23:00:00,25,0.0,0.0,0.0
2026-04-07 23:30:00,25,0.0,0.0,0.0
2026-04-08 00:00:00,25,0.0,0.0,0.0
2026-04-08 00:30:00,25,0.0,0.0,0.0
2026-04-08 01:00:00,25,0.0,0.0,0.0
2026-04-08 01:30:00,25,0.0,0.0,0.0
2026-04-08 02:00:00,25,0.0,0.0,0.0
2026-04-08 09:00:00,25,0.48,0.24,-0.0025553662691651935
2026-04-08 09:30:00,25,0.04,0.04,0.00018896447467886546
2026-04-08 10:00:00,25,0.0,0.0,0.001015744032503818
2026-04-08 10:30:00,25,0.0,0.04,0.00032970656116049213
2026-04-08 11:00:00,25,0.0,0.0,-0.0006383997446400835
2026-04-08 13:30:00,25,0.0,0.08,0.0004271678769756093
2026-04-08 14:00:00,25,0.0,0.0,-0.0010596962204167948
2026-04-08 14:30:00,25,0.0,0.0,0.0011358833474217622
2026-04-08 21:00:00,25,0.12,0.08,-0.0008361204013378476
2026-04-08 21:30:00,25,0.0,0.0,0.0
2026-04-08 22:00:00,25,0.0,0.0,-0.00030459945172101044
2026-04-08 22:30:00,25,0.0,0.0,0.00032123353678126243
2026-04-08 23:00:00,25,0.0,0.0,0.0
2026-04-08 23:30:00,25,0.0,0.0,0.0
2026-04-09 00:00:00,25,0.0,0.0,0.0
2026-04-09 00:30:00,25,0.0,0.0,0.0
2026-04-09 01:00:00,25,0.0,0.0,0.0
2026-04-09 01:30:00,25,0.0,0.0,0.0
2026-04-09 02:00:00,25,0.0,0.0,0.0
2026-04-09 09:00:00,25,0.12,0.0,-0.0023167649536647295
2026-04-09 09:30:00,25,0.04,0.0,0.0006609385327165374
2026-04-09 10:00:00,25,0.0,0.0,0.00029481132075481753
2026-04-09 10:30:00,25,0.0,0.04,0.00021034917963813626
2026-04-09 11:00:00,25,0.0,0.0,-0.00030543677458760854
2026-04-09 13:30:00,25,0.0,0.08,0.0
2026-04-09 14:00:00,25,0.0,0.04,0.0
2026-04-09 14:30:00,25,0.16,0.0,-0.0009407337723423836
2026-04-09 21:00:00,25,0.2,0.16,0.0
2026-04-09 21:30:00,25,0.0,0.04,0.0011734334663224821
2026-04-09 22:00:00,25,0.04,0.0,-0.0004198152812762146
2026-04-09 22:30:00,25,0.0,0.0,0.0
2026-04-09 23:00:00,25,0.0,0.0,0.0
2026-04-09 23:30:00,25,0.0,0.0,0.0
2026-04-10 00:00:00,25,0.0,0.0,0.0
2026-04-10 00:30:00,25,0.0,0.0,0.0
2026-04-10 01:00:00,25,0.0,0.0,0.0
2026-04-10 01:30:00,25,0.0,0.0,0.0
2026-04-10 02:00:00,25,0.0,0.0,0.0
2026-04-10 09:00:00,25,0.04,0.16,0.00020999580008407293
2026-04-10 09:30:00,25,0.0,0.08,0.0004053506282934993
2026-04-10 10:00:00,25,0.04,0.0,-0.00020259319286874966
2026-04-10 10:30:00,25,0.04,0.0,-0.0011735711770919366
2026-04-10 11:00:00,25,0.04,0.04,0.0014250814332248396
2026-04-10 13:30:00,25,0.04,0.0,0.0
2026-04-10 14:00:00,25,0.0,0.0,0.00021155066638467446
2026-04-10 14:30:00,25,0.04,0.0,-0.001438733914155499
2026-04-10 21:00:00,25,0.08,0.12,0.0
2026-04-10 21:30:00,25,0.0,0.0,-0.0006622516556291647
2026-04-10 22:00:00,25,0.0,0.04,0.000956632653061229
2026-04-10 22:30:00,25,0.0,0.04,-0.0003143665513989369
2026-04-10 23:00:00,25,0.0,0.0,0.0
2026-04-10 23:30:00,25,0.0,0.0,0.0
2026-04-11 00:00:00,25,0.0,0.0,0.0
2026-04-11 00:30:00,25,0.0,0.0,0.0
2026-04-11 01:00:00,25,0.0,0.0,0.0
2026-04-11 01:30:00,25,0.0,0.0,0.0
2026-04-11 02:00:00,25,0.0,0.0,0.0
2026-04-13 09:00:00,25,0.12,0.24,-0.0008479966080136014
2026-04-13 09:30:00,25,0.12,0.0,-0.0017436791630339732
2026-04-13 10:00:00,25,0.0,0.04,0.00037664783427504567
2026-04-13 10:30:00,25,0.0,0.0,-0.00035198873636044237
2026-04-13 11:00:00,25,0.0,0.24,0.0017406440382941035
2026-04-13 13:30:00,25,0.0,0.04,0.0012749681257968604
2026-04-13 14:00:00,25,0.0,0.08,0.0
2026-04-13 14:30:00,25,0.0,0.0,-0.0006468305304010435
2026-04-13 21:00:00,25,0.12,0.12,0.0
2026-04-13 21:30:00,25,0.08,0.0,0.0
2026-04-13 22:00:00,25,0.0,0.04,0.0006095702529715918
2026-04-13 22:30:00,25,0.0,0.12,0.0003535651149086938
2026-04-13 23:00:00,25,0.0,0.0,0.0
2026-04-13 23:30:00,25,0.0,0.0,0.0
2026-04-14 00:00:00,25,0.0,0.0,0.0
2026-04-14 00:30:00,25,0.0,0.0,0.0
2026-04-14 01:00:00,25,0.0,0.0,0.0
2026-04-14 01:30:00,25,0.0,0.0,0.0
2026-04-14 02:00:00,25,0.0,0.0,0.0
2026-04-14 09:00:00,25,0.08,0.16,0.000843525938422518
2026-04-14 09:30:00,25,0.0,0.0,-0.001027397260274121
2026-04-14 10:00:00,25,0.04,0.0,0.0
2026-04-14 10:30:00,25,0.08,0.0,0.0
2026-04-14 11:00:00,25,0.0,0.0,0.000422029964127546
2026-04-14 13:30:00,25,0.0,0.0,-0.000841042893187538
2026-04-14 14:00:00,25,0.0,0.0,0.0006474587245062224
2026-04-14 14:30:00,25,0.0,0.08,0.0009705596894209467
2026-04-14 21:00:00,25,0.08,0.32,5.698979882606814e-05
2026-04-14 21:30:00,25,0.04,0.0,-0.0003364737550470842
2026-04-14 22:00:00,25,0.0,0.0,0.0
2026-04-14 22:30:00,25,0.0,0.0,0.0
2026-04-14 23:00:00,25,0.0,0.0,0.0
2026-04-14 23:30:00,25,0.0,0.0,0.0
2026-04-15 00:00:00,25,0.0,0.0,0.0
2026-04-15 00:30:00,25,0.0,0.0,0.0
2026-04-15 01:00:00,25,0.0,0.0,0.0
2026-04-15 01:30:00,25,0.0,0.0,0.0
2026-04-15 02:00:00,25,0.0,0.0,0.0
2026-04-15 09:00:00,25,0.04,0.24,0.0
2026-04-15 09:30:00,25,0.0,0.08,0.0016144656118823875
2026-04-15 10:00:00,25,0.0,0.0,0.00032226877215602023
2026-04-15 10:30:00,25,0.12,0.12,0.0
2026-04-15 11:00:00,25,0.08,0.0,0.0
2026-04-15 13:30:00,25,0.0,0.0,-0.0007886435331230235
2026-04-15 14:00:00,25,0.0,0.04,-0.0006445375443119294
2026-04-15 14:30:00,25,0.0,0.04,0.00042247570764675224
2026-04-15 21:00:00,25,0.16,0.36,0.003625890400390963
2026-04-15 21:30:00,25,0.0,0.0,-0.0003173092178326842
2026-04-15 22:00:00,25,0.0,0.04,-0.0005941770647652778
2026-04-15 22:30:00,25,0.0,0.04,0.00032123353678126243
2026-04-15 23:00:00,25,0.0,0.0,0.0
2026-04-15 23:30:00,25,0.0,0.0,0.0
2026-04-16 00:00:00,25,0.0,0.0,0.0
2026-04-16 00:30:00,25,0.0,0.0,0.0
2026-04-16 01:00:00,25,0.0,0.0,0.0
2026-04-16 01:30:00,25,0.0,0.0,0.0
2026-04-16 02:00:00,25,0.0,0.0,0.0
2026-04-16 09:00:00,25,0.04,0.24,0.0016736401673640433
2026-04-16 09:30:00,25,0.0,0.12,0.001318019205422738
2026-04-16 10:00:00,25,0.0,0.0,0.0
2026-04-16 10:30:00,25,0.0,0.0,-0.0009475679090334976
2026-04-16 11:00:00,25,0.0,0.0,0.00040700040700047957
2026-04-16 13:30:00,25,0.0,0.08,0.0012626262626262985
2026-04-16 14:00:00,25,0.0,0.08,0.0019218449711724261
2026-04-16 14:30:00,25,0.0,0.04,0.0009416195856872811
2026-04-16 21:00:00,25,0.08,0.04,-0.0007801833430856053
2026-04-16 21:30:00,25,0.0,0.0,-0.000670465973851786
2026-04-16 22:00:00,25,0.0,0.0,0.0006287331027978738
2026-04-16 22:30:00,25,0.0,0.0,0.00031928480204346243
2026-04-16 23:00:00,25,0.0,0.0,0.0
2026-04-16 23:30:00,25,0.0,0.0,0.0
2026-04-17 00:00:00,25,0.0,0.0,0.0
2026-04-17 00:30:00,25,0.0,0.0,0.0
2026-04-17 01:00:00,25,0.0,0.0,0.0
2026-04-17 01:30:00,25,0.0,0.0,0.0
2026-04-17 02:00:00,25,0.0,0.0,0.0
2026-04-17 09:00:00,25,0.2,0.04,-0.0024262029923169948
2026-04-17 09:30:00,25,0.0,0.0,-0.0013000827325375663
2026-04-17 10:00:00,25,0.0,0.0,0.0003072511265873601
2026-04-17 10:30:00,25,0.0,0.04,0.0006387735547748186
2026-04-17 11:00:00,25,0.0,0.0,0.0012614317250079221
2026-04-17 13:30:00,25,0.12,0.04,-0.0009276437847866026
2026-04-17 14:00:00,25,0.04,0.0,-0.0009025270758122872
2026-04-17 14:30:00,25,0.0,0.16,0.0023228803716608404
2026-04-17 21:00:00,25,0.4,0.16,-0.002406738868832692
2026-04-17 21:30:00,25,0.0,0.04,0.0008364700961940308
2026-04-17 22:00:00,25,0.0,0.0,0.0
2026-04-17 22:30:00,25,0.0,0.0,0.00047636060497802113
2026-04-17 23:00:00,25,0.0,0.0,0.0
2026-04-17 23:30:00,25,0.04,0.0,0.0
2026-04-18 00:00:00,25,0.0,0.0,0.0
2026-04-18 00:30:00,25,0.0,0.0,0.0
2026-04-18 01:00:00,25,0.0,0.0,0.0
2026-04-18 01:30:00,25,0.0,0.0,0.0
2026-04-18 02:00:00,25,0.0,0.0,0.0
2026-04-20 09:00:00,25,0.08,0.48,0.005084745762711895
2026-04-20 09:30:00,25,0.0,0.0,-0.00029299736302368373
2026-04-20 10:00:00,25,0.0,0.08,0.0006804043545878269
2026-04-20 10:30:00,25,0.0,0.08,0.0
2026-04-20 11:00:00,25,0.0,0.12,0.0007388642600802964
2026-04-20 13:30:00,25,0.0,0.0,-0.0005309365341220618
2026-04-20 14:00:00,25,0.0,0.0,0.0009174311926605228
2026-04-20 14:30:00,25,0.0,0.0,0.0
2026-04-20 21:00:00,25,0.04,0.04,-0.00028768699654779795
2026-04-20 21:30:00,25,0.0,0.0,0.0
2026-04-20 22:00:00,25,0.0,0.0,0.0
2026-04-20 22:30:00,25,0.0,0.0,0.0
2026-04-20 23:00:00,25,0.0,0.0,0.0
2026-04-20 23:30:00,25,0.0,0.0,0.0
2026-04-21 00:00:00,25,0.0,0.0,0.0
2026-04-21 00:30:00,25,0.0,0.0,0.0
2026-04-21 01:00:00,25,0.0,0.0,0.0
2026-04-21 01:30:00,25,0.0,0.0,0.0
2026-04-21 02:00:00,25,0.0,0.0,0.0
2026-04-21 09:00:00,25,0.04,0.24,-0.0005763688760807018
2026-04-21 09:30:00,25,0.0,0.0,-0.0008650519031141446
2026-04-21 10:00:00,25,0.04,0.0,-0.0003791804646224861
2026-04-21 10:30:00,25,0.0,0.0,0.0006259127894847616
2026-04-21 11:00:00,25,0.08,0.0,-0.0006293266205160686
2026-04-21 13:30:00,25,0.08,0.16,0.0006297229219143219
2026-04-21 14:00:00,25,0.0,0.0,-0.0003131850923896451
2026-04-21 14:30:00,25,0.0,0.0,0.0010973026769081073
2026-04-21 21:00:00,25,0.08,0.24,0.0
2026-04-21 21:30:00,25,0.0,0.0,0.0006349206349205438
2026-04-21 22:00:00,25,0.0,0.0,0.0002921129503408171
2026-04-21 22:30:00,25,0.12,0.0,0.0
2026-04-21 23:00:00,25,0.0,0.0,0.0
2026-04-21 23:30:00,25,0.0,0.0,0.0
2026-04-22 00:00:00,25,0.0,0.0,0.0
2026-04-22 00:30:00,25,0.0,0.0,0.0
2026-04-22 01:00:00,25,0.0,0.0,0.0
2026-04-22 01:30:00,25,0.04,0.0,0.0
2026-04-22 02:00:00,25,0.0,0.0,0.0
2026-04-22 09:00:00,25,0.08,0.12,0.000926784059314123
2026-04-22 09:30:00,25,0.0,0.12,0.0012769909449732442
2026-04-22 10:00:00,25,0.0,0.08,0.0008016032064128709
2026-04-22 10:30:00,25,0.0,0.08,0.0009430996541968106
2026-04-22 11:00:00,25,0.04,0.0,0.0013210039630118242
2026-04-22 13:30:00,25,0.08,0.0,-0.001837672281776448
2026-04-22 14:00:00,25,0.0,0.0,0.0
2026-04-22 14:30:00,25,0.0,0.04,0.0009428032683846954
2026-04-22 21:00:00,25,0.0,0.32,0.0021947326416600355
2026-04-22 21:30:00,25,0.0,0.04,0.0
2026-04-22 22:00:00,25,0.0,0.04,-0.00028530670470761077
2026-04-22 22:30:00,25,0.04,0.0,-0.0007892659826361781
2026-04-22 23:00:00,25,0.0,0.0,0.0
2026-04-22 23:30:00,25,0.0,0.0,0.0
2026-04-23 00:00:00,25,0.0,0.0,0.0
2026-04-23 00:30:00,25,0.0,0.0,0.0
2026-04-23 01:00:00,25,0.0,0.0,0.0
2026-04-23 01:30:00,25,0.0,0.0,0.0
2026-04-23 02:00:00,25,0.0,0.0,0.0
2026-04-23 09:00:00,25,0.04,0.04,-0.0012297601967616867
2026-04-23 09:30:00,25,0.12,0.0,-0.003716608594657389
2026-04-23 10:00:00,25,0.0,0.0,0.0005555555555556424
2026-04-23 10:30:00,25,0.16,0.12,-0.0009174311926605228
2026-04-23 11:00:00,25,0.04,0.0,-0.00100267379679142
2026-04-23 13:30:00,25,0.04,0.16,0.002026635784597497
2026-04-23 14:00:00,25,0.08,0.0,-0.0004864759680871522
2026-04-23 14:30:00,25,0.0,0.04,0.00020028039254960106
2026-04-23 21:00:00,25,0.0,0.12,0.0013893713094823568
2026-04-23 21:30:00,25,0.0,0.0,-0.0003332222592469236
2026-04-23 22:00:00,25,0.0,0.0,-0.0006150061500614923
2026-04-23 22:30:00,25,0.0,0.0,0.00048477797168899883
2026-04-23 23:00:00,25,0.0,0.0,0.0
2026-04-23 23:30:00,25,0.0,0.0,0.0
2026-04-24 00:00:00,25,0.0,0.0,0.0
2026-04-24 00:30:00,25,0.0,0.0,0.0
2026-04-24 01:00:00,25,0.04,0.04,0.0
2026-04-24 01:30:00,25,0.0,0.0,0.0
2026-04-24 02:00:00,25,0.0,0.0,0.0
2026-04-24 09:00:00,25,0.08,0.08,-0.0018507094386180922
2026-04-24 09:30:00,25,0.28,0.0,-0.002776920703486563
2026-04-24 10:00:00,25,0.0,0.0,0.0005847953216373547
2026-04-24 10:30:00,25,0.04,0.08,0.0
2026-04-24 11:00:00,25,0.0,0.0,-0.0003702332469456282
2026-04-24 13:30:00,25,0.04,0.04,0.0
2026-04-24 14:00:00,25,0.08,0.0,-0.0012024048096191953
2026-04-24 14:30:00,25,0.04,0.0,-0.0003106554830692998
2026-04-24 21:00:00,25,0.0,0.36,0.0031786395422759295
2026-04-24 21:30:00,25,0.0,0.04,-0.0005110384300899273
2026-04-24 22:00:00,25,0.12,0.0,0.0
2026-04-24 22:30:00,25,0.0,0.04,0.0004092490280336314
2026-04-24 23:00:00,25,0.0,0.0,0.0
2026-04-24 23:30:00,25,0.0,0.0,0.0
2026-04-25 00:00:00,25,0.0,0.0,0.0
2026-04-25 00:30:00,25,0.0,0.0,0.0
2026-04-25 01:00:00,25,0.0,0.0,0.0
2026-04-25 01:30:00,25,0.0,0.0,0.0
2026-04-25 02:00:00,25,0.0,0.0,0.0
2026-04-27 09:00:00,25,0.12,0.4,0.0034205231388328983
2026-04-27 09:30:00,25,0.0,0.04,0.001173249902229223
2026-04-27 10:00:00,25,0.04,0.0,-0.000369071784462105
2026-04-27 10:30:00,25,0.0,0.0,-0.0005538120731032325
2026-04-27 11:00:00,25,0.0,0.04,-0.0005381717536711017
2026-04-27 13:30:00,25,0.0,0.0,-0.0009276437847866026
2026-04-27 14:00:00,25,0.0,0.04,0.0012230545788105562
2026-04-27 14:30:00,25,0.0,0.0,-0.0008700696055684576
2026-04-27 21:00:00,25,0.2,0.04,-0.0025445292620864812
2026-04-27 21:30:00,25,0.04,0.0,-0.0004279676884395567
2026-04-27 22:00:00,25,0.0,0.0,0.0005757052389177009
2026-04-27 22:30:00,25,0.0,0.0,0.0
2026-04-27 23:00:00,25,0.0,0.0,0.0
2026-04-27 23:30:00,25,0.0,0.0,0.0
2026-04-28 00:00:00,25,0.0,0.0,0.0
2026-04-28 00:30:00,25,0.0,0.0,0.0
2026-04-28 01:00:00,25,0.0,0.0,0.0
2026-04-28 01:30:00,25,0.0,0.0,0.0
2026-04-28 02:00:00,25,0.0,0.0,0.0
2026-04-28 09:00:00,25,0.16,0.04,-0.001662663957140209
2026-04-28 09:30:00,25,0.28,0.0,-0.003143994969608044
2026-04-28 10:00:00,25,0.04,0.0,0.00029420417769943086
2026-04-28 10:30:00,25,0.04,0.0,-0.0012575979878431953
2026-04-28 11:00:00,25,0.0,0.16,0.001996242367308554
2026-04-28 13:30:00,25,0.08,0.12,0.0009466708740928365
2026-04-28 14:00:00,25,0.0,0.0,0.0002962085308055862
2026-04-28 14:30:00,25,0.0,0.16,0.0016194331983805377
2026-04-28 21:00:00,25,0.16,0.0,-0.0019193857965451588
2026-04-28 21:30:00,25,0.08,0.0,-0.0003953506760496772
2026-04-28 22:00:00,25,0.0,0.08,0.0015295197308045072
2026-04-28 22:30:00,25,0.08,0.0,-0.0009262689885142228
2026-04-28 23:00:00,25,0.0,0.0,0.0
2026-04-28 23:30:00,25,0.0,0.0,0.0
2026-04-29 00:00:00,25,0.0,0.0,0.0
2026-04-29 00:30:00,25,0.0,0.0,0.0
2026-04-29 01:00:00,25,0.0,0.0,0.0
2026-04-29 01:30:00,25,0.0,0.0,0.0
2026-04-29 02:00:00,25,0.0,0.0,0.0
2026-04-29 09:00:00,25,0.08,0.08,0.0011968880909636326
2026-04-29 09:30:00,25,0.0,0.0,0.001521179499180958
2026-04-29 10:00:00,25,0.0,0.0,0.0008216926869351049
2026-04-29 10:30:00,25,0.0,0.04,0.00010290183165251321
2026-04-29 11:00:00,25,0.04,0.0,0.0008081046988330787
2026-04-29 13:30:00,25,0.0,0.08,0.00039354584809125903
2026-04-29 14:00:00,25,0.0,0.0,0.000925583117364015
2026-04-29 14:30:00,25,0.0,0.0,0.0006263701847792902
2026-04-29 21:00:00,25,0.28,0.24,0.0
2026-04-29 21:30:00,25,0.0,0.0,-0.0013245033112583293
2026-04-29 22:00:00,25,0.0,0.0,-0.0006345177664974777
2026-04-29 22:30:00,25,0.0,0.04,-0.0003883495145631244
2026-04-29 23:00:00,25,0.0,0.0,0.0
2026-04-29 23:30:00,25,0.0,0.0,0.0
2026-04-30 00:00:00,25,0.0,0.0,0.0
2026-04-30 00:30:00,25,0.0,0.0,0.0
2026-04-30 01:00:00,25,0.0,0.0,0.0
2026-04-30 01:30:00,25,0.0,0.0,0.0
2026-04-30 02:00:00,25,0.0,0.0,0.0
2026-04-30 09:00:00,25,0.0,0.32,0.0016632785067454137
2026-04-30 09:30:00,25,0.0,0.08,0.0
2026-04-30 10:00:00,25,0.0,0.0,-0.00023706513364551984
2026-04-30 10:30:00,25,0.04,0.08,0.0008797653958945162
2026-04-30 11:00:00,25,0.0,0.04,0.0008789920890712732
2026-04-30 13:30:00,25,0.0,0.16,5.945303210452835e-05
2026-04-30 14:00:00,25,0.0,0.12,0.0005947071067500254
2026-04-30 14:30:00,25,0.04,0.04,0.00029205607476634476
2026-05-06 09:00:00,25,0.04,0.76,0.010358860525342184
2026-05-06 09:30:00,25,0.04,0.0,0.0016787912702853625
2026-05-06 10:00:00,25,0.0,0.0,0.001269903291980068
2026-05-06 10:30:00,25,0.04,0.04,-0.0012330456226880004
2026-05-06 11:00:00,25,0.0,0.04,0.0005621135469364713
2026-05-06 13:30:00,25,0.04,0.04,0.0
2026-05-06 14:00:00,25,0.0,0.04,0.0006619937694705147
2026-05-06 14:30:00,25,0.0,0.0,0.0003326679973385538
2026-05-06 21:00:00,25,0.28,0.04,-0.0037641154328732496
2026-05-06 21:30:00,25,0.0,0.0,0.0
2026-05-06 22:00:00,25,0.0,0.0,0.0
2026-05-06 22:30:00,25,0.0,0.0,0.0
2026-05-06 23:00:00,25,0.0,0.0,0.0
2026-05-06 23:30:00,25,0.0,0.0,0.0
2026-05-07 00:00:00,25,0.0,0.0,0.0
2026-05-07 00:30:00,25,0.0,0.0,0.0
2026-05-07 01:00:00,25,0.0,0.0,0.0
2026-05-07 01:30:00,25,0.0,0.0,0.0
2026-05-07 02:00:00,25,0.0,0.0,0.0
2026-05-07 09:00:00,25,0.12,0.04,-0.0011615750958299254
2026-05-07 09:30:00,25,0.12,0.0,-0.0036787247087676223
2026-05-07 10:00:00,25,0.0,0.0,-0.0002824060999717659
2026-05-07 10:30:00,25,0.0,0.0,0.00038880248833583764
2026-05-07 11:00:00,25,0.0,0.04,0.0020138089758343636
2026-05-07 13:30:00,25,0.0,0.08,0.00046663555762949116
2026-05-07 14:00:00,25,0.0,0.0,0.001225490196078427
2026-05-07 14:30:00,25,0.0,0.0,-0.00019413706076487625
2026-05-07 21:00:00,25,0.16,0.08,0.0
2026-05-07 21:30:00,25,0.0,0.0,0.0
2026-05-07 22:00:00,25,0.0,0.0,0.0
2026-05-07 22:30:00,25,0.0,0.0,0.0007930214115781098
2026-05-07 23:00:00,25,0.0,0.0,0.0
2026-05-07 23:30:00,25,0.0,0.0,0.0
2026-05-08 00:00:00,25,0.0,0.0,0.0
2026-05-08 00:30:00,25,0.0,0.0,0.0
2026-05-08 01:00:00,25,0.0,0.0,0.0
2026-05-08 01:30:00,25,0.0,0.0,0.0
2026-05-08 02:00:00,25,0.0,0.0,0.0
2026-05-08 09:00:00,25,0.0,0.0,0.0008595988538682153
2026-05-08 09:30:00,25,0.0,0.0,0.0
2026-05-08 10:00:00,25,0.04,0.0,-0.000586303939962507
2026-05-08 10:30:00,25,0.2,0.0,-0.0030800821355235763
2026-05-08 11:00:00,25,0.0,0.0,0.00031308703819665773
2026-05-08 13:30:00,25,0.04,0.12,-0.0005740528128588274
2026-05-08 14:00:00,25,0.08,0.0,0.0
2026-05-08 14:30:00,25,0.08,0.0,-0.0008136696501220841
2026-05-08 21:00:00,25,0.08,0.0,0.0
2026-05-08 21:30:00,25,0.0,0.04,0.0
2026-05-08 22:00:00,25,0.12,0.12,0.001282756093091475
2026-05-08 22:30:00,25,0.0,0.0,0.0
2026-05-08 23:00:00,25,0.0,0.0,0.0
2026-05-08 23:30:00,25,0.0,0.0,0.0
2026-05-09 00:00:00,25,0.0,0.0,0.0
2026-05-09 00:30:00,25,0.0,0.0,0.0
2026-05-09 01:00:00,25,0.0,0.0,0.0
2026-05-09 01:30:00,25,0.0,0.0,0.0
2026-05-09 02:00:00,25,0.0,0.0,0.0
2026-05-11 09:00:00,25,0.08,0.48,0.004286589099816274
2026-05-11 09:30:00,25,0.0,0.24,0.0008191925102398745
2026-05-11 10:00:00,25,0.0,0.0,0.0008298755186721962
2026-05-11 10:30:00,25,0.0,0.08,0.0016353229762877675
2026-05-11 11:00:00,25,0.0,0.0,0.0
2026-05-11 13:30:00,25,0.08,0.0,-0.0011425307055127343
2026-05-11 14:00:00,25,0.04,0.0,-0.0003124023742581139
2026-05-11 14:30:00,25,0.04,0.0,0.0006695361071258343
2026-05-11 21:00:00,25,0.16,0.2,-0.0008396305625524292
2026-05-11 21:30:00,25,0.0,0.0,0.0001826817683594495
2026-05-11 22:00:00,25,0.0,0.04,0.0006574004507888809
2026-05-11 22:30:00,25,0.0,0.0,0.0
2026-05-11 23:00:00,25,0.0,0.0,0.0
2026-05-11 23:30:00,25,0.0,0.0,0.0
2026-05-12 00:00:00,25,0.0,0.0,0.0
2026-05-12 00:30:00,25,0.0,0.0,0.0
2026-05-12 01:00:00,25,0.0,0.0,0.0
2026-05-12 01:30:00,25,0.0,0.0,0.0
2026-05-12 02:00:00,25,0.0,0.0,0.0
2026-05-12 09:00:00,25,0.0,0.28,0.003767491926802924
2026-05-12 09:30:00,25,0.08,0.0,-0.0018487136034507357
2026-05-12 10:00:00,25,0.12,0.0,-0.0018921475875117721
2026-05-12 10:30:00,25,0.04,0.0,0.000424628450106157
2026-05-12 11:00:00,25,0.0,0.0,-0.0014317856412354724
2026-05-12 13:30:00,25,0.08,0.0,-0.0017768850432632322
2026-05-12 14:00:00,25,0.0,0.12,-0.0020329335230737655
2026-05-12 14:30:00,25,0.04,0.0,0.0
2026-05-12 21:00:00,25,0.0,0.16,0.0018461538461538307
2026-05-12 21:30:00,25,0.0,0.04,-0.0002814522938362485
2026-05-12 22:00:00,25,0.0,0.04,0.00034376074252318034
2026-05-12 22:30:00,25,0.0,0.0,0.0
2026-05-12 23:00:00,25,0.0,0.0,0.0
2026-05-12 23:30:00,25,0.0,0.0,0.0
2026-05-13 00:00:00,25,0.0,0.0,0.0
2026-05-13 00:30:00,25,0.0,0.0,0.0
2026-05-13 01:00:00,25,0.0,0.0,0.0
2026-05-13 01:30:00,25,0.0,0.0,0.0
2026-05-13 02:00:00,25,0.0,0.0,0.0
2026-05-13 09:00:00,25,0.28,0.04,-0.0003077870113881165
2026-05-13 09:30:00,25,0.0,0.08,0.0015629884338856925
2026-05-13 10:00:00,25,0.0,0.0,0.0008216926869351049
2026-05-13 10:30:00,25,0.16,0.0,-0.0022962112514350874
2026-05-13 11:00:00,25,0.0,0.04,0.000611995104039087
2026-05-13 13:30:00,25,0.04,0.04,0.0005046975696869627
2026-05-13 14:00:00,25,0.0,0.0,0.0009113001215066419
2026-05-13 14:30:00,25,0.0,0.04,0.0009436929852155718
2026-05-13 21:00:00,25,0.0,0.08,0.0010914051841746097
2026-05-13 21:30:00,25,0.0,0.0,-0.00040209087253717524
2026-05-13 22:00:00,25,0.0,0.0,0.00045661057966706053
2026-05-13 22:30:00,25,0.04,0.0,-0.0006291946308725205
2026-05-13 23:00:00,25,0.0,0.0,0.0
2026-05-13 23:30:00,25,0.0,0.0,0.0
2026-05-14 00:00:00,25,0.0,0.0,0.0
2026-05-14 00:30:00,25,0.0,0.0,0.0
2026-05-14 01:00:00,25,0.0,0.0,0.0
2026-05-14 01:30:00,25,0.0,0.0,0.0
2026-05-14 02:00:00,25,0.0,0.0,0.0
2026-05-14 09:00:00,25,0.28,0.04,-0.0012631169840652268
2026-05-14 09:30:00,25,0.04,0.0,-0.002568893040635234
2026-05-14 10:00:00,25,0.0,0.0,-0.0006172839506173311
2026-05-14 10:30:00,25,0.0,0.0,-0.0006815039819304536
2026-05-14 11:00:00,25,0.0,0.0,-0.0006548175865295214
2026-05-14 13:30:00,25,0.0,0.0,0.001006036217303885
2026-05-14 14:00:00,25,0.04,0.0,0.0
2026-05-14 14:30:00,25,0.0,0.0,-0.0008442380751372269
2026-05-14 21:00:00,25,0.16,0.04,0.0
2026-05-14 21:30:00,25,0.04,0.0,0.0
2026-05-14 22:00:00,25,0.0,0.0,0.0004052684903748105
2026-05-14 22:30:00,25,0.0,0.0,0.0
2026-05-14 23:00:00,25,0.0,0.0,0.0
2026-05-14 23:30:00,25,0.0,0.0,0.0
2026-05-15 00:00:00,25,0.0,0.0,0.0
2026-05-15 00:30:00,25,0.0,0.0,0.0
2026-05-15 01:00:00,25,0.0,0.0,0.0
2026-05-15 01:30:00,25,0.0,0.0,0.0
2026-05-15 02:00:00,25,0.0,0.0,0.0
2026-05-15 09:00:00,25,0.24,0.08,0.0002876042565429504
2026-05-15 09:30:00,25,0.16,0.0,-0.0024752475247524774
2026-05-15 10:00:00,25,0.0,0.0,0.0006250000000000977
2026-05-15 10:30:00,25,0.0,0.12,0.0016638935108153063
2026-05-15 11:00:00,25,0.24,0.0,-0.0016891891891891442
2026-05-15 13:30:00,25,0.4,0.0,-0.003824091778202643
2026-05-15 14:00:00,25,0.04,0.04,-0.0003680529996319404
2026-05-15 14:30:00,25,0.04,0.0,-0.0008698173383588914
2026-05-15 21:00:00,25,0.04,0.04,-0.002015411973918191
2026-05-15 21:30:00,25,0.0,0.08,0.0006180469715697523
2026-05-15 22:00:00,25,0.0,0.0,0.0
2026-05-15 22:30:00,25,0.0,0.0,-0.00010567473317124598
2026-05-15 23:00:00,25,0.0,0.0,0.0
2026-05-15 23:30:00,25,0.0,0.0,0.0
2026-05-16 00:00:00,25,0.0,0.0,0.0
2026-05-16 00:30:00,25,0.0,0.0,0.0
2026-05-16 01:00:00,25,0.0,0.0,0.0
2026-05-16 01:30:00,25,0.0,0.0,0.0
2026-05-16 02:00:00,25,0.0,0.0,0.0
2026-05-18 09:00:00,25,0.28,0.32,0.0003096934035304866
2026-05-18 09:30:00,25,0.0,0.12,0.0024929884699282923
2026-05-18 10:00:00,25,0.0,0.08,0.0010172939979653517
2026-05-18 10:30:00,25,0.0,0.0,-0.0006188118811880639
2026-05-18 11:00:00,25,0.08,0.0,-0.0009583133684715195
2026-05-18 13:30:00,25,0.0,0.04,0.0002824060999717659
2026-05-18 14:00:00,25,0.0,0.0,-0.0004719764011799077
2026-05-18 14:30:00,25,0.12,0.0,0.0003133813851456946
2026-05-18 21:00:00,25,0.16,0.08,-0.0004249893752655831
2026-05-18 21:30:00,25,0.0,0.0,0.0010357121516919587
2026-05-18 22:00:00,25,0.0,0.0,-0.0005625879043600346
2026-05-18 22:30:00,25,0.0,0.04,0.00041084634346755244
2026-05-18 23:00:00,25,0.0,0.0,0.0
2026-05-18 23:30:00,25,0.0,0.0,0.0
2026-05-19 00:00:00,25,0.0,0.0,0.0
2026-05-19 00:30:00,25,0.0,0.0,0.0
2026-05-19 01:00:00,25,0.0,0.0,0.0
2026-05-19 01:30:00,25,0.0,0.0,0.0
2026-05-19 02:00:00,25,0.0,0.0,0.0
2026-05-19 09:00:00,25,0.16,0.08,0.0003387533875338633
2026-05-19 09:30:00,25,0.04,0.0,-0.0008174943797261136
2026-05-19 10:00:00,25,0.04,0.0,-0.0013628620102215105
2026-05-19 10:30:00,25,0.04,0.0,-0.0009395552771688243
2026-05-19 11:00:00,25,0.0,0.0,0.00019245573518089643
2026-05-19 13:30:00,25,0.0,0.12,0.0021186440677967155
2026-05-19 14:00:00,25,0.0,0.04,0.000309981401116044
2026-05-19 14:30:00,25,0.0,0.08,0.0011286681715576563
2026-05-19 21:00:00,25,0.2,0.04,-0.0008751458576429227
2026-05-19 21:30:00,25,0.0,0.0,0.0
2026-05-19 22:00:00,25,0.16,0.0,-0.0015683814303638632
2026-05-19 22:30:00,25,0.0,0.0,0.0009216589861751334
2026-05-19 23:00:00,25,0.0,0.0,0.0
2026-05-19 23:30:00,25,0.0,0.0,0.0
2026-05-20 00:00:00,25,0.0,0.0,0.0
2026-05-20 00:30:00,25,0.0,0.0,0.0
2026-05-20 01:00:00,25,0.0,0.0,0.0
2026-05-20 01:30:00,25,0.0,0.0,0.0
2026-05-20 02:00:00,25,0.0,0.0,0.0
2026-05-20 09:00:00,25,0.04,0.0,-0.0008771929824561431
2026-05-20 09:30:00,25,0.12,0.0,-0.002311756935270859
2026-05-20 10:00:00,25,0.0,0.0,-0.0011302627860977355
2026-05-20 10:30:00,25,0.04,0.04,-0.0005763688760807018
2026-05-20 11:00:00,25,0.0,0.0,0.0011534025374855261
2026-05-20 13:30:00,25,0.0,0.2,0.0016784155756965902
2026-05-20 14:00:00,25,0.0,0.04,0.0005899705014749124
2026-05-20 14:30:00,25,0.04,0.08,-0.00031367628607281706
2026-05-20 21:00:00,25,0.12,0.0,0.000408663669799747
2026-05-20 21:30:00,25,0.0,0.0,-0.0008237232289950436
2026-05-20 22:00:00,25,0.2,0.0,0.0
2026-05-20 22:30:00,25,0.0,0.0,0.0005685048322909836
2026-05-20 23:00:00,25,0.0,0.0,0.0
2026-05-20 23:30:00,25,0.0,0.0,0.0
2026-05-21 00:00:00,25,0.0,0.0,0.0
2026-05-21 00:30:00,25,0.0,0.0,0.0
2026-05-21 01:00:00,25,0.0,0.0,0.0
2026-05-21 01:30:00,25,0.0,0.0,0.0
2026-05-21 02:00:00,25,0.0,0.0,0.0
2026-05-21 09:00:00,25,0.0,0.16,0.002617801047120505
2026-05-21 09:30:00,25,0.0,0.0,-0.0009316770186335033
2026-05-21 10:00:00,25,0.0,0.04,0.0006269592476488839
2026-05-21 10:30:00,25,0.0,0.04,-0.001296296296296351
2026-05-21 11:00:00,25,0.04,0.0,0.0
2026-05-21 13:30:00,25,0.36,0.0,-0.003133813851457279
2026-05-21 14:00:00,25,0.16,0.0,-0.0023664638269100813
2026-05-21 14:30:00,25,0.04,0.0,-0.0008598452278589797
2026-05-21 21:00:00,25,0.08,0.12,-0.00023427433524658703
2026-05-21 21:30:00,25,0.12,0.0,0.0
2026-05-21 22:00:00,25,0.0,0.0,-0.0008561643835616195
2026-05-21 22:30:00,25,0.0,0.0,-0.0001514463122821441
2026-05-21 23:00:00,25,0.0,0.0,0.0
2026-05-21 23:30:00,25,0.0,0.0,0.0
2026-05-22 00:00:00,25,0.0,0.0,0.0
2026-05-22 00:30:00,25,0.0,0.0,0.0
2026-05-22 01:00:00,25,0.0,0.0,0.0
2026-05-22 01:30:00,25,0.04,0.0,0.0
2026-05-22 02:00:00,25,0.0,0.0,0.0
2026-05-22 09:00:00,25,0.08,0.16,0.0006313131313131493
2026-05-22 09:30:00,25,0.08,0.0,-0.001577287066246047
2026-05-22 10:00:00,25,0.0,0.12,0.0014066895904971677
2026-05-22 10:30:00,25,0.08,0.0,-0.0012574662055957475
2026-05-22 11:00:00,25,0.0,0.0,0.000372717107715248
2026-05-22 13:30:00,25,0.0,0.12,0.0
2026-05-22 14:00:00,25,0.0,0.0,-0.0005917159763313418
2026-05-22 14:30:00,25,0.0,0.0,0.0
2026-05-22 21:00:00,25,0.04,0.08,-0.0006832934745473196
2026-05-22 21:30:00,25,0.0,0.08,0.0
2026-05-22 22:00:00,25,0.12,0.0,-0.0013033561420657813
2026-05-22 22:30:00,25,0.0,0.04,0.0005893446487506004
2026-05-22 23:00:00,25,0.0,0.0,0.0
2026-05-22 23:30:00,25,0.0,0.0,0.0
2026-05-23 00:00:00,25,0.0,0.0,0.0
2026-05-23 00:30:00,25,0.0,0.0,0.0
2026-05-23 01:00:00,25,0.0,0.0,0.0
2026-05-23 01:30:00,25,0.0,0.0,0.0
2026-05-23 02:00:00,25,0.0,0.0,0.0
2026-05-25 09:00:00,25,0.16,0.52,0.005350960025181095
2026-05-25 09:30:00,25,0.04,0.08,-0.00125234815278652
2026-05-25 10:00:00,25,0.0,0.0,0.0009671179883945502
2026-05-25 10:30:00,25,0.16,0.0,-0.0018642803877703118
2026-05-25 11:00:00,25,0.16,0.0,-0.002333722287047868
2026-05-25 13:30:00,25,0.0,0.0,0.0
2026-05-25 14:00:00,25,0.0,0.0,0.0009358038555118409
2026-05-25 14:30:00,25,0.0,0.0,0.0006584362139916422
2026-05-25 21:00:00,25,0.32,0.0,0.0
2026-05-25 21:30:00,25,0.0,0.0,0.0008025682182986049
2026-05-25 22:00:00,25,0.0,0.0,0.0
2026-05-25 22:30:00,25,0.0,0.0,0.0007889753839680491
2026-05-25 23:00:00,25,0.0,0.0,0.0
2026-05-25 23:30:00,25,0.0,0.0,0.0
2026-05-26 00:00:00,25,0.0,0.0,0.0
2026-05-26 00:30:00,25,0.0,0.0,0.0
2026-05-26 01:00:00,25,0.0,0.0,0.0
2026-05-26 01:30:00,25,0.0,0.0,0.0
2026-05-26 02:00:00,25,0.0,0.0,0.0
2026-05-26 09:00:00,25,0.16,0.08,0.0004733727810650734
2026-05-26 09:30:00,25,0.12,0.04,-0.0024492652204338716
2026-05-26 10:00:00,25,0.04,0.04,-0.000864055299539146
2026-05-26 10:30:00,25,0.0,0.0,-0.0014043253219917506
2026-05-26 11:00:00,25,0.0,0.12,0.0009535918626828455
2026-05-26 13:30:00,25,0.0,0.08,-0.001343183344526544
2026-05-26 14:00:00,25,0.0,0.04,-0.0008361204013378476
2026-05-26 14:30:00,25,0.0,0.0,0.000673627484001349
2026-05-26 21:00:00,25,0.04,0.08,0.0006731740154830579
2026-05-26 21:30:00,25,0.0,0.0,0.0
2026-05-26 22:00:00,25,0.0,0.0,-0.0006032575909913351
2026-05-26 22:30:00,25,0.0,0.0,0.00029788501638372544
2026-05-26 23:00:00,25,0.0,0.0,0.0
2026-05-26 23:30:00,25,0.0,0.0,0.0
2026-05-27 00:00:00,25,0.0,0.0,0.0
2026-05-27 00:30:00,25,0.0,0.0,0.0
2026-05-27 01:00:00,25,0.0,0.0,0.0
2026-05-27 01:30:00,25,0.0,0.0,0.0
2026-05-27 02:00:00,25,0.0,0.0,0.0
2026-05-27 09:00:00,25,0.0,0.24,0.000970873786407811
2026-05-27 09:30:00,25,0.0,0.12,0.0007101432122145201
2026-05-27 10:00:00,25,0.0,0.0,0.00043066322136087187
2026-05-27 10:30:00,25,0.04,0.0,0.00035452611675723666
2026-05-27 11:00:00,25,0.04,0.0,-0.0009071020756630244
2026-05-27 13:30:00,25,0.2,0.0,-0.0017162471395880674
2026-05-27 14:00:00,25,0.04,0.04,0.0
2026-05-27 14:30:00,25,0.0,0.0,0.0
2026-05-27 21:00:00,25,0.24,0.12,-0.0013030087656953349
2026-05-27 21:30:00,25,0.0,0.08,0.0010292301358583167
2026-05-27 22:00:00,25,0.0,0.0,0.00023651844843897152
2026-05-27 22:30:00,25,0.0,0.0,0.0005932957579353193
2026-05-27 23:00:00,25,0.0,0.0,0.0
2026-05-27 23:30:00,25,0.0,0.0,0.0
2026-05-28 00:00:00,25,0.0,0.0,0.0
2026-05-28 00:30:00,25,0.0,0.0,0.0
2026-05-28 01:00:00,25,0.0,0.0,0.0
2026-05-28 01:30:00,25,0.0,0.0,0.0
2026-05-28 02:00:00,25,0.0,0.0,0.0
2026-05-28 09:00:00,25,0.16,0.08,-0.0009511731135066759
2026-05-28 09:30:00,25,0.0,0.0,-0.0009652509652510188
2026-05-28 10:00:00,25,0.0,0.0,0.0
2026-05-28 10:30:00,25,0.0,0.0,0.0
2026-05-28 11:00:00,25,0.0,0.12,0.0017331022530329143
2026-05-28 13:30:00,25,0.04,0.12,0.00039499397114473034
2026-05-28 14:00:00,25,0.0,0.04,0.0
2026-05-28 14:30:00,25,0.08,0.0,-0.0008298755186721962
2026-05-28 21:00:00,25,0.0,0.24,0.0012481997119540011
2026-05-28 21:30:00,25,0.0,0.04,0.0
2026-05-28 22:00:00,25,0.08,0.08,-0.0005278437582475481
2026-05-28 22:30:00,25,0.0,0.0,0.0005523946307242067
2026-05-28 23:00:00,25,0.0,0.0,0.0
2026-05-28 23:30:00,25,0.0,0.0,0.0
2026-05-29 00:00:00,25,0.0,0.0,0.0
2026-05-29 00:30:00,25,0.0,0.0,0.0
2026-05-29 01:00:00,25,0.0,0.0,0.0
2026-05-29 01:30:00,25,0.0,0.0,0.0
2026-05-29 02:00:00,25,0.0,0.0,0.0
2026-05-29 09:00:00,25,0.0,0.2,0.002328288707799775
2026-05-29 09:30:00,25,0.04,0.0,-0.0012755102040816757
2026-05-29 10:00:00,25,0.04,0.0,-0.00031645569620253333
2026-05-29 10:30:00,25,0.0,0.12,0.0005830903790087216
2026-05-29 11:00:00,25,0.08,0.0,-0.0013726835964309458
2026-05-29 13:30:00,25,0.16,0.0,-0.0007869884575025798
2026-05-29 14:00:00,25,0.0,0.0,-0.0006676840900419201
2026-05-29 14:30:00,25,0.0,0.16,0.0014806040864672187
2026-05-29 21:00:00,25,0.12,0.12,0.00033433634236046395
2026-05-29 21:30:00,25,0.04,0.0,-0.0005600672080650071
2026-05-29 22:00:00,25,0.04,0.0,-0.0006213109661385996
2026-05-29 22:30:00,25,0.0,0.04,0.0013051422605063756
2026-05-29 23:00:00,25,0.0,0.0,0.0
2026-05-29 23:30:00,25,0.0,0.0,0.0
2026-05-30 00:00:00,25,0.0,0.0,0.0
2026-05-30 00:30:00,25,0.0,0.0,0.0
2026-05-30 01:00:00,25,0.0,0.0,0.0
2026-05-30 01:30:00,25,0.0,0.0,0.0
2026-05-30 02:00:00,25,0.0,0.0,0.0
2026-06-01 09:00:00,25,0.0,0.52,0.0031411677753141465
2026-06-01 09:30:00,25,0.0,0.2,0.0018927444794951676
2026-06-01 10:00:00,25,0.0,0.08,0.0014144271570013522
2026-06-01 10:30:00,25,0.0,0.0,-0.0012315270935960854
2026-06-01 11:00:00,25,0.0,0.0,-0.00023288309268743035
2026-06-01 13:30:00,25,0.0,0.12,0.0017517517517517955
2026-06-01 14:00:00,25,0.04,0.0,-0.00036724201248627963
2026-06-01 14:30:00,25,0.0,0.04,0.0007647563208268426
2026-06-01 21:00:00,25,0.08,0.24,0.0003060912151822137
2026-06-01 21:30:00,25,0.04,0.0,-0.0006151953245154829
2026-06-01 22:00:00,25,0.0,0.04,0.0
2026-06-01 22:30:00,25,0.0,0.0,0.00034924330617003285
2026-06-01 23:00:00,25,0.0,0.0,0.0
2026-06-01 23:30:00,25,0.0,0.0,0.0
2026-06-02 00:00:00,25,0.0,0.0,0.0
2026-06-02 00:30:00,25,0.0,0.0,0.0
2026-06-02 01:00:00,25,0.0,0.0,0.0
2026-06-02 01:30:00,25,0.0,0.0,0.0
2026-06-02 02:00:00,25,0.0,0.0,0.0
2026-06-02 09:00:00,25,0.2,0.16,-0.001468428781204123
2026-06-02 09:30:00,25,0.2,0.0,-0.002460024600245969
2026-06-02 10:00:00,25,0.0,0.0,0.0010530010530009903
2026-06-02 10:30:00,25,0.0,0.08,0.0010097610232244758
2026-06-02 11:00:00,25,0.0,0.0,0.0006724949562877391
2026-06-02 13:30:00,25,0.0,0.2,0.0006373486297004405
2026-06-02 14:00:00,25,0.0,0.0,-0.0005519779208831288
2026-06-02 14:30:00,25,0.0,0.04,0.001178203240058906
2026-06-02 21:00:00,25,0.08,0.08,0.0006169031462059937
2026-06-02 21:30:00,25,0.12,0.0,-0.000833055648117309
2026-06-02 22:00:00,25,0.0,0.12,0.0003205128205128194
2026-06-02 22:30:00,25,0.0,0.0,0.0
2026-06-02 23:00:00,25,0.0,0.0,0.0
2026-06-02 23:30:00,25,0.0,0.0,0.0
2026-06-03 00:00:00,25,0.0,0.0,0.0
2026-06-03 00:30:00,25,0.0,0.0,0.0
2026-06-03 01:00:00,25,0.0,0.0,0.0
2026-06-03 01:30:00,25,0.0,0.0,0.0
2026-06-03 02:00:00,25,0.0,0.0,0.0
2026-06-03 09:00:00,25,0.32,0.08,-0.002644725242433199
2026-06-03 09:30:00,25,0.0,0.04,0.0
2026-06-03 10:00:00,25,0.0,0.0,-0.0008354218880535225
2026-06-03 10:30:00,25,0.04,0.12,0.0016722408026756952
2026-06-03 11:00:00,25,0.0,0.0,0.00018362475261679556
2026-06-03 13:30:00,25,0.08,0.12,0.0
2026-06-03 14:00:00,25,0.0,0.0,-0.0006381620931716903
2026-06-03 14:30:00,25,0.08,0.0,-0.00038146527544036246
2026-06-03 21:00:00,25,0.0,0.28,0.0
2026-06-03 21:30:00,25,0.2,0.0,-0.0019762845849802257
2026-06-03 22:00:00,25,0.0,0.04,0.0007260541748115301
2026-06-03 22:30:00,25,0.0,0.0,0.0
2026-06-03 23:00:00,25,0.0,0.0,0.0
2026-06-03 23:30:00,25,0.0,0.0,0.0
2026-06-04 00:00:00,25,0.0,0.0,0.0
2026-06-04 00:30:00,25,0.0,0.0,0.0
2026-06-04 01:00:00,25,0.0,0.0,0.0
2026-06-04 01:30:00,25,0.0,0.0,0.0
2026-06-04 02:00:00,25,0.0,0.0,0.0
2026-06-04 09:00:00,25,0.44,0.04,-0.003997715591090856
2026-06-04 09:30:00,25,0.0,0.0,-0.0002953337271116574
2026-06-04 10:00:00,25,0.0,0.0,0.0004351610095736369
2026-06-04 10:30:00,25,0.32,0.0,-0.002456248081056156
2026-06-04 11:00:00,25,0.0,0.0,0.0
2026-06-04 13:30:00,25,0.04,0.0,-0.0009791921664626946
2026-06-04 14:00:00,25,0.08,0.0,-0.0010190217391304879
2026-06-04 14:30:00,25,0.0,0.04,0.0
2026-06-04 21:00:00,25,0.04,0.24,0.001293661060802087
2026-06-04 21:30:00,25,0.0,0.0,-0.0019075449490645324
2026-06-04 22:00:00,25,0.0,0.0,-0.0006949270326616075
2026-06-04 22:30:00,25,0.08,0.0,-0.0008646779074794608
2026-06-04 23:00:00,25,0.0,0.0,0.0
2026-06-04 23:30:00,25,0.0,0.0,0.0
2026-06-05 00:00:00,25,0.0,0.0,0.0
2026-06-05 00:30:00,25,0.0,0.0,0.0
2026-06-05 01:00:00,25,0.0,0.0,0.0
2026-06-05 01:30:00,25,0.0,0.0,0.0
2026-06-05 02:00:00,25,0.0,0.0,0.0
2026-06-05 09:00:00,25,0.4,0.0,-0.00278706800445927
2026-06-05 09:30:00,25,0.0,0.04,0.0004116920543433267
2026-06-05 10:00:00,25,0.0,0.0,0.001778937381404111
2026-06-05 10:30:00,25,0.04,0.04,-0.0010072522159548791
2026-06-05 11:00:00,25,0.0,0.16,-0.0003428179636613127
2026-06-05 13:30:00,25,0.08,0.04,-0.000652315720808927
2026-06-05 14:00:00,25,0.04,0.0,-0.001996007984031989
2026-06-05 14:30:00,25,0.0,0.0,0.0010674890285848893
2026-06-05 21:00:00,25,0.28,0.0,-0.0015898251192368873
2026-06-05 21:30:00,25,0.08,0.04,-0.001029866117404743
2026-06-05 22:00:00,25,0.04,0.0,-0.0008849557522123686
2026-06-05 22:30:00,25,0.0,0.04,0.0012487992315082241
2026-06-05 23:00:00,25,0.0,0.0,0.0
2026-06-05 23:30:00,25,0.0,0.0,0.0
2026-06-06 00:00:00,25,0.0,0.0,0.0
2026-06-06 00:30:00,25,0.0,0.0,0.0
2026-06-06 01:00:00,25,0.0,0.0,0.0
2026-06-06 01:30:00,25,0.0,0.0,0.0
2026-06-06 02:00:00,25,0.04,0.0,0.0
2026-06-08 09:00:00,25,0.24,0.12,-0.003465658475110267
2026-06-08 09:30:00,25,0.0,0.04,0.0
2026-06-08 10:00:00,25,0.0,0.04,0.0008650519031141446
2026-06-08 10:30:00,25,0.0,0.04,0.0
2026-06-08 11:00:00,25,0.0,0.0,-0.0006605019815059121
2026-06-08 13:30:00,25,0.16,0.04,-0.001776198934280604
2026-06-08 14:00:00,25,0.0,0.08,0.0011862396204034287
2026-06-08 14:30:00,25,0.0,0.04,-0.0002880460873739832
2026-06-08 21:00:00,25,0.28,0.04,-0.00042881646655235084
2026-06-08 21:30:00,25,0.08,0.04,-0.0014200511218404044
2026-06-08 22:00:00,25,0.0,0.0,0.0008625646923519081
2026-06-08 22:30:00,25,0.0,0.0,0.0013838620395998369
2026-06-08 23:00:00,25,0.0,0.0,0.0
2026-06-08 23:30:00,25,0.0,0.0,0.0
2026-06-09 00:00:00,25,0.0,0.0,0.0
2026-06-09 00:30:00,25,0.0,0.0,0.0
2026-06-09 01:00:00,25,0.0,0.0,0.0
2026-06-09 01:30:00,25,0.0,0.0,0.0
2026-06-09 02:00:00,25,0.0,0.0,0.0
2026-06-09 09:00:00,25,0.12,0.0,-0.0018652849740932176
2026-06-09 09:30:00,25,0.0,0.0,0.0
2026-06-09 10:00:00,25,0.04,0.0,-0.0013755158184318717
2026-06-09 10:30:00,25,0.0,0.0,-0.00040567951318459805
2026-06-09 11:00:00,25,0.04,0.0,-0.0008928571428571397
2026-06-09 13:30:00,25,0.04,0.12,-0.00042808219178080975
2026-06-09 14:00:00,25,0.0,0.12,0.000952986022871638
2026-06-09 14:30:00,25,0.04,0.12,0.0006688149814555455
2026-06-09 21:00:00,25,0.0,0.16,0.0006337135614702394
2026-06-09 21:30:00,25,0.0,0.04,-0.0008695652173913437
2026-06-09 22:00:00,25,0.04,0.0,-0.0007328691828508704
2026-06-09 22:30:00,25,0.04,0.0,-0.0008710801393728707
2026-06-09 23:00:00,25,0.04,0.0,0.0
2026-06-09 23:30:00,25,0.0,0.0,0.0
2026-06-10 00:00:00,25,0.0,0.0,0.0
2026-06-10 00:30:00,25,0.0,0.0,0.0
2026-06-10 01:00:00,25,0.0,0.0,0.0
2026-06-10 01:30:00,25,0.0,0.0,0.0
2026-06-10 02:00:00,25,0.0,0.0,0.0
2026-06-10 09:00:00,25,0.2,0.04,-0.0009508716323296529
2026-06-10 09:30:00,25,0.0,0.16,0.0015862944162436943
2026-06-10 10:00:00,25,0.0,0.08,0.0002973535533750127
2026-06-10 10:30:00,25,0.12,0.0,-0.0022948938611588865
2026-06-10 11:00:00,25,0.08,0.0,0.00045745654162865357
2026-06-10 13:30:00,25,0.0,0.08,0.0
2026-06-10 14:00:00,25,0.0,0.08,0.0017406440382941035
2026-06-10 14:30:00,25,0.0,0.08,0.0009624639076035724
2026-06-10 21:00:00,25,0.08,0.16,0.0005645464809935774
2026-06-10 21:30:00,25,0.0,0.08,0.00018807598269710013
2026-06-10 22:00:00,25,0.0,0.0,0.0
2026-06-10 22:30:00,25,0.04,0.0,-0.00031515915537350114
2026-06-10 23:00:00,25,0.04,0.0,0.0
2026-06-10 23:30:00,25,0.0,0.0,0.0
2026-06-11 00:00:00,25,0.0,0.0,0.0
2026-06-11 00:30:00,25,0.0,0.0,0.0
2026-06-11 01:00:00,25,0.0,0.0,0.0
2026-06-11 01:30:00,25,0.0,0.0,0.0
2026-06-11 02:00:00,25,0.0,0.0,0.0
2026-06-11 09:00:00,25,0.12,0.16,-0.00028922953701038256
2026-06-11 09:30:00,25,0.0,0.08,0.0006303183107470023
2026-06-11 10:00:00,25,0.12,0.0,-0.0020263424518743856
2026-06-11 10:30:00,25,0.0,0.04,-0.0015654351909830666
2026-06-11 11:00:00,25,0.0,0.08,0.000572737686139746
2026-06-11 13:30:00,25,0.08,0.0,0.0
2026-06-11 14:00:00,25,0.0,0.04,0.00029797377830753646
2026-06-11 14:30:00,25,0.0,0.08,0.001865671641791078
2026-06-11 21:00:00,25,0.04,0.16,0.0
2026-06-11 21:30:00,25,0.0,0.04,0.0
2026-06-11 22:00:00,25,0.0,0.0,0.00019331142470524476
2026-06-11 22:30:00,25,0.0,0.0,0.0
2026-06-11 23:00:00,25,0.0,0.0,0.0
2026-06-11 23:30:00,25,0.0,0.0,0.0
2026-06-12 00:00:00,25,0.0,0.0,0.0
2026-06-12 00:30:00,25,0.0,0.0,0.0
2026-06-12 01:00:00,25,0.04,0.0,0.0
2026-06-12 01:30:00,25,0.0,0.08,0.0
2026-06-12 02:00:00,25,0.0,0.0,0.0
2026-06-12 09:00:00,25,0.16,0.08,0.0005943536404160454
2026-06-12 09:30:00,25,0.0,0.24,0.002231431303793441
2026-06-12 10:00:00,25,0.0,0.0,0.00019122287025519213
2026-06-12 10:30:00,25,0.0,0.04,0.0005917159763313418
2026-06-12 11:00:00,25,0.0,0.12,0.003030303030302939
2026-06-12 13:30:00,25,0.4,0.0,-0.0032976092333057982
2026-06-12 14:00:00,25,0.0,0.0,0.0005350454788657366
2026-06-12 14:30:00,25,0.04,0.0,-0.00011964584828905167
2026-06-12 21:00:00,25,0.12,0.32,0.002831969792322253
2026-06-12 21:30:00,25,0.0,0.0,0.0
2026-06-12 22:00:00,25,0.0,0.0,0.00029507229271175106
2026-06-12 22:30:00,25,0.0,0.0,0.0002397506593143639
2026-06-12 23:00:00,25,0.0,0.04,0.0
2026-06-12 23:30:00,25,0.0,0.0,0.0
2026-06-13 00:00:00,25,0.0,0.0,0.0
2026-06-13 00:30:00,25,0.0,0.0,0.0
2026-06-13 01:00:00,25,0.0,0.0,0.0
2026-06-13 01:30:00,25,0.0,0.0,0.0
2026-06-13 02:00:00,25,0.0,0.0,0.0
2026-06-15 09:00:00,25,0.44,0.2,-0.002560819462227859
2026-06-15 09:30:00,25,0.0,0.32,0.002577319587628857
2026-06-15 10:00:00,25,0.04,0.0,-0.0003390979993218579
2026-06-15 10:30:00,25,0.08,0.04,-0.0003759398496240296
2026-06-15 11:00:00,25,0.0,0.0,-0.00041228612657184804
2026-06-15 13:30:00,25,0.0,0.0,-0.0003714710252600284
2026-06-15 14:00:00,25,0.04,0.0,-0.00043066322136087187
2026-06-15 14:30:00,25,0.0,0.0,0.0
2026-06-15 21:00:00,25,0.16,0.04,-0.00029437739181625844
2026-06-15 21:30:00,25,0.0,0.0,8.437394532578857e-05
2026-06-15 22:00:00,25,0.0,0.0,-0.00042016806722688926
2026-06-15 22:30:00,25,0.0,0.0,0.0006305170239595537
2026-06-15 23:00:00,25,0.0,0.0,0.0
2026-06-15 23:30:00,25,0.0,0.0,0.0
2026-06-16 00:00:00,25,0.0,0.0,0.0
2026-06-16 00:30:00,25,0.0,0.0,0.0
2026-06-16 01:00:00,25,0.0,0.0,0.0
2026-06-16 01:30:00,25,0.0,0.0,0.0
2026-06-16 02:00:00,25,0.0,0.0,0.0
2026-06-16 09:00:00,25,0.12,0.0,-0.001017984390906057
2026-06-16 09:30:00,25,0.12,0.0,-0.0020380434782608647
2026-06-16 10:00:00,25,0.0,0.0,0.00047755491881562584
2026-06-16 10:30:00,25,0.0,0.0,0.00037608123354648804
2026-06-16 11:00:00,25,0.0,0.04,0.000652315720808927
2026-06-16 13:30:00,25,0.0,0.08,-0.000646551724137967
2026-06-16 14:00:00,25,0.0,0.0,-0.00037986704653381054
2026-06-16 14:30:00,25,0.0,0.08,0.00037629350893686464
2026-06-16 21:00:00,25,0.04,0.16,0.0013181545835829755
2026-06-16 21:30:00,25,0.0,0.16,0.0008378718056136769
2026-06-16 22:00:00,25,0.2,0.0,-0.0016187778227437777
2026-06-16 22:30:00,25,0.0,0.0,0.00023932033026197175
2026-06-16 23:00:00,25,0.0,0.0,0.0
2026-06-16 23:30:00,25,0.0,0.0,0.0
2026-06-17 00:00:00,25,0.0,0.0,0.0
2026-06-17 00:30:00,25,0.0,0.0,0.0
2026-06-17 01:00:00,25,0.0,0.0,0.0
2026-06-17 01:30:00,25,0.0,0.0,0.0
2026-06-17 02:00:00,25,0.0,0.0,0.0
2026-06-17 09:00:00,25,0.04,0.08,0.0004278532463364293
2026-06-17 09:30:00,25,0.0,0.0,0.00033783783783780663
2026-06-17 10:00:00,25,0.0,0.0,0.0
2026-06-17 10:30:00,25,0.0,0.0,-0.0015782828282828731
2026-06-17 11:00:00,25,0.16,0.0,-0.00041876046901168085
2026-06-17 13:30:00,25,0.04,0.12,0.0002790178571427937
2026-06-17 14:00:00,25,0.0,0.0,-0.0006240249609984483
2026-06-17 14:30:00,25,0.08,0.0,-0.0006244146113019156
2026-06-17 21:00:00,25,0.2,0.2,0.000430477830391629
2026-06-17 21:30:00,25,0.0,0.0,0.0
2026-06-17 22:00:00,25,0.0,0.12,0.0
2026-06-17 22:30:00,25,0.12,0.0,0.0
2026-06-17 23:00:00,25,0.0,0.0,0.0
2026-06-17 23:30:00,25,0.0,0.0,0.0
2026-06-18 00:00:00,25,0.0,0.0,0.0
2026-06-18 00:30:00,25,0.0,0.0,0.0
2026-06-18 01:00:00,25,0.0,0.0,0.0
2026-06-18 01:30:00,25,0.0,0.08,0.0
2026-06-18 02:00:00,25,0.08,0.0,0.0
2026-06-18 09:00:00,25,0.44,0.04,-0.0035693039857227493
2026-06-18 09:30:00,25,0.16,0.0,-0.0004459072088331961
2026-06-18 10:00:00,25,0.0,0.04,0.0
2026-06-18 10:30:00,25,0.24,0.0,-0.0023931623931623403
2026-06-18 11:00:00,25,0.0,0.0,-0.0007189934092270978
2026-06-18 13:30:00,25,0.04,0.04,-0.00011991845545034074
2026-06-18 14:00:00,25,0.04,0.08,0.0
2026-06-18 14:30:00,25,0.0,0.12,0.0009590792838873874
2026-06-22 09:00:00,25,0.16,0.04,-0.0010425354462051395
2026-06-22 09:30:00,25,0.0,0.04,-0.0014956625785222943
2026-06-22 10:00:00,25,0.04,0.04,-0.0009599999999999609
2026-06-22 10:30:00,25,0.08,0.0,0.0
2026-06-22 11:00:00,25,0.0,0.0,0.00042973785990541025
2026-06-22 13:30:00,25,0.0,0.08,0.0014080540692762433
2026-06-22 14:00:00,25,0.0,0.04,0.0006551791915088145
2026-06-22 14:30:00,25,0.0,0.04,0.0005723552418201994
2026-06-22 21:00:00,25,0.12,0.08,-0.0019131890469926693
2026-06-22 21:30:00,25,0.0,0.0,-0.00024869435463814593
2026-06-22 22:00:00,25,0.04,0.0,-0.0005997001499250532
2026-06-22 22:30:00,25,0.04,0.0,-0.0003783579265985715
2026-06-22 23:00:00,25,0.0,0.0,0.0
2026-06-22 23:30:00,25,0.04,0.0,0.0
2026-06-23 00:00:00,25,0.0,0.0,0.0
2026-06-23 00:30:00,25,0.0,0.0,0.0
2026-06-23 01:00:00,25,0.0,0.0,0.0
2026-06-23 01:30:00,25,0.0,0.0,0.0
2026-06-23 02:00:00,25,0.0,0.0,0.0
2026-06-23 09:00:00,25,0.08,0.24,-0.00180234304595972
2026-06-23 09:30:00,25,0.08,0.04,-0.0011497556769186623
2026-06-23 10:00:00,25,0.0,0.0,0.00039510075069149053
2026-06-23 10:30:00,25,0.0,0.0,-0.001286008230452662
2026-06-23 11:00:00,25,0.16,0.0,-0.0021542438604049696
2026-06-23 13:30:00,25,0.28,0.0,-0.0022691986145945142
2026-06-23 14:00:00,25,0.04,0.0,-0.002072538860103612
2026-06-23 14:30:00,25,0.0,0.08,0.0015470895378069116
2026-06-23 21:00:00,25,0.28,0.0,-0.0022385022385021935
2026-06-23 21:30:00,25,0.0,0.12,0.0020703933747412417
2026-06-23 22:00:00,25,0.0,0.0,0.0
2026-06-23 22:30:00,25,0.0,0.0,0.0004782400765184214
2026-06-23 23:00:00,25,0.0,0.0,0.0
2026-06-23 23:30:00,25,0.0,0.0,0.0
2026-06-24 00:00:00,25,0.0,0.0,0.0
2026-06-24 00:30:00,25,0.0,0.0,0.0
2026-06-24 01:00:00,25,0.0,0.0,0.0
2026-06-24 01:30:00,25,0.0,0.0,0.0
2026-06-24 02:00:00,25,0.0,0.0,0.0
2026-06-24 09:00:00,25,0.0,0.24,0.0010319917440659854
2026-06-24 09:30:00,25,0.08,0.04,-0.0017337031900138689
2026-06-24 10:00:00,25,0.0,0.0,0.0004110152075627038
2026-06-24 10:30:00,25,0.04,0.08,-0.0016937669376694275
2026-06-24 11:00:00,25,0.04,0.0,-0.0005882352941176672
2026-06-24 13:30:00,25,0.0,0.12,0.0006788866259335169
2026-06-24 14:00:00,25,0.0,0.0,0.0005962318149297374
2026-06-24 14:30:00,25,0.08,0.0,-0.0009014423076922906
2026-06-24 21:00:00,25,0.6,0.0,-0.006791373763850861
2026-06-24 21:30:00,25,0.04,0.08,0.0009649404953360197
2026-06-24 22:00:00,25,0.0,0.08,0.0005992860679018275
2026-06-24 22:30:00,25,0.0,0.0,-0.0009895317952189897
2026-06-24 23:00:00,25,0.0,0.0,0.0
2026-06-24 23:30:00,25,0.0,0.0,0.0
2026-06-25 00:00:00,25,0.0,0.0,0.0
2026-06-25 00:30:00,25,0.0,0.0,0.0
2026-06-25 01:00:00,25,0.0,0.0,0.0
2026-06-25 01:30:00,25,0.0,0.0,0.0
2026-06-25 02:00:00,25,0.0,0.0,0.0
2026-06-25 09:00:00,25,0.28,0.0,-0.002789956157831841
2026-06-25 09:30:00,25,0.04,0.0,-0.0007203745947892415
2026-06-25 10:00:00,25,0.0,0.0,-0.00115185256287198
2026-06-25 10:30:00,25,0.0,0.04,0.003076923076922977
2026-06-25 11:00:00,25,0.0,0.0,0.0
2026-06-25 13:30:00,25,0.32,0.0,-0.003183699458771061
2026-06-25 14:00:00,25,0.04,0.0,0.0006261740763933155
2026-06-25 14:30:00,25,0.0,0.0,-0.0010245901639344135
2026-06-25 21:00:00,25,0.08,0.12,0.002018570851836987
2026-06-25 21:30:00,25,0.0,0.0,0.0002093802345057849
2026-06-25 22:00:00,25,0.0,0.0,0.0016293279022403517
2026-06-25 22:30:00,25,0.0,0.0,-0.000680735194009574
2026-06-25 23:00:00,25,0.0,0.0,0.0
2026-06-25 23:30:00,25,0.0,0.0,0.0
2026-06-26 00:00:00,25,0.0,0.0,0.0
2026-06-26 00:30:00,25,0.0,0.0,0.0
2026-06-26 01:00:00,25,0.0,0.0,0.0
2026-06-26 01:30:00,25,0.0,0.0,0.0
2026-06-26 02:00:00,25,0.0,0.0,0.0
2026-06-26 02:30:00,25,0.0,0.0,0.0
2026-06-26 09:00:00,25,0.08,0.12,-0.0003559985760056561
2026-06-26 09:30:00,25,0.0,0.04,-0.0006033182503770718
2026-06-26 10:00:00,25,0.04,0.0,-0.0003669724770641869
2026-06-26 10:30:00,25,0.2,0.0,-0.0033039647577092213
2026-06-26 11:00:00,25,0.0,0.04,0.000972867798075816
2026-06-26 13:00:00,25,0.0,0.0,0.0
2026-06-26 13:30:00,25,0.0,0.24,0.003565640194489461
2026-06-26 14:00:00,25,0.0,0.08,0.0015938795027095054
2026-06-26 14:30:00,25,0.04,0.0,-0.0011999999999999789
2026-06-26 21:00:00,25,0.04,0.12,0.0
2026-06-26 21:30:00,25,0.0,0.04,0.0006045949214026347
2026-06-26 22:00:00,25,0.0,0.0,0.00029299736302368373
2026-06-26 22:30:00,25,0.0,0.0,0.000671591672263272
2026-06-26 23:00:00,25,0.0,0.0,0.0
2026-06-26 23:30:00,25,0.0,0.04,0.0
2026-06-27 00:00:00,25,0.0,0.04,0.0
2026-06-27 00:30:00,25,0.0,0.0,0.0
2026-06-27 01:00:00,25,0.0,0.0,0.0
2026-06-27 01:30:00,25,0.0,0.0,0.0
2026-06-27 02:00:00,25,0.0,0.0,0.0
2026-06-29 01:00:00,25,0.0,0.0,0.0
2026-06-29 01:30:00,25,0.0,0.0,0.0
2026-06-29 02:00:00,25,0.0,0.0,0.0
2026-06-29 02:30:00,25,0.0,0.0,0.0
2026-06-29 09:00:00,25,0.12,0.16,-0.0006711409395973034
2026-06-29 09:30:00,25,0.12,0.0,-0.0014087483271113532
2026-06-29 10:00:00,25,0.0,0.08,0.0004286326618088143
2026-06-29 10:30:00,25,0.0,0.0,0.0007722007722008595
2026-06-29 11:00:00,25,0.0,0.24,0.0021762785636560977
2026-06-29 13:00:00,25,0.0,0.0,0.0
2026-06-29 13:30:00,25,0.0,0.0,0.0
2026-06-29 14:00:00,25,0.0,0.2,0.0014177693761814325
2026-06-29 14:30:00,25,0.0,0.08,0.0006226650062266526
2026-06-29 21:00:00,25,0.48,0.04,-0.004307559767391722
2026-06-29 21:30:00,25,0.04,0.0,-0.0012360939431397266
2026-06-29 22:00:00,25,0.0,0.0,0.0009737098344693162
2026-06-29 22:30:00,25,0.0,0.0,-0.0008238928939238166
2026-06-29 23:00:00,25,0.0,0.0,0.0
2026-06-29 23:30:00,25,0.0,0.0,0.0
2026-06-30 00:00:00,25,0.0,0.0,0.0
2026-06-30 00:30:00,25,0.0,0.0,0.0
2026-06-30 01:00:00,25,0.0,0.0,0.0
2026-06-30 01:30:00,25,0.0,0.0,0.0
2026-06-30 02:00:00,25,0.0,0.0,0.0
2026-06-30 02:30:00,25,0.0,0.0,0.0
2026-06-30 09:00:00,25,0.16,0.04,-0.00011823126034526954
2026-06-30 09:30:00,25,0.12,0.0,-0.0022675736961451642
2026-06-30 10:00:00,25,0.0,0.0,0.000302388872089443
2026-06-30 10:30:00,25,0.0,0.12,0.002020202020202033
2026-06-30 11:00:00,25,0.0,0.0,0.0
2026-06-30 13:00:00,25,0.0,0.0,0.0
2026-06-30 13:30:00,25,0.16,0.0,-0.0012679215839266345
2026-06-30 14:00:00,25,0.0,0.16,0.0006045949214026347
2026-06-30 14:30:00,25,0.0,0.16,0.00335795836131636
2026-06-30 21:00:00,25,0.2,0.16,-0.0004431641923332563
2026-06-30 21:30:00,25,0.12,0.0,-0.0003920031360250542
2026-06-30 22:00:00,25,0.08,0.04,0.0006493506493505663
2026-06-30 22:30:00,25,0.08,0.0,-0.002069536423841112
2026-06-30 23:00:00,25,0.0,0.0,0.0
2026-06-30 23:30:00,25,0.0,0.0,0.0
2026-07-01 00:00:00,25,0.0,0.0,0.0
2026-07-01 00:30:00,25,0.0,0.0,0.0
2026-07-01 01:00:00,25,0.04,0.0,0.0
2026-07-01 01:30:00,25,0.0,0.0,0.0
2026-07-01 02:00:00,25,0.0,0.0,0.0
2026-07-01 02:30:00,25,0.0,0.0,0.0
2026-07-01 09:00:00,25,0.44,0.04,-0.0046948356807511304
2026-07-01 09:30:00,25,0.12,0.04,-0.001270399687286261
2026-07-01 10:00:00,25,0.0,0.08,-0.0005995203836930418
2026-07-01 10:30:00,25,0.0,0.2,0.0017233950883239757
2026-07-01 11:00:00,25,0.04,0.16,0.0010384215991692258
2026-07-01 13:00:00,25,0.0,0.04,0.0
2026-07-01 13:30:00,25,0.0,0.08,-0.0013449899125757003
2026-07-01 14:00:00,25,0.04,0.04,-0.0008984725965858198
2026-07-01 14:30:00,25,0.04,0.0,-0.0009174311926605228
2026-07-01 21:00:00,25,0.0,0.2,0.0012008405884118556
2026-07-01 21:30:00,25,0.0,0.2,0.0022731577950370063
2026-07-01 22:00:00,25,0.0,0.0,-0.001007049345417954
2026-07-01 22:30:00,25,0.0,0.0,-0.0009477550053311745
2026-07-01 23:00:00,25,0.0,0.0,0.0
2026-07-01 23:30:00,25,0.0,0.0,0.0
2026-07-02 00:00:00,25,0.0,0.0,0.0
2026-07-02 00:30:00,25,0.0,0.0,0.0
2026-07-02 01:00:00,25,0.04,0.0,0.0
2026-07-02 01:30:00,25,0.0,0.0,0.0
2026-07-02 02:00:00,25,0.0,0.0,0.0
2026-07-02 02:30:00,25,0.0,0.0,0.0
2026-07-02 09:00:00,25,0.2,0.0,-0.0019368496914552447
2026-07-02 09:30:00,25,0.0,0.04,0.0009781545484186527
2026-07-02 10:00:00,25,0.0,0.0,0.0
2026-07-02 10:30:00,25,0.04,0.0,-0.00020546537908361362
2026-07-02 11:00:00,25,0.04,0.0,-0.0009157509157509125
2026-07-02 13:00:00,25,0.0,0.0,0.0
2026-07-02 13:30:00,25,0.0,0.16,0.0
2026-07-02 14:00:00,25,0.0,0.04,-0.00042918454935625405
2026-07-02 14:30:00,25,0.08,0.0,-0.0015600624024960652
2026-07-02 21:00:00,25,0.04,0.2,0.0
2026-07-02 21:30:00,25,0.0,0.12,0.002046983136757996
2026-07-02 22:00:00,25,0.08,0.0,-0.0016767270288396974
2026-07-02 22:30:00,25,0.0,0.0,0.00031017369727037725
2026-07-02 23:00:00,25,0.0,0.0,0.0
2026-07-02 23:30:00,25,0.0,0.0,0.0
2026-07-03 00:00:00,25,0.0,0.0,0.0
2026-07-03 00:30:00,25,0.0,0.0,0.0
2026-07-03 01:00:00,25,0.0,0.0,0.0
2026-07-03 01:30:00,25,0.0,0.0,0.0
2026-07-03 02:00:00,25,0.0,0.0,0.0
2026-07-03 02:30:00,25,0.0,0.0,0.0
2026-07-03 09:00:00,25,0.04,0.44,0.00274977085242889
2026-07-03 09:30:00,25,0.0,0.12,0.0011865524060645782
2026-07-03 10:00:00,25,0.0,0.0,0.00032573289902271263
2026-07-03 10:30:00,25,0.16,0.0,-0.0018455859735465596
2026-07-03 11:00:00,25,0.0,0.04,0.0013120229007632656
2026-07-03 13:00:00,25,0.0,0.0,0.0
2026-07-03 13:30:00,25,0.0,0.08,-0.0005256587160785697
2026-07-03 14:00:00,25,0.04,0.0,-0.0013504388926400823
2026-07-03 14:30:00,25,0.0,0.0,0.0006535947712418277
2026-07-03 21:00:00,25,0.04,0.2,0.0003265839320705233
2026-07-03 21:30:00,25,0.0,0.0,0.0
2026-07-03 22:00:00,25,0.0,0.08,0.0
2026-07-03 22:30:00,25,0.0,0.12,0.0017398869073510514
2026-07-03 23:00:00,25,0.0,0.0,0.0
2026-07-03 23:30:00,25,0.0,0.0,0.0
2026-07-04 00:00:00,25,0.0,0.0,0.0
2026-07-04 00:30:00,25,0.0,0.04,0.0
2026-07-04 01:00:00,25,0.0,0.0,0.0
2026-07-04 01:30:00,25,0.0,0.0,0.0
2026-07-04 02:00:00,25,0.0,0.0,0.0
2026-07-06 01:00:00,25,0.0,0.0,0.0
2026-07-06 01:30:00,25,0.0,0.0,0.0
2026-07-06 02:00:00,25,0.0,0.0,0.0
2026-07-06 02:30:00,25,0.0,0.0,0.0
2026-07-06 09:00:00,25,0.04,0.24,0.002147898128260106
2026-07-06 09:30:00,25,0.0,0.04,-0.00037145479176681206
2026-07-06 10:00:00,25,0.0,0.04,-0.00048388657698639204
2026-07-06 10:30:00,25,0.2,0.0,-0.002144607843137303
2026-07-06 11:00:00,25,0.04,0.0,0.0006629101756712164
2026-07-06 13:00:00,25,0.0,0.0,0.0
2026-07-06 13:30:00,25,0.0,0.08,0.0003072196620583778
2026-07-06 14:00:00,25,0.04,0.0,0.00047003525264388557
2026-07-06 14:30:00,25,0.04,0.0,-0.0011003278977135267
2026-07-06 21:00:00,25,0.08,0.16,0.0006148170919151319
2026-07-06 21:30:00,25,0.0,0.04,0.0008862629246677578
2026-07-06 22:00:00,25,0.0,0.04,0.0003065603923972926
2026-07-06 22:30:00,25,0.0,0.0,-0.00013252932211249568
2026-07-06 23:00:00,25,0.0,0.0,0.0
2026-07-06 23:30:00,25,0.0,0.0,0.0
2026-07-07 00:00:00,25,0.0,0.0,0.0
2026-07-07 00:30:00,25,0.0,0.0,0.0
2026-07-07 01:00:00,25,0.0,0.0,0.0
2026-07-07 01:30:00,25,0.0,0.0,0.0
2026-07-07 02:00:00,25,0.0,0.0,0.0
2026-07-07 02:30:00,25,0.0,0.0,0.0
2026-07-07 09:00:00,25,0.16,0.04,-0.0008361204013378476
2026-07-07 09:30:00,25,0.0,0.32,0.0027347310847767314
2026-07-07 10:00:00,25,0.0,0.0,0.0
2026-07-07 10:30:00,25,0.24,0.0,-0.002815843814529706
2026-07-07 11:00:00,25,0.0,0.0,-0.00030590394616092365
2026-07-07 13:00:00,25,0.0,0.0,0.0
2026-07-07 13:30:00,25,0.04,0.0,-0.0004044489383215888
2026-07-07 14:00:00,25,0.0,0.04,0.0008746355685131935
2026-07-07 14:30:00,25,0.0,0.0,-0.000611995104039198
2026-07-07 21:00:00,25,0.04,0.16,0.0016297262059974393
2026-07-07 21:30:00,25,0.08,0.08,-0.0005899705014749124
2026-07-07 22:00:00,25,0.0,0.0,0.0
2026-07-07 22:30:00,25,0.0,0.0,-0.0006779661016949046
2026-07-07 23:00:00,25,0.0,0.0,0.0
2026-07-07 23:30:00,25,0.0,0.0,0.0
2026-07-08 00:00:00,25,0.0,0.0,0.0
2026-07-08 00:30:00,25,0.0,0.0,0.0
2026-07-08 01:00:00,25,0.0,0.04,0.0
2026-07-08 01:30:00,25,0.0,0.04,0.0
2026-07-08 02:00:00,25,0.0,0.0,0.0
2026-07-08 02:30:00,25,0.0,0.04,0.0
2026-07-08 09:00:00,25,0.12,0.32,0.001832061068702373
2026-07-08 09:30:00,25,0.04,0.44,0.0024398575123212307
2026-07-08 10:00:00,25,0.08,0.0,-0.0013422818791946067
2026-07-08 10:30:00,25,0.04,0.04,0.0007094714437743121
2026-07-08 11:00:00,25,0.0,0.12,0.0016207455429497752
2026-07-08 13:00:00,25,0.0,0.0,0.0
2026-07-08 13:30:00,25,0.16,0.16,-0.0002132423499306979
2026-07-08 14:00:00,25,0.04,0.04,0.0006449532408900893
2026-07-08 14:30:00,25,0.24,0.04,-0.0020746887966804906
2026-07-08 21:00:00,25,0.24,0.16,-0.00038654812524163695
2026-07-08 21:30:00,25,0.04,0.04,-0.00121212121212122
2026-07-08 22:00:00,25,0.0,0.16,0.0017097264437690995
2026-07-08 22:30:00,25,0.08,0.0,-0.0003232062055591456
2026-07-08 23:00:00,25,0.0,0.0,0.0
2026-07-08 23:30:00,25,0.0,0.0,0.0
2026-07-09 00:00:00,25,0.0,0.0,0.0
2026-07-09 00:30:00,25,0.0,0.0,0.0
2026-07-09 01:00:00,25,0.0,0.0,0.0
2026-07-09 01:30:00,25,0.0,0.0,0.0
2026-07-09 02:00:00,25,0.0,0.0,0.0
2026-07-09 02:30:00,25,0.0,0.0,0.0
2026-07-09 09:00:00,25,0.16,0.08,-0.0015451174289246028
2026-07-09 09:30:00,25,0.04,0.04,0.0006069802731412111
2026-07-09 10:00:00,25,0.0,0.0,0.0003478260869564931
2026-07-09 10:30:00,25,0.32,0.0,-0.0025046963055729288
2026-07-09 11:00:00,25,0.04,0.0,0.0
2026-07-09 13:00:00,25,0.0,0.0,0.0
2026-07-09 13:30:00,25,0.08,0.2,0.0011441647597254523
2026-07-09 14:00:00,25,0.0,0.12,0.00034891835310535413
2026-07-09 14:30:00,25,0.0,0.04,0.0009378607156598218
2026-07-09 21:00:00,25,0.12,0.04,-0.0009276437847866026
2026-07-09 21:30:00,25,0.0,0.0,0.0
2026-07-09 22:00:00,25,0.04,0.0,-0.000503947589450715
2026-07-09 22:30:00,25,0.0,0.0,0.0006487187804087302
2026-07-09 23:00:00,25,0.0,0.0,0.0
2026-07-09 23:30:00,25,0.0,0.0,0.0
2026-07-10 00:00:00,25,0.0,0.0,0.0
2026-07-10 00:30:00,25,0.0,0.0,0.0
2026-07-10 01:00:00,25,0.0,0.0,0.0
2026-07-10 01:30:00,25,0.0,0.0,0.0
2026-07-10 02:00:00,25,0.0,0.0,0.0
2026-07-10 02:30:00,25,0.0,0.0,0.0
2026-07-10 09:00:00,25,0.0,0.0,0.0
2026-07-10 09:30:00,25,0.0,0.12,0.0009276437847867136
2026-07-10 10:00:00,25,0.0,0.08,0.000972447325769954
2026-07-10 10:30:00,25,0.0,0.04,0.0009329446064139102
2026-07-10 11:00:00,25,0.0,0.0,0.0
2026-07-10 13:00:00,25,0.04,0.0,0.0
2026-07-10 13:30:00,25,0.16,0.0,-0.001953558584558035
2026-07-10 14:00:00,25,0.0,0.0,0.0
2026-07-10 14:30:00,25,0.0,0.04,0.0002011263073209424
2026-07-10 15:00:00,25,0.0,0.0,0.0
2026-07-10 15:30:00,25,0.0,0.0,0.0
2026-07-10 21:00:00,25,0.2,0.0,-0.0006653359946773296
2026-07-10 21:30:00,25,0.0,0.0,2.4148173190630118e-05
2026-07-10 22:00:00,25,0.0,0.04,0.0002953337271116574
2026-07-10 22:30:00,25,0.0,0.04,0.0
2026-07-10 23:00:00,25,0.0,0.0,0.0
2026-07-10 23:30:00,25,0.0,0.0,0.0
2026-07-11 00:00:00,25,0.0,0.0,0.0
2026-07-11 00:30:00,25,0.0,0.0,0.0
2026-07-11 01:00:00,25,0.0,0.0,0.0
2026-07-11 01:30:00,25,0.0,0.0,0.0
2026-07-11 02:00:00,25,0.0,0.0,0.0
2026-07-13 01:00:00,25,0.04,0.0,0.0
2026-07-13 01:30:00,25,0.04,0.0,0.0
2026-07-13 02:00:00,25,0.0,0.0,0.0
2026-07-13 02:30:00,25,0.04,0.0,0.0
2026-07-13 09:00:00,25,0.24,0.2,0.0002952465308532215
2026-07-13 09:30:00,25,0.16,0.0,-0.0019493177387914784
2026-07-13 10:00:00,25,0.0,0.08,0.0003255208333332593
2026-07-13 10:30:00,25,0.2,0.0,-0.001776198934280604
2026-07-13 11:00:00,25,0.0,0.0,0.0
2026-07-13 13:00:00,25,0.0,0.04,0.0
2026-07-13 13:30:00,25,0.24,0.0,-0.0005116086437498835
2026-07-13 14:00:00,25,0.16,0.0,-0.0011413353623739297
2026-07-13 14:30:00,25,0.0,0.0,-0.0002023881805303107
2026-07-13 15:00:00,25,0.0,0.04,0.0
2026-07-13 15:30:00,25,0.0,0.0,0.0
2026-07-13 21:00:00,25,0.12,0.32,0.0016339869281045694
2026-07-13 21:30:00,25,0.08,0.04,-0.000648788927335664
2026-07-13 22:00:00,25,0.04,0.16,0.0
2026-07-13 22:30:00,25,0.0,0.0,0.0
2026-07-13 23:00:00,25,0.0,0.0,0.0
2026-07-13 23:30:00,25,0.0,0.0,0.0
2026-07-14 00:00:00,25,0.0,0.0,0.0
2026-07-14 00:30:00,25,0.0,0.0,0.0
2026-07-14 01:00:00,25,0.0,0.0,0.0
2026-07-14 01:30:00,25,0.0,0.0,0.0
2026-07-14 02:00:00,25,0.0,0.0,0.0
2026-07-14 02:30:00,25,0.0,0.0,0.0
2026-07-14 09:00:00,25,0.0,0.32,0.0016227180527383922
2026-07-14 09:30:00,25,0.04,0.04,0.0005906674542233148
2026-07-14 10:00:00,25,0.16,0.0,-0.00043126684636118906
2026-07-14 10:30:00,25,0.0,0.04,0.0007314397171767073
2026-07-14 11:00:00,25,0.0,0.04,0.00032829940906098365
2026-07-14 13:00:00,25,0.0,0.08,0.0
2026-07-14 13:30:00,25,0.12,0.16,0.0005736137667304853
2026-07-14 14:00:00,25,0.0,0.08,0.0009425070688029447
2026-07-14 14:30:00,25,0.0,0.12,0.00109177755032408
2026-07-14 15:00:00,25,0.0,0.0,0.0
2026-07-14 15:30:00,25,0.0,0.0,0.0
2026-07-14 21:00:00,25,0.12,0.12,-0.0006435006435006052
2026-07-14 21:30:00,25,0.0,0.04,0.0008643042350906516
2026-07-14 22:00:00,25,0.0,0.0,0.0
2026-07-14 22:30:00,25,0.0,0.0,0.00038240917782017547
2026-07-14 23:00:00,25,0.0,0.0,0.0
2026-07-14 23:30:00,25,0.0,0.0,0.0
2026-07-15 00:00:00,25,0.0,0.0,0.0
2026-07-15 00:30:00,25,0.0,0.0,0.0
2026-07-15 01:00:00,25,0.0,0.0,0.0
2026-07-15 01:30:00,25,0.0,0.0,0.0
2026-07-15 02:00:00,25,0.0,0.0,0.0
2026-07-15 02:30:00,25,0.0,0.0,0.0
2026-07-15 09:00:00,25,0.0,0.08,0.0011467889908256534
2026-07-15 09:30:00,25,0.08,0.08,0.0
2026-07-15 10:00:00,25,0.04,0.0,0.0
2026-07-15 10:30:00,25,0.0,0.16,0.0027595722662987487
2026-07-15 11:00:00,25,0.04,0.0,-0.0009540250772306358
2026-07-15 13:00:00,25,0.0,0.0,0.0
2026-07-15 13:30:00,25,0.04,0.04,0.0003825188868700202
2026-07-15 14:00:00,25,0.12,0.0,-0.001908830614007151
2026-07-15 14:30:00,25,0.04,0.04,0.0
2026-07-15 15:00:00,25,0.0,0.0,0.0
2026-07-15 15:30:00,25,0.0,0.0,0.0
2026-07-15 21:00:00,25,0.08,0.04,-0.00030057108506165164
2026-07-15 21:30:00,25,0.0,0.0,0.0
2026-07-15 22:00:00,25,0.0,0.04,-0.001052631578947416
2026-07-15 22:30:00,25,0.0,0.08,0.0
2026-07-15 23:00:00,25,0.0,0.0,0.0
2026-07-15 23:30:00,25,0.0,0.0,0.0
2026-07-16 00:00:00,25,0.04,0.0,0.0
2026-07-16 00:30:00,25,0.0,0.0,0.0
2026-07-16 01:00:00,25,0.0,0.0,0.0
2026-07-16 01:30:00,25,0.0,0.0,0.0
2026-07-16 02:00:00,25,0.0,0.0,0.0
2026-07-16 02:30:00,25,0.0,0.0,0.0
2026-07-16 09:00:00,25,0.4,0.08,-0.0012953367875647714
2026-07-16 09:30:00,25,0.12,0.04,-0.000866926744690022
2026-07-16 10:00:00,25,0.04,0.0,-0.00043261951113993113
2026-07-16 10:30:00,25,0.0,0.04,0.00032478077297826147
2026-07-16 11:00:00,25,0.0,0.0,0.0
2026-07-16 13:00:00,25,0.0,0.04,0.0
2026-07-16 13:30:00,25,0.12,0.12,-0.0009751869108245437
2026-07-16 14:00:00,25,0.08,0.0,-0.0006016847172082285
2026-07-16 14:30:00,25,0.0,0.0,0.0002275364627180032
2026-07-16 15:00:00,25,0.0,0.0,0.0
2026-07-16 15:30:00,25,0.0,0.0,0.0
2026-07-16 21:00:00,25,0.28,0.12,0.0
2026-07-16 21:30:00,25,0.04,0.04,0.0
2026-07-16 22:00:00,25,0.0,0.04,0.00043057050592043566
2026-07-16 22:30:00,25,0.04,0.0,7.282967566513143e-05
2026-07-16 23:00:00,25,0.0,0.0,0.0
2026-07-16 23:30:00,25,0.0,0.0,0.0
2026-07-17 00:00:00,25,0.0,0.0,0.0
2026-07-17 00:30:00,25,0.0,0.0,0.0
2026-07-17 01:00:00,25,0.04,0.0,0.0
2026-07-17 01:30:00,25,0.0,0.0,0.0
2026-07-17 02:00:00,25,0.0,0.0,0.0
2026-07-17 02:30:00,25,0.04,0.0,0.0
2026-07-17 09:00:00,25,0.32,0.16,-0.0009003601440575881
2026-07-17 09:30:00,25,0.08,0.12,-0.0014227642276423147
2026-07-17 10:00:00,25,0.04,0.08,0.0005788153579009414
2026-07-17 10:30:00,25,0.2,0.0,-0.0017825311942959443
2026-07-17 11:00:00,25,0.0,0.04,0.0007798791187365595
2026-07-17 13:00:00,25,0.08,0.0,0.0
2026-07-17 13:30:00,25,0.32,0.04,-0.0021905805038334725
2026-07-17 14:00:00,25,0.12,0.0,-0.00019299430666797068
2026-07-17 14:30:00,25,0.08,0.0,-0.0003265839320705233
2026-07-17 15:00:00,25,0.0,0.0,0.0
2026-07-17 15:30:00,25,0.0,0.0,0.0
2026-07-17 21:00:00,25,0.24,0.32,0.0008925914906277033
2026-07-17 21:30:00,25,0.0,0.28,0.002677651905252265
2026-07-17 22:00:00,25,0.08,0.0,-0.0009055236945366696
2026-07-17 22:30:00,25,0.0,0.0,0.0006491398896462108
2026-07-17 23:00:00,25,0.0,0.0,0.0
2026-07-17 23:30:00,25,0.0,0.0,0.0
2026-07-18 00:00:00,25,0.0,0.0,0.0
2026-07-18 00:30:00,25,0.0,0.0,0.0
2026-07-18 01:00:00,25,0.0,0.0,0.0
2026-07-18 01:30:00,25,0.0,0.0,0.0
2026-07-18 02:00:00,25,0.0,0.0,0.0
2026-07-20 01:00:00,25,0.0,0.0,0.0
2026-07-20 01:30:00,25,0.04,0.0,0.0
2026-07-20 02:00:00,25,0.0,0.0,0.0
2026-07-20 02:30:00,25,0.0,0.0,0.0
2026-07-20 09:00:00,25,0.04,0.32,0.002746789388718973
2026-07-20 09:30:00,25,0.2,0.04,-0.0011537352177675153
2026-07-20 10:00:00,25,0.0,0.0,0.00029377203290237297
2026-07-20 10:30:00,25,0.2,0.0,-0.0022123893805309214
2026-07-20 11:00:00,25,0.0,0.0,2.2779043280074518e-05
2026-07-20 13:00:00,25,0.04,0.04,0.0
2026-07-20 13:30:00,25,0.36,0.04,-0.003325272067714602
2026-07-20 14:00:00,25,0.0,0.04,0.0008158508158508937
2026-07-20 14:30:00,25,0.04,0.08,-0.0010695187165775666
2026-07-20 15:00:00,25,0.0,0.04,0.0
2026-07-20 15:30:00,25,0.0,0.0,0.0
2026-07-20 21:00:00,25,0.4,0.04,-0.002209559251075688
2026-07-20 21:30:00,25,0.0,0.04,0.00020538098172107055
2026-07-20 22:00:00,25,0.0,0.0,0.00038819875776407997
2026-07-20 22:30:00,25,0.0,0.0,0.0
2026-07-20 23:00:00,25,0.0,0.0,0.0
2026-07-20 23:30:00,25,0.0,0.0,0.0
2026-07-21 00:00:00,25,0.0,0.0,0.0
2026-07-21 00:30:00,25,0.0,0.0,0.0
2026-07-21 01:00:00,25,0.0,0.0,0.0
2026-07-21 01:30:00,25,0.0,0.0,0.0
2026-07-21 02:00:00,25,0.0,0.0,0.0
2026-07-21 02:30:00,25,0.0,0.08,0.0
2026-07-21 09:00:00,25,0.16,0.04,-0.0022896393817973815
2026-07-21 09:30:00,25,0.0,0.04,-0.0008628127696289623
2026-07-21 10:00:00,25,0.0,0.0,-0.0004317323259579453
2026-07-21 10:30:00,25,0.0,0.16,0.0020188425302827273
2026-07-21 11:00:00,25,0.0,0.0,0.0018782870022540088
2026-07-21 13:00:00,25,0.0,0.08,0.0
2026-07-21 13:30:00,25,0.04,0.12,0.0009410288582183401
2026-07-21 14:00:00,25,0.04,0.04,0.00040816326530612734
2026-07-21 14:30:00,25,0.0,0.0,0.0011778563015312216
2026-07-21 15:00:00,25,0.0,0.04,0.0
2026-07-21 15:30:00,25,0.0,0.0,0.0
2026-07-21 21:00:00,25,0.16,0.08,-0.0011061946902655162
2026-07-21 21:30:00,25,0.0,0.0,0.00013983080472623755
2026-07-21 22:00:00,25,0.0,0.0,0.0
2026-07-21 22:30:00,25,0.0,0.0,0.0
2026-07-21 23:00:00,25,0.0,0.0,0.0
2026-07-21 23:30:00,25,0.0,0.0,0.0
2026-07-22 00:00:00,25,0.0,0.0,0.0
2026-07-22 00:30:00,25,0.0,0.0,0.0
2026-07-22 01:00:00,25,0.0,0.0,0.0
2026-07-22 01:30:00,25,0.0,0.0,0.0
2026-07-22 02:00:00,25,0.0,0.0,0.0
2026-07-22 02:30:00,25,0.0,0.04,0.0
2026-07-22 09:00:00,25,0.04,0.16,0.001299545159194393
2026-07-22 09:30:00,25,0.08,0.0,-0.0013449899125757003
2026-07-22 10:00:00,25,0.04,0.0,-0.0005885122410546062
2026-07-22 10:30:00,25,0.12,0.08,-0.0006095702529717029
2026-07-22 11:00:00,25,0.0,0.12,0.0015964240102170901
2026-07-22 13:00:00,25,0.0,0.0,0.0
2026-07-22 13:30:00,25,0.28,0.04,-0.0018270401948843329
2026-07-22 14:00:00,25,0.0,0.0,0.0006476683937823857
2026-07-22 14:30:00,25,0.0,0.0,0.00041887740854518185
2026-07-22 15:00:00,25,0.0,0.08,0.0
2026-07-22 15:30:00,25,0.0,0.0,0.0
2026-07-22 21:00:00,25,0.04,0.32,0.0017248814144028568
2026-07-22 21:30:00,25,0.0,0.04,0.0003237293622531112
2026-07-22 22:00:00,25,0.0,0.0,0.0
2026-07-22 22:30:00,25,0.0,0.0,0.0
2026-07-22 23:00:00,25,0.0,0.0,0.0
2026-07-22 23:30:00,25,0.0,0.0,0.0
2026-07-23 00:00:00,25,0.0,0.0,0.0
2026-07-23 00:30:00,25,0.0,0.0,0.0
2026-07-23 01:00:00,25,0.0,0.0,0.0
2026-07-23 01:30:00,25,0.0,0.04,0.0
2026-07-23 02:00:00,25,0.0,0.0,0.0
2026-07-23 02:30:00,25,0.0,0.0,0.0
2026-07-23 09:00:00,25,0.04,0.36,0.002434570906877598
2026-07-23 09:30:00,25,0.04,0.12,0.0
2026-07-23 10:00:00,25,0.0,0.0,0.00017587055926848727
2026-07-23 10:30:00,25,0.0,0.16,0.0016123831022250013
2026-07-23 11:00:00,25,0.0,0.0,-0.0006722689075630006
2026-07-23 13:00:00,25,0.16,0.0,0.0
2026-07-23 13:30:00,25,0.24,0.16,-0.0015218918286116212
2026-07-23 14:00:00,25,0.04,0.0,0.0003122073056509578
2026-07-23 14:30:00,25,0.0,0.08,0.0006080875646092831
2026-07-23 15:00:00,25,0.12,0.0,0.0
2026-07-23 15:30:00,25,0.0,0.0,0.0
2026-07-23 21:00:00,25,0.28,0.08,-0.002127013065937433
2026-07-23 21:30:00,25,0.04,0.04,0.0
2026-07-23 22:00:00,25,0.0,0.04,0.0003252032520324466
2026-07-23 22:30:00,25,0.0,0.0,-0.00010487676979553662
2026-07-23 23:00:00,25,0.0,0.0,0.0
2026-07-23 23:30:00,25,0.0,0.0,0.0
2026-07-24 00:00:00,25,0.0,0.0,0.0
2026-07-24 00:30:00,25,0.0,0.0,0.0
2026-07-24 01:00:00,25,0.0,0.0,0.0
2026-07-24 01:30:00,25,0.0,0.04,0.0
2026-07-24 02:00:00,25,0.0,0.0,0.0
2026-07-24 02:30:00,25,0.0,0.0,0.0
2026-07-24 09:00:00,25,0.28,0.0,-0.0008077544426494665
2026-07-24 09:30:00,25,0.08,0.04,-0.00032541490400261885
2026-07-24 10:00:00,25,0.04,0.0,0.0
2026-07-24 10:30:00,25,0.12,0.04,-0.0008090614886731018
2026-07-24 11:00:00,25,0.0,0.08,0.0010466200996566144
2026-07-24 13:00:00,25,0.0,0.0,0.0
2026-07-24 13:30:00,25,0.08,0.04,0.0
2026-07-24 14:00:00,25,0.0,0.08,0.001452432824981864
2026-07-24 14:30:00,25,0.0,0.08,6.809515162520263e-05
2026-07-24 15:00:00,25,0.0,0.04,0.0
2026-07-24 15:30:00,25,0.0,0.0,0.0
2026-07-24 21:00:00,25,0.28,0.04,-0.0029880478087649376
2026-07-24 21:30:00,25,0.0,0.0,0.0005734492975246752
2026-07-24 22:00:00,25,0.0,0.04,0.0007641608558601742
2026-07-24 22:30:00,25,0.0,0.0,0.0011737089201877549
2026-07-24 23:00:00,25,0.04,0.0,0.0
2026-07-24 23:30:00,25,0.0,0.0,0.0
2026-07-25 00:00:00,25,0.0,0.0,0.0
2026-07-25 00:30:00,25,0.0,0.0,0.0
2026-07-25 01:00:00,25,0.0,0.0,0.0
2026-07-25 01:30:00,25,0.0,0.0,0.0
2026-07-25 02:00:00,25,0.0,0.0,0.0
2026-07-27 01:00:00,25,0.0,0.0,0.0
2026-07-27 01:30:00,25,0.0,0.0,0.0
2026-07-27 02:00:00,25,0.0,0.0,0.0
2026-07-27 02:30:00,25,0.0,0.0,0.0
2026-07-27 09:00:00,25,0.48,0.12,-0.00219780219780219
2026-07-27 09:30:00,25,0.08,0.28,0.0021853536705023213
2026-07-27 10:00:00,25,0.08,0.0,-0.000734279738329513
2026-07-27 10:30:00,25,0.0,0.0,-0.0008618832148243882
2026-07-27 11:00:00,25,0.0,0.04,0.0003135779241141279
2026-07-27 13:00:00,25,0.04,0.04,0.0
2026-07-27 13:30:00,25,0.16,0.08,-0.0015146925174189807
2026-07-27 14:00:00,25,0.0,0.04,0.0006067961165048263
2026-07-27 14:30:00,25,0.0,0.0,-0.0011791062374719719
2026-07-27 15:00:00,25,0.0,0.0,0.0
2026-07-27 15:30:00,25,0.0,0.0,0.0
2026-07-27 21:00:00,25,0.36,0.04,-0.0006279434850863241
2026-07-27 21:30:00,25,0.0,0.0,-0.0009425070688030557
2026-07-27 22:00:00,25,0.04,0.0,-0.0016015374759769108
2026-07-27 22:30:00,25,0.0,0.0,0.0
2026-07-27 23:00:00,25,0.0,0.0,0.0
2026-07-27 23:30:00,25,0.0,0.0,0.0
2026-07-28 00:00:00,25,0.0,0.0,0.0
2026-07-28 00:30:00,25,0.0,0.0,0.0
2026-07-28 01:00:00,25,0.04,0.0,0.0
2026-07-28 01:30:00,25,0.0,0.0,0.0
2026-07-28 02:00:00,25,0.0,0.0,0.0
2026-07-28 02:30:00,25,0.08,0.0,0.0
2026-07-28 09:00:00,25,0.2,0.0,-0.0018885741265344258
2026-07-28 09:30:00,25,0.04,0.08,0.00030487804878043256
2026-07-28 10:00:00,25,0.0,0.0,0.0
2026-07-28 10:30:00,25,0.12,0.0,-0.0022568000950231593
2026-07-28 11:00:00,25,0.0,0.0,0.000710732054015617
2026-07-28 13:00:00,25,0.0,0.0,0.0
2026-07-28 13:30:00,25,0.0,0.0,0.0
2026-07-28 14:00:00,25,0.0,0.0,0.00011872254541134275
2026-07-28 14:30:00,25,0.04,0.0,-0.00021860578090837635
2026-07-28 15:00:00,25,0.0,0.0,0.0
2026-07-28 15:30:00,25,0.0,0.0,0.0
2026-07-28 21:00:00,25,0.2,0.0,-0.0010690105713268006
2026-07-28 21:30:00,25,0.0,0.08,0.0
2026-07-28 22:00:00,25,0.04,0.0,0.0
2026-07-28 22:30:00,25,0.04,0.04,0.0
2026-07-28 23:00:00,25,0.04,0.0,0.0
2026-07-28 23:30:00,25,0.0,0.0,0.0
2026-07-29 00:00:00,25,0.0,0.0,0.0
2026-07-29 00:30:00,25,0.0,0.0,0.0
2026-07-29 01:00:00,25,0.0,0.04,0.0
2026-07-29 01:30:00,25,0.0,0.04,0.0
2026-07-29 02:00:00,25,0.0,0.0,0.0
2026-07-29 02:30:00,25,0.0,0.0,0.0
2026-07-29 09:00:00,25,0.04,0.36,0.002063983488132193
2026-07-29 09:30:00,25,0.04,0.24,0.002160675702219672
2026-07-29 10:00:00,25,0.0,0.0,0.0
2026-07-29 10:30:00,25,0.04,0.04,-0.0006506180871828082
2026-07-29 11:00:00,25,0.2,0.0,-0.0006577306026173124
2026-07-29 13:00:00,25,0.04,0.0,0.0
2026-07-29 13:30:00,25,0.04,0.2,0.0010674637062340064
2026-07-29 14:00:00,25,0.0,0.0,0.0
2026-07-29 14:30:00,25,0.04,0.0,-0.00023769907297366277
2026-07-29 15:00:00,25,0.12,0.0,0.0
2026-07-29 15:30:00,25,0.0,0.0,0.0
2026-07-29 21:00:00,25,0.28,0.08,-0.0002377555872562498
2026-07-29 21:30:00,25,0.16,0.0,-0.0017076891550353857
2026-07-29 22:00:00,25,0.04,0.0,0.0002639028837387869
2026-07-29 22:30:00,25,0.0,0.0,0.0
2026-07-29 23:00:00,25,0.0,0.0,0.0
2026-07-29 23:30:00,25,0.0,0.0,0.0
2026-07-30 00:00:00,25,0.0,0.0,0.0
2026-07-30 00:30:00,25,0.0,0.04,0.0
2026-07-30 01:00:00,25,0.0,0.04,0.0
2026-07-30 01:30:00,25,0.0,0.0,0.0
2026-07-30 02:00:00,25,0.0,0.04,0.0
2026-07-30 02:30:00,25,0.0,0.0,0.0
2026-07-30 09:00:00,25,0.24,0.2,0.0
2026-07-30 09:30:00,25,0.12,0.0,-0.001645639056500281
2026-07-30 10:00:00,25,0.04,0.0,-0.00019013214183860594
2026-07-30 10:30:00,25,0.08,0.04,-0.0024449877750610804
2026-07-30 11:00:00,25,0.0,0.0,-0.0003306878306877925
2026-07-30 13:00:00,25,0.0,0.04,0.0
2026-07-30 13:30:00,25,0.08,0.08,-0.0008814455707359947
2026-07-30 14:00:00,25,0.0,0.12,0.0005955216769890637
2026-07-30 14:30:00,25,0.04,0.04,0.0006353240152476847
2026-07-30 15:00:00,25,0.0,0.12,0.0
2026-07-30 15:30:00,25,0.0,0.0,0.0
2026-07-30 21:00:00,25,0.24,0.16,-0.0003930045195519316
2026-07-30 21:30:00,25,0.0,0.04,0.0006084575600850961
2026-07-30 22:00:00,25,0.0,0.0,-0.0003095017022594071
2026-07-30 22:30:00,25,0.0,0.0,0.00031685678073500867
2026-07-30 23:00:00,25,0.0,0.0,0.0
2026-07-30 23:30:00,25,0.0,0.0,0.0
2026-07-31 00:00:00,25,0.0,0.0,0.0
2026-07-31 00:30:00,25,0.0,0.0,0.0
2026-07-31 01:00:00,25,0.0,0.0,0.0
2026-07-31 01:30:00,25,0.0,0.0,0.0
2026-07-31 02:00:00,25,0.0,0.0,0.0
2026-07-31 02:30:00,25,0.0,0.0,0.0
2026-07-31 09:00:00,25,0.04,0.36,0.0029579964504042877
2026-07-31 09:30:00,25,0.24,0.0,-0.0019729614599914846
2026-07-31 10:00:00,25,0.0,0.0,-0.0009279307145066973
2026-07-31 10:30:00,25,0.0,0.0,-0.0005917159763313418
2026-07-31 11:00:00,25,0.0,0.0,-0.0006108735491753281
2026-07-31 13:00:00,25,0.04,0.0,0.0
2026-07-31 13:30:00,25,0.16,0.04,-0.0017590149516271136
2026-07-31 14:00:00,25,0.0,0.0,-0.0004008819402685493
2026-07-31 14:30:00,25,0.04,0.0,-0.0003174603174602719
2026-07-31 15:00:00,25,0.04,0.0,0.0
2026-07-31 15:30:00,25,0.0,0.0,0.0
2026-07-31 21:00:00,25,0.08,0.32,0.0014304446298725182
2026-07-31 21:30:00,25,0.04,0.0,-0.001552312946289991
2026-07-31 22:00:00,25,0.0,0.0,0.0
2026-07-31 22:30:00,25,0.04,0.0,0.0006341154090043766
2026-07-31 23:00:00,25,0.0,0.0,0.0
2026-07-31 23:30:00,25,0.0,0.0,0.0
2026-08-01 00:00:00,25,0.0,0.0,0.0
2026-08-01 00:30:00,25,0.0,0.0,0.0
2026-08-01 01:00:00,25,0.0,0.0,0.0
2026-08-01 01:30:00,25,0.0,0.0,0.0
2026-08-01 02:00:00,25,0.0,0.0,0.0
2026-08-03 01:00:00,25,0.0,0.0,0.0
2026-08-03 01:30:00,25,0.0,0.0,0.0
2026-08-03 02:00:00,25,0.0,0.0,0.0
2026-08-03 02:30:00,25,0.0,0.0,0.0
2026-08-03 09:00:00,25,0.36,0.04,-0.0018730537800566438
2026-08-03 09:30:00,25,0.0,0.08,0.0005427040227936608
2026-08-03 10:00:00,25,0.0,0.08,0.001145475372279492
2026-08-03 10:30:00,25,0.12,0.0,-0.0003759398496241406
2026-08-03 11:00:00,25,0.0,0.08,0.0007955449482894839
2026-08-03 13:00:00,25,0.08,0.0,0.0
2026-08-03 13:30:00,25,0.04,0.12,-0.00039533504645183903
2026-08-03 14:00:00,25,0.0,0.12,0.0011990407673860837
2026-08-03 14:30:00,25,0.08,0.04,-0.00179640718562879
2026-08-03 15:00:00,25,0.04,0.0,0.0
2026-08-03 15:30:00,25,0.0,0.0,0.0
2026-08-03 21:00:00,25,0.12,0.12,0.0
2026-08-03 21:30:00,25,0.0,0.08,0.00010818998160777582
2026-08-03 22:00:00,25,0.0,0.08,0.0
2026-08-03 22:30:00,25,0.0,0.0,0.0007173601147776321
2026-08-03 23:00:00,25,0.0,0.0,0.0
2026-08-03 23:30:00,25,0.0,0.0,0.0
2026-08-04 00:00:00,25,0.0,0.0,0.0
2026-08-04 00:30:00,25,0.0,0.0,0.0
2026-08-04 01:00:00,25,0.0,0.0,0.0
2026-08-04 01:30:00,25,0.0,0.04,0.0
2026-08-04 02:00:00,25,0.0,0.0,0.0
2026-08-04 02:30:00,25,0.0,0.0,0.0
2026-08-04 09:00:00,25,0.04,0.2,0.0
2026-08-04 09:30:00,25,0.0,0.24,0.0016265452179571316
2026-08-04 10:00:00,25,0.0,0.0,-0.0006249999999999867
2026-08-04 10:30:00,25,0.0,0.08,0.0011277135607554722
2026-08-04 11:00:00,25,0.0,0.0,0.00020020020020017348
2026-08-04 13:00:00,25,0.0,0.08,0.0
2026-08-04 13:30:00,25,0.04,0.04,-0.0014934289127837008
2026-08-04 14:00:00,25,0.0,0.0,-0.000629855133319368
2026-08-04 14:30:00,25,0.0,0.0,-0.00033512064343166337
2026-08-04 15:00:00,25,0.0,0.04,0.0
2026-08-04 15:30:00,25,0.0,0.0,0.0
2026-08-04 21:00:00,25,0.16,0.04,-0.000891662951404415
2026-08-04 21:30:00,25,0.04,0.0,0.0
2026-08-04 22:00:00,25,0.0,0.0,0.0004466279589101507
2026-08-04 22:30:00,25,0.0,0.0,0.0
2026-08-04 23:00:00,25,0.0,0.0,0.0
2026-08-04 23:30:00,25,0.0,0.0,0.0
2026-08-05 00:00:00,25,0.0,0.0,0.0
2026-08-05 00:30:00,25,0.0,0.0,0.0
2026-08-05 01:00:00,25,0.04,0.0,0.0
2026-08-05 01:30:00,25,0.0,0.04,0.0
2026-08-05 02:00:00,25,0.0,0.0,0.0
2026-08-05 02:30:00,25,0.0,0.08,0.0
2026-08-05 09:00:00,25,0.24,0.24,-0.0010787486515642097
2026-08-05 09:30:00,25,0.0,0.4,0.002690184336109347
2026-08-05 10:00:00,25,0.04,0.0,-0.0005591090038914448
2026-08-05 10:30:00,25,0.04,0.24,0.0022650056625141968
2026-08-05 11:00:00,25,0.0,0.0,0.0005602240896358524
2026-08-05 13:00:00,25,0.0,0.16,0.0
2026-08-05 13:30:00,25,0.08,0.12,-0.00032626427406201586
2026-08-05 14:00:00,25,0.0,0.04,-0.0009345794392523477
2026-08-05 14:30:00,25,0.0,0.12,0.0003562522265763146
2026-08-05 15:00:00,25,0.0,0.04,0.0
2026-08-05 15:30:00,25,0.0,0.0,0.0
2026-08-05 21:00:00,25,0.08,0.24,0.001566170712607784
2026-08-05 21:30:00,25,0.0,0.0,0.0003529827038475375
2026-08-05 22:00:00,25,0.04,0.0,-0.0009299442033477989
2026-08-05 22:30:00,25,0.04,0.0,-0.0003324468085106336
2026-08-05 23:00:00,25,0.0,0.04,0.0
2026-08-05 23:30:00,25,0.0,0.0,0.0
2026-08-06 00:00:00,25,0.0,0.0,0.0
2026-08-06 00:30:00,25,0.0,0.0,0.0
2026-08-06 01:00:00,25,0.0,0.0,0.0
2026-08-06 01:30:00,25,0.0,0.04,0.0
2026-08-06 02:00:00,25,0.0,0.0,0.0
2026-08-06 02:30:00,25,0.0,0.0,0.0
2026-08-06 09:00:00,25,0.2,0.16,-0.0010488777008600403
2026-08-06 09:30:00,25,0.0,0.12,0.002336448598130758
2026-08-06 10:00:00,25,0.0,0.04,0.0004632203075782826
2026-08-06 10:30:00,25,0.08,0.08,0.0
2026-08-06 11:00:00,25,0.08,0.0,-0.0017636684303351524
2026-08-06 13:00:00,25,0.0,0.0,0.0
2026-08-06 13:30:00,25,0.04,0.0,0.0005973715651135247
2026-08-06 14:00:00,25,0.0,0.08,0.0007473841554559435
2026-08-06 14:30:00,25,0.0,0.08,0.0009721322099804919
2026-08-06 15:00:00,25,0.0,0.0,0.0
2026-08-06 15:30:00,25,0.0,0.0,0.0
2026-08-06 21:00:00,25,0.12,0.2,0.0
2026-08-06 21:30:00,25,0.0,0.08,0.0005331973293769554
2026-08-06 22:00:00,25,0.04,0.0,0.0
2026-08-06 22:30:00,25,0.0,0.04,0.0
2026-08-06 23:00:00,25,0.0,0.0,0.0
2026-08-06 23:30:00,25,0.0,0.04,0.0
2026-08-07 00:00:00,25,0.0,0.0,0.0
2026-08-07 00:30:00,25,0.0,0.0,0.0
2026-08-07 01:00:00,25,0.0,0.0,0.0
2026-08-07 01:30:00,25,0.0,0.0,0.0
2026-08-07 02:00:00,25,0.0,0.0,0.0
2026-08-07 02:30:00,25,0.0,0.0,0.0
2026-08-07 09:00:00,25,0.0,0.32,0.0021459227467810482
2026-08-07 09:30:00,25,0.0,0.12,0.002085505735140769
2026-08-07 10:00:00,25,0.0,0.04,0.0010405827263266776
2026-08-07 10:30:00,25,0.12,0.04,-0.001394700139469962
2026-08-07 11:00:00,25,0.0,0.04,0.0012954566484686403
2026-08-07 13:00:00,25,0.0,0.08,0.0
2026-08-07 13:30:00,25,0.12,0.08,-0.0003444712366517111
2026-08-07 14:00:00,25,0.04,0.0,-0.0015398829688944016
2026-08-07 14:30:00,25,0.04,0.04,0.0008054123711340733
2026-08-07 15:00:00,25,0.04,0.0,0.0
2026-08-07 15:30:00,25,0.0,0.0,0.0
2026-08-07 21:00:00,25,0.12,0.2,0.001184413123297423
2026-08-07 21:30:00,25,0.04,0.04,0.0
2026-08-07 22:00:00,25,0.04,0.0,0.0
2026-08-07 22:30:00,25,0.0,0.0,-0.00010658708164568154
2026-08-07 23:00:00,25,0.0,0.0,0.0
2026-08-07 23:30:00,25,0.0,0.0,0.0
2026-08-08 00:00:00,25,0.0,0.0,0.0
2026-08-08 00:30:00,25,0.0,0.0,0.0
2026-08-08 01:00:00,25,0.0,0.0,0.0
2026-08-08 01:30:00,25,0.0,0.0,0.0
2026-08-08 02:00:00,25,0.0,0.0,0.0
2026-08-10 01:00:00,25,0.04,0.0,0.0
2026-08-10 01:30:00,25,0.0,0.0,0.0
2026-08-10 02:00:00,25,0.0,0.0,0.0
2026-08-10 02:30:00,25,0.0,0.0,0.0
2026-08-10 09:00:00,25,0.2,0.24,0.00030759766225774143
2026-08-10 09:30:00,25,0.04,0.12,0.001959247648902762
2026-08-10 10:00:00,25,0.0,0.04,0.0006787118517130875
2026-08-10 10:30:00,25,0.16,0.0,-0.0013422818791946067
2026-08-10 11:00:00,25,0.04,0.0,-0.0003073140749846326
2026-08-10 13:00:00,25,0.0,0.0,0.0
2026-08-10 13:30:00,25,0.04,0.12,0.000618429189857661
2026-08-10 14:00:00,25,0.0,0.08,0.00013768415255399624
2026-08-10 14:30:00,25,0.08,0.0,-0.0006144393241167556
2026-08-10 15:00:00,25,0.0,0.0,0.0
2026-08-10 15:30:00,25,0.0,0.0,0.0
2026-08-10 21:00:00,25,0.08,0.2,-0.00041382164287195877
2026-08-10 21:30:00,25,0.04,0.08,0.0
2026-08-10 22:00:00,25,0.0,0.0,0.0003077870113881165
2026-08-10 22:30:00,25,0.0,0.04,0.0010362694300518616
2026-08-10 23:00:00,25,0.0,0.0,0.0
2026-08-10 23:30:00,25,0.0,0.0,0.0
2026-08-11 00:00:00,25,0.0,0.0,0.0
2026-08-11 00:30:00,25,0.0,0.0,0.0
2026-08-11 01:00:00,25,0.0,0.04,0.0
2026-08-11 01:30:00,25,0.0,0.0,0.0
2026-08-11 02:00:00,25,0.0,0.0,0.0
2026-08-11 02:30:00,25,0.0,0.04,0.0
2026-08-11 09:00:00,25,0.0,0.08,0.0006150061500616033
2026-08-11 09:30:00,25,0.08,0.04,-0.0005539654694857177
2026-08-11 10:00:00,25,0.0,0.0,0.0
2026-08-11 10:30:00,25,0.04,0.12,0.00038417210910490773
2026-08-11 11:00:00,25,0.0,0.2,0.0012713211145247705
2026-08-11 13:00:00,25,0.08,0.0,0.0
2026-08-11 13:30:00,25,0.04,0.2,0.0003081664098614212
2026-08-11 14:00:00,25,0.0,0.08,-0.0005800464037123421
2026-08-11 14:30:00,25,0.0,0.12,0.0006635700066357497
2026-08-11 15:00:00,25,0.0,0.0,0.0
2026-08-11 15:30:00,25,0.0,0.0,0.0
2026-08-11 21:00:00,25,0.2,0.12,-0.0009740892265731604
2026-08-11 21:30:00,25,0.08,0.0,-0.0006925207756233176
2026-08-11 22:00:00,25,0.0,0.04,0.0003083564600678823
2026-08-11 22:30:00,25,0.0,0.0,0.0011545122185876444
2026-08-11 23:00:00,25,0.0,0.0,0.0
2026-08-11 23:30:00,25,0.0,0.0,0.0
2026-08-12 00:00:00,25,0.0,0.0,0.0
2026-08-12 00:30:00,25,0.0,0.0,0.0
2026-08-12 01:00:00,25,0.0,0.0,0.0
2026-08-12 01:30:00,25,0.0,0.0,0.0
2026-08-12 02:00:00,25,0.0,0.0,0.0
2026-08-12 02:30:00,25,0.0,0.08,0.0
2026-08-12 09:00:00,25,0.04,0.16,0.0016594756057086713
2026-08-12 09:30:00,25,0.08,0.08,0.0002932551319647647
2026-08-12 10:00:00,25,0.0,0.0,0.0
2026-08-12 10:30:00,25,0.0,0.08,0.0012608573830203973
2026-08-12 11:00:00,25,0.04,0.04,0.0
2026-08-12 13:00:00,25,0.0,0.0,0.0
2026-08-12 13:30:00,25,0.04,0.08,-0.0003243368469825203
2026-08-12 14:00:00,25,0.08,0.0,-0.00041855890170139354
2026-08-12 14:30:00,25,0.0,0.0,0.0
2026-08-12 15:00:00,25,0.04,0.0,0.0
2026-08-12 15:30:00,25,0.0,0.0,0.0
2026-08-12 21:00:00,25,0.28,0.12,-0.0012730744748568057
2026-08-12 21:30:00,25,0.04,0.0,-0.00018475750577362504
2026-08-12 22:00:00,25,0.04,0.0,0.0
2026-08-12 22:30:00,25,0.0,0.04,0.0
2026-08-12 23:00:00,25,0.0,0.0,0.0
2026-08-12 23:30:00,25,0.0,0.0,0.0
2026-08-13 00:00:00,25,0.0,0.0,0.0
2026-08-13 00:30:00,25,0.0,0.0,0.0
2026-08-13 01:00:00,25,0.0,0.0,0.0
2026-08-13 01:30:00,25,0.04,0.0,0.0
2026-08-13 02:00:00,25,0.0,0.0,0.0
2026-08-13 02:30:00,25,0.0,0.0,0.0
2026-08-13 09:00:00,25,0.2,0.12,-0.0007047216349541641
2026-08-13 09:30:00,25,0.28,0.0,-0.0022690842475592277
2026-08-13 10:00:00,25,0.0,0.0,0.00028003360403250355
2026-08-13 10:30:00,25,0.0,0.04,-0.00041283930230162635
2026-08-13 11:00:00,25,0.0,0.0,0.0011069241639189986
2026-08-13 13:00:00,25,0.04,0.04,0.0
2026-08-13 13:30:00,25,0.04,0.12,0.00030883261272385276
2026-08-13 14:00:00,25,0.0,0.08,0.0
2026-08-13 14:30:00,25,0.0,0.0,-0.0008372093023255589
2026-08-13 15:00:00,25,0.0,0.04,0.0
2026-08-13 15:30:00,25,0.0,0.0,0.0
2026-08-13 21:00:00,25,0.12,0.28,0.001851362073525431
2026-08-13 21:30:00,25,0.0,0.0,-0.0004724223455769838
2026-08-13 22:00:00,25,0.0,0.0,0.0007595898214964869
2026-08-13 22:30:00,25,0.0,0.0,0.0007037297677692234
2026-08-13 23:00:00,25,0.0,0.04,0.0
2026-08-13 23:30:00,25,0.0,0.0,0.0
2026-08-14 00:00:00,25,0.0,0.0,0.0
2026-08-14 00:30:00,25,0.0,0.0,0.0
2026-08-14 01:00:00,25,0.0,0.04,0.0
2026-08-14 01:30:00,25,0.0,0.0,0.0
2026-08-14 02:00:00,25,0.0,0.0,0.0
2026-08-14 02:30:00,25,0.08,0.0,0.0
2026-08-14 09:00:00,25,0.08,0.12,0.0007789678675753642
2026-08-14 09:30:00,25,0.12,0.04,-0.0021008403361344463
2026-08-14 10:00:00,25,0.0,0.04,0.0
2026-08-14 10:30:00,25,0.0,0.16,0.001692524682651575
2026-08-14 11:00:00,25,0.0,0.0,0.0005632216277104973
2026-08-14 13:00:00,25,0.0,0.08,0.0
2026-08-14 13:30:00,25,0.08,0.2,0.0023178807947019653
2026-08-14 14:00:00,25,0.0,0.12,0.0005851375073142595
2026-08-14 14:30:00,25,0.08,0.0,-0.000631512472371365
2026-08-14 15:00:00,25,0.0,0.12,0.0
2026-08-14 15:30:00,25,0.0,0.0,0.0
2026-08-14 21:00:00,25,0.08,0.2,0.00037216226274661146
2026-08-14 21:30:00,25,0.0,0.04,0.0
2026-08-14 22:00:00,25,0.0,0.04,0.0
2026-08-14 22:30:00,25,0.0,0.0,0.0
2026-08-14 23:00:00,25,0.0,0.0,0.0
2026-08-14 23:30:00,25,0.0,0.0,0.0
2026-08-15 00:00:00,25,0.0,0.0,0.0
2026-08-15 00:30:00,25,0.0,0.0,0.0
2026-08-15 01:00:00,25,0.0,0.0,0.0
2026-08-15 01:30:00,25,0.0,0.0,0.0
2026-08-15 02:00:00,25,0.0,0.0,0.0
2026-08-17 01:00:00,25,0.0,0.08,0.0
2026-08-17 01:30:00,25,0.04,0.0,0.0
2026-08-17 02:00:00,25,0.0,0.0,0.0
2026-08-17 02:30:00,25,0.0,0.0,0.0
2026-08-17 09:00:00,25,0.04,0.36,0.0030674846625766694
2026-08-17 09:30:00,25,0.32,0.04,-0.002695699419066333
2026-08-17 10:00:00,25,0.0,0.04,0.0008150789607743736
2026-08-17 10:30:00,25,0.12,0.08,0.000556947925369089
2026-08-17 11:00:00,25,0.12,0.0,-0.0014593214155417256
2026-08-17 13:00:00,25,0.08,0.0,0.0
2026-08-17 13:30:00,25,0.0,0.2,0.0009466708740928365
2026-08-17 14:00:00,25,0.0,0.04,0.0007072135785006761
2026-08-17 14:30:00,25,0.08,0.0,-0.0009163103237629366
2026-08-17 15:00:00,25,0.04,0.0,0.0
2026-08-17 15:30:00,25,0.0,0.0,0.0
2026-08-17 21:00:00,25,0.32,0.08,-0.001195457262402888
2026-08-17 21:30:00,25,0.0,0.0,0.0009182736455464191
2026-08-17 22:00:00,25,0.0,0.04,0.0
2026-08-17 22:30:00,25,0.0,0.0,0.0009635043357694162
2026-08-17 23:00:00,25,0.0,0.0,0.0
2026-08-17 23:30:00,25,0.0,0.0,0.0
2026-08-18 00:00:00,25,0.0,0.0,0.0
2026-08-18 00:30:00,25,0.0,0.0,0.0
2026-08-18 01:00:00,25,0.0,0.04,0.0
2026-08-18 01:30:00,25,0.0,0.0,0.0
2026-08-18 02:00:00,25,0.0,0.0,0.0
2026-08-18 02:30:00,25,0.0,0.0,0.0
2026-08-18 09:00:00,25,0.0,0.4,0.003292894280762626
2026-08-18 09:30:00,25,0.04,0.04,-0.0005789047122843893
2026-08-18 10:00:00,25,0.0,0.08,-0.00033222591362125353
2026-08-18 10:30:00,25,0.04,0.04,-0.00014129282938890597
2026-08-18 11:00:00,25,0.0,0.04,-0.00019493177387919225
2026-08-18 13:00:00,25,0.0,0.04,0.0
2026-08-18 13:30:00,25,0.08,0.0,-0.00020924879681938346
2026-08-18 14:00:00,25,0.0,0.08,0.0016567263088138606
2026-08-18 14:30:00,25,0.0,0.04,0.0012929311925526932
2026-08-18 15:00:00,25,0.08,0.0,0.0
2026-08-18 15:30:00,25,0.0,0.0,0.0
2026-08-18 21:00:00,25,0.12,0.44,0.004958960328317552
2026-08-18 21:30:00,25,0.0,0.0,-0.0006518904823989979
2026-08-18 22:00:00,25,0.08,0.0,-0.0012575979878431953
2026-08-18 22:30:00,25,0.0,0.04,0.0
2026-08-18 23:00:00,25,0.0,0.0,0.0
2026-08-18 23:30:00,25,0.0,0.0,0.0
2026-08-19 00:00:00,25,0.0,0.0,0.0
2026-08-19 00:30:00,25,0.0,0.0,0.0
2026-08-19 01:00:00,25,0.0,0.0,0.0
2026-08-19 01:30:00,25,0.0,0.0,0.0
2026-08-19 02:00:00,25,0.0,0.0,0.0
2026-08-19 02:30:00,25,0.04,0.0,0.0
2026-08-19 09:00:00,25,0.12,0.12,-0.0013927576601671099
2026-08-19 09:30:00,25,0.0,0.04,0.0017027073046143038
2026-08-19 10:00:00,25,0.0,0.0,-0.0006589785831960793
2026-08-19 10:30:00,25,0.08,0.0,-0.002213368747233324
2026-08-19 11:00:00,25,0.0,0.0,0.0009715299484667206
2026-08-19 13:00:00,25,0.0,0.08,0.0
2026-08-19 13:30:00,25,0.08,0.0,-0.0012655557899177161
2026-08-19 14:00:00,25,0.0,0.08,0.0008857395925598865
2026-08-19 14:30:00,25,0.0,0.08,0.00035186488388450066
2026-08-19 15:00:00,25,0.0,0.08,0.0
2026-08-19 15:30:00,25,0.0,0.0,0.0
2026-08-19 21:00:00,25,0.04,0.28,0.0019011406844107182
2026-08-19 21:30:00,25,0.04,0.0,-0.000898831519025256
2026-08-19 22:00:00,25,0.0,0.08,0.0009610764055743015
2026-08-19 22:30:00,25,0.0,0.0,0.0002797985450475604
2026-08-19 23:00:00,25,0.0,0.04,0.0
2026-08-19 23:30:00,25,0.04,0.0,0.0
2026-08-20 00:00:00,25,0.0,0.0,0.0
2026-08-20 00:30:00,25,0.0,0.0,0.0
2026-08-20 01:00:00,25,0.0,0.0,0.0
2026-08-20 01:30:00,25,0.0,0.0,0.0
2026-08-20 02:00:00,25,0.0,0.0,0.0
2026-08-20 02:30:00,25,0.0,0.0,0.0
2026-08-20 09:00:00,25,0.0,0.04,0.0
2026-08-20 09:30:00,25,0.04,0.04,0.0
2026-08-20 10:00:00,25,0.08,0.0,-0.0010869565217391797
2026-08-20 10:30:00,25,0.04,0.08,0.0
2026-08-20 11:00:00,25,0.0,0.0,0.0006584091189663077
2026-08-20 13:00:00,25,0.04,0.04,0.0
2026-08-20 13:30:00,25,0.12,0.2,0.0
2026-08-20 14:00:00,25,0.0,0.0,0.0007112375533429027
2026-08-20 14:30:00,25,0.0,0.08,0.0005873715124815604
2026-08-20 15:00:00,25,0.0,0.0,0.0
2026-08-20 15:30:00,25,0.0,0.0,0.0
2026-08-20 21:00:00,25,0.2,0.24,0.0
2026-08-20 21:30:00,25,0.16,0.04,-0.0009622323791195209
2026-08-20 22:00:00,25,0.04,0.0,-0.0012432188065099048
2026-08-20 22:30:00,25,0.0,0.04,0.0017647058823528905
2026-08-20 23:00:00,25,0.0,0.0,0.0
2026-08-20 23:30:00,25,0.0,0.0,0.0
2026-08-21 00:00:00,25,0.0,0.0,0.0
2026-08-21 00:30:00,25,0.0,0.0,0.0
2026-08-21 01:00:00,25,0.0,0.0,0.0
2026-08-21 01:30:00,25,0.0,0.0,0.0
2026-08-21 02:00:00,25,0.0,0.0,0.0
2026-08-21 02:30:00,25,0.0,0.0,0.0
2026-08-21 09:00:00,25,0.08,0.16,0.0010508371669430971
2026-08-21 09:30:00,25,0.0,0.12,0.0006518297793089989
2026-08-21 10:00:00,25,0.0,0.08,0.001767304860088359
2026-08-21 10:30:00,25,0.2,0.0,0.0
2026-08-21 11:00:00,25,0.04,0.12,-0.0005498869676788809
2026-08-21 13:00:00,25,0.0,0.08,0.0
2026-08-21 13:30:00,25,0.12,0.0,-0.0009104704097117056
2026-08-21 14:00:00,25,0.0,0.08,0.0011706175007315522
2026-08-21 14:30:00,25,0.0,0.04,-0.0001857355126300142
2026-08-21 15:00:00,25,0.0,0.04,0.0
2026-08-21 15:30:00,25,0.0,0.0,0.0
2026-08-21 21:00:00,25,0.04,0.48,0.0032905561039815456
2026-08-21 21:30:00,25,0.0,0.04,-0.0004832960792604535
2026-08-21 22:00:00,25,0.0,0.04,0.0016747301823594185
2026-08-21 22:30:00,25,0.0,0.0,0.0
2026-08-21 23:00:00,25,0.0,0.0,0.0
2026-08-21 23:30:00,25,0.0,0.0,0.0
2026-08-22 00:00:00,25,0.0,0.0,0.0
2026-08-22 00:30:00,25,0.0,0.0,0.0
2026-08-22 01:00:00,25,0.0,0.0,0.0
2026-08-22 01:30:00,25,0.0,0.0,0.0
2026-08-22 02:00:00,25,0.0,0.0,0.0
2026-08-24 01:00:00,25,0.04,0.0,0.0
2026-08-24 01:30:00,25,0.0,0.04,0.0
2026-08-24 02:00:00,25,0.0,0.0,0.0
2026-08-24 02:30:00,25,0.0,0.0,0.0
2026-08-24 09:00:00,25,0.32,0.08,-0.003732809430255446
2026-08-24 09:30:00,25,0.0,0.2,0.0024410089503661414
2026-08-24 10:00:00,25,0.0,0.0,0.00035561877667134034
2026-08-24 10:30:00,25,0.0,0.04,-0.0011565150346954933
2026-08-24 11:00:00,25,0.0,0.12,0.0011578541103820505
2026-08-24 13:30:00,25,0.08,0.04,-0.0020401224073444135
2026-08-24 14:00:00,25,0.12,0.0,0.0
2026-08-24 14:30:00,25,0.0,0.0,-0.0005787037037037202
