symbol,track,entry_time,exit_time,side,lots,entry_price,exit_price,entry_fee,exit_fee,slippage_cost,gross_pnl,net_pnl,exit_reason,holding_bars,regime
AU_IDX,real,2025-09-24 09:45:00,2025-09-24 10:30:00,LONG,1,856.56,853.8631428571429,42.828,42.693157142857146,40.0,-2696.857142857084,-2782.378299999941,stop,2,REAL_HISTORY
AU_IDX,real,2025-09-24 11:00:00,2025-09-24 13:30:00,LONG,1,856.42,860.1800000000001,42.821000000000005,43.00900000000001,40.0,3760.0000000001046,3674.1700000001047,target_mean,2,REAL_HISTORY
AU_IDX,real,2025-09-24 14:00:00,2025-09-24 21:00:00,SHORT,1,861.14,861.001,43.057,43.05005,40.0,139.00000000001,52.89295000001,stop,4,REAL_HISTORY
AU_IDX,real,2025-09-26 21:30:00,2025-09-26 22:00:00,SHORT,1,859.46,861.9571428571429,42.973,43.09785714285715,40.0,-2497.142857142876,-2583.213714285733,stop,2,REAL_HISTORY
AU_IDX,real,2025-09-26 22:30:00,2025-09-27 01:30:00,SHORT,1,863.6800000000001,863.4925714285715,43.184000000000005,43.17462857142858,40.0,187.42857142854064,101.06994285711207,stop,12,REAL_HISTORY
AU_IDX,real,2025-09-30 09:30:00,2025-09-30 09:30:00,SHORT,2,873.58,875.48,87.358,87.548,80.0,-3799.9999999999545,-3974.9059999999545,stop,0,REAL_HISTORY
AU_IDX,real,2025-10-09 14:15:00,2025-10-09 22:00:00,SHORT,1,916.12,912.28,45.806000000000004,45.614000000000004,40.0,3840.000000000032,3748.5800000000318,target_mean,7,REAL_HISTORY
AU_IDX,real,2025-10-10 01:30:00,2025-10-10 11:15:00,LONG,1,901.88,902.2347142857143,45.094,45.11173571428572,40.0,354.7142857142944,264.5085500000087,stop,12,REAL_HISTORY
AU_IDX,real,2025-10-10 23:45:00,2025-10-10 23:45:00,SHORT,1,913.64,913.68,45.682,45.684000000000005,40.0,-39.99999999996362,-131.36599999996363,stop,0,REAL_HISTORY
AU_IDX,real,2025-10-14 00:30:00,2025-10-14 09:00:00,SHORT,1,937.6,940.9,46.88,47.045,40.0,-3299.9999999999545,-3393.9249999999547,stop,8,REAL_HISTORY
AU_IDX,real,2025-10-14 09:45:00,2025-10-14 09:45:00,SHORT,1,946.96,947.0,47.348,47.35,40.0,-39.99999999996362,-134.69799999996363,stop,0,REAL_HISTORY
AU_IDX,real,2025-10-14 11:00:00,2025-10-14 13:30:00,SHORT,1,950.16,942.498,47.508,47.124900000000004,40.0,7661.999999999921,7567.367099999921,target_mean,2,REAL_HISTORY
AU_IDX,real,2025-10-15 21:45:00,2025-10-15 22:00:00,SHORT,1,959.14,962.3485714285714,47.957,48.11742857142857,40.0,-3208.5714285714175,-3304.645857142846,stop,1,REAL_HISTORY
AU_IDX,real,2025-10-15 22:45:00,2025-10-15 23:30:00,SHORT,1,961.26,959.0409999999999,48.063,47.95205,40.0,2219.000000000051,2122.984950000051,target_mean,3,REAL_HISTORY
AU_IDX,real,2025-10-16 09:30:00,2025-10-16 11:00:00,SHORT,1,966.46,970.8128571428571,48.323,48.540642857142856,40.0,-4352.857142857033,-4449.720785714177,stop,5,REAL_HISTORY
AU_IDX,real,2025-10-16 21:30:00,2025-10-16 23:30:00,SHORT,1,973.58,978.5171428571427,48.679,48.92585714285714,40.0,-4937.142857142703,-5034.7477142855605,stop,8,REAL_HISTORY
AU_IDX,real,2025-10-17 00:45:00,2025-10-17 01:30:00,SHORT,1,978.4200000000001,983.3900000000001,48.92100000000001,49.169500000000006,40.0,-4970.000000000027,-5068.0905000000275,stop,3,REAL_HISTORY
AU_IDX,real,2025-10-17 02:15:00,2025-10-17 09:00:00,SHORT,1,981.58,996.68,49.079,49.834,40.0,-15099.999999999909,-15198.91299999991,stop,1,REAL_HISTORY
AU_IDX,real,2025-10-17 09:45:00,2025-10-17 09:45:00,SHORT,1,982.0,981.2070000000001,49.1,49.06035000000001,40.0,792.9999999998927,694.8396499998927,target_mean,0,REAL_HISTORY
AU_IDX,real,2025-10-17 11:00:00,2025-10-17 21:00:00,SHORT,1,995.38,989.62,49.769000000000005,49.481,40.0,5759.999999999991,5660.749999999991,target_mean,8,REAL_HISTORY
AU_IDX,real,2025-10-18 01:15:00,2025-10-18 02:00:00,LONG,1,964.76,972.635,48.238,48.631750000000004,40.0,7875.0,7778.13025,target_mean,3,REAL_HISTORY
AU_IDX,real,2025-10-20 21:30:00,2025-10-20 22:15:00,SHORT,1,988.74,988.3591428571428,49.437000000000005,49.41795714285715,40.0,380.85714285716676,282.0021857143096,stop,3,REAL_HISTORY
AU_IDX,real,2025-10-20 23:30:00,2025-10-21 09:30:00,SHORT,1,993.7,994.011,49.685,49.70055,40.0,-310.9999999999218,-410.3855499999218,target_mean,14,REAL_HISTORY
AU_IDX,real,2025-10-21 14:15:00,2025-10-21 14:45:00,LONG,1,990.14,993.7410000000001,49.507000000000005,49.687050000000006,40.0,3601.000000000113,3501.8059500001127,target_mean,2,REAL_HISTORY
AU_IDX,real,2025-10-21 23:00:00,2025-10-22 09:00:00,LONG,1,949.18,935.2771428571428,47.459,46.76385714285714,40.0,-13902.857142857101,-13997.07999999996,stop,14,REAL_HISTORY
AU_IDX,real,2025-10-22 21:45:00,2025-10-22 22:30:00,LONG,1,936.02,928.5142857142858,46.801,46.42571428571429,40.0,-7505.714285714134,-7598.940999999849,stop,3,REAL_HISTORY
AU_IDX,real,2025-10-22 23:15:00,2025-10-23 01:45:00,LONG,1,929.16,932.115,46.458000000000006,46.60575,40.0,2955.000000000041,2861.9362500000407,target_mean,10,REAL_HISTORY
AU_IDX,real,2025-10-23 14:30:00,2025-10-23 14:30:00,SHORT,1,945.3000000000001,945.34,47.26500000000001,47.267,40.0,-39.99999999996362,-134.53199999996363,stop,0,REAL_HISTORY
AU_IDX,real,2025-10-23 22:00:00,2025-10-24 00:15:00,SHORT,1,949.74,947.1909999999999,47.487,47.35955,40.0,2549.000000000092,2454.1534500000917,target_mean,9,REAL_HISTORY
AU_IDX,real,2025-10-27 22:00:00,2025-10-27 22:15:00,LONG,1,922.12,917.4842857142858,46.106,45.874214285714295,40.0,-4635.7142857142435,-4727.694499999958,stop,1,REAL_HISTORY
AU_IDX,real,2025-10-29 21:00:00,2025-10-29 21:00:00,SHORT,1,919.98,920.02,45.999,46.001000000000005,40.0,-39.99999999996362,-131.99999999996362,stop,0,REAL_HISTORY
AU_IDX,real,2025-10-31 02:00:00,2025-10-31 09:00:00,SHORT,1,919.2,922.28,45.96,46.114000000000004,40.0,-3079.9999999999272,-3172.0739999999273,stop,2,REAL_HISTORY
AU_IDX,real,2025-10-31 09:30:00,2025-10-31 10:30:00,SHORT,1,925.0,919.733,46.25,45.986650000000004,40.0,5267.000000000053,5174.763350000053,target_mean,3,REAL_HISTORY
AU_IDX,real,2025-10-31 21:30:00,2025-10-31 21:30:00,SHORT,1,925.52,925.56,46.276,46.278,40.0,-39.99999999996362,-132.55399999996362,stop,0,REAL_HISTORY
AU_IDX,real,2025-11-04 09:45:00,2025-11-04 10:00:00,LONG,1,916.66,913.8428571428573,45.833000000000006,45.69214285714287,40.0,-2817.1428571426986,-2908.6679999998414,stop,1,REAL_HISTORY
AU_IDX,real,2025-11-04 14:15:00,2025-11-04 21:00:00,LONG,1,913.54,916.693,45.677,45.83465,40.0,3153.00000000002,3061.48835000002,target_mean,3,REAL_HISTORY
AU_IDX,real,2025-11-04 23:00:00,2025-11-05 00:15:00,LONG,1,910.3,912.6620000000001,45.515,45.633100000000006,40.0,2362.0000000001937,2270.851900000194,target_mean,5,REAL_HISTORY
AU_IDX,real,2025-11-05 10:30:00,2025-11-05 10:30:00,LONG,1,906.02,905.98,45.301,45.299,40.0,-39.99999999996362,-130.59999999996361,stop,0,REAL_HISTORY
AU_IDX,real,2025-11-07 21:15:00,2025-11-07 21:30:00,SHORT,1,918.8000000000001,918.2919999999999,45.940000000000005,45.91459999999999,40.0,508.0000000001519,416.1454000001519,target_mean,1,REAL_HISTORY
AU_IDX,real,2025-11-08 01:00:00,2025-11-08 01:00:00,SHORT,1,921.08,919.2830000000001,46.054,45.96415000000001,40.0,1796.9999999999118,1704.9818499999117,target_mean,0,REAL_HISTORY
AU_IDX,real,2025-11-10 09:45:00,2025-11-10 11:15:00,SHORT,1,930.28,930.0307142857142,46.514,46.501535714285716,40.0,249.28571428574742,156.27017857146168,stop,5,REAL_HISTORY
AU_IDX,real,2025-11-11 01:45:00,2025-11-11 02:15:00,SHORT,1,941.0600000000001,943.7208571428572,47.05300000000001,47.18604285714286,40.0,-2660.8571428571395,-2755.096185714282,stop,2,REAL_HISTORY
AU_IDX,real,2025-11-11 09:45:00,2025-11-11 11:15:00,SHORT,1,950.6,952.3885714285715,47.53,47.61942857142858,40.0,-1788.5714285714585,-1883.720857142887,stop,5,REAL_HISTORY
AU_IDX,real,2025-11-12 14:00:00,2025-11-12 14:15:00,LONG,1,942.62,942.8000000000001,47.131,47.14000000000001,40.0,180.00000000006366,85.72900000006365,stop,1,REAL_HISTORY
AU_IDX,real,2025-11-13 21:45:00,2025-11-13 22:00:00,SHORT,1,965.26,966.1,48.263000000000005,48.305,40.0,-840.0000000000318,-936.5680000000318,stop,1,REAL_HISTORY
AU_IDX,real,2025-11-13 23:00:00,2025-11-14 09:00:00,LONG,1,957.88,954.7742857142858,47.894000000000005,47.738714285714295,40.0,-3105.714285714157,-3201.3469999998715,stop,14,REAL_HISTORY
AU_IDX,real,2025-11-14 09:45:00,2025-11-14 09:45:00,LONG,1,953.78,953.74,47.689,47.687000000000005,40.0,-39.99999999996362,-135.37599999996362,stop,0,REAL_HISTORY
AU_IDX,real,2025-11-18 09:30:00,2025-11-18 09:45:00,LONG,1,924.3,920.5977142857142,46.215,46.02988571428571,40.0,-3702.285714285722,-3794.530600000008,stop,1,REAL_HISTORY
AU_IDX,real,2025-11-18 14:30:00,2025-11-18 21:00:00,LONG,1,919.3199999999999,923.3820000000001,45.965999999999994,46.16910000000001,40.0,4062.0000000001255,3969.8649000001255,target_mean,2,REAL_HISTORY
AU_IDX,real,2025-11-18 22:00:00,2025-11-18 23:00:00,SHORT,1,929.9200000000001,929.84,46.49600000000001,46.492000000000004,40.0,80.00000000004093,-12.987999999959086,stop,4,REAL_HISTORY
AU_IDX,real,2025-11-19 11:00:00,2025-11-19 13:30:00,SHORT,1,932.74,935.9,46.637,46.795,40.0,-3159.999999999968,-3253.4319999999684,stop,2,REAL_HISTORY
AU_IDX,real,2025-11-19 14:15:00,2025-11-19 21:00:00,SHORT,1,937.82,942.0,46.891000000000005,47.1,40.0,-4179.99999999995,-4273.99099999995,stop,3,REAL_HISTORY
AU_IDX,real,2025-11-19 23:30:00,2025-11-19 23:45:00,SHORT,1,942.1800000000001,939.0070000000001,47.10900000000001,46.95035000000001,40.0,3173.000000000002,3078.940650000002,target_mean,1,REAL_HISTORY
AU_IDX,real,2025-11-20 21:30:00,2025-11-20 21:30:00,SHORT,1,938.74,934.568,46.937000000000005,46.7284,40.0,4172.0000000000255,4078.3346000000256,target_mean,0,REAL_HISTORY
AU_IDX,real,2025-11-21 14:45:00,2025-11-21 21:00:00,LONG,1,927.48,933.88,46.374,46.694,40.0,6399.999999999977,6306.931999999977,target_mean,1,REAL_HISTORY
AU_IDX,real,2025-11-22 01:15:00,2025-11-24 09:00:00,SHORT,1,936.38,933.04,46.819,46.652,40.0,3340.000000000032,3246.529000000032,target_mean,5,REAL_HISTORY
AU_IDX,real,2025-11-24 09:30:00,2025-11-24 21:00:00,LONG,1,930.74,935.48,46.537,46.774,40.0,4740.000000000009,4646.6890000000085,target_mean,13,REAL_HISTORY
AU_IDX,real,2025-11-25 09:30:00,2025-11-25 10:30:00,SHORT,1,944.6800000000001,947.8320000000001,47.23400000000001,47.39160000000001,40.0,-3152.0000000000437,-3246.6256000000435,stop,3,REAL_HISTORY
AU_IDX,real,2025-11-25 14:15:00,2025-11-25 21:00:00,SHORT,1,948.02,942.5799999999999,47.401,47.129,40.0,5440.000000000055,5345.470000000055,target_mean,3,REAL_HISTORY
AU_IDX,real,2025-11-26 11:00:00,2025-11-26 14:15:00,SHORT,1,949.62,947.6279999999999,47.481,47.3814,40.0,1992.0000000000755,1897.1376000000755,target_mean,5,REAL_HISTORY
AU_IDX,real,2025-11-28 21:30:00,2025-11-28 21:30:00,LONG,2,949.02,948.98,94.902,94.89800000000001,80.0,-79.99999999992724,-269.79999999992725,stop,0,REAL_HISTORY
AU_IDX,real,2025-11-28 22:45:00,2025-11-28 23:00:00,SHORT,1,955.28,952.9480000000001,47.764,47.647400000000005,40.0,2331.99999999988,2236.58859999988,target_mean,1,REAL_HISTORY
AU_IDX,real,2025-11-29 02:15:00,2025-12-01 09:00:00,SHORT,1,958.8000000000001,962.02,47.940000000000005,48.101,40.0,-3219.9999999999136,-3316.0409999999138,stop,1,REAL_HISTORY
AU_IDX,real,2025-12-01 22:00:00,2025-12-01 22:00:00,SHORT,1,965.16,964.171,48.258,48.20855,40.0,988.999999999919,892.533449999919,target_mean,0,REAL_HISTORY
AU_IDX,real,2025-12-02 09:30:00,2025-12-02 14:00:00,LONG,1,959.76,961.636,47.988,48.0818,40.0,1875.9999999999764,1779.9301999999764,target_mean,9,REAL_HISTORY
AU_IDX,real,2025-12-02 14:45:00,2025-12-02 22:00:00,LONG,1,957.74,959.404,47.887,47.970200000000006,40.0,1663.9999999999873,1568.1427999999873,target_mean,5,REAL_HISTORY
AU_IDX,real,2025-12-02 23:45:00,2025-12-02 23:45:00,LONG,1,953.92,949.0502857142857,47.696000000000005,47.45251428571429,40.0,-4869.714285714281,-4964.862799999995,stop,0,REAL_HISTORY
AU_IDX,real,2025-12-03 22:15:00,2025-12-03 22:45:00,SHORT,1,960.5600000000001,959.079,48.028000000000006,47.95395,40.0,1481.0000000001082,1385.0180500001081,target_mean,2,REAL_HISTORY
AU_IDX,real,2025-12-04 13:30:00,2025-12-04 13:30:00,LONG,1,954.84,952.1742857142857,47.742000000000004,47.608714285714285,40.0,-2665.71428571433,-2761.065000000044,stop,0,REAL_HISTORY
AU_IDX,real,2025-12-05 14:30:00,2025-12-05 21:15:00,SHORT,1,961.72,963.7114285714285,48.086000000000006,48.18557142857143,40.0,-1991.4285714285143,-2087.7001428570857,stop,3,REAL_HISTORY
AU_IDX,real,2025-12-05 21:45:00,2025-12-05 22:45:00,SHORT,1,963.0600000000001,965.5914285714285,48.153000000000006,48.27957142857143,40.0,-2531.428571428478,-2627.861142857049,stop,4,REAL_HISTORY
AU_IDX,real,2025-12-05 23:15:00,2025-12-05 23:30:00,SHORT,1,964.38,967.5062857142857,48.219,48.37531428571429,40.0,-3126.2857142857,-3222.8800285714146,stop,1,REAL_HISTORY
AU_IDX,real,2025-12-06 00:15:00,2025-12-06 00:15:00,SHORT,1,956.5,956.54,47.825,47.827000000000005,40.0,-39.99999999996362,-135.65199999996364,target_mean,0,REAL_HISTORY
AU_IDX,real,2025-12-06 01:15:00,2025-12-08 09:45:00,LONG,1,959.18,954.98,47.959,47.749,40.0,-4199.999999999932,-4295.707999999931,stop,8,REAL_HISTORY
AU_IDX,real,2025-12-09 14:30:00,2025-12-09 21:00:00,LONG,2,951.14,955.72,95.114,95.572,80.0,9160.000000000082,8969.314000000082,target_mean,2,REAL_HISTORY
AU_IDX,real,2025-12-09 21:30:00,2025-12-09 22:00:00,SHORT,1,954.9,953.51,47.745000000000005,47.6755,40.0,1389.9999999999864,1294.5794999999864,target_mean,2,REAL_HISTORY
AU_IDX,real,2025-12-12 21:30:00,2025-12-12 22:45:00,SHORT,1,982.8000000000001,985.0685714285714,49.14000000000001,49.25342857142858,40.0,-2268.571428571363,-2366.9648571427915,stop,5,REAL_HISTORY
AU_IDX,real,2025-12-16 13:30:00,2025-12-16 21:00:00,LONG,1,969.46,973.1089999999999,48.473,48.655449999999995,40.0,3648.999999999887,3551.871549999887,target_mean,6,REAL_HISTORY
AU_IDX,real,2025-12-17 14:00:00,2025-12-17 21:00:00,SHORT,1,980.84,976.98,49.042,48.849000000000004,40.0,3860.0000000000136,3762.1090000000136,target_mean,4,REAL_HISTORY
AU_IDX,real,2025-12-18 21:30:00,2025-12-18 21:30:00,LONG,2,977.6,980.306,97.76,98.0306,80.0,5412.000000000035,5216.209400000034,target_mean,0,REAL_HISTORY
AU_IDX,real,2025-12-18 23:00:00,2025-12-18 23:00:00,LONG,1,979.6,980.021,48.980000000000004,49.00105,40.0,420.9999999999354,323.0189499999354,target_mean,0,REAL_HISTORY
AU_IDX,real,2025-12-19 00:45:00,2025-12-19 01:00:00,SHORT,1,986.86,981.212,49.343,49.0606,40.0,5648.000000000025,5549.596400000025,target_mean,1,REAL_HISTORY
AU_IDX,real,2025-12-19 09:45:00,2025-12-19 14:00:00,LONG,1,977.3,979.901,48.865,48.99505,40.0,2600.999999999999,2503.1399499999993,target_mean,8,REAL_HISTORY
AU_IDX,real,2025-12-20 00:15:00,2025-12-22 09:00:00,SHORT,1,982.1,986.02,49.105000000000004,49.301,40.0,-3919.999999999959,-4018.405999999959,stop,9,REAL_HISTORY
AU_IDX,real,2025-12-23 00:45:00,2025-12-23 09:00:00,SHORT,1,1003.08,1010.06,50.154,50.503,40.0,-6979.9999999999045,-7080.656999999905,stop,7,REAL_HISTORY
AU_IDX,real,2025-12-23 21:30:00,2025-12-23 21:45:00,SHORT,1,1015.48,1013.9759999999999,50.774,50.6988,40.0,1504.0000000001328,1402.527200000133,target_mean,1,REAL_HISTORY
AU_IDX,real,2025-12-24 23:15:00,2025-12-24 23:30:00,LONG,1,1008.84,1004.2571428571429,50.442,50.212857142857146,40.0,-4582.857142857165,-4683.512000000022,stop,1,REAL_HISTORY
AU_IDX,real,2025-12-25 00:15:00,2025-12-25 00:45:00,LONG,1,1007.54,1010.4649999999999,50.377,50.52325,40.0,2924.9999999999545,2824.0997499999544,target_mean,2,REAL_HISTORY
AU_IDX,real,2025-12-25 21:30:00,2025-12-25 21:30:00,SHORT,1,1015.2,1015.24,50.760000000000005,50.762,40.0,-39.99999999996362,-141.5219999999636,stop,0,REAL_HISTORY
AU_IDX,real,2025-12-25 23:30:00,2025-12-26 01:00:00,SHORT,1,1014.34,1018.3097142857143,50.717000000000006,50.915485714285715,40.0,-3969.7142857143035,-4071.3467714285894,stop,6,REAL_HISTORY
AU_IDX,real,2025-12-26 01:15:00,2025-12-26 09:00:00,SHORT,1,1018.4200000000001,1020.7857142857142,50.92100000000001,51.03928571428571,40.0,-2365.714285714148,-2467.6745714284334,stop,5,REAL_HISTORY
AU_IDX,real,2025-12-26 22:45:00,2025-12-26 22:45:00,SHORT,1,1018.28,1017.4240000000001,50.914,50.87120000000001,40.0,855.9999999998809,754.2147999998808,target_mean,0,REAL_HISTORY
AU_IDX,real,2025-12-26 23:45:00,2025-12-27 00:45:00,SHORT,1,1021.76,1021.5425714285714,51.088,51.077128571428574,40.0,217.42857142862704,115.26344285719847,stop,4,REAL_HISTORY
AU_IDX,real,2025-12-29 21:30:00,2025-12-29 21:30:00,LONG,1,1002.36,997.2457142857144,50.118,49.86228571428572,40.0,-5114.285714285643,-5214.265999999929,stop,0,REAL_HISTORY
AU_IDX,real,2025-12-30 21:30:00,2025-12-30 21:30:00,SHORT,1,990.32,990.36,49.516000000000005,49.518,40.0,-39.99999999996362,-139.0339999999636,stop,0,REAL_HISTORY
AU_IDX,real,2025-12-31 09:30:00,2025-12-31 09:30:00,LONG,1,983.0,982.96,49.150000000000006,49.148,40.0,-39.99999999996362,-138.29799999996362,stop,0,REAL_HISTORY
AU_IDX,real,2025-12-31 14:15:00,2026-01-05 09:00:00,LONG,1,969.98,990.9,48.499,49.545,40.0,20919.99999999996,20821.955999999962,target_mean,3,REAL_HISTORY
AU_IDX,real,2026-01-05 09:30:00,2026-01-05 21:15:00,SHORT,1,989.8000000000001,992.64,49.49000000000001,49.632000000000005,40.0,-2839.999999999918,-2939.121999999918,time_stop,14,REAL_HISTORY
AU_IDX,real,2026-01-05 22:30:00,2026-01-05 22:45:00,SHORT,1,997.12,1000.7085714285715,49.856,50.035428571428575,40.0,-3588.5714285715267,-3688.4628571429553,stop,1,REAL_HISTORY
AU_IDX,real,2026-01-06 23:15:00,2026-01-06 23:30:00,SHORT,1,1007.98,1005.3479999999998,50.399,50.267399999999995,40.0,2632.0000000001755,2531.3336000001755,target_mean,1,REAL_HISTORY
AU_IDX,real,2026-01-07 21:00:00,2026-01-07 21:00:00,LONG,1,999.54,995.6657142857142,49.977000000000004,49.78328571428571,40.0,-3874.2857142857474,-3974.046000000033,stop,0,REAL_HISTORY
AU_IDX,real,2026-01-08 21:30:00,2026-01-08 22:45:00,LONG,1,997.84,997.7900000000001,49.892,49.889500000000005,40.0,-49.999999999954525,-149.78149999995452,target_mean,5,REAL_HISTORY
AU_IDX,real,2026-01-09 10:45:00,2026-01-09 11:00:00,SHORT,1,1005.58,1002.961,50.279,50.148050000000005,40.0,2619.000000000028,2518.5729500000284,target_mean,1,REAL_HISTORY
AU_IDX,real,2026-01-12 09:30:00,2026-01-12 10:30:00,SHORT,1,1026.44,1026.1138571428571,51.322,51.30569285714286,40.0,326.14285714294056,223.5151642857977,stop,3,REAL_HISTORY
AU_IDX,real,2026-01-12 11:00:00,2026-01-12 21:00:00,SHORT,1,1026.28,1031.9885714285713,51.314,51.59942857142857,40.0,-5708.571428571304,-5811.484857142733,stop,8,REAL_HISTORY
AU_IDX,real,2026-01-12 21:30:00,2026-01-12 22:00:00,SHORT,1,1030.6,1026.134,51.529999999999994,51.3067,40.0,4465.9999999998945,4363.163299999895,target_mean,2,REAL_HISTORY
AU_IDX,real,2026-01-12 22:30:00,2026-01-12 22:30:00,SHORT,1,1025.82,1025.86,51.291,51.293,40.0,-39.99999999996362,-142.58399999996362,target_mean,0,REAL_HISTORY
AU_IDX,real,2026-01-13 00:00:00,2026-01-13 02:00:00,SHORT,1,1033.22,1031.663,51.661,51.58315,40.0,1557.0000000000164,1453.7558500000164,target_mean,8,REAL_HISTORY
AU_IDX,real,2026-01-15 13:45:00,2026-01-15 14:15:00,LONG,1,1030.9,1034.443,51.54500000000001,51.72215,40.0,3542.9999999998927,3439.7328499998926,target_mean,2,REAL_HISTORY
AU_IDX,real,2026-01-16 11:00:00,2026-01-16 13:30:00,LONG,1,1030.82,1030.9592857142857,51.541,51.547964285714286,40.0,139.28571428573377,36.19675000001949,stop,2,REAL_HISTORY
AU_IDX,real,2026-01-16 21:45:00,2026-01-16 21:45:00,LONG,1,1032.3,1032.567,51.615,51.628350000000005,40.0,267.00000000005275,163.75665000005273,target_mean,0,REAL_HISTORY
AU_IDX,real,2026-01-17 00:00:00,2026-01-17 00:00:00,LONG,1,1027.32,1027.28,51.366,51.364000000000004,40.0,-39.99999999996362,-142.72999999996364,stop,0,REAL_HISTORY
AU_IDX,real,2026-01-19 21:15:00,2026-01-19 22:30:00,SHORT,1,1049.88,1049.7258571428572,52.494,52.486292857142864,40.0,154.1428571429151,49.16256428577223,stop,5,REAL_HISTORY
AU_IDX,real,2026-01-20 02:15:00,2026-01-20 02:15:00,SHORT,3,1052.02,1053.337142857143,157.803,158.00057142857148,120.0,-3951.428571428778,-4267.23214285735,stop,0,REAL_HISTORY
AU_IDX,real,2026-01-20 14:15:00,2026-01-20 21:00:00,SHORT,1,1059.8,1063.02,52.99,53.151,40.0,-3220.0000000000273,-3326.141000000027,stop,3,REAL_HISTORY
AU_IDX,real,2026-01-21 09:00:00,2026-01-21 09:00:00,SHORT,1,1079.96,1082.6514285714286,53.998000000000005,54.13257142857143,40.0,-2691.4285714285597,-2799.559142857131,stop,0,REAL_HISTORY
AU_IDX,real,2026-01-22 09:30:00,2026-01-22 13:45:00,LONG,1,1080.82,1084.5620000000001,54.041000000000004,54.22810000000001,40.0,3742.000000000189,3633.730900000189,target_mean,8,REAL_HISTORY
AU_IDX,real,2026-01-24 00:45:00,2026-01-24 01:45:00,SHORT,1,1122.32,1122.06,56.116,56.103,40.0,259.9999999999909,147.7809999999909,stop,4,REAL_HISTORY
AU_IDX,real,2026-01-26 10:00:00,2026-01-26 14:30:00,SHORT,1,1141.24,1146.5457142857142,57.062000000000005,57.32728571428572,40.0,-5305.714285714203,-5420.103571428488,stop,9,REAL_HISTORY
AU_IDX,real,2026-01-27 22:30:00,2026-01-27 22:30:00,LONG,1,1140.72,1144.54,57.036,57.227000000000004,40.0,3819.9999999999363,3705.7369999999364,target_mean,0,REAL_HISTORY
AU_IDX,real,2026-01-28 09:30:00,2026-01-28 09:45:00,SHORT,1,1167.28,1175.8885714285714,58.364000000000004,58.79442857142857,40.0,-8608.571428571395,-8725.729857142824,stop,1,REAL_HISTORY
AU_IDX,real,2026-01-28 21:45:00,2026-01-28 22:30:00,SHORT,1,1185.42,1190.5742857142857,59.271,59.52871428571429,40.0,-5154.285714285606,-5273.08542857132,stop,3,REAL_HISTORY
AU_IDX,real,2026-01-29 01:15:00,2026-01-29 02:15:00,SHORT,1,1194.0,1198.9542857142858,59.7,59.947714285714284,40.0,-4954.285714285788,-5073.933428571502,stop,4,REAL_HISTORY
AU_IDX,real,2026-01-29 14:30:00,2026-01-29 21:30:00,SHORT,1,1255.58,1239.5410000000002,62.779,61.97705000000001,40.0,16038.99999999976,15914.24394999976,target_mean,4,REAL_HISTORY
AU_IDX,real,2026-01-30 01:15:00,2026-01-30 09:00:00,LONG,1,1191.58,1215.58,59.579,60.779,40.0,24000.0,23879.642,target_mean,5,REAL_HISTORY
AU_IDX,real,2026-01-30 10:45:00,2026-01-30 21:00:00,LONG,1,1176.8,1139.68,58.84,56.984,40.0,-37119.99999999989,-37235.823999999884,stop,9,REAL_HISTORY
AU_IDX,real,2026-01-31 01:30:00,2026-01-31 01:45:00,LONG,1,1116.82,1096.8431428571428,55.841,54.84215714285714,40.0,-19976.85714285717,-20087.54030000003,stop,1,REAL_HISTORY
AU_IDX,real,2026-02-02 21:00:00,2026-02-02 21:00:00,LONG,1,1068.9,1068.8600000000001,53.445,53.44300000000001,40.0,-39.99999999996362,-146.88799999996363,target_mean,0,REAL_HISTORY
AU_IDX,real,2026-02-03 09:45:00,2026-02-03 14:00:00,SHORT,1,1087.64,1086.5007142857144,54.382000000000005,54.32503571428572,40.0,1139.2857142857338,1030.578678571448,stop,8,REAL_HISTORY
AU_IDX,real,2026-02-03 21:00:00,2026-02-04 00:15:00,SHORT,1,1101.76,1115.8,55.088,55.79,40.0,-14039.999999999964,-14150.877999999964,stop,13,REAL_HISTORY
AU_IDX,real,2026-02-04 10:45:00,2026-02-04 22:00:00,SHORT,1,1136.16,1134.4479999999999,56.808,56.72239999999999,40.0,1712.0000000002165,1598.4696000002164,target_mean,13,REAL_HISTORY
AU_IDX,real,2026-02-05 11:15:00,2026-02-05 14:15:00,LONG,1,1092.54,1106.412,54.627,55.320600000000006,40.0,13872.000000000071,13762.052400000071,target_mean,4,REAL_HISTORY
AU_IDX,real,2026-02-05 21:30:00,2026-02-06 00:15:00,LONG,1,1090.1399999999999,1092.29,54.50699999999999,54.6145,40.0,2150.000000000091,2040.878500000091,target_mean,11,REAL_HISTORY
AU_IDX,real,2026-02-06 09:45:00,2026-02-06 09:45:00,LONG,1,1066.02,1065.98,53.301,53.299,40.0,-39.99999999996362,-146.59999999996361,stop,0,REAL_HISTORY
AU_IDX,real,2026-02-10 22:45:00,2026-02-10 22:45:00,SHORT,1,1128.32,1124.6329999999998,56.416000000000004,56.23164999999999,40.0,3687.0000000001255,3574.352350000125,target_mean,0,REAL_HISTORY
AU_IDX,real,2026-02-11 10:30:00,2026-02-11 21:00:00,SHORT,1,1125.96,1134.12,56.298,56.706,40.0,-8159.9999999998545,-8273.003999999855,stop,10,REAL_HISTORY
AU_IDX,real,2026-02-11 21:30:00,2026-02-11 21:30:00,SHORT,1,1133.92,1127.507,56.696000000000005,56.375350000000005,40.0,6413.000000000011,6299.928650000011,target_mean,0,REAL_HISTORY
AU_IDX,real,2026-02-12 09:30:00,2026-02-12 10:00:00,LONG,1,1126.66,1128.8429999999998,56.333000000000006,56.44214999999999,40.0,2182.9999999997654,2070.2248499997654,target_mean,2,REAL_HISTORY
AU_IDX,real,2026-02-12 23:15:00,2026-02-12 23:15:00,LONG,1,1126.5,1126.897,56.325,56.34485,40.0,396.9999999999345,284.3301499999345,target_mean,0,REAL_HISTORY
AU_IDX,real,2026-02-13 09:15:00,2026-02-13 09:45:00,LONG,1,1107.86,1113.158,55.393,55.657900000000005,40.0,5298.000000000002,5186.949100000002,target_mean,2,REAL_HISTORY
AU_IDX,real,2026-02-24 09:30:00,2026-02-24 21:15:00,SHORT,1,1147.56,1147.04,57.378,57.352000000000004,40.0,519.9999999999818,405.2699999999818,time_stop,14,REAL_HISTORY
AU_IDX,real,2026-02-25 14:00:00,2026-02-25 14:00:00,SHORT,1,1152.58,1149.046,57.629000000000005,57.4523,40.0,3533.999999999878,3418.9186999998783,target_mean,0,REAL_HISTORY
AU_IDX,real,2026-02-26 01:00:00,2026-02-26 09:00:00,SHORT,1,1153.64,1149.76,57.682,57.488,40.0,3880.000000000109,3764.8300000001095,target_mean,6,REAL_HISTORY
AU_IDX,real,2026-02-26 09:45:00,2026-02-26 10:30:00,LONG,1,1148.02,1144.4085714285713,57.401,57.22042857142857,40.0,-3611.4285714286325,-3726.050000000061,stop,2,REAL_HISTORY
AU_IDX,real,2026-02-26 21:30:00,2026-02-26 22:30:00,LONG,1,1143.16,1140.18,57.158,57.009,40.0,-2980.000000000018,-3094.167000000018,stop,4,REAL_HISTORY
AU_IDX,real,2026-02-26 23:45:00,2026-02-26 23:45:00,LONG,1,1145.18,1145.14,57.259,57.257000000000005,40.0,-39.99999999996362,-154.51599999996364,target_mean,0,REAL_HISTORY
AU_IDX,real,2026-02-27 21:45:00,2026-02-27 23:00:00,SHORT,1,1156.34,1160.0771428571427,57.817,58.003857142857136,40.0,-3737.1428571427714,-3852.9637142856286,stop,5,REAL_HISTORY
AU_IDX,real,2026-02-27 23:45:00,2026-02-28 01:30:00,SHORT,1,1158.8600000000001,1157.786,57.94300000000001,57.889300000000006,40.0,1074.0000000000691,958.1677000000691,target_mean,7,REAL_HISTORY
AU_IDX,real,2026-03-02 11:00:00,2026-03-02 14:00:00,SHORT,1,1184.3600000000001,1192.498,59.21800000000002,59.624900000000004,40.0,-8137.99999999992,-8256.842899999921,stop,4,REAL_HISTORY
AU_IDX,real,2026-03-02 14:45:00,2026-03-02 21:00:00,SHORT,1,1193.94,1203.1657142857143,59.697,60.15828571428572,40.0,-9225.714285714275,-9345.569571428561,stop,1,REAL_HISTORY
AU_IDX,real,2026-03-03 14:30:00,2026-03-03 21:00:00,LONG,1,1184.04,1164.28,59.202000000000005,58.214000000000006,40.0,-19759.999999999993,-19877.415999999994,stop,2,REAL_HISTORY
AU_IDX,real,2026-03-03 23:15:00,2026-03-04 02:15:00,LONG,1,1133.06,1143.244,56.653000000000006,57.162200000000006,40.0,10183.999999999969,10070.184799999968,target_mean,12,REAL_HISTORY
AU_IDX,real,2026-03-06 21:30:00,2026-03-06 21:30:00,LONG,1,1135.8799999999999,1140.763,56.79399999999999,57.03815,40.0,4883.000000000038,4769.167850000038,target_mean,0,REAL_HISTORY
AU_IDX,real,2026-03-09 09:30:00,2026-03-09 13:30:00,LONG,1,1136.86,1143.241,56.843,57.16205,40.0,6381.0000000000855,6266.994950000086,target_mean,7,REAL_HISTORY
AU_IDX,real,2026-03-10 09:30:00,2026-03-10 21:00:00,SHORT,1,1149.64,1153.8742857142856,57.482,57.693714285714286,40.0,-4234.285714285534,-4349.461428571248,stop,13,REAL_HISTORY
AU_IDX,real,2026-03-10 21:45:00,2026-03-10 21:45:00,SHORT,1,1156.04,1156.08,57.802,57.804,40.0,-39.99999999996362,-155.60599999996361,stop,0,REAL_HISTORY
AU_IDX,real,2026-03-10 23:30:00,2026-03-11 02:00:00,SHORT,1,1158.28,1157.777,57.914,57.888850000000005,40.0,502.99999999992906,387.1971499999291,target_mean,10,REAL_HISTORY
AU_IDX,real,2026-03-12 11:15:00,2026-03-12 14:30:00,LONG,1,1145.9,1147.874,57.295,57.3937,40.0,1973.9999999999327,1859.3112999999325,target_mean,5,REAL_HISTORY
AU_IDX,real,2026-03-12 23:30:00,2026-03-13 01:30:00,LONG,1,1142.6,1137.9485714285715,57.13,56.897428571428584,40.0,-4651.428571428369,-4765.455999999797,stop,8,REAL_HISTORY
AU_IDX,real,2026-03-13 02:00:00,2026-03-13 09:30:00,LONG,1,1137.68,1137.921,56.884,56.89605,40.0,240.99999999998545,127.21994999998543,stop,4,REAL_HISTORY
AU_IDX,real,2026-03-13 14:00:00,2026-03-13 14:15:00,LONG,1,1136.04,1133.0542857142857,56.802,56.65271428571429,40.0,-2985.714285714266,-3099.1689999999808,stop,1,REAL_HISTORY
AU_IDX,real,2026-03-13 23:15:00,2026-03-13 23:45:00,LONG,1,1131.16,1124.7757142857145,56.558,56.23878571428573,40.0,-6384.285714285625,-6497.08249999991,stop,2,REAL_HISTORY
AU_IDX,real,2026-03-14 00:15:00,2026-03-14 01:30:00,LONG,1,1124.72,1130.959,56.236000000000004,56.54795,40.0,6239.000000000033,6126.216050000033,target_mean,5,REAL_HISTORY
AU_IDX,real,2026-03-16 09:30:00,2026-03-16 14:15:00,LONG,1,1113.46,1121.406,55.673,56.0703,40.0,7945.999999999913,7834.256699999913,target_mean,10,REAL_HISTORY
AU_IDX,real,2026-03-18 00:00:00,2026-03-18 01:15:00,LONG,1,1113.18,1114.767,55.659000000000006,55.738350000000004,40.0,1586.999999999989,1475.602649999989,target_mean,5,REAL_HISTORY
AU_IDX,real,2026-03-18 22:45:00,2026-03-19 01:15:00,LONG,1,1083.12,1089.472,54.156000000000006,54.473600000000005,40.0,6352.000000000089,6243.370400000089,target_mean,10,REAL_HISTORY
AU_IDX,real,2026-03-19 14:15:00,2026-03-19 14:30:00,LONG,1,1078.1,1071.4379999999999,53.905,53.57189999999999,40.0,-6662.000000000035,-6769.476900000034,stop,1,REAL_HISTORY
AU_IDX,real,2026-03-19 21:30:00,2026-03-19 23:30:00,LONG,1,1021.0799999999999,1021.9425714285713,51.053999999999995,51.09712857142857,40.0,862.5714285714139,760.4202999999853,stop,8,REAL_HISTORY
AU_IDX,real,2026-03-20 01:30:00,2026-03-20 01:45:00,LONG,1,1025.12,1026.5,51.25599999999999,51.325,40.0,1380.0000000001091,1277.419000000109,target_mean,1,REAL_HISTORY
AU_IDX,real,2026-03-23 21:00:00,2026-03-23 21:00:00,LONG,1,995.02,994.98,49.751000000000005,49.749,40.0,-39.99999999996362,-139.49999999996362,target_mean,0,REAL_HISTORY
AU_IDX,real,2026-03-24 22:45:00,2026-03-25 01:00:00,SHORT,1,982.6800000000001,979.636,49.13400000000001,48.9818,40.0,3044.0000000000964,2945.8842000000964,target_mean,9,REAL_HISTORY
AU_IDX,real,2026-03-25 10:30:00,2026-03-25 21:45:00,SHORT,1,1023.04,1015.568,51.152,50.778400000000005,40.0,7471.99999999998,7370.06959999998,target_mean,13,REAL_HISTORY
AU_IDX,real,2026-03-26 10:00:00,2026-03-26 10:30:00,LONG,1,1013.98,1009.0202857142857,50.699000000000005,50.45101428571429,40.0,-4959.714285714313,-5060.864300000027,stop,1,REAL_HISTORY
AU_IDX,real,2026-03-26 11:15:00,2026-03-26 13:30:00,LONG,1,1008.26,1002.7191428571429,50.413000000000004,50.135957142857144,40.0,-5540.857142857135,-5641.406099999992,stop,1,REAL_HISTORY
AU_IDX,real,2026-03-27 01:00:00,2026-03-27 09:30:00,LONG,1,983.16,988.963,49.158,49.448150000000005,40.0,5802.999999999997,5704.393849999997,target_mean,8,REAL_HISTORY
AU_IDX,real,2026-03-27 23:45:00,2026-03-28 01:15:00,SHORT,1,1013.84,1003.877,50.692,50.193850000000005,40.0,9963.00000000008,9862.114150000081,target_mean,6,REAL_HISTORY
AU_IDX,real,2026-03-31 10:00:00,2026-03-31 14:00:00,SHORT,1,1030.3,1020.1830000000001,51.515,51.009150000000005,40.0,10116.999999999847,10014.475849999848,target_mean,7,REAL_HISTORY
AU_IDX,real,2026-03-31 22:45:00,2026-04-01 00:30:00,SHORT,1,1028.68,1033.54,51.43400000000001,51.677,40.0,-4859.9999999999,-4963.1109999999,stop,7,REAL_HISTORY
AU_IDX,real,2026-04-01 02:00:00,2026-04-01 09:00:00,SHORT,1,1038.4,1050.42,51.92000000000001,52.521,40.0,-12019.999999999982,-12124.440999999983,stop,2,REAL_HISTORY
AU_IDX,real,2026-04-01 22:00:00,2026-04-01 22:45:00,SHORT,1,1053.74,1057.3285714285714,52.687000000000005,52.86642857142857,40.0,-3588.571428571413,-3694.1248571428414,stop,3,REAL_HISTORY
AU_IDX,real,2026-04-02 00:00:00,2026-04-02 02:00:00,SHORT,1,1064.02,1059.632,53.201,52.9816,40.0,4387.99999999992,4281.81739999992,target_mean,8,REAL_HISTORY
AU_IDX,real,2026-04-03 09:30:00,2026-04-03 09:30:00,SHORT,1,1041.06,1038.73,52.053000000000004,51.9365,40.0,2329.9999999999272,2226.0104999999276,target_mean,0,REAL_HISTORY
AU_IDX,real,2026-04-07 22:30:00,2026-04-07 22:30:00,LONG,1,1031.66,1032.491,51.583000000000006,51.62455,40.0,830.9999999999036,727.7924499999036,target_mean,0,REAL_HISTORY
AU_IDX,real,2026-04-08 09:00:00,2026-04-08 09:00:00,SHORT,1,1067.98,1068.02,53.399,53.401,40.0,-39.99999999996362,-146.79999999996363,stop,0,REAL_HISTORY
AU_IDX,real,2026-04-08 10:45:00,2026-04-08 21:15:00,SHORT,1,1060.8600000000001,1057.02,53.04300000000001,52.851,40.0,3840.0000000001455,3734.1060000001453,target_mean,10,REAL_HISTORY
AU_IDX,real,2026-04-09 21:30:00,2026-04-09 23:15:00,SHORT,1,1050.48,1055.1742857142858,52.524,52.7587142857143,40.0,-4694.285714285797,-4799.568428571512,stop,7,REAL_HISTORY
AU_IDX,real,2026-04-10 00:00:00,2026-04-10 02:00:00,SHORT,1,1057.22,1054.87,52.861000000000004,52.743500000000004,40.0,2350.0000000001364,2244.3955000001365,target_mean,8,REAL_HISTORY
AU_IDX,real,2026-04-13 09:30:00,2026-04-13 21:00:00,LONG,1,1042.92,1044.824,52.14600000000001,52.241200000000006,40.0,1903.9999999999964,1799.6127999999965,target_mean,13,REAL_HISTORY
AU_IDX,real,2026-04-14 09:30:00,2026-04-14 14:45:00,SHORT,1,1051.18,1050.9234285714285,52.559000000000005,52.546171428571434,40.0,256.57142857153303,151.4662571429616,stop,12,REAL_HISTORY
AU_IDX,real,2026-04-14 22:15:00,2026-04-14 22:30:00,SHORT,1,1054.94,1058.4777142857142,52.747,52.92388571428572,40.0,-3537.7142857141735,-3643.385171428459,stop,1,REAL_HISTORY
AU_IDX,real,2026-04-15 01:30:00,2026-04-15 09:00:00,SHORT,1,1060.96,1065.1868571428572,53.048,53.25934285714287,40.0,-4226.85714285717,-4333.164485714313,stop,4,REAL_HISTORY
AU_IDX,real,2026-04-15 23:45:00,2026-04-16 09:00:00,LONG,1,1057.54,1062.52,52.877,53.126000000000005,40.0,4980.000000000018,4873.997000000018,target_mean,11,REAL_HISTORY
AU_IDX,real,2026-04-17 22:15:00,2026-04-18 01:15:00,SHORT,1,1067.88,1066.3829999999998,53.394000000000005,53.31914999999999,40.0,1497.0000000002983,1390.2868500002983,target_mean,12,REAL_HISTORY
AU_IDX,real,2026-04-20 11:00:00,2026-04-20 21:00:00,LONG,1,1054.9,1057.7700000000002,52.745000000000005,52.888500000000015,40.0,2870.0000000001182,2764.3665000001183,target_mean,8,REAL_HISTORY
AU_IDX,real,2026-04-21 23:00:00,2026-04-21 23:30:00,LONG,1,1045.6399999999999,1045.9147142857141,52.282,52.295735714285705,40.0,274.7142857142535,170.1365499999678,stop,2,REAL_HISTORY
AU_IDX,real,2026-04-22 01:45:00,2026-04-22 09:00:00,LONG,1,1042.44,1046.6,52.122,52.33,40.0,4159.9999999998545,4055.5479999998543,target_mean,3,REAL_HISTORY
AU_IDX,real,2026-04-22 09:30:00,2026-04-22 09:30:00,LONG,1,1047.42,1047.38,52.37100000000001,52.36900000000001,40.0,-39.99999999996362,-144.73999999996363,target_mean,0,REAL_HISTORY
AU_IDX,real,2026-04-24 02:00:00,2026-04-24 09:30:00,LONG,1,1039.9,1036.2457142857143,51.99500000000001,51.812285714285714,40.0,-3654.285714285834,-3758.0930000001194,stop,4,REAL_HISTORY
AU_IDX,real,2026-04-24 13:30:00,2026-04-24 21:00:00,LONG,1,1032.8799999999999,1036.8,51.644,51.84,40.0,3920.0000000000728,3816.516000000073,target_mean,6,REAL_HISTORY
AU_IDX,real,2026-04-24 22:30:00,2026-04-25 02:00:00,SHORT,1,1042.76,1042.0780000000002,52.138000000000005,52.10390000000002,40.0,681.999999999789,577.7580999997889,target_mean,14,REAL_HISTORY
AU_IDX,real,2026-04-27 22:45:00,2026-04-27 22:45:00,LONG,1,1034.36,1031.1051428571427,51.717999999999996,51.55525714285714,40.0,-3254.8571428571904,-3358.1304000000473,stop,0,REAL_HISTORY
AU_IDX,real,2026-04-28 00:15:00,2026-04-28 01:30:00,LONG,1,1031.2,1033.4560000000001,51.56,51.67280000000001,40.0,2256.0000000000855,2152.7672000000857,target_mean,5,REAL_HISTORY
AU_IDX,real,2026-04-28 10:30:00,2026-04-28 13:30:00,LONG,1,1031.6,1028.02,51.58,51.401,40.0,-3579.9999999999272,-3682.980999999927,stop,4,REAL_HISTORY
AU_IDX,real,2026-04-28 22:30:00,2026-04-29 00:45:00,LONG,1,1009.6,1013.8599999999999,50.480000000000004,50.693,40.0,4259.999999999877,4158.826999999877,target_mean,9,REAL_HISTORY
AU_IDX,real,2026-04-30 09:45:00,2026-04-30 13:30:00,SHORT,1,1012.4200000000001,1008.02,50.62100000000001,50.401,40.0,4400.000000000091,4298.978000000091,target_mean,6,REAL_HISTORY
AU_IDX,real,2026-05-06 09:15:00,2026-05-06 09:30:00,SHORT,1,1016.3000000000001,1020.1437142857143,50.815000000000005,51.00718571428572,40.0,-3843.7142857142135,-3945.536471428499,stop,1,REAL_HISTORY
AU_IDX,real,2026-05-07 21:00:00,2026-05-07 21:00:00,SHORT,1,1043.1,1043.1399999999999,52.154999999999994,52.157,40.0,-39.99999999996362,-144.31199999996363,stop,0,REAL_HISTORY
AU_IDX,real,2026-05-07 22:00:00,2026-05-07 23:45:00,SHORT,1,1042.68,1040.136,52.13400000000001,52.006800000000005,40.0,2544.0000000000964,2439.8592000000963,target_mean,7,REAL_HISTORY
AU_IDX,real,2026-05-08 22:15:00,2026-05-08 22:15:00,SHORT,1,1038.56,1037.9219999999998,51.928000000000004,51.89609999999999,40.0,638.0000000001473,534.1759000001473,target_mean,0,REAL_HISTORY
AU_IDX,real,2026-05-08 23:30:00,2026-05-09 01:30:00,LONG,1,1034.54,1036.2169999999999,51.727000000000004,51.810849999999995,40.0,1676.9999999999072,1573.462149999907,target_mean,8,REAL_HISTORY
AU_IDX,real,2026-05-11 09:30:00,2026-05-11 09:45:00,LONG,1,1031.44,1027.5062857142857,51.572,51.37531428571429,40.0,-3933.714285714359,-4036.6616000000736,stop,1,REAL_HISTORY
AU_IDX,real,2026-05-11 10:45:00,2026-05-11 13:30:00,LONG,1,1028.86,1024.8028571428572,51.443,51.240142857142864,40.0,-4057.1428571427077,-4159.825999999851,stop,3,REAL_HISTORY
AU_IDX,real,2026-05-11 14:15:00,2026-05-11 21:00:00,LONG,1,1023.9399999999999,1031.66,51.196999999999996,51.583000000000006,40.0,7720.000000000141,7617.220000000141,target_mean,3,REAL_HISTORY
AU_IDX,real,2026-05-11 21:30:00,2026-05-12 00:30:00,SHORT,1,1036.8,1033.016,51.84,51.65080000000001,40.0,3783.999999999878,3680.509199999878,target_mean,12,REAL_HISTORY
AU_IDX,real,2026-05-12 22:15:00,2026-05-12 23:00:00,LONG,1,1029.26,1024.29,51.463,51.2145,40.0,-4970.000000000027,-5072.677500000027,stop,3,REAL_HISTORY
AU_IDX,real,2026-05-12 23:30:00,2026-05-13 01:15:00,LONG,1,1022.34,1026.8180000000002,51.117000000000004,51.34090000000001,40.0,4478.000000000179,4375.542100000179,target_mean,7,REAL_HISTORY
AU_IDX,real,2026-05-15 14:15:00,2026-05-15 21:00:00,LONG,1,1003.86,998.44,50.193000000000005,49.922000000000004,40.0,-5419.999999999959,-5520.114999999959,stop,3,REAL_HISTORY
AU_IDX,real,2026-05-15 21:30:00,2026-05-15 21:45:00,LONG,1,1000.6,994.3648571428572,50.03,49.71824285714286,40.0,-6235.142857142819,-6334.891099999962,stop,1,REAL_HISTORY
AU_IDX,real,2026-05-18 09:30:00,2026-05-18 10:45:00,LONG,1,991.92,999.529,49.596000000000004,49.97645,40.0,7609.000000000037,7509.427550000037,target_mean,4,REAL_HISTORY
AU_IDX,real,2026-05-18 21:30:00,2026-05-18 22:15:00,SHORT,1,1004.12,1003.859,50.206,50.19295,40.0,260.99999999996726,160.60104999996724,stop,3,REAL_HISTORY
AU_IDX,real,2026-05-19 09:30:00,2026-05-19 10:30:00,SHORT,1,1001.3000000000001,999.513,50.065000000000005,49.97565,40.0,1787.0000000000346,1686.9593500000344,target_mean,3,REAL_HISTORY
AU_IDX,real,2026-05-19 14:00:00,2026-05-19 14:15:00,LONG,1,997.28,999.7080000000001,49.864000000000004,49.985400000000006,40.0,2428.000000000111,2328.150600000111,target_mean,1,REAL_HISTORY
AU_IDX,real,2026-05-19 21:45:00,2026-05-20 00:30:00,LONG,1,985.22,992.7520000000002,49.261,49.63760000000001,40.0,7532.000000000153,7433.101400000152,target_mean,11,REAL_HISTORY
AU_IDX,real,2026-05-20 23:15:00,2026-05-21 09:00:00,SHORT,1,993.54,999.6182857142857,49.677,49.980914285714285,40.0,-6078.285714285698,-6177.943628571412,stop,13,REAL_HISTORY
AU_IDX,real,2026-05-21 09:45:00,2026-05-21 09:45:00,SHORT,1,1001.94,1001.98,50.097,50.099000000000004,40.0,-39.99999999996362,-140.19599999996365,stop,0,REAL_HISTORY
AU_IDX,real,2026-05-21 21:30:00,2026-05-21 21:45:00,LONG,1,988.3199999999999,987.98,49.416,49.399,40.0,-339.99999999991815,-438.81499999991814,stop,1,REAL_HISTORY
AU_IDX,real,2026-05-22 22:30:00,2026-05-22 23:00:00,LONG,1,987.04,987.1,49.352000000000004,49.355000000000004,40.0,60.00000000005912,-38.70699999994089,stop,2,REAL_HISTORY
AU_IDX,real,2026-05-25 09:45:00,2026-05-25 21:00:00,SHORT,1,999.44,1002.68,49.972,50.134,40.0,-3239.9999999998954,-3340.1059999998956,stop,12,REAL_HISTORY
AU_IDX,real,2026-05-25 21:30:00,2026-05-26 01:00:00,SHORT,1,1002.12,1004.6685714285715,50.106,50.233428571428576,40.0,-2548.5714285714494,-2648.9108571428783,stop,14,REAL_HISTORY
AU_IDX,real,2026-05-26 01:30:00,2026-05-26 01:30:00,SHORT,3,1003.82,1003.86,150.573,150.579,120.0,-119.99999999989086,-421.15199999989085,stop,0,REAL_HISTORY
AU_IDX,real,2026-05-26 10:00:00,2026-05-26 13:30:00,LONG,1,996.68,994.9485714285714,49.834,49.74742857142858,40.0,-1731.4285714285234,-1831.009999999952,stop,5,REAL_HISTORY
AU_IDX,real,2026-05-26 14:15:00,2026-05-26 21:00:00,LONG,1,995.36,992.22,49.768,49.611000000000004,40.0,-3139.9999999999864,-3239.3789999999863,stop,3,REAL_HISTORY
AU_IDX,real,2026-05-26 21:30:00,2026-05-26 21:30:00,LONG,1,993.24,993.2,49.662,49.660000000000004,40.0,-39.99999999996362,-139.32199999996362,stop,0,REAL_HISTORY
AU_IDX,real,2026-05-26 22:30:00,2026-05-26 23:30:00,LONG,1,992.24,989.4828571428571,49.612,49.47414285714286,40.0,-2757.142857142867,-2856.22900000001,stop,4,REAL_HISTORY
AU_IDX,real,2026-05-26 23:45:00,2026-05-27 01:45:00,LONG,1,990.52,987.4942857142856,49.526,49.37471428571428,40.0,-3025.7142857143435,-3124.6150000000575,stop,8,REAL_HISTORY
AU_IDX,real,2026-05-27 02:15:00,2026-05-27 02:15:00,LONG,1,985.98,985.94,49.299,49.297000000000004,40.0,-39.99999999996362,-138.59599999996362,stop,0,REAL_HISTORY
AU_IDX,real,2026-05-27 14:00:00,2026-05-27 14:30:00,LONG,1,986.42,982.6828571428572,49.321000000000005,49.13414285714286,40.0,-3737.1428571427714,-3835.597999999914,stop,2,REAL_HISTORY
AU_IDX,real,2026-05-27 23:15:00,2026-05-28 00:30:00,LONG,1,971.1999999999999,975.4159999999999,48.559999999999995,48.770799999999994,40.0,4216.000000000008,4118.669200000008,target_mean,5,REAL_HISTORY
AU_IDX,real,2026-05-28 22:30:00,2026-05-29 00:15:00,SHORT,1,976.26,982.4828571428571,48.813,49.12414285714286,40.0,-6222.857142857151,-6320.794285714294,stop,7,REAL_HISTORY
AU_IDX,real,2026-05-29 09:30:00,2026-05-29 10:30:00,SHORT,1,986.26,984.7520000000002,49.313,49.237600000000015,40.0,1507.9999999998108,1409.4493999998108,target_mean,3,REAL_HISTORY
AU_IDX,real,2026-05-29 23:30:00,2026-05-29 23:30:00,SHORT,1,999.64,999.68,49.982,49.984,40.0,-39.99999999996362,-139.96599999996363,stop,0,REAL_HISTORY
AU_IDX,real,2026-06-01 14:30:00,2026-06-01 21:00:00,LONG,1,986.74,982.8525714285714,49.337,49.142628571428574,40.0,-3887.428571428586,-3985.908200000015,stop,2,REAL_HISTORY
AU_IDX,real,2026-06-02 14:00:00,2026-06-02 14:30:00,SHORT,1,986.0600000000001,990.7342857142858,49.30300000000001,49.53671428571429,40.0,-4674.285714285702,-4773.125428571416,stop,2,REAL_HISTORY
AU_IDX,real,2026-06-02 21:15:00,2026-06-02 22:00:00,SHORT,1,985.98,983.3399999999999,49.299,49.166999999999994,40.0,2640.0000000001,2541.5340000001,target_mean,3,REAL_HISTORY
AU_IDX,real,2026-06-03 09:30:00,2026-06-03 11:00:00,LONG,1,976.88,980.7680000000001,48.844,49.03840000000001,40.0,3888.0000000001473,3790.1176000001474,target_mean,5,REAL_HISTORY
AU_IDX,real,2026-06-03 14:15:00,2026-06-03 21:15:00,LONG,1,977.12,973.7514285714286,48.856,48.68757142857143,40.0,-3368.5714285713857,-3466.1149999999575,stop,4,REAL_HISTORY
AU_IDX,real,2026-06-03 22:00:00,2026-06-04 01:00:00,LONG,1,973.74,974.2570000000001,48.687000000000005,48.71285000000001,40.0,517.0000000000528,419.60015000005274,target_mean,12,REAL_HISTORY
AU_IDX,real,2026-06-04 09:30:00,2026-06-04 09:30:00,SHORT,1,978.1800000000001,978.22,48.909000000000006,48.911,40.0,-39.99999999996362,-137.8199999999636,stop,0,REAL_HISTORY
AU_IDX,real,2026-06-04 11:15:00,2026-06-04 21:00:00,SHORT,1,979.02,985.38,48.951,49.269000000000005,40.0,-6360.000000000014,-6458.220000000014,stop,7,REAL_HISTORY
AU_IDX,real,2026-06-04 21:30:00,2026-06-04 22:30:00,SHORT,1,985.54,980.068,49.277,49.0034,40.0,5471.99999999998,5373.71959999998,target_mean,4,REAL_HISTORY
AU_IDX,real,2026-06-05 09:30:00,2026-06-05 09:30:00,LONG,1,976.02,973.1045714285714,48.801,48.65522857142857,40.0,-2915.428571428606,-3012.884800000035,stop,0,REAL_HISTORY
AU_IDX,real,2026-06-05 22:15:00,2026-06-05 23:30:00,LONG,1,957.1,952.1285714285714,47.855000000000004,47.60642857142857,40.0,-4971.428571428646,-5066.890000000074,stop,5,REAL_HISTORY
AU_IDX,real,2026-06-06 00:15:00,2026-06-08 09:15:00,LONG,1,951.16,945.7685714285714,47.558,47.28842857142857,40.0,-5391.428571428605,-5486.275000000034,stop,10,REAL_HISTORY
AU_IDX,real,2026-06-08 13:30:00,2026-06-08 13:30:00,LONG,1,944.24,939.1928571428572,47.212,46.95964285714286,40.0,-5047.1428571428305,-5141.314499999974,stop,0,REAL_HISTORY
AU_IDX,real,2026-06-09 23:00:00,2026-06-09 23:30:00,LONG,1,941.02,934.4917142857142,47.051,46.72458571428571,40.0,-6528.285714285744,-6622.06130000003,stop,2,REAL_HISTORY
AU_IDX,real,2026-06-10 00:30:00,2026-06-10 09:00:00,LONG,1,933.24,923.24,46.662,46.162,40.0,-10000.0,-10092.824,stop,8,REAL_HISTORY
AU_IDX,real,2026-06-10 10:00:00,2026-06-10 14:00:00,LONG,1,916.18,923.4080000000001,45.809000000000005,46.17040000000001,40.0,7228.000000000179,7136.020600000179,target_mean,7,REAL_HISTORY
AU_IDX,real,2026-06-10 21:30:00,2026-06-10 21:30:00,LONG,1,906.22,906.1800000000001,45.311,45.309000000000005,40.0,-39.99999999996362,-130.61999999996362,stop,0,REAL_HISTORY
AU_IDX,real,2026-06-10 23:30:00,2026-06-11 09:00:00,LONG,1,902.16,891.78,45.108000000000004,44.589,40.0,-10379.999999999996,-10469.696999999996,stop,12,REAL_HISTORY
AU_IDX,real,2026-06-11 09:30:00,2026-06-11 09:30:00,LONG,1,898.6999999999999,901.5600000000002,44.934999999999995,45.07800000000001,40.0,2860.000000000241,2769.987000000241,target_mean,0,REAL_HISTORY
AU_IDX,real,2026-06-11 11:00:00,2026-06-11 13:45:00,LONG,1,889.36,896.6000000000001,44.468,44.830000000000005,40.0,7240.000000000123,7150.702000000123,target_mean,3,REAL_HISTORY
AU_IDX,real,2026-06-12 02:00:00,2026-06-12 02:00:00,SHORT,1,905.8000000000001,905.84,45.290000000000006,45.292,40.0,-39.99999999996362,-130.5819999999636,stop,0,REAL_HISTORY
AU_IDX,real,2026-06-12 09:30:00,2026-06-12 21:15:00,SHORT,1,911.52,915.5799999999999,45.576,45.778999999999996,40.0,-4059.9999999999454,-4151.354999999945,time_stop,14,REAL_HISTORY
AU_IDX,real,2026-06-12 21:45:00,2026-06-12 21:45:00,SHORT,1,913.48,912.0999999999999,45.674,45.605,40.0,1380.0000000001091,1288.7210000001091,target_mean,0,REAL_HISTORY
AU_IDX,real,2026-06-12 23:45:00,2026-06-13 02:15:00,SHORT,1,917.82,923.4142857142857,45.891000000000005,46.17071428571429,40.0,-5594.285714285661,-5686.347428571375,stop,10,REAL_HISTORY
AU_IDX,real,2026-06-15 21:30:00,2026-06-16 00:15:00,SHORT,1,948.14,945.3760000000001,47.407000000000004,47.268800000000006,40.0,2763.9999999998963,2669.3241999998963,target_mean,11,REAL_HISTORY
AU_IDX,real,2026-06-17 00:30:00,2026-06-17 01:15:00,SHORT,1,944.9200000000001,942.779,47.24600000000001,47.13895,40.0,2141.0000000000764,2046.6150500000763,target_mean,3,REAL_HISTORY
AU_IDX,real,2026-06-18 00:15:00,2026-06-18 01:30:00,SHORT,1,949.08,952.1857142857143,47.454,47.60928571428572,40.0,-3105.7142857142708,-3200.7775714285567,stop,5,REAL_HISTORY
AU_IDX,real,2026-06-18 02:00:00,2026-06-18 02:00:00,SHORT,1,952.6,947.769,47.63,47.38845,40.0,4831.000000000017,4735.981550000017,target_mean,0,REAL_HISTORY
AU_IDX,real,2026-06-18 09:45:00,2026-06-18 14:00:00,LONG,1,942.18,935.7485714285715,47.109,46.78742857142858,40.0,-6431.428571428455,-6525.324999999884,stop,8,REAL_HISTORY
AU_IDX,real,2026-06-22 21:45:00,2026-06-22 21:45:00,LONG,1,915.72,917.6949999999999,45.786,45.88475,40.0,1974.999999999909,1883.329249999909,target_mean,0,REAL_HISTORY
AU_IDX,real,2026-06-23 10:00:00,2026-06-23 11:00:00,LONG,1,908.34,904.5168571428571,45.417,45.22584285714286,40.0,-3823.142857142898,-3913.7857000000404,stop,3,REAL_HISTORY
AU_IDX,real,2026-06-23 13:30:00,2026-06-23 14:45:00,LONG,1,901.02,897.4742857142857,45.051,44.873714285714286,40.0,-3545.7142857143253,-3635.6390000000397,stop,5,REAL_HISTORY
AU_IDX,real,2026-06-24 09:30:00,2026-06-24 10:30:00,LONG,1,896.4,891.02,44.82,44.551,40.0,-5379.999999999995,-5469.370999999996,stop,3,REAL_HISTORY
AU_IDX,real,2026-06-24 21:30:00,2026-06-24 21:30:00,LONG,1,872.04,872.0,43.602000000000004,43.6,40.0,-39.99999999996362,-127.20199999996362,stop,0,REAL_HISTORY
AU_IDX,real,2026-06-25 02:15:00,2026-06-25 09:00:00,LONG,1,874.98,875.2667142857143,43.749,43.76333571428572,40.0,286.7142857143108,199.20195000002508,stop,1,REAL_HISTORY
AU_IDX,real,2026-06-25 21:30:00,2026-06-25 22:15:00,SHORT,1,880.88,880.5392857142857,44.044000000000004,44.026964285714286,40.0,340.7142857142844,252.64332142857015,stop,3,REAL_HISTORY
AU_IDX,real,2026-06-26 11:00:00,2026-06-26 14:15:00,LONG,1,874.36,880.556,43.718,44.0278,40.0,6196.000000000026,6108.254200000027,target_mean,5,REAL_HISTORY
AU_IDX,real,2026-06-29 21:45:00,2026-06-29 22:00:00,LONG,1,884.16,879.766,44.208000000000006,43.9883,40.0,-4394.0000000000055,-4482.196300000005,stop,1,REAL_HISTORY
AU_IDX,real,2026-06-30 10:45:00,2026-06-30 14:15:00,LONG,1,866.14,873.1909999999999,43.307,43.659549999999996,40.0,7050.999999999931,6964.033449999931,target_mean,6,REAL_HISTORY
AU_IDX,real,2026-07-01 14:30:00,2026-07-01 21:00:00,LONG,1,868.8199999999999,880.86,43.440999999999995,44.043,40.0,12040.000000000076,11952.516000000076,target_mean,2,REAL_HISTORY
AU_IDX,real,2026-07-01 22:00:00,2026-07-02 01:30:00,SHORT,1,894.96,889.8779999999999,44.748000000000005,44.4939,40.0,5082.000000000107,4992.758100000107,target_mean,14,REAL_HISTORY
AU_IDX,real,2026-07-03 09:30:00,2026-07-03 21:15:00,SHORT,1,914.76,911.12,45.738,45.556000000000004,40.0,3639.9999999999864,3548.7059999999865,time_stop,14,REAL_HISTORY
AU_IDX,real,2026-07-06 14:15:00,2026-07-06 22:00:00,LONG,1,907.88,904.8314285714285,45.394000000000005,45.241571428571426,40.0,-3048.5714285714494,-3139.207000000021,stop,7,REAL_HISTORY
AU_IDX,real,2026-07-07 09:45:00,2026-07-07 11:15:00,LONG,1,905.68,902.8685714285715,45.284,45.14342857142858,40.0,-2811.4285714284506,-2901.8559999998793,stop,5,REAL_HISTORY
AU_IDX,real,2026-07-07 14:00:00,2026-07-07 21:00:00,LONG,1,902.16,912.48,45.108000000000004,45.624,40.0,10320.000000000051,10229.268000000051,target_mean,4,REAL_HISTORY
AU_IDX,real,2026-07-07 22:00:00,2026-07-07 22:30:00,SHORT,1,908.84,905.7399999999999,45.442,45.287,40.0,3100.0000000001364,3009.2710000001366,target_mean,2,REAL_HISTORY
AU_IDX,real,2026-07-08 09:45:00,2026-07-08 09:45:00,LONG,1,898.4399999999999,898.4,44.922,44.92,40.0,-39.99999999996362,-129.8419999999636,stop,0,REAL_HISTORY
AU_IDX,real,2026-07-08 21:45:00,2026-07-08 22:15:00,LONG,1,892.24,888.3285714285714,44.612,44.416428571428575,40.0,-3911.428571428587,-4000.457000000016,stop,2,REAL_HISTORY
AU_IDX,real,2026-07-09 14:45:00,2026-07-09 21:15:00,SHORT,1,897.78,902.1817142857142,44.889,45.10908571428571,40.0,-4401.714285714206,-4491.712371428492,stop,2,REAL_HISTORY
AU_IDX,real,2026-07-09 22:00:00,2026-07-10 01:30:00,SHORT,1,901.72,903.78,45.086000000000006,45.189,40.0,-2059.9999999999454,-2150.274999999945,time_stop,14,REAL_HISTORY
AU_IDX,real,2026-07-10 10:00:00,2026-07-10 10:00:00,LONG,1,899.34,899.3000000000001,44.967,44.96500000000001,40.0,-39.99999999996362,-129.93199999996364,stop,0,REAL_HISTORY
AU_IDX,real,2026-07-13 09:30:00,2026-07-13 09:30:00,LONG,1,891.28,891.24,44.564,44.562000000000005,40.0,-39.99999999996362,-129.12599999996362,stop,0,REAL_HISTORY
AU_IDX,real,2026-07-13 14:30:00,2026-07-13 22:00:00,LONG,1,887.56,882.698,44.378,44.1349,40.0,-4861.999999999966,-4950.512899999966,stop,6,REAL_HISTORY
AU_IDX,real,2026-07-13 22:15:00,2026-07-13 22:15:00,LONG,1,881.8,877.7685714285714,44.09,43.88842857142857,40.0,-4031.4285714285916,-4119.40700000002,stop,0,REAL_HISTORY
AU_IDX,real,2026-07-13 23:30:00,2026-07-14 00:30:00,LONG,1,877.76,872.9751428571428,43.888000000000005,43.64875714285714,40.0,-4784.857142857163,-4872.39390000002,stop,4,REAL_HISTORY
AU_IDX,real,2026-07-14 00:45:00,2026-07-14 09:45:00,LONG,1,874.48,875.097,43.724000000000004,43.754850000000005,40.0,616.9999999999618,529.5211499999617,target_mean,10,REAL_HISTORY
AU_IDX,real,2026-07-17 11:00:00,2026-07-17 11:00:00,LONG,1,869.3,871.6110000000001,43.465,43.58055000000001,40.0,2311.000000000149,2223.954450000149,target_mean,0,REAL_HISTORY
AU_IDX,real,2026-07-21 09:30:00,2026-07-21 10:30:00,SHORT,1,878.54,879.9942857142858,43.927,43.99971428571429,40.0,-1454.2857142857883,-1542.2124285715026,stop,3,REAL_HISTORY
AU_IDX,real,2026-07-21 11:15:00,2026-07-21 11:15:00,SHORT,1,881.0,884.008,44.050000000000004,44.2004,40.0,-3008.000000000038,-3096.2504000000386,stop,0,REAL_HISTORY
AU_IDX,real,2026-07-21 23:45:00,2026-07-22 01:30:00,SHORT,1,889.28,888.002,44.464,44.4001,40.0,1278.00000000002,1189.13590000002,target_mean,7,REAL_HISTORY
AU_IDX,real,2026-07-22 09:30:00,2026-07-22 10:30:00,SHORT,1,898.34,901.3742857142857,44.917,45.06871428571429,40.0,-3034.2857142857156,-3124.2714285714296,stop,3,REAL_HISTORY
AU_IDX,real,2026-07-22 22:15:00,2026-07-22 22:15:00,SHORT,1,908.08,908.12,45.404,45.406,40.0,-39.99999999996362,-130.80999999996362,stop,0,REAL_HISTORY
AU_IDX,real,2026-07-23 23:45:00,2026-07-24 09:00:00,LONG,1,884.0799999999999,884.5,44.20399999999999,44.225,40.0,420.00000000007276,331.57100000007273,target_mean,11,REAL_HISTORY
AU_IDX,real,2026-07-24 11:15:00,2026-07-24 21:00:00,LONG,1,880.56,887.1800000000001,44.028,44.35900000000001,40.0,6620.000000000118,6531.613000000118,target_mean,7,REAL_HISTORY
AU_IDX,real,2026-07-27 09:30:00,2026-07-27 21:00:00,SHORT,1,896.86,893.34,44.843,44.667,40.0,3519.999999999982,3430.489999999982,target_mean,13,REAL_HISTORY
AU_IDX,real,2026-07-27 22:45:00,2026-07-28 00:15:00,LONG,1,889.42,892.6950000000002,44.471000000000004,44.63475000000001,40.0,3275.0000000002046,3185.8942500002045,target_mean,6,REAL_HISTORY
AU_IDX,real,2026-07-28 09:45:00,2026-07-28 21:00:00,LONG,1,884.8199999999999,881.34,44.241,44.067,40.0,-3479.9999999999045,-3568.3079999999045,stop,12,REAL_HISTORY
AU_IDX,real,2026-07-28 21:45:00,2026-07-28 22:00:00,LONG,1,880.96,880.32,44.048,44.016000000000005,40.0,-639.9999999999864,-728.0639999999863,stop,1,REAL_HISTORY
AU_IDX,real,2026-07-28 22:45:00,2026-07-28 23:00:00,LONG,1,880.62,883.135,44.031,44.15675,40.0,2514.9999999999864,2426.8122499999863,target_mean,1,REAL_HISTORY
AU_IDX,real,2026-07-29 14:00:00,2026-07-29 21:00:00,SHORT,1,882.48,880.28,44.124,44.014,40.0,2200.0000000000455,2111.8620000000456,target_mean,4,REAL_HISTORY
AU_IDX,real,2026-07-29 22:30:00,2026-07-30 00:30:00,LONG,1,876.72,879.28,43.836000000000006,43.964,40.0,2559.9999999999454,2472.1999999999457,target_mean,8,REAL_HISTORY
AU_IDX,real,2026-07-31 21:30:00,2026-07-31 21:30:00,LONG,1,882.14,878.556,44.107,43.927800000000005,40.0,-3583.9999999999463,-3672.0347999999462,stop,0,REAL_HISTORY
AU_IDX,real,2026-08-03 13:30:00,2026-08-03 14:15:00,SHORT,1,885.98,887.9285714285714,44.299,44.39642857142858,40.0,-1948.5714285714266,-2037.266857142855,stop,3,REAL_HISTORY
AU_IDX,real,2026-08-03 22:00:00,2026-08-04 01:15:00,LONG,1,880.4399999999999,882.097,44.022,44.10485,40.0,1657.000000000039,1568.8731500000392,target_mean,13,REAL_HISTORY
AU_IDX,real,2026-08-04 22:00:00,2026-08-04 22:30:00,SHORT,1,890.02,889.8615714285714,44.501000000000005,44.493078571428576,40.0,158.42857142854427,69.43449285711569,stop,2,REAL_HISTORY
AU_IDX,real,2026-08-05 01:30:00,2026-08-05 01:45:00,SHORT,1,892.48,892.66,44.624,44.633,40.0,-179.99999999994998,-269.25699999995,stop,1,REAL_HISTORY
AU_IDX,real,2026-08-05 09:30:00,2026-08-05 09:30:00,SHORT,1,890.8000000000001,890.84,44.540000000000006,44.542,40.0,-39.99999999996362,-129.0819999999636,target_mean,0,REAL_HISTORY
AU_IDX,real,2026-08-05 13:00:00,2026-08-05 13:45:00,SHORT,1,912.5600000000001,908.6,45.62800000000001,45.43,40.0,3960.0000000000364,3868.9420000000364,stop,3,REAL_HISTORY
AU_IDX,real,2026-08-05 15:30:00,2026-08-05 22:15:00,SHORT,1,926.54,922.7342857142858,46.327000000000005,46.13671428571429,40.0,3805.7142857142026,3713.250571428488,stop,7,REAL_HISTORY
AU_IDX,real,2026-08-05 23:00:00,2026-08-06 02:30:00,SHORT,1,923.62,935.3,46.181000000000004,46.765,40.0,-11679.999999999949,-11772.945999999949,stop,14,REAL_HISTORY
AU_IDX,real,2026-08-06 10:45:00,2026-08-06 11:15:00,SHORT,1,933.38,928.8410000000001,46.669000000000004,46.44205000000001,40.0,4538.999999999874,4445.888949999874,target_mean,2,REAL_HISTORY
AU_IDX,real,2026-08-07 10:45:00,2026-08-07 13:00:00,SHORT,1,925.9,950.8,46.295,47.54,40.0,-24899.999999999978,-24993.834999999977,stop,3,REAL_HISTORY
AU_IDX,real,2026-08-07 15:30:00,2026-08-08 00:00:00,SHORT,1,945.1800000000001,944.8199999999999,47.25900000000001,47.241,40.0,360.00000000012733,265.50000000012733,time_stop,14,REAL_HISTORY
AU_IDX,real,2026-08-10 01:45:00,2026-08-10 02:30:00,LONG,1,939.04,942.385,46.952000000000005,47.11925,40.0,3345.0000000000273,3250.928750000027,target_mean,2,REAL_HISTORY
AU_IDX,real,2026-08-10 13:30:00,2026-08-10 13:45:00,SHORT,1,942.48,946.4060000000001,47.124,47.32030000000001,40.0,-3926.0000000000446,-4020.444300000044,stop,1,REAL_HISTORY
AU_IDX,real,2026-08-10 15:00:00,2026-08-10 21:00:00,SHORT,1,946.02,943.68,47.301,47.184000000000005,40.0,2340.000000000032,2245.5150000000317,target_mean,4,REAL_HISTORY
AU_IDX,real,2026-08-10 21:45:00,2026-08-10 21:45:00,SHORT,1,943.02,943.06,47.151,47.153000000000006,40.0,-39.99999999996362,-134.30399999996365,target_mean,0,REAL_HISTORY
AU_IDX,real,2026-08-11 09:00:00,2026-08-11 09:00:00,SHORT,1,959.14,959.18,47.957,47.959,40.0,-39.99999999996362,-135.91599999996362,stop,0,REAL_HISTORY
AU_IDX,real,2026-08-12 02:15:00,2026-08-12 02:30:00,LONG,1,950.14,958.0600000000001,47.507000000000005,47.903000000000006,40.0,7920.000000000073,7824.590000000073,target_mean,1,REAL_HISTORY
AU_IDX,real,2026-08-12 09:30:00,2026-08-12 10:30:00,SHORT,1,955.62,958.9314285714286,47.781,47.94657142857143,40.0,-3311.4285714285643,-3407.156142857136,stop,3,REAL_HISTORY
AU_IDX,real,2026-08-12 11:15:00,2026-08-12 13:00:00,SHORT,1,959.6,964.48,47.980000000000004,48.224000000000004,40.0,-4879.999999999995,-4976.203999999995,stop,1,REAL_HISTORY
AU_IDX,real,2026-08-13 15:45:00,2026-08-13 21:00:00,LONG,1,949.42,955.98,47.471000000000004,47.799,40.0,6560.000000000059,6464.730000000059,target_mean,1,REAL_HISTORY
AU_IDX,real,2026-08-14 09:45:00,2026-08-14 13:00:00,LONG,1,939.42,950.44,46.971000000000004,47.522000000000006,40.0,11020.000000000095,10925.507000000094,target_mean,6,REAL_HISTORY
AU_IDX,real,2026-08-14 13:45:00,2026-08-14 13:45:00,SHORT,1,938.6800000000001,938.72,46.934000000000005,46.936,40.0,-39.99999999996362,-133.86999999996362,target_mean,0,REAL_HISTORY
AU_IDX,real,2026-08-17 01:30:00,2026-08-17 01:30:00,SHORT,1,957.0600000000001,957.1,47.85300000000001,47.855000000000004,40.0,-39.99999999996362,-135.70799999996365,stop,0,REAL_HISTORY
AU_IDX,real,2026-08-17 09:30:00,2026-08-17 09:45:00,SHORT,1,957.0600000000001,954.0670000000001,47.85300000000001,47.70335000000001,40.0,2992.999999999938,2897.443649999938,target_mean,1,REAL_HISTORY
AU_IDX,real,2026-08-17 15:45:00,2026-08-17 21:00:00,SHORT,1,959.6800000000001,952.02,47.98400000000001,47.601,40.0,7660.000000000082,7564.415000000082,target_mean,1,REAL_HISTORY
AU_IDX,real,2026-08-17 21:45:00,2026-08-17 21:45:00,LONG,1,952.8199999999999,955.2280000000002,47.641,47.761400000000016,40.0,2408.000000000243,2312.597600000243,target_mean,0,REAL_HISTORY
AU_IDX,real,2026-08-17 22:45:00,2026-08-18 01:15:00,SHORT,1,959.32,959.0310000000001,47.966,47.95155000000001,40.0,288.99999999998727,193.08244999998726,target_mean,10,REAL_HISTORY
AU_IDX,real,2026-08-18 11:00:00,2026-08-18 15:00:00,LONG,1,956.14,949.94,47.807,47.497,40.0,-6199.999999999932,-6295.303999999932,stop,10,REAL_HISTORY
AU_IDX,real,2026-08-18 15:45:00,2026-08-18 21:00:00,LONG,1,948.74,955.98,47.437000000000005,47.799,40.0,7240.000000000009,7144.764000000009,target_mean,1,REAL_HISTORY
AU_IDX,real,2026-08-18 23:45:00,2026-08-19 09:00:00,LONG,1,948.74,944.52,47.437000000000005,47.226,40.0,-4220.000000000027,-4314.663000000027,stop,13,REAL_HISTORY
AU_IDX,real,2026-08-19 14:15:00,2026-08-19 15:00:00,LONG,1,943.02,972.12,47.151,48.606,40.0,29100.000000000022,29004.24300000002,target_mean,3,REAL_HISTORY
AU_IDX,real,2026-08-19 22:45:00,2026-08-20 02:15:00,SHORT,1,972.4200000000001,971.117,48.62100000000001,48.55585,40.0,1303.000000000111,1205.823150000111,target_mean,14,REAL_HISTORY
AU_IDX,real,2026-08-20 09:45:00,2026-08-20 09:45:00,SHORT,1,972.4200000000001,972.242,48.62100000000001,48.612100000000005,40.0,178.00000000011096,80.76690000011095,target_mean,0,REAL_HISTORY
AU_IDX,real,2026-08-20 13:45:00,2026-08-20 14:00:00,LONG,1,970.16,971.638,48.508,48.581900000000005,40.0,1478.0000000000655,1380.9101000000655,target_mean,1,REAL_HISTORY
AU_IDX,real,2026-08-20 15:30:00,2026-08-20 15:30:00,SHORT,1,981.58,981.62,49.079,49.081,40.0,-39.99999999996362,-138.15999999996365,stop,0,REAL_HISTORY
AU_IDX,real,2026-08-20 23:30:00,2026-08-20 23:30:00,SHORT,1,981.58,981.62,49.079,49.081,40.0,-39.99999999996362,-138.15999999996365,stop,0,REAL_HISTORY
AU_IDX,real,2026-08-21 14:15:00,2026-08-21 15:00:00,SHORT,1,984.76,994.84,49.238,49.742000000000004,40.0,-10080.00000000004,-10178.98000000004,stop,3,REAL_HISTORY
AU_IDX,real,2026-08-21 22:00:00,2026-08-22 00:15:00,SHORT,1,992.6800000000001,999.8897142857144,49.63400000000001,49.994485714285716,40.0,-7209.714285714313,-7309.342771428598,stop,9,REAL_HISTORY
AU_IDX,real,2026-08-22 01:15:00,2026-08-24 01:30:00,SHORT,1,1000.96,998.874,50.048,49.9437,40.0,2086.0000000000127,1986.0083000000127,target_mean,7,REAL_HISTORY
AU_IDX,real,2026-08-24 02:45:00,2026-08-24 09:00:00,SHORT,1,1004.76,1000.0,50.238,50.0,40.0,4759.999999999991,4659.761999999991,target_mean,1,REAL_HISTORY
AU_IDX,synthetic,2015-01-01 14:30:00,2015-01-01 14:45:00,LONG,1,538.48,535.9828571428571,26.924000000000003,26.799142857142858,40.0,-2497.142857142876,-2550.8660000000186,stop,1,BULL_TREND
AU_IDX,synthetic,2015-01-01 15:30:00,2015-01-01 16:15:00,LONG,1,538.48,538.7125714285714,26.924000000000003,26.935628571428577,40.0,232.57142857141844,178.71179999998986,stop,3,BULL_TREND
AU_IDX,synthetic,2015-01-01 23:45:00,2015-01-02 01:15:00,LONG,1,533.58,536.522,26.679000000000002,26.8261,40.0,2942.0000000000073,2888.494900000007,target_mean,6,BULL_TREND
AU_IDX,synthetic,2015-01-02 08:15:00,2015-01-02 09:15:00,SHORT,1,552.7,547.831,27.635,27.391550000000002,40.0,4869.000000000028,4813.973450000028,target_mean,4,BULL_TREND
AU_IDX,synthetic,2015-01-02 13:45:00,2015-01-02 14:15:00,LONG,1,546.02,542.9542857142857,27.301000000000002,27.147714285714287,40.0,-3065.714285714307,-3120.1630000000214,stop,2,BULL_TREND
AU_IDX,synthetic,2015-01-02 16:45:00,2015-01-02 16:45:00,LONG,1,540.66,540.62,27.033,27.031000000000002,40.0,-39.99999999996362,-94.06399999996363,stop,0,BULL_TREND
AU_IDX,synthetic,2015-01-03 00:45:00,2015-01-03 01:45:00,LONG,1,542.88,543.615,27.144000000000002,27.18075,40.0,735.0000000000136,680.6752500000136,target_mean,4,BULL_TREND
AU_IDX,synthetic,2015-01-03 07:15:00,2015-01-03 08:15:00,LONG,1,539.58,541.1120000000001,26.979000000000003,27.055600000000005,40.0,1532.000000000039,1477.9654000000392,target_mean,4,BULL_TREND
AU_IDX,synthetic,2015-01-03 10:30:00,2015-01-03 10:45:00,LONG,1,533.5,532.0600000000001,26.675,26.60300000000001,40.0,-1439.9999999999409,-1493.277999999941,stop,1,BULL_TREND
AU_IDX,synthetic,2015-01-03 11:30:00,2015-01-03 11:30:00,LONG,1,537.08,537.431,26.854000000000003,26.871550000000003,40.0,350.9999999999991,297.2744499999991,target_mean,0,BULL_TREND
AU_IDX,synthetic,2015-01-03 17:45:00,2015-01-03 17:45:00,LONG,1,533.12,535.008,26.656000000000002,26.750400000000003,40.0,1888.0000000000337,1834.5936000000338,target_mean,0,BULL_TREND
AU_IDX,synthetic,2015-01-03 18:45:00,2015-01-03 20:30:00,LONG,1,531.3,528.3114285714286,26.565,26.41557142857143,40.0,-2988.5714285713902,-3041.551999999962,stop,7,BULL_TREND
AU_IDX,synthetic,2015-01-04 00:30:00,2015-01-04 01:45:00,SHORT,1,540.7,545.4371428571427,27.035,27.271857142857137,40.0,-4737.142857142658,-4791.449714285514,stop,5,BULL_TREND
AU_IDX,synthetic,2015-01-04 05:15:00,2015-01-04 05:15:00,SHORT,1,550.62,550.66,27.531000000000002,27.533,40.0,-39.99999999996362,-95.06399999996363,stop,0,BULL_TREND
AU_IDX,synthetic,2015-01-04 10:45:00,2015-01-04 11:00:00,LONG,1,533.56,530.7685714285715,26.678,26.538428571428575,40.0,-2791.428571428469,-2844.644999999897,stop,1,BULL_TREND
AU_IDX,synthetic,2015-01-04 13:30:00,2015-01-04 14:45:00,LONG,1,529.06,525.2188571428571,26.453000000000003,26.260942857142858,40.0,-3841.142857142813,-3893.856799999956,stop,5,BULL_TREND
AU_IDX,synthetic,2015-01-04 15:45:00,2015-01-04 16:15:00,LONG,1,524.9,521.5285714285716,26.245,26.076428571428583,40.0,-3371.428571428396,-3423.7499999998245,stop,2,BULL_TREND
AU_IDX,synthetic,2015-01-04 22:15:00,2015-01-04 23:15:00,SHORT,1,537.08,541.6154285714285,26.854000000000003,27.080771428571428,40.0,-4535.428571428497,-4589.363342857068,stop,4,BULL_TREND
AU_IDX,synthetic,2015-01-05 01:15:00,2015-01-05 01:30:00,SHORT,1,542.5400000000001,542.3734285714286,27.127000000000006,27.118671428571428,40.0,166.5714285715012,112.32575714292976,stop,1,BULL_TREND
AU_IDX,synthetic,2015-01-05 16:15:00,2015-01-05 17:45:00,SHORT,1,548.0,545.655,27.400000000000002,27.28275,40.0,2345.0000000000273,2290.3172500000273,target_mean,6,BULL_TREND
AU_IDX,synthetic,2015-01-06 05:45:00,2015-01-06 07:45:00,LONG,1,533.3,536.028,26.665000000000003,26.8014,40.0,2728.0000000000655,2674.5336000000657,target_mean,8,BULL_TREND
AU_IDX,synthetic,2015-01-07 02:00:00,2015-01-07 04:15:00,SHORT,1,550.2,549.491,27.51,27.47455,40.0,709.00000000006,654.01545000006,target_mean,9,BULL_TREND
AU_IDX,synthetic,2015-01-07 05:30:00,2015-01-07 07:30:00,SHORT,1,553.62,550.22,27.681,27.511000000000003,40.0,3399.9999999999773,3344.8079999999773,target_mean,8,BULL_TREND
AU_IDX,synthetic,2015-01-07 10:15:00,2015-01-07 10:30:00,LONG,1,548.0,548.1574285714286,27.400000000000002,27.40787142857143,40.0,157.42857142856792,102.62069999999649,stop,1,BULL_TREND
AU_IDX,synthetic,2015-01-07 17:15:00,2015-01-07 19:00:00,LONG,1,544.86,546.6560000000001,27.243000000000002,27.332800000000006,40.0,1796.000000000049,1741.4242000000493,target_mean,7,BULL_TREND
AU_IDX,synthetic,2015-01-07 20:00:00,2015-01-07 20:30:00,LONG,1,541.24,537.7914285714287,27.062,26.889571428571433,40.0,-3448.571428571313,-3502.522999999884,stop,2,BULL_TREND
AU_IDX,synthetic,2015-01-07 21:00:00,2015-01-07 22:15:00,LONG,1,536.8199999999999,535.5600000000001,26.840999999999994,26.778000000000006,40.0,-1259.9999999998772,-1313.6189999998771,stop,5,BULL_TREND
AU_IDX,synthetic,2015-01-08 10:00:00,2015-01-08 11:00:00,SHORT,1,549.34,544.365,27.467000000000002,27.21825,40.0,4975.000000000023,4920.314750000023,target_mean,4,BULL_TREND
AU_IDX,synthetic,2015-01-08 12:15:00,2015-01-08 14:00:00,SHORT,1,551.72,549.958,27.586000000000002,27.4979,40.0,1762.0000000000573,1706.9161000000572,target_mean,7,BULL_TREND
AU_IDX,synthetic,2015-01-08 15:45:00,2015-01-08 16:15:00,SHORT,1,555.0600000000001,558.34,27.753000000000007,27.917,40.0,-3279.9999999999727,-3335.669999999973,stop,2,BULL_TREND
AU_IDX,synthetic,2015-01-08 20:00:00,2015-01-08 21:00:00,SHORT,1,564.5400000000001,560.759,28.227000000000007,28.037950000000002,40.0,3781.0000000000628,3724.735050000063,target_mean,4,BULL_TREND
AU_IDX,synthetic,2015-01-08 23:15:00,2015-01-09 00:15:00,SHORT,1,568.9,572.6999999999999,28.445,28.634999999999994,40.0,-3799.9999999999545,-3857.079999999955,stop,4,BULL_TREND
AU_IDX,synthetic,2015-01-09 11:45:00,2015-01-09 12:30:00,LONG,1,548.0,548.2,27.400000000000002,27.41,40.0,200.00000000004547,145.19000000004547,stop,3,BULL_TREND
AU_IDX,synthetic,2015-01-09 21:30:00,2015-01-09 22:15:00,LONG,1,542.6,546.663,27.130000000000003,27.33315,40.0,4062.999999999988,4008.536849999988,target_mean,3,BULL_TREND
AU_IDX,synthetic,2015-01-10 01:15:00,2015-01-10 02:30:00,LONG,1,537.3199999999999,534.5714285714286,26.865999999999996,26.728571428571428,40.0,-2748.571428571381,-2802.1659999999524,stop,5,BULL_TREND
AU_IDX,synthetic,2015-01-10 15:15:00,2015-01-10 15:15:00,SHORT,1,559.36,559.347,27.968,27.96735,40.0,13.000000000033651,-42.93534999996635,target_mean,0,BULL_TREND
AU_IDX,synthetic,2015-01-11 07:15:00,2015-01-11 08:00:00,LONG,1,537.78,533.98,26.889000000000003,26.699,40.0,-3799.9999999999545,-3853.5879999999547,stop,3,BULL_TREND
AU_IDX,synthetic,2015-01-11 08:30:00,2015-01-11 08:45:00,LONG,1,533.8,533.96,26.69,26.698,40.0,160.00000000008185,106.61200000008185,stop,1,BULL_TREND
AU_IDX,synthetic,2015-01-11 15:45:00,2015-01-11 15:45:00,SHORT,1,537.0,536.0519999999999,26.85,26.802599999999995,40.0,948.0000000000928,894.3474000000928,target_mean,0,BULL_TREND
AU_IDX,synthetic,2015-01-11 20:15:00,2015-01-11 21:30:00,LONG,1,527.74,527.9730000000001,26.387,26.398650000000007,40.0,233.00000000006094,180.21435000006093,stop,5,BULL_TREND
AU_IDX,synthetic,2015-01-12 00:15:00,2015-01-12 01:45:00,SHORT,1,537.52,537.3128571428571,26.876,26.865642857142852,40.0,207.14285714291236,153.4012142857695,stop,6,BULL_TREND
AU_IDX,synthetic,2015-01-12 08:30:00,2015-01-12 09:15:00,LONG,1,531.54,528.4571428571429,26.577,26.42285714285715,40.0,-3082.8571428570513,-3135.8569999999086,stop,3,BULL_TREND
AU_IDX,synthetic,2015-01-12 09:30:00,2015-01-12 11:00:00,LONG,1,529.84,532.638,26.492,26.6319,40.0,2798.000000000002,2744.8761000000018,target_mean,6,BULL_TREND
AU_IDX,synthetic,2015-01-12 20:15:00,2015-01-12 22:00:00,SHORT,1,543.02,547.3914285714285,27.151,27.369571428571426,40.0,-4371.42857142851,-4425.949142857081,stop,7,BULL_TREND
AU_IDX,synthetic,2015-01-13 01:45:00,2015-01-13 01:45:00,SHORT,1,555.84,555.88,27.792,27.794,40.0,-39.99999999996362,-95.58599999996362,stop,0,BULL_TREND
AU_IDX,synthetic,2015-01-13 04:45:00,2015-01-13 05:45:00,SHORT,1,558.32,558.1524285714286,27.916,27.907621428571428,40.0,167.57142857147755,111.74780714290613,stop,4,BULL_TREND
AU_IDX,synthetic,2015-01-13 07:00:00,2015-01-13 07:30:00,SHORT,1,561.14,561.46,28.057000000000002,28.073,40.0,-320.00000000005,-376.13000000005,stop,2,BULL_TREND
AU_IDX,synthetic,2015-01-14 10:00:00,2015-01-14 10:15:00,LONG,1,540.7,540.5600000000001,27.035,27.028000000000006,40.0,-139.99999999998636,-194.06299999998635,stop,1,BULL_TREND
AU_IDX,synthetic,2015-01-14 17:00:00,2015-01-14 19:30:00,SHORT,1,564.4,568.9328571428571,28.220000000000002,28.446642857142855,40.0,-4532.857142857097,-4589.52378571424,stop,10,BULL_TREND
AU_IDX,synthetic,2015-01-14 20:15:00,2015-01-14 20:15:00,SHORT,1,570.52,570.56,28.526,28.528000000000002,40.0,-39.99999999996362,-97.05399999996362,stop,0,BULL_TREND
AU_IDX,synthetic,2015-01-14 22:00:00,2015-01-14 22:45:00,SHORT,1,572.1800000000001,571.9882857142858,28.60900000000001,28.599414285714293,40.0,191.7142857142835,134.5058714285692,stop,3,BULL_TREND
AU_IDX,synthetic,2015-01-15 04:15:00,2015-01-15 06:00:00,SHORT,1,579.14,576.8309999999999,28.957,28.841549999999994,40.0,2309.0000000000828,2251.201450000083,target_mean,7,BULL_TREND
AU_IDX,synthetic,2015-01-15 18:00:00,2015-01-15 20:45:00,SHORT,1,584.94,583.081,29.247,29.15405,40.0,1859.0000000000373,1800.5989500000371,target_mean,11,BULL_TREND
AU_IDX,synthetic,2015-01-16 00:30:00,2015-01-16 01:15:00,LONG,1,580.32,582.551,29.016000000000002,29.127550000000003,40.0,2230.9999999999945,2172.8564499999943,target_mean,3,BULL_TREND
AU_IDX,synthetic,2015-01-16 06:15:00,2015-01-16 06:15:00,SHORT,1,581.2800000000001,581.32,29.064000000000007,29.066000000000003,40.0,-39.99999999996362,-98.12999999996363,target_mean,0,BULL_TREND
AU_IDX,synthetic,2015-01-16 07:45:00,2015-01-16 08:45:00,LONG,1,578.28,574.5685714285714,28.914,28.728428571428577,40.0,-3711.4285714285415,-3769.0709999999704,stop,4,BULL_TREND
AU_IDX,synthetic,2015-01-16 14:45:00,2015-01-16 14:45:00,SHORT,1,580.8000000000001,580.015,29.040000000000006,29.00075,40.0,785.0000000000819,726.9592500000819,target_mean,0,BULL_TREND
AU_IDX,synthetic,2015-01-16 17:15:00,2015-01-16 19:30:00,LONG,1,577.42,578.385,28.871000000000002,28.91925,40.0,965.0000000000318,907.2097500000318,target_mean,9,BULL_TREND
AU_IDX,synthetic,2015-01-16 21:30:00,2015-01-16 21:45:00,LONG,1,574.16,576.415,28.708000000000002,28.82075,40.0,2254.9999999999955,2197.4712499999955,target_mean,1,BULL_TREND
AU_IDX,synthetic,2015-01-16 23:30:00,2015-01-17 00:45:00,LONG,1,574.56,575.072,28.728,28.753600000000002,40.0,512.0000000000573,454.5184000000573,target_mean,5,BULL_TREND
AU_IDX,synthetic,2015-01-17 02:00:00,2015-01-17 03:15:00,LONG,1,569.42,572.341,28.471,28.617050000000003,40.0,2921.000000000049,2863.9119500000493,target_mean,5,BULL_TREND
AU_IDX,synthetic,2015-01-17 10:00:00,2015-01-17 10:00:00,SHORT,1,580.6600000000001,584.3340000000002,29.03300000000001,29.216700000000007,40.0,-3674.000000000092,-3732.2497000000917,stop,0,BULL_TREND
AU_IDX,synthetic,2015-01-17 21:30:00,2015-01-17 22:15:00,SHORT,1,599.62,596.077,29.981,29.80385,40.0,3543.0000000000064,3483.2151500000064,target_mean,3,BULL_TREND
AU_IDX,synthetic,2015-01-18 15:00:00,2015-01-18 16:00:00,SHORT,1,578.7800000000001,575.5719999999999,28.939000000000007,28.778599999999997,40.0,3208.0000000001974,3150.2824000001974,target_mean,4,BULL_TREND
AU_IDX,synthetic,2015-01-19 02:30:00,2015-01-19 02:30:00,LONG,1,568.04,568.0,28.402,28.400000000000002,40.0,-39.99999999996362,-96.80199999996363,stop,0,BULL_TREND
AU_IDX,synthetic,2015-01-19 07:45:00,2015-01-19 08:45:00,LONG,1,561.12,557.2371428571429,28.056,27.861857142857144,40.0,-3882.8571428571195,-3938.7749999999764,stop,4,BULL_TREND
AU_IDX,synthetic,2015-01-19 21:00:00,2015-01-19 22:45:00,LONG,1,553.54,548.9742857142858,27.677,27.448714285714292,40.0,-4565.7142857141935,-4620.839999999907,stop,7,BULL_TREND
AU_IDX,synthetic,2015-01-20 15:00:00,2015-01-20 15:00:00,LONG,1,542.5,543.7450000000001,27.125,27.187250000000006,40.0,1245.0000000001182,1190.6877500001183,target_mean,0,BULL_TREND
AU_IDX,synthetic,2015-01-20 23:15:00,2015-01-20 23:15:00,SHORT,1,543.86,543.9,27.193,27.195,40.0,-39.99999999996362,-94.38799999996363,stop,0,BULL_TREND
AU_IDX,synthetic,2015-01-21 00:45:00,2015-01-21 01:45:00,LONG,1,538.8,540.546,26.94,27.0273,40.0,1746.0000000000946,1692.0327000000946,target_mean,4,BULL_TREND
AU_IDX,synthetic,2015-01-21 05:45:00,2015-01-21 06:15:00,SHORT,1,550.82,550.76,27.541,27.538,40.0,60.00000000005912,4.92100000005912,stop,2,BULL_TREND
AU_IDX,synthetic,2015-01-21 07:45:00,2015-01-21 09:45:00,SHORT,1,551.46,554.94,27.573,27.747,40.0,-3480.000000000018,-3535.320000000018,stop,8,BULL_TREND
AU_IDX,synthetic,2015-01-21 14:30:00,2015-01-21 15:00:00,SHORT,1,557.7800000000001,559.9314285714286,27.889000000000006,27.99657142857143,40.0,-2151.4285714284824,-2207.314142857054,stop,2,BULL_TREND
AU_IDX,synthetic,2015-01-21 18:30:00,2015-01-21 19:00:00,SHORT,1,562.6800000000001,560.6719999999999,28.134000000000007,28.033599999999996,40.0,2008.0000000001519,1951.832400000152,target_mean,2,BULL_TREND
AU_IDX,synthetic,2015-01-21 21:30:00,2015-01-21 23:15:00,LONG,1,552.62,547.857142857143,27.631,27.39285714285715,40.0,-4762.857142857001,-4817.880999999858,stop,7,BULL_TREND
AU_IDX,synthetic,2015-01-22 01:00:00,2015-01-22 04:30:00,LONG,1,545.18,544.6920000000001,27.259,27.234600000000007,40.0,-487.999999999829,-542.493599999829,target_mean,14,BULL_TREND
AU_IDX,synthetic,2015-01-22 10:30:00,2015-01-22 11:15:00,LONG,1,540.38,544.426,27.019000000000002,27.221300000000003,40.0,4046.000000000049,3991.759700000049,target_mean,3,BULL_TREND
AU_IDX,synthetic,2015-01-22 17:45:00,2015-01-22 19:30:00,LONG,1,542.9,544.35,27.145,27.2175,40.0,1450.0000000000455,1395.6375000000455,target_mean,7,BULL_TREND
AU_IDX,synthetic,2015-01-23 12:15:00,2015-01-23 12:45:00,SHORT,1,554.5,554.38,27.725,27.719,40.0,120.00000000000455,64.55600000000456,stop,2,BULL_TREND
AU_IDX,synthetic,2015-01-24 12:30:00,2015-01-24 13:00:00,SHORT,1,560.5400000000001,563.5571428571428,28.027000000000008,28.177857142857142,40.0,-3017.142857142744,-3073.3477142856013,stop,2,BULL_TREND
AU_IDX,synthetic,2015-01-24 13:30:00,2015-01-24 14:30:00,SHORT,1,560.46,563.3457142857142,28.023,28.16728571428571,40.0,-2885.71428571413,-2941.9045714284157,stop,4,BULL_TREND
AU_IDX,synthetic,2015-01-24 15:00:00,2015-01-24 15:00:00,SHORT,1,561.96,559.671,28.098000000000003,27.98355,40.0,2288.9999999999873,2232.9184499999874,target_mean,0,BULL_TREND
AU_IDX,synthetic,2015-01-24 16:30:00,2015-01-24 17:15:00,SHORT,1,564.9200000000001,569.7171428571429,28.246000000000006,28.48585714285715,40.0,-4797.1428571428305,-4853.874714285687,stop,3,BULL_TREND
AU_IDX,synthetic,2015-01-24 23:30:00,2015-01-25 00:30:00,SHORT,1,575.7,571.4390000000001,28.785,28.571950000000008,40.0,4260.999999999967,4203.643049999968,target_mean,4,BULL_TREND
AU_IDX,synthetic,2015-01-25 08:15:00,2015-01-25 08:45:00,LONG,1,564.68,561.1142857142858,28.234,28.05571428571429,40.0,-3565.7142857141935,-3622.0039999999076,stop,2,BULL_TREND
AU_IDX,synthetic,2015-01-25 09:15:00,2015-01-25 10:45:00,LONG,1,563.4,559.6828571428572,28.17,27.98414285714286,40.0,-3717.1428571427896,-3773.2969999999327,stop,6,BULL_TREND
AU_IDX,synthetic,2015-01-25 16:15:00,2015-01-25 17:30:00,SHORT,1,562.82,566.6857142857142,28.141000000000002,28.334285714285713,40.0,-3865.714285714148,-3922.1895714284337,stop,5,BULL_TREND
AU_IDX,synthetic,2015-01-26 10:15:00,2015-01-26 12:30:00,SHORT,1,585.84,583.324,29.292,29.1662,40.0,2516.0000000000764,2457.5418000000764,target_mean,9,BULL_TREND
AU_IDX,synthetic,2015-01-26 23:00:00,2015-01-27 00:15:00,LONG,1,573.4,569.0142857142857,28.67,28.450714285714284,40.0,-4385.7142857142435,-4442.834999999958,stop,5,BULL_TREND
AU_IDX,synthetic,2015-01-27 03:30:00,2015-01-27 03:45:00,LONG,1,564.86,564.94,28.243000000000002,28.247,40.0,80.00000000004093,23.510000000040925,stop,1,BULL_TREND
AU_IDX,synthetic,2015-01-27 04:45:00,2015-01-27 04:45:00,LONG,1,570.42,570.38,28.521,28.519000000000002,40.0,-39.99999999996362,-97.03999999996363,target_mean,0,BULL_TREND
AU_IDX,synthetic,2015-01-27 11:45:00,2015-01-27 12:30:00,SHORT,1,581.8000000000001,579.542,29.090000000000007,28.9771,40.0,2258.000000000038,2199.932900000038,target_mean,3,BULL_TREND
AU_IDX,synthetic,2015-01-27 16:00:00,2015-01-27 17:30:00,SHORT,1,587.76,584.32,29.388,29.216,40.0,3439.999999999941,3381.395999999941,target_mean,6,BULL_TREND
AU_IDX,synthetic,2015-01-27 23:15:00,2015-01-28 00:30:00,SHORT,1,590.24,588.852,29.512,29.442600000000002,40.0,1388.0000000000337,1329.0454000000336,target_mean,5,BULL_TREND
AU_IDX,synthetic,2015-01-28 05:30:00,2015-01-28 05:45:00,SHORT,1,591.62,589.22,29.581000000000003,29.461000000000002,40.0,2399.9999999999773,2340.9579999999773,target_mean,1,BULL_TREND
AU_IDX,synthetic,2015-01-28 06:45:00,2015-01-28 09:45:00,LONG,1,583.88,585.2090000000001,29.194000000000003,29.260450000000006,40.0,1329.0000000000646,1270.5455500000646,target_mean,12,BULL_TREND
AU_IDX,synthetic,2015-01-29 06:00:00,2015-01-29 06:00:00,SHORT,1,599.74,603.5485714285713,29.987000000000002,30.17742857142857,40.0,-3808.5714285713266,-3868.7358571427553,stop,0,BULL_TREND
AU_IDX,synthetic,2015-01-29 14:00:00,2015-01-29 14:30:00,LONG,1,595.04,600.5600000000001,29.752000000000002,30.028000000000006,40.0,5520.0000000000955,5460.220000000095,target_mean,2,BULL_TREND
AU_IDX,synthetic,2015-01-29 17:30:00,2015-01-29 18:30:00,SHORT,1,603.8000000000001,607.0371428571428,30.19000000000001,30.351857142857142,40.0,-3237.1428571427714,-3297.6847142856286,stop,4,BULL_TREND
AU_IDX,synthetic,2015-01-29 22:00:00,2015-01-29 22:45:00,LONG,1,598.52,603.9170000000001,29.926000000000002,30.195850000000007,40.0,5397.000000000162,5336.878150000161,target_mean,3,BULL_TREND
AU_IDX,synthetic,2015-01-30 08:15:00,2015-01-30 08:15:00,SHORT,1,619.34,619.38,30.967000000000002,30.969,40.0,-39.99999999996362,-101.93599999996363,stop,0,BULL_TREND
AU_IDX,synthetic,2015-01-30 21:00:00,2015-01-30 22:00:00,SHORT,1,617.8000000000001,623.1857142857143,30.890000000000008,31.15928571428572,40.0,-5385.7142857142435,-5447.76357142853,stop,4,BULL_TREND
AU_IDX,synthetic,2015-01-30 23:30:00,2015-01-31 00:45:00,SHORT,1,625.4,621.969,31.270000000000003,31.098450000000003,40.0,3430.9999999999263,3368.6315499999264,target_mean,5,BULL_TREND
AU_IDX,synthetic,2015-01-31 22:30:00,2015-01-31 22:30:00,SHORT,1,614.0400000000001,613.449,30.70200000000001,30.67245,40.0,591.0000000001219,529.6255500001218,target_mean,0,BULL_TREND
AU_IDX,synthetic,2015-02-01 00:45:00,2015-02-01 01:00:00,SHORT,1,622.9200000000001,623.26,31.146000000000008,31.163,40.0,-339.99999999991815,-402.30899999991817,stop,1,BULL_TREND
AU_IDX,synthetic,2015-02-01 11:30:00,2015-02-01 11:45:00,SHORT,1,630.6,630.3455714285715,31.53,31.517278571428577,40.0,254.4285714285479,191.38129285711932,stop,1,BULL_TREND
AU_IDX,synthetic,2015-02-01 12:30:00,2015-02-01 14:15:00,SHORT,1,633.34,637.0314285714286,31.667,31.851571428571432,40.0,-3691.4285714285597,-3754.947142857131,stop,7,BULL_TREND
AU_IDX,synthetic,2015-02-01 14:30:00,2015-02-01 14:30:00,SHORT,1,634.26,638.1999999999999,31.713,31.909999999999997,40.0,-3939.999999999941,-4003.622999999941,stop,0,BULL_TREND
AU_IDX,synthetic,2015-02-02 05:15:00,2015-02-02 07:30:00,LONG,1,617.88,621.138,30.894000000000002,31.056900000000002,40.0,3258.000000000038,3196.0491000000384,target_mean,9,BULL_TREND
AU_IDX,synthetic,2015-02-02 14:45:00,2015-02-02 14:45:00,SHORT,1,629.9200000000001,629.96,31.496000000000006,31.498,40.0,-39.99999999996362,-102.99399999996363,stop,0,BULL_TREND
AU_IDX,synthetic,2015-02-02 20:15:00,2015-02-02 20:15:00,SHORT,1,626.72,626.76,31.336000000000002,31.338,40.0,-39.99999999996362,-102.67399999996363,target_mean,0,BULL_TREND
AU_IDX,synthetic,2015-02-02 21:15:00,2015-02-02 22:00:00,LONG,1,626.4399999999999,629.0269999999999,31.321999999999996,31.451349999999994,40.0,2586.999999999989,2524.226649999989,target_mean,3,BULL_TREND
AU_IDX,synthetic,2015-02-03 02:15:00,2015-02-03 03:00:00,SHORT,1,634.8000000000001,631.4570000000001,31.74000000000001,31.572850000000006,40.0,3342.999999999961,3279.687149999961,target_mean,3,BULL_TREND
AU_IDX,synthetic,2015-02-03 06:00:00,2015-02-03 06:30:00,LONG,1,630.84,633.9730000000001,31.542,31.698650000000008,40.0,3133.000000000038,3069.7593500000385,target_mean,2,BULL_TREND
AU_IDX,synthetic,2015-02-03 07:45:00,2015-02-03 10:00:00,LONG,1,628.74,630.225,31.437,31.51125,40.0,1485.0000000000136,1422.0517500000137,target_mean,9,BULL_TREND
AU_IDX,synthetic,2015-02-03 11:15:00,2015-02-03 11:45:00,LONG,1,624.12,623.9,31.206000000000003,31.195,40.0,-220.00000000002728,-282.4010000000273,stop,2,BULL_TREND
AU_IDX,synthetic,2015-02-03 13:15:00,2015-02-03 15:15:00,LONG,1,617.38,621.955,30.869,31.09775,40.0,4575.0000000000455,4513.033250000046,target_mean,8,BULL_TREND
AU_IDX,synthetic,2015-02-03 20:45:00,2015-02-03 21:45:00,SHORT,1,636.52,641.16,31.826,32.058,40.0,-4639.999999999986,-4703.883999999986,stop,4,BULL_TREND
AU_IDX,synthetic,2015-02-03 22:15:00,2015-02-03 22:15:00,SHORT,1,633.1800000000001,633.22,31.659000000000006,31.661,40.0,-39.99999999996362,-103.31999999996363,target_mean,0,BULL_TREND
AU_IDX,synthetic,2015-02-04 01:45:00,2015-02-04 02:00:00,LONG,1,629.16,628.5400000000001,31.458000000000002,31.427000000000007,40.0,-619.9999999998909,-682.8849999998909,stop,1,BULL_TREND
AU_IDX,synthetic,2015-02-04 07:30:00,2015-02-04 08:30:00,SHORT,1,640.5400000000001,640.2145714285715,32.02700000000001,32.01072857142857,40.0,325.4285714285743,261.39084285714574,stop,4,BULL_TREND
AU_IDX,synthetic,2015-02-04 10:00:00,2015-02-04 11:15:00,SHORT,1,642.7,641.321,32.135,32.066050000000004,40.0,1379.000000000019,1314.7989500000192,target_mean,5,BULL_TREND
AU_IDX,synthetic,2015-02-04 17:30:00,2015-02-04 18:30:00,LONG,1,629.74,626.44,31.487000000000002,31.322000000000003,40.0,-3299.9999999999545,-3362.8089999999547,stop,4,BULL_TREND
AU_IDX,synthetic,2015-02-05 06:30:00,2015-02-05 06:30:00,LONG,1,632.74,629.777142857143,31.637,31.48885714285715,40.0,-2962.8571428570467,-3025.982999999904,stop,0,BULL_TREND
AU_IDX,synthetic,2015-02-05 15:30:00,2015-02-05 16:00:00,SHORT,1,639.9,637.612,31.995,31.8806,40.0,2288.000000000011,2224.124400000011,target_mean,2,BULL_TREND
AU_IDX,synthetic,2015-02-05 20:45:00,2015-02-05 21:30:00,SHORT,1,641.44,638.983,32.072,31.949150000000003,40.0,2457.0000000001073,2392.9788500001073,target_mean,3,BULL_TREND
AU_IDX,synthetic,2015-02-05 21:45:00,2015-02-05 22:15:00,SHORT,1,640.72,635.38,32.036,31.769000000000002,40.0,5340.000000000032,5276.1950000000315,target_mean,2,BULL_TREND
AU_IDX,synthetic,2015-02-05 22:45:00,2015-02-05 23:45:00,LONG,1,632.8,628.1942857142858,31.64,31.40971428571429,40.0,-4605.714285714157,-4668.763999999872,stop,4,BULL_TREND
AU_IDX,synthetic,2015-02-06 07:45:00,2015-02-06 09:30:00,LONG,1,632.02,628.157142857143,31.601000000000003,31.40785714285715,40.0,-3862.857142857024,-3925.8659999998813,stop,7,BULL_TREND
AU_IDX,synthetic,2015-02-06 23:30:00,2015-02-07 01:00:00,LONG,1,629.36,632.617,31.468,31.630850000000002,40.0,3256.999999999948,3193.9011499999483,target_mean,6,BULL_TREND
AU_IDX,synthetic,2015-02-07 06:30:00,2015-02-07 06:45:00,SHORT,1,632.38,631.448,31.619,31.572400000000002,40.0,932.0000000000164,868.8086000000163,target_mean,1,BULL_TREND
AU_IDX,synthetic,2015-02-07 08:30:00,2015-02-07 09:00:00,LONG,1,629.7,625.5708571428572,31.485000000000003,31.278542857142867,40.0,-4129.142857142824,-4191.906399999967,stop,2,BULL_TREND
AU_IDX,synthetic,2015-02-07 10:15:00,2015-02-07 10:30:00,LONG,1,621.48,621.34,31.074,31.067,40.0,-139.99999999998636,-202.14099999998638,stop,1,BULL_TREND
AU_IDX,synthetic,2015-02-07 20:15:00,2015-02-07 20:15:00,LONG,1,627.4,630.688,31.37,31.5344,40.0,3288.000000000011,3225.095600000011,target_mean,0,BULL_TREND
AU_IDX,synthetic,2015-02-07 21:15:00,2015-02-07 22:30:00,LONG,1,624.2,620.4285714285714,31.21,31.021428571428576,40.0,-3771.4285714286007,-3833.6600000000294,stop,5,BULL_TREND
AU_IDX,synthetic,2015-02-07 22:45:00,2015-02-07 23:45:00,LONG,1,622.82,625.0730000000001,31.141000000000002,31.253650000000007,40.0,2253.0000000000427,2190.6053500000426,target_mean,4,BULL_TREND
AU_IDX,synthetic,2015-02-08 06:30:00,2015-02-08 06:30:00,SHORT,1,628.64,628.68,31.432000000000002,31.434,40.0,-39.99999999996362,-102.86599999996362,target_mean,0,BULL_TREND
AU_IDX,synthetic,2015-02-08 07:45:00,2015-02-08 10:30:00,LONG,1,620.62,616.2657142857144,31.031000000000002,30.81328571428572,40.0,-4354.285714285652,-4416.129999999937,stop,11,BULL_TREND
AU_IDX,synthetic,2015-02-08 14:45:00,2015-02-08 15:00:00,SHORT,1,620.96,619.221,31.048000000000002,30.96105,40.0,1739.0000000000327,1676.9909500000326,target_mean,1,BULL_TREND
AU_IDX,synthetic,2015-02-08 16:15:00,2015-02-08 16:30:00,LONG,1,615.36,609.6800000000001,30.768,30.48400000000001,40.0,-5679.99999999995,-5741.25199999995,stop,1,BULL_TREND
AU_IDX,synthetic,2015-02-08 17:15:00,2015-02-08 17:45:00,LONG,1,609.26,604.7285714285715,30.463,30.236428571428576,40.0,-4531.428571428478,-4592.127999999906,stop,2,BULL_TREND
AU_IDX,synthetic,2015-02-09 04:00:00,2015-02-09 04:00:00,LONG,1,604.32,605.326,30.216,30.2663,40.0,1005.9999999999718,945.5176999999718,target_mean,0,BULL_TREND
AU_IDX,synthetic,2015-02-09 05:30:00,2015-02-09 07:00:00,SHORT,1,608.5600000000001,606.826,30.428000000000008,30.3413,40.0,1734.0000000000373,1673.2307000000371,target_mean,6,BULL_TREND
AU_IDX,synthetic,2015-02-09 10:30:00,2015-02-09 11:00:00,LONG,1,604.92,600.4942857142858,30.246000000000002,30.024714285714293,40.0,-4425.714285714207,-4485.9849999999215,stop,2,BULL_TREND
AU_IDX,synthetic,2015-02-09 11:45:00,2015-02-09 13:45:00,LONG,1,598.56,602.097,29.928,30.104850000000003,40.0,3537.0000000000346,3476.9671500000345,target_mean,8,BULL_TREND
AU_IDX,synthetic,2015-02-10 00:00:00,2015-02-10 00:15:00,SHORT,1,616.4200000000001,619.9371428571428,30.82100000000001,30.996857142857145,40.0,-3517.142857142744,-3578.960714285601,stop,1,BULL_TREND
AU_IDX,synthetic,2015-02-10 04:45:00,2015-02-10 04:45:00,SHORT,1,627.12,627.16,31.356,31.358,40.0,-39.99999999996362,-102.71399999996362,stop,0,BULL_TREND
AU_IDX,synthetic,2015-02-10 06:15:00,2015-02-10 07:00:00,LONG,1,617.84,613.7371428571429,30.892000000000003,30.686857142857143,40.0,-4102.857142857147,-4164.436000000003,stop,3,BULL_TREND
AU_IDX,synthetic,2015-02-10 09:00:00,2015-02-10 09:30:00,LONG,1,610.06,604.9371428571429,30.503,30.24685714285715,40.0,-5122.857142857015,-5183.606999999872,stop,2,BULL_TREND
AU_IDX,synthetic,2015-02-10 11:30:00,2015-02-10 12:30:00,LONG,1,603.42,602.96,30.171000000000003,30.148,40.0,-459.9999999999227,-520.3189999999227,stop,4,BULL_TREND
AU_IDX,synthetic,2015-02-10 14:15:00,2015-02-10 14:30:00,LONG,1,601.12,603.2059999999999,30.056,30.160299999999996,40.0,2085.999999999899,2025.783699999899,target_mean,1,BULL_TREND
AU_IDX,synthetic,2015-02-10 17:30:00,2015-02-10 18:15:00,SHORT,1,609.96,611.26,30.498,30.563000000000002,40.0,-1299.9999999999545,-1361.0609999999547,stop,3,BULL_TREND
AU_IDX,synthetic,2015-02-10 19:00:00,2015-02-10 21:15:00,LONG,1,601.98,605.499,30.099,30.27495,40.0,3519.0000000000055,3458.6260500000053,target_mean,9,BULL_TREND
AU_IDX,synthetic,2015-02-11 03:15:00,2015-02-11 03:30:00,LONG,1,584.82,584.9904285714287,29.241,29.249521428571434,40.0,170.42857142860157,111.93805000003016,stop,1,BULL_TREND
AU_IDX,synthetic,2015-02-11 07:15:00,2015-02-11 07:30:00,SHORT,1,594.2800000000001,594.1127142857143,29.714000000000006,29.705635714285716,40.0,167.28571428575378,107.86607857146807,stop,1,BULL_TREND
AU_IDX,synthetic,2015-02-11 09:00:00,2015-02-11 09:15:00,SHORT,1,597.9200000000001,592.326,29.896000000000008,29.616300000000003,40.0,5594.000000000051,5534.4877000000515,target_mean,1,BULL_TREND
AU_IDX,synthetic,2015-02-11 18:45:00,2015-02-11 19:00:00,LONG,1,580.68,578.0485714285716,29.034000000000002,28.90242857142858,40.0,-2631.428571428387,-2689.3649999998156,stop,1,BULL_TREND
AU_IDX,synthetic,2015-02-11 20:15:00,2015-02-11 20:15:00,LONG,1,572.06,572.02,28.603,28.601000000000003,40.0,-39.99999999996362,-97.20399999996363,stop,0,BULL_TREND
AU_IDX,synthetic,2015-02-12 10:00:00,2015-02-12 11:00:00,SHORT,1,578.4200000000001,582.2457142857144,28.921000000000006,29.11228571428572,40.0,-3825.714285714298,-3883.747571428584,stop,4,BULL_TREND
AU_IDX,synthetic,2015-02-12 14:15:00,2015-02-12 15:15:00,SHORT,1,592.52,597.7942857142857,29.626,29.889714285714284,40.0,-5274.285714285725,-5333.801428571439,stop,4,BULL_TREND
AU_IDX,synthetic,2015-02-12 21:00:00,2015-02-12 22:15:00,LONG,1,586.78,587.0550000000001,29.339000000000002,29.352750000000007,40.0,275.00000000009095,216.30825000009094,target_mean,5,BULL_TREND
AU_IDX,synthetic,2015-02-13 01:00:00,2015-02-13 01:15:00,SHORT,1,588.46,591.84,29.423000000000002,29.592000000000002,40.0,-3379.9999999999955,-3439.0149999999953,stop,1,BULL_TREND
AU_IDX,synthetic,2015-02-13 13:30:00,2015-02-13 14:30:00,LONG,1,605.12,606.5809999999999,30.256,30.329049999999995,40.0,1460.999999999899,1400.414949999899,target_mean,4,BULL_TREND
AU_IDX,synthetic,2015-02-13 15:45:00,2015-02-13 16:00:00,SHORT,1,610.6800000000001,610.4852857142857,30.534000000000006,30.524264285714285,40.0,194.71428571432625,133.65602142861198,stop,1,BULL_TREND
AU_IDX,synthetic,2015-02-14 02:45:00,2015-02-14 03:30:00,LONG,1,629.14,634.8199999999999,31.457,31.740999999999996,40.0,5679.99999999995,5616.80199999995,target_mean,3,BULL_TREND
AU_IDX,synthetic,2015-02-14 08:00:00,2015-02-14 09:15:00,SHORT,1,650.22,644.462,32.511,32.2231,40.0,5758.000000000038,5693.265900000038,target_mean,5,BULL_TREND
AU_IDX,synthetic,2015-02-14 13:15:00,2015-02-14 15:15:00,LONG,1,640.54,643.2810000000001,32.027,32.16405000000001,40.0,2741.000000000099,2676.8089500000992,target_mean,8,BULL_TREND
AU_IDX,synthetic,2015-02-14 17:45:00,2015-02-14 20:15:00,LONG,1,630.86,635.3770000000001,31.543000000000003,31.768850000000008,40.0,4517.000000000053,4453.688150000053,target_mean,10,BULL_TREND
AU_IDX,synthetic,2015-02-15 00:15:00,2015-02-15 00:45:00,SHORT,1,636.76,641.9228571428571,31.838,32.09614285714285,40.0,-5162.857142857092,-5226.791285714235,stop,2,BULL_TREND
AU_IDX,synthetic,2015-02-15 01:15:00,2015-02-15 02:30:00,SHORT,1,642.14,638.862,32.107,31.9431,40.0,3278.00000000002,3213.94990000002,target_mean,5,BULL_TREND
AU_IDX,synthetic,2015-02-15 05:15:00,2015-02-15 07:00:00,SHORT,1,645.5400000000001,642.953,32.27700000000001,32.14765,40.0,2587.000000000103,2522.575350000103,target_mean,7,BULL_TREND
AU_IDX,synthetic,2015-02-15 16:45:00,2015-02-15 17:15:00,LONG,1,645.0,648.662,32.25,32.4331,40.0,3662.0000000000346,3597.3169000000344,target_mean,2,BULL_TREND
AU_IDX,synthetic,2015-02-15 23:00:00,2015-02-15 23:45:00,LONG,1,645.6,642.3714285714285,32.28,32.11857142857143,40.0,-3228.571428571513,-3292.970000000085,stop,3,BULL_TREND
AU_IDX,synthetic,2015-02-16 00:45:00,2015-02-16 01:15:00,LONG,1,640.26,640.24,32.013,32.012,40.0,-19.99999999998181,-84.02499999998182,stop,2,BULL_TREND
AU_IDX,synthetic,2015-02-16 08:30:00,2015-02-16 08:45:00,LONG,1,636.48,632.5771428571429,31.824,31.62885714285715,40.0,-3902.8571428571013,-3966.3099999999586,stop,1,BULL_TREND
AU_IDX,synthetic,2015-02-16 15:30:00,2015-02-16 16:45:00,LONG,1,618.9399999999999,623.1020000000001,30.946999999999996,31.155100000000008,40.0,4162.000000000148,4099.897900000148,target_mean,5,BULL_TREND
AU_IDX,synthetic,2015-02-16 22:00:00,2015-02-17 00:15:00,SHORT,1,641.02,647.8285714285713,32.051,32.39142857142857,40.0,-6808.571428571327,-6873.013857142755,stop,9,BULL_TREND
AU_IDX,synthetic,2015-02-17 01:15:00,2015-02-17 03:15:00,SHORT,1,647.2,646.631,32.36,32.33155,40.0,569.0000000000737,504.30845000007366,target_mean,8,BULL_TREND
AU_IDX,synthetic,2015-02-17 06:45:00,2015-02-17 07:30:00,LONG,1,642.86,646.5620000000001,32.143,32.328100000000006,40.0,3702.000000000112,3637.5289000001117,target_mean,3,BULL_TREND
AU_IDX,synthetic,2015-02-17 15:30:00,2015-02-17 16:00:00,SHORT,1,647.0400000000001,651.2102857142858,32.352000000000004,32.56051428571429,40.0,-4170.285714285683,-4235.198228571397,stop,2,BULL_TREND
AU_IDX,synthetic,2015-02-18 22:45:00,2015-02-19 00:45:00,LONG,1,641.24,637.2800000000001,32.062000000000005,31.864000000000008,40.0,-3959.9999999999227,-4023.9259999999226,stop,8,BULL_TREND
AU_IDX,synthetic,2015-02-19 01:15:00,2015-02-19 01:30:00,LONG,1,635.0,634.5,31.75,31.725,40.0,-500.0,-563.475,stop,1,BULL_TREND
AU_IDX,synthetic,2015-02-19 02:15:00,2015-02-19 02:15:00,LONG,1,643.28,643.24,32.164,32.162,40.0,-39.99999999996362,-104.32599999996361,target_mean,0,BULL_TREND
AU_IDX,synthetic,2015-02-19 10:30:00,2015-02-19 11:15:00,SHORT,1,654.0,657.5285714285714,32.7,32.87642857142857,40.0,-3528.571428571354,-3594.1478571427824,stop,3,BULL_TREND
AU_IDX,synthetic,2015-02-20 03:00:00,2015-02-20 04:15:00,LONG,1,643.62,645.8810000000001,32.181000000000004,32.294050000000006,40.0,2261.000000000081,2196.524950000081,target_mean,5,BULL_TREND
AU_IDX,synthetic,2015-02-20 07:00:00,2015-02-20 08:00:00,SHORT,1,652.6800000000001,648.659,32.63400000000001,32.43295,40.0,4021.000000000072,3955.933050000072,target_mean,4,BULL_TREND
AU_IDX,synthetic,2015-02-20 11:15:00,2015-02-20 13:00:00,LONG,1,640.1,636.6000000000001,32.005,31.83000000000001,40.0,-3499.9999999998863,-3563.8349999998863,stop,7,BULL_TREND
AU_IDX,synthetic,2015-02-20 13:30:00,2015-02-20 15:00:00,LONG,1,635.82,632.6742857142858,31.791,31.63371428571429,40.0,-3145.7142857142344,-3209.1389999999487,stop,6,BULL_TREND
AU_IDX,synthetic,2015-02-20 15:30:00,2015-02-20 16:30:00,LONG,1,633.42,636.2710000000001,31.671000000000003,31.813550000000006,40.0,2851.000000000113,2787.515450000113,target_mean,4,BULL_TREND
AU_IDX,synthetic,2015-02-20 21:30:00,2015-02-20 22:15:00,LONG,1,628.58,625.5540000000001,31.429000000000002,31.277700000000006,40.0,-3025.9999999999536,-3088.706699999954,stop,3,BULL_TREND
AU_IDX,synthetic,2015-02-20 23:00:00,2015-02-20 23:45:00,LONG,1,625.56,623.2314285714286,31.278000000000002,31.161571428571435,40.0,-2328.5714285713084,-2391.0109999998795,stop,3,BULL_TREND
AU_IDX,synthetic,2015-02-21 05:30:00,2015-02-21 06:15:00,SHORT,1,628.5400000000001,633.3711428571429,31.427000000000007,31.66855714285715,40.0,-4831.142857142822,-4894.238414285679,stop,3,BULL_TREND
AU_IDX,synthetic,2015-02-21 21:15:00,2015-02-21 21:30:00,SHORT,1,618.44,621.2771428571428,30.922,31.063857142857145,40.0,-2837.142857142794,-2899.1287142856513,stop,1,BULL_TREND
AU_IDX,synthetic,2015-02-21 23:30:00,2015-02-22 00:45:00,SHORT,1,623.7,620.646,31.185000000000002,31.032300000000003,40.0,3054.0000000000873,2991.7827000000875,target_mean,5,BULL_TREND
AU_IDX,synthetic,2015-02-22 19:30:00,2015-02-22 19:45:00,SHORT,1,599.26,594.87,29.963,29.7435,40.0,4389.999999999986,4330.293499999987,target_mean,1,WHIPSAW_RANGE
AU_IDX,synthetic,2015-02-23 02:45:00,2015-02-23 02:45:00,LONG,1,595.9,595.86,29.795,29.793000000000003,40.0,-39.99999999996362,-99.58799999996363,stop,0,WHIPSAW_RANGE
AU_IDX,synthetic,2015-02-23 12:45:00,2015-02-23 13:00:00,SHORT,1,605.58,605.2304285714285,30.279,30.261521428571427,40.0,349.5714285714939,289.0309071429225,stop,1,WHIPSAW_RANGE
AU_IDX,synthetic,2015-02-23 14:00:00,2015-02-23 15:00:00,SHORT,1,605.1800000000001,603.959,30.259000000000007,30.197950000000002,40.0,1221.0000000001173,1160.5430500001173,target_mean,4,WHIPSAW_RANGE
AU_IDX,synthetic,2015-02-23 20:30:00,2015-02-23 20:45:00,LONG,1,592.32,598.1020000000001,29.616,29.905100000000008,40.0,5782.000000000039,5722.478900000039,target_mean,1,WHIPSAW_RANGE
AU_IDX,synthetic,2015-02-24 03:45:00,2015-02-24 03:45:00,LONG,1,590.56,590.52,29.528000000000002,29.526,40.0,-39.99999999996362,-99.05399999996362,stop,0,WHIPSAW_RANGE
AU_IDX,synthetic,2015-02-24 14:30:00,2015-02-24 14:30:00,SHORT,1,615.1600000000001,612.514,30.758000000000006,30.625700000000002,40.0,2646.000000000072,2584.616300000072,target_mean,0,WHIPSAW_RANGE
AU_IDX,synthetic,2015-02-24 18:00:00,2015-02-24 19:15:00,LONG,1,608.18,610.839,30.409000000000002,30.54195,40.0,2659.0000000001055,2598.0490500001056,target_mean,5,WHIPSAW_RANGE
AU_IDX,synthetic,2015-02-25 08:00:00,2015-02-25 09:30:00,SHORT,1,612.8000000000001,609.991,30.640000000000008,30.499550000000003,40.0,2809.0000000000828,2747.860450000083,target_mean,6,WHIPSAW_RANGE
AU_IDX,synthetic,2015-02-25 13:45:00,2015-02-25 14:00:00,SHORT,1,611.6800000000001,608.725,30.584000000000007,30.43625,40.0,2955.000000000041,2893.979750000041,target_mean,1,WHIPSAW_RANGE
AU_IDX,synthetic,2015-02-25 21:30:00,2015-02-25 21:45:00,SHORT,1,614.5400000000001,614.2292857142858,30.727000000000007,30.711464285714293,40.0,310.7142857143117,249.27582142859737,stop,1,WHIPSAW_RANGE
AU_IDX,synthetic,2015-02-26 11:00:00,2015-02-26 11:15:00,LONG,1,603.8,608.005,30.19,30.40025,40.0,4205.000000000041,4144.409750000042,target_mean,1,WHIPSAW_RANGE
AU_IDX,synthetic,2015-02-26 12:00:00,2015-02-26 13:00:00,LONG,1,601.38,601.8792857142857,30.069000000000003,30.093964285714293,40.0,499.2857142857474,439.1227500000331,stop,4,WHIPSAW_RANGE
AU_IDX,synthetic,2015-02-26 17:00:00,2015-02-26 17:30:00,LONG,1,584.1,584.5938571428571,29.205000000000002,29.229692857142858,40.0,493.85714285710947,435.4224499999666,stop,2,WHIPSAW_RANGE
AU_IDX,synthetic,2015-02-27 01:30:00,2015-02-27 02:30:00,SHORT,1,608.2800000000001,599.882,30.41400000000001,29.994100000000003,40.0,8398.000000000138,8337.591900000138,target_mean,4,WHIPSAW_RANGE
AU_IDX,synthetic,2015-02-27 09:15:00,2015-02-27 09:15:00,SHORT,1,601.0600000000001,601.1,30.053000000000008,30.055,40.0,-39.99999999996362,-100.10799999996362,target_mean,0,WHIPSAW_RANGE
AU_IDX,synthetic,2015-02-27 10:30:00,2015-02-27 10:30:00,SHORT,1,606.1600000000001,604.194,30.308000000000007,30.2097,40.0,1966.0000000001219,1905.4823000001218,target_mean,0,WHIPSAW_RANGE
AU_IDX,synthetic,2015-02-27 17:00:00,2015-02-27 17:45:00,SHORT,1,622.62,616.24,31.131,30.812,40.0,6379.999999999995,6318.056999999995,target_mean,3,WHIPSAW_RANGE
AU_IDX,synthetic,2015-02-28 05:00:00,2015-02-28 07:45:00,LONG,1,604.82,606.908,30.241000000000003,30.3454,40.0,2087.9999999999654,2027.4135999999655,target_mean,11,WHIPSAW_RANGE
AU_IDX,synthetic,2015-02-28 12:45:00,2015-02-28 13:45:00,SHORT,1,625.02,619.013,31.251,30.950650000000003,40.0,6006.999999999948,5944.798349999948,target_mean,4,WHIPSAW_RANGE
AU_IDX,synthetic,2015-02-28 19:15:00,2015-02-28 19:15:00,LONG,1,607.4,607.36,30.37,30.368000000000002,40.0,-39.99999999996362,-100.73799999996362,stop,0,WHIPSAW_RANGE
AU_IDX,synthetic,2015-02-28 23:30:00,2015-03-01 00:30:00,SHORT,1,621.5400000000001,626.8800000000001,31.07700000000001,31.34400000000001,40.0,-5340.000000000032,-5402.421000000032,stop,4,WHIPSAW_RANGE
AU_IDX,synthetic,2015-03-01 01:15:00,2015-03-01 02:00:00,SHORT,1,625.5600000000001,630.5228571428571,31.278000000000006,31.526142857142858,40.0,-4962.857142857047,-5025.66128571419,stop,3,WHIPSAW_RANGE
AU_IDX,synthetic,2015-03-01 03:45:00,2015-03-01 05:00:00,SHORT,1,629.0,628.034,31.450000000000003,31.4017,40.0,966.0000000000082,903.1483000000081,target_mean,5,WHIPSAW_RANGE
AU_IDX,synthetic,2015-03-02 01:45:00,2015-03-02 01:45:00,SHORT,1,615.2800000000001,615.32,30.764000000000006,30.766000000000002,40.0,-39.99999999996362,-101.52999999996364,target_mean,0,WHIPSAW_RANGE
AU_IDX,synthetic,2015-03-02 09:15:00,2015-03-02 11:30:00,SHORT,1,622.48,620.804,31.124000000000002,31.040200000000002,40.0,1676.0000000000446,1613.8358000000446,target_mean,9,WHIPSAW_RANGE
AU_IDX,synthetic,2015-03-03 09:00:00,2015-03-03 10:15:00,SHORT,1,611.22,619.3628571428571,30.561,30.96814285714286,40.0,-8142.85714285711,-8204.386285714252,stop,5,WHIPSAW_RANGE
AU_IDX,synthetic,2015-03-03 10:30:00,2015-03-03 11:30:00,SHORT,1,616.1600000000001,612.8009999999999,30.808000000000007,30.640049999999995,40.0,3359.000000000151,3297.551950000151,target_mean,4,WHIPSAW_RANGE
AU_IDX,synthetic,2015-03-03 21:00:00,2015-03-03 21:15:00,SHORT,1,619.02,618.639,30.951,30.93195,40.0,380.9999999999718,319.11704999997175,stop,1,WHIPSAW_RANGE
AU_IDX,synthetic,2015-03-04 03:00:00,2015-03-04 03:30:00,LONG,1,610.54,614.994,30.527,30.7497,40.0,4454.000000000065,4392.723300000064,target_mean,2,WHIPSAW_RANGE
AU_IDX,synthetic,2015-03-04 05:30:00,2015-03-04 06:15:00,LONG,1,606.48,600.0571428571429,30.324,30.00285714285715,40.0,-6422.857142857083,-6483.18399999994,stop,3,WHIPSAW_RANGE
AU_IDX,synthetic,2015-03-04 06:45:00,2015-03-04 07:00:00,LONG,1,599.76,600.02,29.988000000000003,30.001,40.0,259.9999999999909,200.0109999999909,stop,1,WHIPSAW_RANGE
AU_IDX,synthetic,2015-03-04 08:15:00,2015-03-04 08:30:00,LONG,1,596.04,604.0530000000001,29.802000000000003,30.202650000000006,40.0,8013.000000000147,7952.9953500001475,target_mean,1,WHIPSAW_RANGE
AU_IDX,synthetic,2015-03-05 02:30:00,2015-03-05 02:30:00,LONG,1,572.24,572.2,28.612000000000002,28.610000000000003,40.0,-39.99999999996362,-97.22199999996361,stop,0,WHIPSAW_RANGE
AU_IDX,synthetic,2015-03-05 09:15:00,2015-03-05 12:00:00,SHORT,1,599.0600000000001,597.394,29.953000000000007,29.8697,40.0,1666.0000000000537,1606.1773000000537,target_mean,11,WHIPSAW_RANGE
AU_IDX,synthetic,2015-03-05 12:45:00,2015-03-05 14:15:00,SHORT,1,602.88,606.8685714285714,30.144000000000002,30.343428571428568,40.0,-3988.5714285713902,-4049.0588571428184,stop,6,WHIPSAW_RANGE
AU_IDX,synthetic,2015-03-05 17:00:00,2015-03-05 18:00:00,SHORT,1,612.82,618.6685714285716,30.641000000000002,30.933428571428582,40.0,-5848.571428571518,-5910.145857142946,stop,4,WHIPSAW_RANGE
AU_IDX,synthetic,2015-03-05 22:45:00,2015-03-05 22:45:00,LONG,1,599.8,599.76,29.990000000000002,29.988000000000003,40.0,-39.99999999996362,-99.97799999996363,stop,0,WHIPSAW_RANGE
AU_IDX,synthetic,2015-03-06 10:45:00,2015-03-06 11:15:00,LONG,1,599.04,593.6457142857143,29.952,29.68228571428572,40.0,-5394.2857142856155,-5453.919999999902,stop,2,WHIPSAW_RANGE
AU_IDX,synthetic,2015-03-06 12:45:00,2015-03-06 15:00:00,LONG,1,584.66,588.9240000000001,29.233,29.446200000000008,40.0,4264.000000000124,4205.320800000123,target_mean,9,WHIPSAW_RANGE
AU_IDX,synthetic,2015-03-07 02:15:00,2015-03-07 04:45:00,SHORT,1,610.48,616.6657142857143,30.524,30.83328571428572,40.0,-6185.714285714312,-6247.071571428598,stop,10,WHIPSAW_RANGE
AU_IDX,synthetic,2015-03-07 11:15:00,2015-03-07 12:00:00,SHORT,1,612.52,612.1551428571428,30.626,30.60775714285714,40.0,364.85714285720405,303.6233857143469,stop,3,WHIPSAW_RANGE
AU_IDX,synthetic,2015-03-07 19:30:00,2015-03-07 20:45:00,LONG,1,595.92,590.34,29.796000000000003,29.517000000000003,40.0,-5579.999999999927,-5639.312999999927,stop,5,WHIPSAW_RANGE
AU_IDX,synthetic,2015-03-07 21:30:00,2015-03-07 21:30:00,LONG,1,588.38,588.34,29.419,29.417,40.0,-39.99999999996362,-98.83599999996362,stop,0,WHIPSAW_RANGE
AU_IDX,synthetic,2015-03-08 04:15:00,2015-03-08 04:15:00,SHORT,1,609.4,617.4994285714286,30.470000000000002,30.874971428571428,40.0,-8099.428571428575,-8160.773542857147,stop,0,WHIPSAW_RANGE
AU_IDX,synthetic,2015-03-08 10:00:00,2015-03-08 10:00:00,LONG,1,602.76,605.211,30.138,30.260550000000002,40.0,2451.000000000022,2390.601450000022,target_mean,0,WHIPSAW_RANGE
AU_IDX,synthetic,2015-03-08 11:00:00,2015-03-08 12:30:00,SHORT,1,611.34,608.6899999999999,30.567,30.434499999999996,40.0,2650.000000000091,2588.998500000091,target_mean,6,WHIPSAW_RANGE
AU_IDX,synthetic,2015-03-08 14:00:00,2015-03-08 14:30:00,SHORT,1,623.88,614.515,31.194000000000003,30.72575,40.0,9365.00000000001,9303.08025000001,target_mean,2,WHIPSAW_RANGE
AU_IDX,synthetic,2015-03-08 21:45:00,2015-03-09 01:15:00,LONG,1,613.4,619.52,30.67,30.976000000000003,40.0,6120.000000000005,6058.354000000005,target_mean,14,WHIPSAW_RANGE
AU_IDX,synthetic,2015-03-09 11:00:00,2015-03-09 11:30:00,SHORT,1,623.2800000000001,622.8938571428572,31.16400000000001,31.14469285714286,40.0,386.142857142886,323.83416428574316,stop,2,WHIPSAW_RANGE
AU_IDX,synthetic,2015-03-09 16:45:00,2015-03-09 17:15:00,LONG,1,615.28,617.956,30.764000000000003,30.8978,40.0,2676.0000000000446,2614.3382000000443,target_mean,2,WHIPSAW_RANGE
AU_IDX,synthetic,2015-03-09 19:30:00,2015-03-09 20:45:00,LONG,1,606.48,600.5028571428571,30.324,30.02514285714286,40.0,-5977.142857142894,-6037.492000000037,stop,5,WHIPSAW_RANGE
AU_IDX,synthetic,2015-03-10 09:15:00,2015-03-10 11:15:00,LONG,1,605.02,607.022,30.251,30.351100000000002,40.0,2002.0000000000664,1941.3979000000663,target_mean,8,WHIPSAW_RANGE
AU_IDX,synthetic,2015-03-10 12:00:00,2015-03-10 14:15:00,LONG,1,592.84,583.8457142857144,29.642000000000003,29.192285714285724,40.0,-8994.285714285637,-9053.119999999923,stop,9,WHIPSAW_RANGE
AU_IDX,synthetic,2015-03-10 14:45:00,2015-03-10 15:30:00,LONG,1,584.24,583.5600000000001,29.212,29.178000000000008,40.0,-679.99999999995,-738.38999999995,stop,3,WHIPSAW_RANGE
AU_IDX,synthetic,2015-03-10 15:45:00,2015-03-10 16:15:00,LONG,1,589.02,589.5980000000001,29.451,29.479900000000008,40.0,578.0000000000882,519.0691000000882,target_mean,2,WHIPSAW_RANGE
AU_IDX,synthetic,2015-03-11 11:30:00,2015-03-11 12:30:00,SHORT,1,610.96,617.08,30.548000000000002,30.854000000000003,40.0,-6120.000000000005,-6181.402000000005,stop,4,WHIPSAW_RANGE
AU_IDX,synthetic,2015-03-11 13:00:00,2015-03-11 14:00:00,SHORT,1,609.02,616.8597142857143,30.451,30.842985714285717,40.0,-7839.714285714308,-7901.008271428594,stop,4,WHIPSAW_RANGE
AU_IDX,synthetic,2015-03-11 18:45:00,2015-03-11 19:30:00,SHORT,1,617.86,612.912,30.893,30.6456,40.0,4947.999999999979,4886.461399999979,target_mean,3,WHIPSAW_RANGE
AU_IDX,synthetic,2015-03-11 20:45:00,2015-03-11 21:15:00,SHORT,1,615.5,614.072,30.775000000000002,30.7036,40.0,1427.9999999999973,1366.5213999999971,target_mean,2,WHIPSAW_RANGE
AU_IDX,synthetic,2015-03-12 01:30:00,2015-03-12 04:00:00,LONG,1,594.92,598.52,29.746000000000002,29.926000000000002,40.0,3600.0000000000227,3540.3280000000227,target_mean,10,WHIPSAW_RANGE
AU_IDX,synthetic,2015-03-12 14:45:00,2015-03-12 14:45:00,SHORT,1,607.3000000000001,604.8109999999999,30.365000000000006,30.240549999999995,40.0,2489.0000000001464,2428.3944500001467,target_mean,0,WHIPSAW_RANGE
AU_IDX,synthetic,2015-03-12 15:45:00,2015-03-12 17:00:00,SHORT,1,608.7,607.212,30.435000000000002,30.3606,40.0,1488.0000000000564,1427.2044000000565,target_mean,5,WHIPSAW_RANGE
AU_IDX,synthetic,2015-03-12 20:00:00,2015-03-12 20:15:00,LONG,1,602.82,602.52,30.141000000000002,30.126,40.0,-300.0000000000682,-360.2670000000682,stop,1,WHIPSAW_RANGE
AU_IDX,synthetic,2015-03-12 21:15:00,2015-03-12 21:15:00,LONG,1,604.16,606.353,30.208000000000002,30.31765,40.0,2192.9999999999836,2132.4743499999836,target_mean,0,WHIPSAW_RANGE
AU_IDX,synthetic,2015-03-12 22:15:00,2015-03-12 22:45:00,LONG,1,599.7,604.413,29.985000000000003,30.220650000000003,40.0,4712.999999999965,4652.794349999966,target_mean,2,WHIPSAW_RANGE
AU_IDX,synthetic,2015-03-12 23:30:00,2015-03-12 23:30:00,LONG,1,604.4,604.36,30.220000000000002,30.218,40.0,-39.99999999996362,-100.43799999996362,target_mean,0,WHIPSAW_RANGE
AU_IDX,synthetic,2015-03-13 03:15:00,2015-03-13 03:30:00,LONG,1,595.58,592.76,29.779,29.638,40.0,-2820.00000000005,-2879.41700000005,stop,1,WHIPSAW_RANGE
AU_IDX,synthetic,2015-03-13 15:00:00,2015-03-13 15:00:00,SHORT,1,599.0,598.4449999999999,29.950000000000003,29.922249999999995,40.0,555.0000000000637,495.1277500000636,target_mean,0,WHIPSAW_RANGE
AU_IDX,synthetic,2015-03-13 16:45:00,2015-03-13 17:30:00,LONG,1,592.14,596.629,29.607000000000003,29.83145,40.0,4489.000000000033,4429.561550000033,target_mean,3,WHIPSAW_RANGE
AU_IDX,synthetic,2015-03-14 04:00:00,2015-03-14 04:00:00,LONG,1,608.98,608.94,30.449,30.447000000000003,40.0,-39.99999999996362,-100.89599999996362,target_mean,0,WHIPSAW_RANGE
AU_IDX,synthetic,2015-03-14 06:00:00,2015-03-14 08:15:00,LONG,1,585.22,589.5,29.261000000000003,29.475,40.0,4279.999999999973,4221.263999999972,target_mean,9,WHIPSAW_RANGE
AU_IDX,synthetic,2015-03-14 11:30:00,2015-03-14 11:45:00,SHORT,1,587.9200000000001,596.0605714285715,29.396000000000008,29.803028571428577,40.0,-8140.571428571434,-8199.770457142862,stop,1,WHIPSAW_RANGE
AU_IDX,synthetic,2015-03-14 12:45:00,2015-03-14 13:45:00,SHORT,1,597.5,604.9428571428572,29.875,30.247142857142858,40.0,-7442.857142857179,-7502.979285714321,stop,4,WHIPSAW_RANGE
AU_IDX,synthetic,2015-03-14 18:15:00,2015-03-14 18:15:00,SHORT,1,616.98,617.02,30.849,30.851000000000003,40.0,-39.99999999996362,-101.69999999996362,stop,0,WHIPSAW_RANGE
AU_IDX,synthetic,2015-03-14 22:15:00,2015-03-14 22:15:00,SHORT,1,622.4200000000001,622.46,31.121000000000006,31.123,40.0,-39.99999999996362,-102.24399999996363,stop,0,WHIPSAW_RANGE
AU_IDX,synthetic,2015-03-15 11:30:00,2015-03-15 13:00:00,LONG,1,603.04,596.7285714285715,30.152,29.836428571428577,40.0,-6311.428571428451,-6371.416999999879,stop,6,WHIPSAW_RANGE
AU_IDX,synthetic,2015-03-15 19:15:00,2015-03-15 19:15:00,LONG,1,587.42,587.38,29.371000000000002,29.369,40.0,-39.99999999996362,-98.73999999996363,stop,0,WHIPSAW_RANGE
AU_IDX,synthetic,2015-03-16 01:00:00,2015-03-16 01:00:00,SHORT,1,603.0,603.04,30.150000000000002,30.152,40.0,-39.99999999996362,-100.30199999996363,stop,0,WHIPSAW_RANGE
AU_IDX,synthetic,2015-03-16 02:15:00,2015-03-16 03:30:00,SHORT,1,604.36,600.934,30.218,30.0467,40.0,3426.0000000000446,3365.735300000045,target_mean,5,WHIPSAW_RANGE
AU_IDX,synthetic,2015-03-16 08:45:00,2015-03-16 09:45:00,LONG,1,595.78,596.2454285714285,29.789,29.812271428571428,40.0,465.42857142856064,405.82729999998924,stop,4,WHIPSAW_RANGE
AU_IDX,synthetic,2015-03-16 17:30:00,2015-03-16 18:15:00,LONG,1,582.6,573.4051428571429,29.130000000000003,28.670257142857142,40.0,-9194.85714285713,-9252.657399999987,stop,3,WHIPSAW_RANGE
AU_IDX,synthetic,2015-03-16 19:00:00,2015-03-16 20:15:00,LONG,1,577.66,582.517,28.883000000000003,29.12585,40.0,4857.000000000085,4798.991150000084,target_mean,5,WHIPSAW_RANGE
AU_IDX,synthetic,2015-03-16 23:30:00,2015-03-16 23:30:00,LONG,1,580.26,581.05,29.013,29.052500000000002,40.0,789.9999999999636,731.9344999999636,target_mean,0,WHIPSAW_RANGE
AU_IDX,synthetic,2015-03-17 11:00:00,2015-03-17 13:30:00,SHORT,1,603.32,601.487,30.166,30.074350000000003,40.0,1833.0000000000837,1772.7596500000836,target_mean,10,WHIPSAW_RANGE
AU_IDX,synthetic,2015-03-17 14:30:00,2015-03-17 16:15:00,SHORT,1,611.24,609.8389999999999,30.562,30.491950000000003,40.0,1401.0000000000673,1339.9460500000673,target_mean,7,WHIPSAW_RANGE
AU_IDX,synthetic,2015-03-17 20:00:00,2015-03-17 20:00:00,LONG,1,596.82,596.7800000000001,29.841,29.839000000000006,40.0,-39.99999999996362,-99.67999999996363,stop,0,WHIPSAW_RANGE
AU_IDX,synthetic,2015-03-18 16:15:00,2015-03-18 18:00:00,LONG,1,601.4,604.719,30.07,30.235950000000003,40.0,3319.0000000000737,3258.6940500000737,target_mean,7,WHIPSAW_RANGE
AU_IDX,synthetic,2015-03-18 20:00:00,2015-03-18 20:45:00,LONG,1,595.28,600.004,29.764000000000003,30.000200000000003,40.0,4724.000000000046,4664.235800000046,target_mean,3,WHIPSAW_RANGE
AU_IDX,synthetic,2015-03-19 13:15:00,2015-03-19 13:45:00,SHORT,1,609.7,607.848,30.485000000000003,30.392400000000002,40.0,1852.0000000000891,1791.1226000000893,target_mean,2,WHIPSAW_RANGE
AU_IDX,synthetic,2015-03-19 20:00:00,2015-03-19 20:30:00,LONG,1,603.78,604.1155714285715,30.189,30.205778571428574,40.0,335.5714285714839,275.1766500000553,stop,2,WHIPSAW_RANGE
AU_IDX,synthetic,2015-03-20 01:45:00,2015-03-20 02:00:00,SHORT,1,614.7800000000001,614.64,30.739000000000008,30.732000000000003,40.0,140.00000000010004,78.52900000010004,stop,1,WHIPSAW_RANGE
AU_IDX,synthetic,2015-03-20 08:15:00,2015-03-20 09:00:00,SHORT,1,615.6,613.566,30.78,30.6783,40.0,2033.9999999999918,1972.5416999999918,target_mean,3,WHIPSAW_RANGE
AU_IDX,synthetic,2015-03-20 10:30:00,2015-03-20 11:30:00,LONG,1,604.4399999999999,598.5142857142858,30.221999999999994,29.925714285714292,40.0,-5925.714285714093,-5985.861999999807,stop,4,WHIPSAW_RANGE
AU_IDX,synthetic,2015-03-21 06:15:00,2015-03-21 06:45:00,SHORT,1,606.6,606.2628571428571,30.330000000000002,30.31314285714286,40.0,337.1428571429078,276.499714285765,stop,2,WHIPSAW_RANGE
AU_IDX,synthetic,2015-03-21 11:30:00,2015-03-21 13:00:00,SHORT,1,622.6,613.5640000000001,31.130000000000003,30.678200000000007,40.0,9035.999999999945,8974.191799999946,target_mean,6,WHIPSAW_RANGE
AU_IDX,synthetic,2015-03-22 05:30:00,2015-03-22 06:45:00,SHORT,1,622.76,617.4730000000001,31.138,30.87365000000001,40.0,5286.999999999921,5224.9883499999205,target_mean,5,WHIPSAW_RANGE
AU_IDX,synthetic,2015-03-22 13:00:00,2015-03-22 14:00:00,SHORT,1,629.5400000000001,618.872,31.477000000000007,30.9436,40.0,10668.00000000012,10605.579400000119,target_mean,4,WHIPSAW_RANGE
AU_IDX,synthetic,2015-03-22 21:15:00,2015-03-22 21:15:00,SHORT,1,618.94,618.007,30.947000000000003,30.900350000000003,40.0,933.0000000001064,871.1526500001064,target_mean,0,WHIPSAW_RANGE
AU_IDX,synthetic,2015-03-23 01:15:00,2015-03-23 01:30:00,LONG,1,616.4399999999999,618.346,30.821999999999996,30.9173,40.0,1906.0000000000628,1844.2607000000628,target_mean,1,WHIPSAW_RANGE
AU_IDX,synthetic,2015-03-23 03:00:00,2015-03-23 03:00:00,LONG,1,609.6,603.555142857143,30.48,30.17775714285715,40.0,-6044.85714285704,-6105.514899999897,stop,0,WHIPSAW_RANGE
AU_IDX,synthetic,2015-03-23 05:00:00,2015-03-23 05:45:00,LONG,1,603.18,603.4965714285714,30.159000000000002,30.174828571428577,40.0,316.57142857147846,256.2376000000499,stop,3,WHIPSAW_RANGE
AU_IDX,synthetic,2015-03-23 10:15:00,2015-03-23 10:15:00,LONG,1,601.38,603.95,30.069000000000003,30.1975,40.0,2570.00000000005,2509.73350000005,target_mean,0,WHIPSAW_RANGE
AU_IDX,synthetic,2015-03-23 12:00:00,2015-03-23 12:00:00,SHORT,1,607.2800000000001,604.876,30.364000000000008,30.2438,40.0,2404.00000000011,2343.39220000011,target_mean,0,WHIPSAW_RANGE
AU_IDX,synthetic,2015-03-23 19:30:00,2015-03-23 19:45:00,LONG,1,606.54,610.914,30.327,30.5457,40.0,4374.000000000024,4313.127300000024,target_mean,1,WHIPSAW_RANGE
AU_IDX,synthetic,2015-03-24 15:45:00,2015-03-24 15:45:00,SHORT,1,606.6800000000001,606.72,30.334000000000007,30.336000000000002,40.0,-39.99999999996362,-100.66999999996362,target_mean,0,WHIPSAW_RANGE
AU_IDX,synthetic,2015-03-24 17:30:00,2015-03-24 19:45:00,SHORT,1,610.6,620.5791428571429,30.53,31.028957142857145,40.0,-9979.142857142848,-10040.701814285705,stop,9,WHIPSAW_RANGE
AU_IDX,synthetic,2015-03-24 23:30:00,2015-03-25 00:00:00,SHORT,1,620.14,619.7204285714286,31.007,30.986021428571426,40.0,419.57142857143026,357.57840714285885,stop,2,WHIPSAW_RANGE
AU_IDX,synthetic,2015-03-25 00:30:00,2015-03-25 00:45:00,SHORT,1,619.58,615.8480000000001,30.979000000000003,30.792400000000008,40.0,3731.999999999971,3670.2285999999713,target_mean,1,WHIPSAW_RANGE
AU_IDX,synthetic,2015-03-25 05:30:00,2015-03-25 06:15:00,LONG,1,614.48,616.95,30.724,30.8475,40.0,2470.0000000000273,2408.4285000000273,target_mean,3,WHIPSAW_RANGE
AU_IDX,synthetic,2015-03-25 08:30:00,2015-03-25 09:30:00,LONG,1,607.82,597.4200000000001,30.391000000000002,29.871000000000006,40.0,-10399.999999999978,-10460.261999999977,stop,4,WHIPSAW_RANGE
AU_IDX,synthetic,2015-03-25 10:00:00,2015-03-25 10:45:00,LONG,1,599.74,600.1004285714286,29.987000000000002,30.00502142857143,40.0,360.42857142854245,300.436549999971,stop,3,WHIPSAW_RANGE
AU_IDX,synthetic,2015-03-25 16:45:00,2015-03-25 18:00:00,SHORT,1,606.86,607.08,30.343,30.354000000000003,40.0,-220.00000000002728,-280.6970000000273,stop,5,WHIPSAW_RANGE
AU_IDX,synthetic,2015-03-25 19:30:00,2015-03-25 20:00:00,SHORT,1,616.2,607.7529999999999,30.810000000000002,30.387649999999997,40.0,8447.000000000116,8385.802350000116,target_mean,2,WHIPSAW_RANGE
AU_IDX,synthetic,2015-03-26 11:30:00,2015-03-26 11:45:00,SHORT,1,625.34,632.4211428571429,31.267000000000003,31.621057142857143,40.0,-7081.142857142822,-7144.0309142856795,stop,1,WHIPSAW_RANGE
AU_IDX,synthetic,2015-03-26 12:30:00,2015-03-26 13:15:00,SHORT,1,627.64,633.3,31.382,31.665000000000003,40.0,-5659.999999999968,-5723.046999999968,stop,3,WHIPSAW_RANGE
AU_IDX,synthetic,2015-03-26 14:00:00,2015-03-26 14:45:00,SHORT,1,654.4,653.8468571428571,32.72,32.692342857142854,40.0,553.142857142916,487.7305142857731,stop,3,WHIPSAW_RANGE
AU_IDX,synthetic,2015-03-26 16:00:00,2015-03-26 17:00:00,SHORT,1,655.5600000000001,654.9188571428572,32.778000000000006,32.74594285714286,40.0,641.1428571428814,575.6189142857386,stop,4,WHIPSAW_RANGE
AU_IDX,synthetic,2015-03-26 23:30:00,2015-03-26 23:45:00,LONG,1,627.88,622.7285714285715,31.394000000000002,31.136428571428574,40.0,-5151.428571428482,-5213.958999999912,stop,1,WHIPSAW_RANGE
AU_IDX,synthetic,2015-03-27 12:00:00,2015-03-27 12:00:00,LONG,1,621.48,621.44,31.074,31.072000000000003,40.0,-39.99999999996362,-102.14599999996362,stop,0,WHIPSAW_RANGE
AU_IDX,synthetic,2015-03-27 22:00:00,2015-03-28 00:30:00,LONG,1,609.48,612.2650000000001,30.474,30.613250000000008,40.0,2785.000000000082,2723.912750000082,target_mean,10,WHIPSAW_RANGE
AU_IDX,synthetic,2015-03-28 09:30:00,2015-03-28 09:45:00,LONG,1,601.78,605.24,30.089000000000002,30.262,40.0,3460.0000000000364,3399.6490000000363,target_mean,1,WHIPSAW_RANGE
AU_IDX,synthetic,2015-03-28 11:45:00,2015-03-28 11:45:00,SHORT,1,605.52,605.3019999999999,30.276,30.265099999999997,40.0,218.00000000007458,157.45890000007458,target_mean,0,WHIPSAW_RANGE
AU_IDX,synthetic,2015-03-28 14:30:00,2015-03-28 14:30:00,SHORT,1,610.0,615.1114285714285,30.5,30.75557142857143,40.0,-5111.428571428519,-5172.684142857091,stop,0,WHIPSAW_RANGE
AU_IDX,synthetic,2015-03-30 11:00:00,2015-03-30 11:00:00,SHORT,1,628.3000000000001,626.775,31.415000000000006,31.33875,40.0,1525.000000000091,1462.246250000091,target_mean,0,WHIPSAW_RANGE
AU_IDX,synthetic,2015-03-30 13:30:00,2015-03-30 14:15:00,LONG,1,626.12,627.249,31.306,31.362450000000003,40.0,1129.000000000019,1066.331550000019,target_mean,3,WHIPSAW_RANGE
AU_IDX,synthetic,2015-03-30 16:30:00,2015-03-30 17:30:00,LONG,1,615.4,609.6314285714287,30.770000000000003,30.48157142857144,40.0,-5768.571428571249,-5829.822999999821,stop,4,WHIPSAW_RANGE
AU_IDX,synthetic,2015-03-30 18:00:00,2015-03-30 18:30:00,LONG,1,606.48,598.2982857142857,30.324,29.914914285714286,40.0,-8181.714285714293,-8241.953200000007,stop,2,WHIPSAW_RANGE
AU_IDX,synthetic,2015-03-31 04:15:00,2015-03-31 04:30:00,SHORT,1,598.5600000000001,596.278,29.928000000000008,29.8139,40.0,2282.000000000039,2222.258100000039,target_mean,1,WHIPSAW_RANGE
AU_IDX,synthetic,2015-03-31 06:00:00,2015-03-31 07:15:00,SHORT,1,602.2,599.5219999999999,30.110000000000003,29.976099999999995,40.0,2678.000000000111,2617.913900000111,target_mean,5,WHIPSAW_RANGE
AU_IDX,synthetic,2015-03-31 16:30:00,2015-03-31 16:30:00,SHORT,1,602.5400000000001,608.4048571428572,30.127000000000006,30.42024285714286,40.0,-5864.85714285709,-5925.404385714233,stop,0,WHIPSAW_RANGE
AU_IDX,synthetic,2015-03-31 19:00:00,2015-03-31 19:00:00,SHORT,1,609.32,609.36,30.466,30.468,40.0,-39.99999999996362,-100.93399999996363,stop,0,WHIPSAW_RANGE
AU_IDX,synthetic,2015-04-01 14:00:00,2015-04-01 14:00:00,LONG,1,595.12,595.08,29.756,29.754,40.0,-39.99999999996362,-99.50999999996363,stop,0,WHIPSAW_RANGE
AU_IDX,synthetic,2015-04-01 18:45:00,2015-04-01 19:30:00,LONG,1,591.38,595.0649999999999,29.569000000000003,29.753249999999994,40.0,3684.9999999999454,3625.6777499999453,target_mean,3,WHIPSAW_RANGE
AU_IDX,synthetic,2015-04-01 21:45:00,2015-04-01 22:15:00,SHORT,1,606.98,612.1857142857143,30.349,30.60928571428572,40.0,-5205.7142857142935,-5266.672571428579,stop,2,WHIPSAW_RANGE
AU_IDX,synthetic,2015-04-01 22:45:00,2015-04-02 00:00:00,SHORT,1,602.38,608.9142857142857,30.119,30.445714285714285,40.0,-6534.285714285716,-6594.85042857143,stop,5,WHIPSAW_RANGE
AU_IDX,synthetic,2015-04-02 00:30:00,2015-04-02 00:45:00,SHORT,1,608.52,603.9789999999999,30.426000000000002,30.198949999999996,40.0,4541.000000000054,4480.375050000053,target_mean,1,WHIPSAW_RANGE
AU_IDX,synthetic,2015-04-02 02:15:00,2015-04-02 03:45:00,LONG,1,594.82,602.782,29.741,30.139100000000003,40.0,7961.999999999989,7902.119899999989,target_mean,6,WHIPSAW_RANGE
AU_IDX,synthetic,2015-04-02 08:00:00,2015-04-02 08:45:00,LONG,1,602.08,606.229,30.104000000000003,30.31145,40.0,4149.000000000001,4088.5845500000005,target_mean,3,WHIPSAW_RANGE
AU_IDX,synthetic,2015-04-02 09:15:00,2015-04-02 10:00:00,SHORT,1,614.74,614.2584285714286,30.737000000000002,30.712921428571427,40.0,481.5714285714421,420.12150714287066,stop,3,WHIPSAW_RANGE
AU_IDX,synthetic,2015-04-02 23:45:00,2015-04-03 00:45:00,SHORT,1,609.46,608.6600000000001,30.473000000000003,30.433000000000007,40.0,799.9999999999545,739.0939999999546,target_mean,4,WHIPSAW_RANGE
AU_IDX,synthetic,2015-04-03 13:45:00,2015-04-03 13:45:00,LONG,1,614.3,620.192,30.715,31.009600000000002,40.0,5892.000000000053,5830.275400000052,target_mean,0,WHIPSAW_RANGE
AU_IDX,synthetic,2015-04-03 23:30:00,2015-04-04 00:00:00,SHORT,1,616.62,616.3125714285715,30.831000000000003,30.815628571428576,40.0,307.4285714285452,245.78194285711658,stop,2,WHIPSAW_RANGE
AU_IDX,synthetic,2015-04-04 00:30:00,2015-04-04 01:00:00,SHORT,1,619.38,613.9939999999999,30.969,30.699699999999996,40.0,5386.000000000081,5324.331300000081,target_mean,2,WHIPSAW_RANGE
AU_IDX,synthetic,2015-04-04 10:30:00,2015-04-04 11:00:00,LONG,1,606.4,600.4514285714286,30.32,30.02257142857143,40.0,-5948.571428571427,-6008.913999999998,stop,2,WHIPSAW_RANGE
AU_IDX,synthetic,2015-04-04 11:30:00,2015-04-04 13:00:00,LONG,1,596.36,604.754,29.818,30.2377,40.0,8394.000000000005,8333.944300000006,target_mean,6,WHIPSAW_RANGE
AU_IDX,synthetic,2015-04-04 17:30:00,2015-04-04 17:30:00,SHORT,1,605.58,601.6360000000001,30.279,30.08180000000001,40.0,3943.99999999996,3883.63919999996,target_mean,0,WHIPSAW_RANGE
AU_IDX,synthetic,2015-04-04 19:45:00,2015-04-04 21:15:00,LONG,1,600.0,600.045,30.0,30.00225,40.0,44.99999999995907,-15.002250000040927,target_mean,6,WHIPSAW_RANGE
AU_IDX,synthetic,2015-04-06 01:15:00,2015-04-06 02:30:00,LONG,1,607.04,599.5165714285714,30.352,29.97582857142857,40.0,-7523.428571428553,-7583.756399999982,stop,5,WHIPSAW_RANGE
AU_IDX,synthetic,2015-04-06 02:45:00,2015-04-06 03:15:00,LONG,1,602.58,597.257142857143,30.129,29.86285714285715,40.0,-5322.85714285706,-5382.848999999917,stop,2,WHIPSAW_RANGE
AU_IDX,synthetic,2015-04-06 04:00:00,2015-04-06 04:30:00,LONG,1,599.3,604.1580000000001,29.965,30.207900000000006,40.0,4858.000000000175,4797.827100000174,target_mean,2,WHIPSAW_RANGE
AU_IDX,synthetic,2015-04-06 12:15:00,2015-04-06 13:00:00,LONG,1,591.72,592.1207142857144,29.586000000000002,29.606035714285717,40.0,400.71428571434353,341.5222500000578,stop,3,WHIPSAW_RANGE
AU_IDX,synthetic,2015-04-06 19:15:00,2015-04-06 19:30:00,SHORT,1,611.24,608.015,30.562,30.400750000000002,40.0,3225.0000000000227,3164.037250000023,target_mean,1,WHIPSAW_RANGE
AU_IDX,synthetic,2015-04-07 01:30:00,2015-04-07 02:15:00,SHORT,1,620.8000000000001,610.095,31.040000000000006,30.50475,40.0,10705.00000000004,10643.455250000039,target_mean,3,WHIPSAW_RANGE
AU_IDX,synthetic,2015-04-07 08:15:00,2015-04-07 09:15:00,LONG,1,602.14,596.76,30.107000000000003,29.838,40.0,-5379.999999999995,-5439.944999999995,stop,4,WHIPSAW_RANGE
AU_IDX,synthetic,2015-04-08 01:00:00,2015-04-08 02:45:00,LONG,1,591.74,584.2428571428572,29.587,29.212142857142865,40.0,-7497.142857142762,-7555.941999999905,stop,7,WHIPSAW_RANGE
AU_IDX,synthetic,2015-04-08 03:15:00,2015-04-08 03:15:00,LONG,1,586.62,591.1940000000001,29.331000000000003,29.559700000000007,40.0,4574.000000000069,4515.109300000069,target_mean,0,WHIPSAW_RANGE
AU_IDX,synthetic,2015-04-08 07:00:00,2015-04-08 08:30:00,SHORT,1,609.5600000000001,615.1685714285715,30.47800000000001,30.758428571428574,40.0,-5608.571428571395,-5669.807857142823,stop,6,WHIPSAW_RANGE
AU_IDX,synthetic,2015-04-08 14:00:00,2015-04-08 14:00:00,SHORT,1,619.86,619.9,30.993000000000002,30.995,40.0,-39.99999999996362,-101.98799999996362,stop,0,WHIPSAW_RANGE
AU_IDX,synthetic,2015-04-08 16:15:00,2015-04-08 17:15:00,LONG,1,608.86,609.1995714285715,30.443,30.459978571428575,40.0,339.571428571503,278.6684500000745,stop,4,WHIPSAW_RANGE
AU_IDX,synthetic,2015-04-08 19:30:00,2015-04-08 20:15:00,SHORT,1,623.2800000000001,629.7342857142856,31.16400000000001,31.486714285714285,40.0,-6454.285714285561,-6516.936428571275,stop,3,WHIPSAW_RANGE
AU_IDX,synthetic,2015-04-08 21:15:00,2015-04-08 22:00:00,SHORT,1,625.74,620.586,31.287000000000003,31.029300000000003,40.0,5153.999999999996,5091.683699999996,target_mean,3,WHIPSAW_RANGE
AU_IDX,synthetic,2015-04-09 06:45:00,2015-04-09 06:45:00,SHORT,1,619.6800000000001,616.134,30.98400000000001,30.806700000000003,40.0,3546.000000000049,3484.209300000049,target_mean,0,WHIPSAW_RANGE
AU_IDX,synthetic,2015-04-09 08:15:00,2015-04-09 10:15:00,LONG,1,601.96,594.7,30.098000000000003,29.735000000000003,40.0,-7259.999999999991,-7319.8329999999905,stop,8,WHIPSAW_RANGE
AU_IDX,synthetic,2015-04-09 18:45:00,2015-04-09 18:45:00,LONG,1,605.18,605.14,30.259,30.257,40.0,-39.99999999996362,-100.51599999996363,target_mean,0,WHIPSAW_RANGE
AU_IDX,synthetic,2015-04-09 19:45:00,2015-04-09 20:30:00,SHORT,1,609.24,616.7285714285714,30.462,30.83642857142857,40.0,-7488.57142857139,-7549.8698571428195,stop,3,WHIPSAW_RANGE
AU_IDX,synthetic,2015-04-09 20:45:00,2015-04-09 22:00:00,SHORT,1,614.24,609.011,30.712,30.45055,40.0,5229.000000000042,5167.837450000042,target_mean,5,WHIPSAW_RANGE
AU_IDX,synthetic,2015-04-10 04:15:00,2015-04-10 06:30:00,SHORT,1,614.96,614.427,30.748,30.72135,40.0,533.0000000000155,471.5306500000155,target_mean,9,WHIPSAW_RANGE
AU_IDX,synthetic,2015-04-10 12:30:00,2015-04-10 12:30:00,SHORT,1,620.2,618.3009999999999,31.01,30.915049999999997,40.0,1899.0000000001146,1837.0749500001145,target_mean,0,WHIPSAW_RANGE
AU_IDX,synthetic,2015-04-10 14:45:00,2015-04-10 15:30:00,LONG,1,603.02,596.0514285714286,30.151,29.802571428571426,40.0,-6968.571428571408,-7028.52499999998,stop,3,WHIPSAW_RANGE
AU_IDX,synthetic,2015-04-10 21:30:00,2015-04-10 21:30:00,LONG,1,599.2,603.886,29.96,30.194300000000002,40.0,4685.999999999922,4625.845699999922,target_mean,0,WHIPSAW_RANGE
AU_IDX,synthetic,2015-04-11 05:30:00,2015-04-11 06:00:00,SHORT,1,610.44,610.034,30.522000000000002,30.501700000000003,40.0,406.00000000006276,344.97630000006274,stop,2,WHIPSAW_RANGE
AU_IDX,synthetic,2015-04-11 11:45:00,2015-04-11 11:45:00,LONG,1,600.78,601.1850000000001,30.039,30.059250000000006,40.0,405.0000000000864,344.9017500000864,target_mean,0,WHIPSAW_RANGE
AU_IDX,synthetic,2015-04-11 14:45:00,2015-04-11 15:45:00,SHORT,1,609.7800000000001,616.9514285714286,30.489000000000008,30.847571428571428,40.0,-7171.428571428464,-7232.765142857035,stop,4,WHIPSAW_RANGE
AU_IDX,synthetic,2015-04-11 16:15:00,2015-04-11 17:15:00,SHORT,1,617.9,617.558857142857,30.895000000000003,30.877942857142855,40.0,341.1428571429269,279.3699142857841,stop,4,WHIPSAW_RANGE
AU_IDX,synthetic,2015-04-12 03:45:00,2015-04-12 03:45:00,LONG,1,615.2,615.1600000000001,30.76,30.758000000000006,40.0,-39.99999999996362,-101.51799999996364,target_mean,0,WHIPSAW_RANGE
AU_IDX,synthetic,2015-04-14 01:00:00,2015-04-14 01:15:00,LONG,1,597.28,599.22,29.864,29.961000000000002,40.0,1940.0000000000546,1880.1750000000545,target_mean,1,WHIPSAW_RANGE
AU_IDX,synthetic,2015-04-14 02:15:00,2015-04-14 02:30:00,LONG,1,592.74,597.5360000000001,29.637,29.876800000000003,40.0,4796.000000000049,4736.486200000049,target_mean,1,WHIPSAW_RANGE
AU_IDX,synthetic,2015-04-14 04:00:00,2015-04-14 05:15:00,SHORT,1,601.2,598.2679999999999,30.060000000000002,29.913399999999996,40.0,2932.00000000013,2872.02660000013,target_mean,5,WHIPSAW_RANGE
AU_IDX,synthetic,2015-04-14 09:45:00,2015-04-14 09:45:00,LONG,1,596.6,597.796,29.830000000000002,29.8898,40.0,1196.0000000000264,1136.2802000000265,target_mean,0,WHIPSAW_RANGE
AU_IDX,synthetic,2015-04-14 13:15:00,2015-04-14 16:00:00,SHORT,1,610.94,618.7142857142858,30.547,30.93571428571429,40.0,-7774.285714285725,-7835.768428571439,stop,11,WHIPSAW_RANGE
AU_IDX,synthetic,2015-04-15 06:00:00,2015-04-15 07:00:00,SHORT,1,602.26,595.407,30.113000000000003,29.77035,40.0,6852.999999999952,6793.116649999952,target_mean,4,WHIPSAW_RANGE
AU_IDX,synthetic,2015-04-15 14:45:00,2015-04-15 15:15:00,SHORT,1,626.0600000000001,625.5784285714286,31.303000000000008,31.278921428571433,40.0,481.5714285714421,418.98950714287065,stop,2,PANIC_CRASH
AU_IDX,synthetic,2015-04-15 17:45:00,2015-04-15 18:00:00,SHORT,1,633.88,634.36,31.694000000000003,31.718,40.0,-480.0000000000182,-543.4120000000182,stop,1,PANIC_CRASH
AU_IDX,synthetic,2015-04-16 03:15:00,2015-04-16 04:30:00,SHORT,1,648.1,647.6528571428571,32.405,32.382642857142855,40.0,447.14285714292146,382.35521428577863,stop,5,PANIC_CRASH
AU_IDX,synthetic,2015-04-16 11:00:00,2015-04-16 12:00:00,SHORT,1,637.0600000000001,645.4085714285715,31.85300000000001,32.270428571428575,40.0,-8348.571428571404,-8412.694857142831,stop,4,PANIC_CRASH
AU_IDX,synthetic,2015-04-16 20:30:00,2015-04-16 20:30:00,LONG,1,624.4,624.36,31.220000000000002,31.218,40.0,-39.99999999996362,-102.43799999996362,stop,0,PANIC_CRASH
AU_IDX,synthetic,2015-04-17 07:45:00,2015-04-17 10:15:00,LONG,1,597.88,589.4057142857143,29.894000000000002,29.47028571428572,40.0,-8474.285714285656,-8533.649999999941,stop,10,PANIC_CRASH
AU_IDX,synthetic,2015-04-17 10:30:00,2015-04-17 11:30:00,LONG,1,591.24,591.7224285714286,29.562,29.586121428571435,40.0,482.4285714286134,423.2804500000419,stop,4,PANIC_CRASH
AU_IDX,synthetic,2015-04-17 15:15:00,2015-04-17 15:45:00,LONG,1,579.24,574.297142857143,28.962,28.71485714285715,40.0,-4942.857142857065,-5000.533999999922,stop,2,PANIC_CRASH
AU_IDX,synthetic,2015-04-17 16:45:00,2015-04-17 18:00:00,LONG,1,575.06,568.7628571428572,28.753,28.438142857142864,40.0,-6297.142857142717,-6354.33399999986,stop,5,PANIC_CRASH
AU_IDX,synthetic,2015-04-18 03:45:00,2015-04-18 05:30:00,SHORT,1,588.88,581.14,29.444000000000003,29.057000000000002,40.0,7740.000000000009,7681.499000000009,target_mean,7,PANIC_CRASH
AU_IDX,synthetic,2015-04-18 20:00:00,2015-04-18 22:15:00,LONG,1,589.76,591.26,29.488000000000003,29.563000000000002,40.0,1500.0,1440.9489999999998,target_mean,9,PANIC_CRASH
AU_IDX,synthetic,2015-04-19 11:45:00,2015-04-19 13:00:00,SHORT,1,629.38,623.4559999999999,31.469,31.172799999999995,40.0,5924.000000000092,5861.3582000000915,target_mean,5,PANIC_CRASH
AU_IDX,synthetic,2015-04-19 18:00:00,2015-04-19 18:30:00,SHORT,1,633.9200000000001,642.2714285714286,31.69600000000001,32.11357142857143,40.0,-8351.428571428529,-8415.2381428571,stop,2,PANIC_CRASH
AU_IDX,synthetic,2015-04-19 19:00:00,2015-04-19 19:30:00,SHORT,1,641.26,631.981,32.063,31.599050000000002,40.0,9278.999999999996,9215.337949999996,target_mean,2,PANIC_CRASH
AU_IDX,synthetic,2015-04-20 07:15:00,2015-04-20 07:15:00,LONG,1,644.68,647.375,32.234,32.36875,40.0,2695.00000000005,2630.39725000005,target_mean,0,PANIC_CRASH
AU_IDX,synthetic,2015-04-20 11:45:00,2015-04-20 12:45:00,SHORT,1,657.26,662.2914285714286,32.863,33.11457142857143,40.0,-5031.428571428592,-5097.406142857163,stop,4,PANIC_CRASH
AU_IDX,synthetic,2015-04-20 13:15:00,2015-04-20 14:45:00,SHORT,1,659.4200000000001,666.0914285714287,32.97100000000001,33.304571428571435,40.0,-6671.428571428578,-6737.70414285715,stop,6,PANIC_CRASH
AU_IDX,synthetic,2015-04-20 17:30:00,2015-04-20 18:45:00,SHORT,1,676.5600000000001,675.9672857142857,33.82800000000001,33.798364285714285,40.0,592.7142857143508,525.0879214286365,stop,5,PANIC_CRASH
AU_IDX,synthetic,2015-04-20 19:30:00,2015-04-20 20:00:00,SHORT,1,681.2,669.36,34.06,33.468,40.0,11840.000000000033,11772.472000000032,target_mean,2,PANIC_CRASH
AU_IDX,synthetic,2015-04-20 23:00:00,2015-04-20 23:00:00,SHORT,1,680.74,680.78,34.037,34.039,40.0,-39.99999999996362,-108.07599999996363,stop,0,PANIC_CRASH
AU_IDX,synthetic,2015-04-21 05:00:00,2015-04-21 05:45:00,SHORT,1,702.2,694.0649999999999,35.11,34.70325,40.0,8135.000000000105,8065.186750000105,target_mean,3,PANIC_CRASH
AU_IDX,synthetic,2015-04-21 06:30:00,2015-04-21 07:15:00,SHORT,1,710.24,717.3685714285714,35.512,35.868428571428566,40.0,-7128.571428571377,-7199.951857142805,stop,3,PANIC_CRASH
AU_IDX,synthetic,2015-04-21 07:45:00,2015-04-21 08:30:00,SHORT,1,729.1,735.06,36.455,36.753,40.0,-5959.999999999923,-6033.207999999922,stop,3,PANIC_CRASH
AU_IDX,synthetic,2015-04-22 00:45:00,2015-04-22 01:30:00,SHORT,1,689.98,698.2285714285714,34.499,34.91142857142857,40.0,-8248.57142857138,-8317.981857142808,stop,3,PANIC_CRASH
AU_IDX,synthetic,2015-04-22 01:45:00,2015-04-22 02:45:00,SHORT,1,693.22,688.405,34.661,34.42025,40.0,4815.000000000055,4745.918750000054,target_mean,4,PANIC_CRASH
AU_IDX,synthetic,2015-04-22 09:00:00,2015-04-22 10:15:00,LONG,1,667.4399999999999,657.7885714285715,33.37199999999999,32.889428571428574,40.0,-9651.428571428482,-9717.68999999991,stop,5,PANIC_CRASH
AU_IDX,synthetic,2015-04-22 11:45:00,2015-04-22 14:45:00,LONG,1,651.7,645.6085714285715,32.585,32.28042857142857,40.0,-6091.428571428537,-6156.293999999965,stop,12,PANIC_CRASH
AU_IDX,synthetic,2015-04-23 11:30:00,2015-04-23 12:00:00,LONG,1,639.56,635.3857142857145,31.978,31.769285714285722,40.0,-4174.285714285475,-4238.03299999976,stop,2,PANIC_CRASH
AU_IDX,synthetic,2015-04-23 14:00:00,2015-04-23 15:00:00,LONG,1,627.62,634.8140000000001,31.381,31.740700000000007,40.0,7194.000000000074,7130.878300000073,target_mean,4,PANIC_CRASH
AU_IDX,synthetic,2015-04-23 16:30:00,2015-04-23 16:30:00,LONG,1,615.64,615.6,30.782,30.78,40.0,-39.99999999996362,-101.56199999996362,stop,0,PANIC_CRASH
AU_IDX,synthetic,2015-04-23 17:45:00,2015-04-23 20:00:00,LONG,1,612.92,606.6314285714286,30.646,30.331571428571433,40.0,-6288.571428571345,-6349.548999999916,stop,9,PANIC_CRASH
AU_IDX,synthetic,2015-04-23 21:00:00,2015-04-23 21:30:00,LONG,1,600.32,600.6691428571429,30.016000000000002,30.03345714285715,40.0,349.1428571428514,289.09339999999423,stop,2,PANIC_CRASH
AU_IDX,synthetic,2015-04-24 03:00:00,2015-04-24 04:30:00,LONG,1,599.86,591.4828571428573,29.993000000000002,29.574142857142864,40.0,-8377.142857142757,-8436.7099999999,stop,6,PANIC_CRASH
AU_IDX,synthetic,2015-04-24 09:15:00,2015-04-24 09:30:00,LONG,1,569.28,564.8028571428572,28.464000000000002,28.24014285714286,40.0,-4477.1428571427805,-4533.846999999923,stop,1,PANIC_CRASH
AU_IDX,synthetic,2015-04-24 12:00:00,2015-04-24 12:45:00,LONG,1,558.46,564.7850000000001,27.923000000000002,28.239250000000006,40.0,6325.0000000000455,6268.837750000046,target_mean,3,PANIC_CRASH
AU_IDX,synthetic,2015-04-24 23:15:00,2015-04-25 00:30:00,LONG,1,552.46,544.6562857142858,27.623,27.23281428571429,40.0,-7803.71428571425,-7858.5700999999635,stop,5,PANIC_CRASH
AU_IDX,synthetic,2015-04-25 04:30:00,2015-04-25 05:00:00,LONG,1,520.96,521.359,26.048000000000005,26.067950000000003,40.0,399.0000000000009,346.8840500000009,stop,2,PANIC_CRASH
AU_IDX,synthetic,2015-04-25 07:30:00,2015-04-25 08:00:00,LONG,1,517.0,517.3655714285715,25.85,25.868278571428576,40.0,365.57142857145664,313.85315000002805,stop,2,PANIC_CRASH
AU_IDX,synthetic,2015-04-26 04:45:00,2015-04-26 04:45:00,SHORT,1,561.72,561.76,28.086000000000002,28.088,40.0,-39.99999999996362,-96.17399999996363,target_mean,0,PANIC_CRASH
AU_IDX,synthetic,2015-04-26 05:45:00,2015-04-26 06:30:00,LONG,1,559.22,561.462,27.961000000000002,28.0731,40.0,2241.999999999962,2185.965899999962,target_mean,3,PANIC_CRASH
AU_IDX,synthetic,2015-04-26 09:45:00,2015-04-26 10:15:00,SHORT,1,568.12,563.4970000000001,28.406000000000002,28.174850000000006,40.0,4622.999999999934,4566.419149999933,target_mean,2,PANIC_CRASH
AU_IDX,synthetic,2015-04-26 19:45:00,2015-04-26 20:30:00,LONG,1,532.54,537.052,26.627000000000002,26.852600000000002,40.0,4512.000000000057,4458.520400000057,target_mean,3,PANIC_CRASH
AU_IDX,synthetic,2015-04-27 01:00:00,2015-04-27 01:30:00,SHORT,1,549.4200000000001,550.58,27.471000000000007,27.529,40.0,-1159.9999999999682,-1214.9999999999682,stop,2,PANIC_CRASH
AU_IDX,synthetic,2015-04-27 18:30:00,2015-04-27 19:30:00,LONG,1,544.72,547.402,27.236,27.3701,40.0,2682.0000000000164,2627.3939000000164,target_mean,4,PANIC_CRASH
AU_IDX,synthetic,2015-04-28 00:15:00,2015-04-28 01:15:00,LONG,1,539.84,534.2399999999999,26.992,26.711999999999996,40.0,-5600.000000000136,-5653.704000000137,stop,4,PANIC_CRASH
AU_IDX,synthetic,2015-04-28 01:30:00,2015-04-28 02:30:00,LONG,1,537.14,539.847,26.857000000000003,26.992350000000002,40.0,2706.9999999999936,2653.1506499999937,target_mean,4,PANIC_CRASH
AU_IDX,synthetic,2015-04-28 04:30:00,2015-04-28 06:00:00,LONG,1,520.6,512.0428571428572,26.03,25.602142857142862,40.0,-8557.142857142822,-8608.774999999965,stop,6,PANIC_CRASH
AU_IDX,synthetic,2015-04-28 21:45:00,2015-04-28 22:45:00,SHORT,1,541.5600000000001,551.4002857142858,27.078000000000007,27.57001428571429,40.0,-9840.285714285756,-9894.93372857147,stop,4,PANIC_CRASH
AU_IDX,synthetic,2015-04-29 18:00:00,2015-04-29 18:45:00,LONG,1,517.86,518.3074285714285,25.893,25.915371428571426,40.0,447.42857142853154,395.6201999999601,stop,3,PANIC_CRASH
AU_IDX,synthetic,2015-04-30 10:30:00,2015-04-30 10:30:00,SHORT,1,552.2,552.24,27.610000000000003,27.612000000000002,40.0,-39.99999999996362,-95.22199999996363,stop,0,PANIC_CRASH
AU_IDX,synthetic,2015-04-30 22:15:00,2015-05-01 00:00:00,LONG,1,552.4,552.8121428571428,27.62,27.640607142857142,40.0,412.1428571428396,356.88224999998243,stop,7,PANIC_CRASH
AU_IDX,synthetic,2015-05-01 06:30:00,2015-05-01 07:45:00,SHORT,1,566.5600000000001,570.4514285714286,28.328000000000007,28.52257142857143,40.0,-3891.4285714284915,-3948.279142857063,stop,5,PANIC_CRASH
AU_IDX,synthetic,2015-05-01 12:45:00,2015-05-01 13:15:00,LONG,1,553.4,553.7402857142857,27.67,27.687014285714284,40.0,340.2857142857556,284.9287000000413,stop,2,PANIC_CRASH
AU_IDX,synthetic,2015-05-01 17:45:00,2015-05-01 17:45:00,LONG,1,554.06,560.4730000000001,27.703000000000003,28.023650000000007,40.0,6413.000000000125,6357.273350000124,target_mean,0,PANIC_CRASH
AU_IDX,synthetic,2015-05-01 20:15:00,2015-05-01 21:00:00,SHORT,1,575.84,581.1685714285713,28.792,29.058428571428568,40.0,-5328.571428571308,-5386.421857142737,stop,3,PANIC_CRASH
AU_IDX,synthetic,2015-05-02 02:15:00,2015-05-02 03:00:00,SHORT,1,589.24,582.6690000000001,29.462,29.133450000000007,40.0,6570.999999999913,6512.404549999912,target_mean,3,PANIC_CRASH
AU_IDX,synthetic,2015-05-02 06:00:00,2015-05-02 07:00:00,SHORT,1,600.0,606.88,30.0,30.344,40.0,-6879.999999999995,-6940.3439999999955,stop,4,PANIC_CRASH
AU_IDX,synthetic,2015-05-02 15:45:00,2015-05-02 16:15:00,LONG,1,601.72,607.173,30.086000000000002,30.35865,40.0,5452.9999999999745,5392.555349999974,target_mean,2,PANIC_CRASH
AU_IDX,synthetic,2015-05-03 05:00:00,2015-05-03 05:00:00,SHORT,1,601.9200000000001,599.449,30.096000000000007,29.972450000000002,40.0,2471.0000000001173,2410.931550000117,target_mean,0,PANIC_CRASH
AU_IDX,synthetic,2015-05-03 06:15:00,2015-05-03 07:00:00,LONG,1,592.04,585.4142857142857,29.602,29.270714285714284,40.0,-6625.714285714253,-6684.586999999967,stop,3,PANIC_CRASH
AU_IDX,synthetic,2015-05-04 00:45:00,2015-05-04 01:15:00,SHORT,1,632.34,639.7085714285714,31.617,31.98542857142857,40.0,-7368.571428571386,-7432.173857142814,stop,2,PANIC_CRASH
AU_IDX,synthetic,2015-05-04 08:00:00,2015-05-04 08:30:00,SHORT,1,644.08,651.4114285714287,32.204,32.57057142857144,40.0,-7331.42857142866,-7396.203142857231,stop,2,PANIC_CRASH
AU_IDX,synthetic,2015-05-04 09:00:00,2015-05-04 10:00:00,SHORT,1,650.4200000000001,650.8,32.52100000000001,32.54,40.0,-379.99999999988177,-445.0609999998818,stop,4,PANIC_CRASH
AU_IDX,synthetic,2015-05-04 11:15:00,2015-05-04 11:15:00,SHORT,1,642.74,642.78,32.137,32.139,40.0,-39.99999999996362,-104.27599999996363,target_mean,0,PANIC_CRASH
AU_IDX,synthetic,2015-05-04 14:15:00,2015-05-04 15:45:00,LONG,1,627.0,627.5278571428572,31.35,31.37639285714286,40.0,527.857142857215,465.1307500000721,stop,6,PANIC_CRASH
AU_IDX,synthetic,2015-05-04 19:45:00,2015-05-04 20:45:00,SHORT,1,640.82,650.6191428571428,32.041000000000004,32.53095714285714,40.0,-9799.142857142782,-9863.714814285639,stop,4,PANIC_CRASH
AU_IDX,synthetic,2015-05-04 21:00:00,2015-05-04 21:45:00,SHORT,1,648.84,648.3815714285714,32.442,32.41907857142857,40.0,458.4285714286125,393.5674928571839,stop,3,PANIC_CRASH
AU_IDX,synthetic,2015-05-04 22:45:00,2015-05-04 22:45:00,SHORT,1,657.38,657.42,32.869,32.871,40.0,-39.99999999996362,-105.73999999996363,stop,0,PANIC_CRASH
AU_IDX,synthetic,2015-05-05 13:30:00,2015-05-05 13:30:00,LONG,1,612.68,612.64,30.634,30.632,40.0,-39.99999999996362,-101.26599999996363,stop,0,PANIC_CRASH
AU_IDX,synthetic,2015-05-05 14:30:00,2015-05-05 14:30:00,SHORT,1,617.4200000000001,617.257,30.871000000000006,30.86285,40.0,163.0000000001246,101.26615000012458,target_mean,0,PANIC_CRASH
AU_IDX,synthetic,2015-05-05 15:45:00,2015-05-05 15:45:00,SHORT,1,618.52,617.396,30.926000000000002,30.8698,40.0,1124.0000000000236,1062.2042000000238,target_mean,0,PANIC_CRASH
AU_IDX,synthetic,2015-05-05 17:30:00,2015-05-05 17:30:00,LONG,1,617.2,617.182,30.860000000000003,30.8591,40.0,-18.000000000029104,-79.7191000000291,target_mean,0,PANIC_CRASH
AU_IDX,synthetic,2015-05-05 18:30:00,2015-05-05 19:00:00,SHORT,1,623.6800000000001,619.1899999999999,31.184000000000008,30.959499999999995,40.0,4490.000000000123,4427.856500000123,target_mean,2,PANIC_CRASH
AU_IDX,synthetic,2015-05-05 21:15:00,2015-05-05 21:15:00,SHORT,1,632.58,620.42,31.629,31.021,40.0,12160.000000000082,12097.35000000008,target_mean,0,PANIC_CRASH
AU_IDX,synthetic,2015-05-05 23:45:00,2015-05-06 00:15:00,SHORT,1,635.9,635.3011428571428,31.795,31.765057142857145,40.0,598.8571428571277,535.2970857142706,stop,2,PANIC_CRASH
AU_IDX,synthetic,2015-05-06 03:30:00,2015-05-06 04:00:00,SHORT,1,637.64,634.794,31.882,31.739700000000003,40.0,2846.0000000000036,2782.3783000000035,target_mean,2,PANIC_CRASH
AU_IDX,synthetic,2015-05-06 06:45:00,2015-05-06 07:00:00,SHORT,1,650.9,650.4747142857143,32.545,32.52373571428572,40.0,425.2857142856783,360.2169785713926,stop,1,PANIC_CRASH
AU_IDX,synthetic,2015-05-06 17:30:00,2015-05-06 18:15:00,SHORT,1,653.82,661.8602857142857,32.691,33.09301428571428,40.0,-8040.285714285687,-8106.069728571401,stop,3,PANIC_CRASH
AU_IDX,synthetic,2015-05-06 21:45:00,2015-05-06 23:30:00,SHORT,1,679.76,686.0514285714286,33.988,34.302571428571426,40.0,-6291.4285714285825,-6359.719142857154,stop,7,PANIC_CRASH
AU_IDX,synthetic,2015-05-07 07:15:00,2015-05-07 08:00:00,LONG,1,682.92,687.298,34.146,34.3649,40.0,4378.000000000043,4309.489100000043,target_mean,3,PANIC_CRASH
AU_IDX,synthetic,2015-05-07 14:15:00,2015-05-07 15:00:00,LONG,1,677.1,677.5865714285715,33.855000000000004,33.87932857142857,40.0,486.57142857143754,418.83710000000895,stop,3,PANIC_CRASH
AU_IDX,synthetic,2015-05-08 09:45:00,2015-05-08 11:15:00,SHORT,1,727.88,738.1754285714286,36.394,36.908771428571434,40.0,-10295.428571428602,-10368.731342857172,stop,6,PANIC_CRASH
AU_IDX,synthetic,2015-05-08 15:00:00,2015-05-08 15:30:00,SHORT,1,745.5400000000001,739.301,37.27700000000001,36.965050000000005,40.0,6239.000000000033,6164.757950000033,target_mean,2,PANIC_CRASH
AU_IDX,synthetic,2015-05-08 21:15:00,2015-05-08 22:00:00,LONG,1,732.56,725.6228571428571,36.628,36.28114285714286,40.0,-6937.142857142817,-7010.05199999996,stop,3,PANIC_CRASH
AU_IDX,synthetic,2015-05-09 01:30:00,2015-05-09 02:45:00,SHORT,1,747.94,755.4657142857142,37.397,37.77328571428571,40.0,-7525.714285714116,-7600.884571428402,stop,5,PANIC_CRASH
AU_IDX,synthetic,2015-05-09 08:00:00,2015-05-09 10:15:00,LONG,1,733.68,725.297142857143,36.684000000000005,36.26485714285715,40.0,-8382.857142857007,-8455.805999999862,stop,9,PANIC_CRASH
AU_IDX,synthetic,2015-05-09 11:15:00,2015-05-09 11:30:00,LONG,1,724.28,724.7432857142857,36.214,36.237164285714286,40.0,463.2857142856892,390.8345499999749,stop,1,PANIC_CRASH
AU_IDX,synthetic,2015-05-09 12:15:00,2015-05-09 12:15:00,LONG,1,726.04,717.3885714285714,36.302,35.86942857142857,40.0,-8651.428571428596,-8723.600000000024,stop,0,PANIC_CRASH
AU_IDX,synthetic,2015-05-09 14:00:00,2015-05-09 14:15:00,LONG,1,700.14,699.72,35.007000000000005,34.986000000000004,40.0,-419.9999999999591,-489.99299999995907,stop,1,PANIC_CRASH
AU_IDX,synthetic,2015-05-09 15:30:00,2015-05-09 16:30:00,LONG,1,701.6,708.5699999999999,35.08,35.42849999999999,40.0,6969.999999999914,6899.491499999914,target_mean,4,PANIC_CRASH
AU_IDX,synthetic,2015-05-09 19:30:00,2015-05-09 22:15:00,LONG,1,670.5,663.3685714285715,33.525,33.16842857142858,40.0,-7131.428571428501,-7198.121999999928,stop,11,PANIC_CRASH
AU_IDX,synthetic,2015-05-10 06:45:00,2015-05-10 07:30:00,LONG,1,674.82,675.3701428571429,33.741,33.768507142857146,40.0,550.1428571428733,482.6333500000161,stop,3,PANIC_CRASH
AU_IDX,synthetic,2015-05-10 12:30:00,2015-05-10 13:00:00,SHORT,1,686.9,694.417142857143,34.345,34.72085714285715,40.0,-7517.1428571429715,-7586.208714285829,stop,2,PANIC_CRASH
AU_IDX,synthetic,2015-05-11 02:30:00,2015-05-11 03:45:00,LONG,1,677.36,677.8805714285714,33.868,33.89402857142858,40.0,520.5714285714294,452.8094000000008,stop,5,PANIC_CRASH
AU_IDX,synthetic,2015-05-11 09:15:00,2015-05-11 09:30:00,LONG,1,670.06,663.1514285714285,33.503,33.15757142857143,40.0,-6908.571428571463,-6975.2320000000345,stop,1,PANIC_CRASH
AU_IDX,synthetic,2015-05-11 12:30:00,2015-05-11 13:30:00,LONG,1,655.82,662.773,32.791000000000004,33.13865,40.0,6952.9999999999745,6887.0703499999745,target_mean,4,PANIC_CRASH
AU_IDX,synthetic,2015-05-11 21:30:00,2015-05-11 21:45:00,SHORT,1,681.86,677.139,34.093,33.856950000000005,40.0,4721.000000000004,4653.0500500000035,target_mean,1,PANIC_CRASH
AU_IDX,synthetic,2015-05-12 00:45:00,2015-05-12 02:00:00,LONG,1,662.5,662.9712857142857,33.125,33.148564285714286,40.0,471.2857142857274,405.0121500000131,stop,5,PANIC_CRASH
AU_IDX,synthetic,2015-05-12 04:15:00,2015-05-12 04:45:00,SHORT,1,681.0,681.14,34.050000000000004,34.057,40.0,-139.99999999998636,-208.10699999998639,stop,2,PANIC_CRASH
AU_IDX,synthetic,2015-05-12 16:45:00,2015-05-12 17:15:00,SHORT,1,710.76,710.2094285714286,35.538000000000004,35.510471428571435,40.0,550.5714285714021,479.5229571428306,stop,2,PANIC_CRASH
AU_IDX,synthetic,2015-05-12 19:00:00,2015-05-12 19:15:00,SHORT,1,714.1,707.82,35.705,35.391,40.0,6279.999999999973,6208.903999999973,target_mean,1,PANIC_CRASH
AU_IDX,synthetic,2015-05-13 05:00:00,2015-05-13 06:45:00,LONG,1,665.84,669.494,33.292,33.4747,40.0,3653.9999999999964,3587.2332999999962,target_mean,7,PANIC_CRASH
AU_IDX,synthetic,2015-05-13 14:00:00,2015-05-13 15:30:00,LONG,1,643.86,633.0708571428572,32.193000000000005,31.653542857142867,40.0,-10789.142857142793,-10852.989399999935,stop,6,PANIC_CRASH
AU_IDX,synthetic,2015-05-13 16:00:00,2015-05-13 16:00:00,LONG,1,630.38,630.34,31.519000000000002,31.517000000000003,40.0,-39.99999999996362,-103.03599999996362,stop,0,PANIC_CRASH
AU_IDX,synthetic,2015-05-14 14:00:00,2015-05-14 15:15:00,SHORT,1,613.02,608.883,30.651,30.44415,40.0,4136.999999999944,4075.904849999944,target_mean,5,PANIC_CRASH
AU_IDX,synthetic,2015-05-14 18:45:00,2015-05-14 19:30:00,SHORT,1,623.52,630.84,31.176000000000002,31.542,40.0,-7320.00000000005,-7382.718000000051,stop,3,PANIC_CRASH
AU_IDX,synthetic,2015-05-15 20:30:00,2015-05-15 22:00:00,LONG,1,605.92,608.046,30.296000000000003,30.4023,40.0,2126.00000000009,2065.30170000009,target_mean,6,PANIC_CRASH
AU_IDX,synthetic,2015-05-16 02:45:00,2015-05-16 04:15:00,SHORT,1,609.82,609.4552857142858,30.491000000000003,30.47276428571429,40.0,364.7142857142853,303.75052142857106,stop,6,PANIC_CRASH
AU_IDX,synthetic,2015-05-16 10:45:00,2015-05-16 11:00:00,SHORT,1,619.3000000000001,620.54,30.965000000000007,31.027,40.0,-1239.9999999998954,-1301.9919999998954,stop,1,PANIC_CRASH
AU_IDX,synthetic,2015-05-16 19:00:00,2015-05-16 19:00:00,LONG,1,622.5,622.46,31.125,31.123,40.0,-39.99999999996362,-102.24799999996362,target_mean,0,PANIC_CRASH
AU_IDX,synthetic,2015-05-16 20:00:00,2015-05-16 20:00:00,SHORT,1,623.02,622.616,31.151,31.1308,40.0,403.99999999999636,341.71819999999633,target_mean,0,PANIC_CRASH
AU_IDX,synthetic,2015-05-16 21:00:00,2015-05-16 21:30:00,SHORT,1,628.24,635.36,31.412000000000003,31.768,40.0,-7120.000000000005,-7183.180000000005,stop,2,PANIC_CRASH
AU_IDX,synthetic,2015-05-16 22:15:00,2015-05-16 22:30:00,SHORT,1,637.94,645.3514285714286,31.897000000000002,32.267571428571436,40.0,-7411.428571428587,-7475.593142857158,stop,1,PANIC_CRASH
AU_IDX,synthetic,2015-05-17 01:45:00,2015-05-17 02:30:00,SHORT,1,657.48,666.5385714285715,32.874,33.326928571428574,40.0,-9058.57142857144,-9124.772357142869,stop,3,PANIC_CRASH
AU_IDX,synthetic,2015-05-17 04:45:00,2015-05-17 05:15:00,SHORT,1,673.84,673.351,33.692,33.66755,40.0,489.00000000003274,421.64045000003273,stop,2,PANIC_CRASH
AU_IDX,synthetic,2015-05-17 22:45:00,2015-05-17 23:30:00,LONG,1,638.6,644.768,31.930000000000003,32.2384,40.0,6168.000000000006,6103.831600000006,target_mean,3,PANIC_CRASH
AU_IDX,synthetic,2015-05-18 00:15:00,2015-05-18 02:30:00,SHORT,1,656.6600000000001,656.0791428571429,32.833000000000006,32.80395714285714,40.0,580.8571428572122,515.2201857143551,stop,9,PANIC_CRASH
AU_IDX,synthetic,2015-05-18 16:15:00,2015-05-18 17:00:00,LONG,1,653.56,647.44,32.678000000000004,32.372,40.0,-6119.999999999891,-6185.049999999891,stop,3,PANIC_CRASH
AU_IDX,synthetic,2015-05-18 17:15:00,2015-05-18 18:15:00,LONG,1,651.92,645.84,32.596000000000004,32.292,40.0,-6079.999999999927,-6144.887999999927,stop,4,PANIC_CRASH
AU_IDX,synthetic,2015-05-19 08:45:00,2015-05-19 09:00:00,LONG,1,652.54,656.676,32.627,32.833800000000004,40.0,4136.000000000081,4070.5392000000807,target_mean,1,PANIC_CRASH
AU_IDX,synthetic,2015-05-19 11:15:00,2015-05-19 11:15:00,SHORT,1,635.84,635.88,31.792,31.794,40.0,-39.99999999996362,-103.58599999996362,target_mean,0,PANIC_CRASH
AU_IDX,synthetic,2015-05-19 12:15:00,2015-05-19 14:15:00,LONG,1,632.02,621.5200000000001,31.601000000000003,31.076000000000008,40.0,-10499.999999999887,-10562.676999999887,stop,8,PANIC_CRASH
AU_IDX,synthetic,2015-05-19 22:15:00,2015-05-19 22:30:00,SHORT,1,656.46,650.675,32.823,32.533750000000005,40.0,5785.000000000082,5719.643250000082,target_mean,1,PANIC_CRASH
AU_IDX,synthetic,2015-05-20 05:00:00,2015-05-20 05:30:00,LONG,1,634.18,624.6571428571428,31.709000000000003,31.232857142857142,40.0,-9522.857142857105,-9585.798999999963,stop,2,PANIC_CRASH
AU_IDX,synthetic,2015-05-20 21:15:00,2015-05-20 22:15:00,LONG,1,638.4399999999999,638.9482857142857,31.921999999999997,31.947414285714284,40.0,508.28571428576197,444.41630000004767,stop,4,PANIC_CRASH
AU_IDX,synthetic,2015-05-21 19:00:00,2015-05-21 20:00:00,SHORT,1,629.62,629.1291428571428,31.481,31.456457142857143,40.0,490.8571428571804,427.9196857143233,stop,4,PANIC_CRASH
AU_IDX,synthetic,2015-05-22 11:00:00,2015-05-22 12:00:00,SHORT,1,639.7,647.2171428571428,31.985000000000003,32.36085714285714,40.0,-7517.142857142744,-7581.4887142856005,stop,4,PANIC_CRASH
AU_IDX,synthetic,2015-05-22 12:30:00,2015-05-22 13:30:00,SHORT,1,646.24,640.4849999999999,32.312000000000005,32.024249999999995,40.0,5755.000000000109,5690.663750000109,target_mean,4,PANIC_CRASH
AU_IDX,synthetic,2015-05-22 21:00:00,2015-05-22 21:30:00,SHORT,1,652.52,645.488,32.626000000000005,32.2744,40.0,7031.999999999925,6967.099599999925,target_mean,2,PANIC_CRASH
AU_IDX,synthetic,2015-05-23 08:00:00,2015-05-23 09:45:00,SHORT,1,660.5,653.903,33.025,32.69515,40.0,6596.99999999998,6531.279849999981,target_mean,7,PANIC_CRASH
AU_IDX,synthetic,2015-05-23 13:30:00,2015-05-23 14:15:00,LONG,1,647.12,652.788,32.356,32.6394,40.0,5668.000000000006,5603.004600000007,target_mean,3,PANIC_CRASH
AU_IDX,synthetic,2015-05-23 14:30:00,2015-05-23 14:30:00,LONG,1,653.78,653.74,32.689,32.687000000000005,40.0,-39.99999999996362,-105.37599999996362,target_mean,0,PANIC_CRASH
AU_IDX,synthetic,2015-05-24 02:30:00,2015-05-24 02:30:00,SHORT,1,694.6600000000001,694.7,34.733000000000004,34.735,40.0,-39.99999999996362,-109.46799999996362,stop,0,PANIC_CRASH
AU_IDX,synthetic,2015-05-24 05:30:00,2015-05-24 05:30:00,LONG,1,673.76,664.02,33.688,33.201,40.0,-9740.00000000001,-9806.889000000008,stop,0,PANIC_CRASH
AU_IDX,synthetic,2015-05-24 06:30:00,2015-05-24 07:30:00,LONG,1,669.52,657.7022857142857,33.476,32.88511428571429,40.0,-11817.71428571426,-11884.075399999976,stop,4,PANIC_CRASH
AU_IDX,synthetic,2015-05-24 08:45:00,2015-05-24 10:00:00,LONG,1,656.32,663.559,32.816,33.17795,40.0,7238.999999999919,7173.006049999919,target_mean,5,PANIC_CRASH
AU_IDX,synthetic,2015-05-24 15:30:00,2015-05-24 17:00:00,LONG,1,650.8,656.2760000000001,32.54,32.81380000000001,40.0,5476.000000000113,5410.646200000113,target_mean,6,PANIC_CRASH
AU_IDX,synthetic,2015-05-24 22:00:00,2015-05-24 22:15:00,LONG,1,646.04,642.5085714285715,32.302,32.12542857142858,40.0,-3531.428571428478,-3595.8559999999065,stop,1,PANIC_CRASH
AU_IDX,synthetic,2015-05-25 00:30:00,2015-05-25 00:45:00,LONG,1,644.28,647.1400000000001,32.214,32.357000000000006,40.0,2860.0000000001273,2795.4290000001274,target_mean,1,PANIC_CRASH
AU_IDX,synthetic,2015-05-25 02:15:00,2015-05-25 02:30:00,SHORT,1,658.26,658.12,32.913000000000004,32.906,40.0,139.99999999998636,74.18099999998634,stop,1,PANIC_CRASH
AU_IDX,synthetic,2015-05-25 22:30:00,2015-05-25 22:30:00,LONG,1,661.5,668.7090000000001,33.075,33.43545000000001,40.0,7209.00000000006,7142.48955000006,target_mean,0,PANIC_CRASH
AU_IDX,synthetic,2015-05-26 00:00:00,2015-05-26 00:15:00,SHORT,1,672.6,669.144,33.63,33.4572,40.0,3456.0000000000173,3388.9128000000173,target_mean,1,PANIC_CRASH
AU_IDX,synthetic,2015-05-26 07:45:00,2015-05-26 09:00:00,SHORT,1,676.4200000000001,674.2360000000001,33.821000000000005,33.71180000000001,40.0,2183.999999999969,2116.467199999969,target_mean,5,PANIC_CRASH
AU_IDX,synthetic,2015-05-26 21:15:00,2015-05-26 22:15:00,SHORT,1,722.02,729.3000000000001,36.101,36.46500000000001,40.0,-7280.000000000086,-7352.566000000086,stop,4,PANIC_CRASH
AU_IDX,synthetic,2015-05-27 01:45:00,2015-05-27 03:45:00,SHORT,1,737.32,723.2,36.866,36.160000000000004,40.0,14120.000000000004,14046.974000000004,target_mean,8,PANIC_CRASH
AU_IDX,synthetic,2015-05-27 11:30:00,2015-05-27 14:45:00,LONG,1,674.42,664.4085714285715,33.721000000000004,33.22042857142858,40.0,-10011.428571428496,-10078.369999999924,stop,13,PANIC_CRASH
AU_IDX,synthetic,2015-05-27 15:30:00,2015-05-27 15:45:00,LONG,1,663.2,658.0085714285716,33.160000000000004,32.900428571428584,40.0,-5191.428571428446,-5257.488999999874,stop,1,PANIC_CRASH
AU_IDX,synthetic,2015-05-27 18:30:00,2015-05-27 19:00:00,LONG,1,656.92,658.4630000000001,32.846000000000004,32.92315000000001,40.0,1543.00000000012,1477.23085000012,target_mean,2,PANIC_CRASH
AU_IDX,synthetic,2015-05-27 22:45:00,2015-05-28 00:15:00,SHORT,1,665.48,658.835,33.274,32.94175,40.0,6644.999999999982,6578.7842499999815,target_mean,6,PANIC_CRASH
AU_IDX,synthetic,2015-05-28 05:00:00,2015-05-28 07:45:00,LONG,1,655.02,647.3914285714285,32.751000000000005,32.369571428571426,40.0,-7628.57142857149,-7693.692000000062,stop,11,PANIC_CRASH
AU_IDX,synthetic,2015-05-28 08:45:00,2015-05-28 09:00:00,SHORT,1,666.5400000000001,670.46,33.327000000000005,33.523,40.0,-3919.999999999959,-3986.8499999999594,stop,1,PANIC_CRASH
AU_IDX,synthetic,2015-05-29 18:15:00,2015-05-29 18:15:00,SHORT,1,659.4200000000001,659.46,32.97100000000001,32.973,40.0,-39.99999999996362,-105.94399999996362,stop,0,PANIC_CRASH
AU_IDX,synthetic,2015-05-29 19:15:00,2015-05-29 22:15:00,SHORT,1,657.3000000000001,655.665,32.86500000000001,32.78325,40.0,1635.0000000001046,1569.3517500001046,target_mean,12,PANIC_CRASH
AU_IDX,synthetic,2015-05-30 10:00:00,2015-05-30 10:00:00,LONG,1,629.86,629.82,31.493000000000002,31.491000000000003,40.0,-39.99999999996362,-102.98399999996361,stop,0,PANIC_CRASH
AU_IDX,synthetic,2015-05-30 15:00:00,2015-05-30 15:15:00,SHORT,1,645.82,635.418,32.291000000000004,31.7709,40.0,10402.000000000044,10337.938100000045,target_mean,1,PANIC_CRASH
AU_IDX,synthetic,2015-05-30 17:00:00,2015-05-30 20:15:00,LONG,1,626.7,630.008,31.335,31.500400000000003,40.0,3307.9999999999927,3245.164599999993,target_mean,13,PANIC_CRASH
AU_IDX,synthetic,2015-05-31 03:30:00,2015-05-31 03:30:00,LONG,1,621.36,621.32,31.068,31.066000000000003,40.0,-39.99999999996362,-102.13399999996362,stop,0,PANIC_CRASH
AU_IDX,synthetic,2015-05-31 05:00:00,2015-05-31 05:00:00,LONG,1,615.92,615.88,30.796000000000003,30.794,40.0,-39.99999999996362,-101.58999999996362,stop,0,PANIC_CRASH
AU_IDX,synthetic,2015-05-31 06:30:00,2015-05-31 07:15:00,LONG,1,608.48,616.427,30.424000000000003,30.821350000000002,40.0,7947.000000000003,7885.754650000003,target_mean,3,PANIC_CRASH
AU_IDX,synthetic,2015-05-31 12:45:00,2015-05-31 13:45:00,SHORT,1,616.0,621.2142857142857,30.8,31.060714285714287,40.0,-5214.285714285666,-5276.14642857138,stop,4,PANIC_CRASH
AU_IDX,synthetic,2015-05-31 14:15:00,2015-05-31 14:15:00,SHORT,1,616.58,613.385,30.829,30.66925,40.0,3195.00000000005,3133.50175000005,target_mean,0,PANIC_CRASH
AU_IDX,synthetic,2015-05-31 15:30:00,2015-05-31 16:15:00,SHORT,1,634.98,634.4664285714285,31.749000000000002,31.723321428571428,40.0,513.5714285714812,450.09910714290976,stop,3,PANIC_CRASH
AU_IDX,synthetic,2015-05-31 17:45:00,2015-05-31 18:15:00,SHORT,1,637.86,629.3979999999999,31.893,31.469899999999996,40.0,8462.000000000102,8398.637100000102,target_mean,2,PANIC_CRASH
AU_IDX,synthetic,2015-05-31 21:30:00,2015-05-31 21:45:00,SHORT,1,652.6,652.0741428571429,32.63,32.60370714285715,40.0,525.8571428571486,460.6234357142914,stop,1,PANIC_CRASH
AU_IDX,synthetic,2015-06-01 00:00:00,2015-06-01 00:15:00,SHORT,1,657.84,662.5571428571428,32.892,33.127857142857145,40.0,-4717.14285714279,-4783.162714285647,stop,1,PANIC_CRASH
AU_IDX,synthetic,2015-06-01 02:15:00,2015-06-01 02:45:00,SHORT,1,663.88,656.887,33.194,32.84435,40.0,6993.000000000052,6926.961650000051,target_mean,2,PANIC_CRASH
AU_IDX,synthetic,2015-06-01 11:45:00,2015-06-01 13:15:00,SHORT,1,675.5600000000001,687.532,33.778000000000006,34.3766,40.0,-11971.99999999998,-12040.15459999998,stop,6,PANIC_CRASH
AU_IDX,synthetic,2015-06-01 13:30:00,2015-06-01 13:45:00,SHORT,1,686.84,688.76,34.342,34.438,40.0,-1919.999999999959,-1988.7799999999593,stop,1,PANIC_CRASH
AU_IDX,synthetic,2015-06-02 05:45:00,2015-06-02 06:45:00,SHORT,1,736.9,736.6980000000001,36.845,36.834900000000005,40.0,201.9999999998845,128.3200999998845,target_mean,4,PANIC_CRASH
AU_IDX,synthetic,2015-06-02 08:15:00,2015-06-02 09:00:00,SHORT,1,748.4,739.63,37.42,36.981500000000004,40.0,8769.999999999982,8695.598499999982,target_mean,3,PANIC_CRASH
AU_IDX,synthetic,2015-06-02 09:15:00,2015-06-02 09:15:00,SHORT,1,739.6600000000001,739.675,36.983000000000004,36.98375,40.0,-14.99999999987267,-88.96674999987268,target_mean,0,PANIC_CRASH
AU_IDX,synthetic,2015-06-02 16:45:00,2015-06-02 18:15:00,LONG,1,727.66,721.9257142857143,36.383,36.09628571428572,40.0,-5734.285714285647,-5806.764999999933,stop,6,PANIC_CRASH
AU_IDX,synthetic,2015-06-02 22:30:00,2015-06-02 22:45:00,SHORT,1,742.9,749.6857142857142,37.145,37.48428571428571,40.0,-6785.714285714221,-6860.343571428507,stop,1,PANIC_CRASH
AU_IDX,synthetic,2015-06-02 23:30:00,2015-06-02 23:30:00,SHORT,1,752.02,752.06,37.601,37.603,40.0,-39.99999999996362,-115.20399999996363,stop,0,PANIC_CRASH
AU_IDX,synthetic,2015-06-03 02:15:00,2015-06-03 03:00:00,SHORT,1,761.98,772.0457142857143,38.099000000000004,38.60228571428572,40.0,-10065.714285714308,-10142.415571428593,stop,3,PANIC_CRASH
AU_IDX,synthetic,2015-06-03 19:00:00,2015-06-03 19:00:00,SHORT,1,804.0600000000001,804.1,40.20300000000001,40.205000000000005,40.0,-39.99999999996362,-120.40799999996364,stop,0,PANIC_CRASH
AU_IDX,synthetic,2015-06-03 20:00:00,2015-06-03 21:15:00,SHORT,1,802.84,797.587,40.142,39.87935,40.0,5253.000000000043,5172.978650000043,target_mean,5,PANIC_CRASH
AU_IDX,synthetic,2015-06-04 15:00:00,2015-06-04 15:15:00,LONG,1,773.02,760.0285714285715,38.651,38.001428571428576,40.0,-12991.428571428514,-13068.080999999942,stop,1,PANIC_CRASH
AU_IDX,synthetic,2015-06-04 16:00:00,2015-06-04 16:15:00,LONG,1,764.82,765.5721428571429,38.241,38.27860714285715,40.0,752.1428571428714,675.6232500000143,stop,1,PANIC_CRASH
AU_IDX,synthetic,2015-06-05 11:15:00,2015-06-05 12:15:00,SHORT,1,812.6600000000001,812.24,40.63300000000001,40.612,40.0,420.00000000007276,338.7550000000727,stop,4,PANIC_CRASH
AU_IDX,synthetic,2015-06-06 02:30:00,2015-06-06 02:45:00,LONG,1,798.78,788.8142857142858,39.939,39.44071428571429,40.0,-9965.71428571417,-10045.093999999885,stop,1,PANIC_CRASH
AU_IDX,synthetic,2015-06-06 04:30:00,2015-06-06 04:45:00,LONG,1,800.78,803.642,40.039,40.1821,40.0,2862.00000000008,2781.77890000008,target_mean,1,PANIC_CRASH
AU_IDX,synthetic,2015-06-06 06:45:00,2015-06-06 09:00:00,LONG,1,775.98,786.575,38.799,39.32875,40.0,10595.000000000027,10516.872250000026,target_mean,9,PANIC_CRASH
AU_IDX,synthetic,2015-06-06 21:00:00,2015-06-06 21:15:00,SHORT,1,789.0400000000001,791.3742857142859,39.452000000000005,39.5687142857143,40.0,-2334.285714285784,-2413.306428571498,stop,1,GRINDING_CHOP
AU_IDX,synthetic,2015-06-06 22:00:00,2015-06-06 22:45:00,SHORT,1,789.32,791.1800000000001,39.466,39.559000000000005,40.0,-1860.0000000000136,-1939.0250000000135,stop,3,GRINDING_CHOP
AU_IDX,synthetic,2015-06-07 10:15:00,2015-06-07 10:30:00,SHORT,1,787.74,786.633,39.387,39.33165,40.0,1106.999999999971,1028.2813499999709,target_mean,1,GRINDING_CHOP
AU_IDX,synthetic,2015-06-07 17:00:00,2015-06-07 17:30:00,LONG,1,784.64,782.2685714285715,39.232,39.11342857142858,40.0,-2371.4285714285097,-2449.773999999938,stop,2,GRINDING_CHOP
AU_IDX,synthetic,2015-06-08 13:00:00,2015-06-08 14:15:00,LONG,1,784.7,782.0057142857142,39.235,39.10028571428571,40.0,-2694.2857142857974,-2772.6210000000833,stop,5,GRINDING_CHOP
AU_IDX,synthetic,2015-06-08 15:15:00,2015-06-08 16:45:00,LONG,1,780.16,782.7909999999999,39.008,39.13954999999999,40.0,2630.999999999972,2552.852449999972,target_mean,6,GRINDING_CHOP
AU_IDX,synthetic,2015-06-08 21:30:00,2015-06-08 22:00:00,SHORT,1,790.52,790.3758571428571,39.526,39.518792857142856,40.0,144.14285714292419,65.09806428578132,stop,2,GRINDING_CHOP
AU_IDX,synthetic,2015-06-09 05:45:00,2015-06-09 06:30:00,LONG,1,783.7,783.8487142857143,39.185,39.192435714285715,40.0,148.71428571427714,70.33684999999141,stop,3,GRINDING_CHOP
AU_IDX,synthetic,2015-06-09 11:45:00,2015-06-09 12:15:00,SHORT,1,785.58,783.53,39.279,39.176500000000004,40.0,2050.000000000068,1971.5445000000682,target_mean,2,GRINDING_CHOP
AU_IDX,synthetic,2015-06-09 12:45:00,2015-06-09 12:45:00,SHORT,1,784.64,783.723,39.232,39.186150000000005,40.0,917.00000000003,838.58185000003,target_mean,0,GRINDING_CHOP
AU_IDX,synthetic,2015-06-09 14:30:00,2015-06-09 16:15:00,SHORT,1,787.5,790.0657142857142,39.375,39.50328571428571,40.0,-2565.7142857141935,-2644.592571428479,stop,7,GRINDING_CHOP
AU_IDX,synthetic,2015-06-10 03:15:00,2015-06-10 03:45:00,LONG,1,783.68,783.871,39.184000000000005,39.19355,40.0,191.00000000003092,112.62245000003092,stop,2,GRINDING_CHOP
AU_IDX,synthetic,2015-06-10 08:45:00,2015-06-10 08:45:00,LONG,1,785.04,785.0,39.252,39.25,40.0,-39.99999999996362,-118.50199999996363,target_mean,0,GRINDING_CHOP
AU_IDX,synthetic,2015-06-10 09:45:00,2015-06-10 09:45:00,SHORT,1,787.74,787.78,39.387,39.389,40.0,-39.99999999996362,-118.77599999996363,stop,0,GRINDING_CHOP
AU_IDX,synthetic,2015-06-10 17:15:00,2015-06-10 17:45:00,LONG,2,782.9,782.34,78.29,78.23400000000001,80.0,-1119.9999999998909,-1276.5239999998907,stop,2,GRINDING_CHOP
AU_IDX,synthetic,2015-06-10 18:45:00,2015-06-10 20:00:00,LONG,1,779.3,782.551,38.965,39.12755,40.0,3251.00000000009,3172.9074500000897,target_mean,5,GRINDING_CHOP
AU_IDX,synthetic,2015-06-11 00:00:00,2015-06-11 01:15:00,SHORT,1,787.1800000000001,784.02,39.35900000000001,39.201,40.0,3160.000000000082,3081.440000000082,target_mean,5,GRINDING_CHOP
AU_IDX,synthetic,2015-06-11 02:45:00,2015-06-11 03:00:00,LONG,1,781.0,781.1554285714286,39.050000000000004,39.057771428571435,40.0,155.42857142861521,77.32080000004376,stop,1,GRINDING_CHOP
AU_IDX,synthetic,2015-06-11 10:30:00,2015-06-11 10:45:00,LONG,2,779.14,780.8480000000001,77.914,78.08480000000002,80.0,3416.0000000001673,3260.001200000167,target_mean,1,GRINDING_CHOP
AU_IDX,synthetic,2015-06-11 12:30:00,2015-06-11 12:30:00,SHORT,1,782.36,781.051,39.118,39.052550000000004,40.0,1308.999999999969,1230.829449999969,target_mean,0,GRINDING_CHOP
AU_IDX,synthetic,2015-06-11 14:15:00,2015-06-11 14:45:00,LONG,1,779.14,780.302,38.957,39.015100000000004,40.0,1162.0000000000346,1084.0279000000344,target_mean,2,GRINDING_CHOP
AU_IDX,synthetic,2015-06-11 19:30:00,2015-06-11 19:45:00,SHORT,1,784.76,783.847,39.238,39.192350000000005,40.0,913.0000000000109,834.5696500000108,target_mean,1,GRINDING_CHOP
AU_IDX,synthetic,2015-06-12 09:30:00,2015-06-12 11:00:00,SHORT,1,786.38,785.741,39.319,39.28705,40.0,639.00000000001,560.39395000001,target_mean,6,GRINDING_CHOP
AU_IDX,synthetic,2015-06-12 16:30:00,2015-06-12 16:45:00,LONG,2,784.76,785.7,78.476,78.57000000000001,80.0,1880.0000000001091,1722.954000000109,target_mean,1,GRINDING_CHOP
AU_IDX,synthetic,2015-06-12 19:00:00,2015-06-12 19:00:00,LONG,1,785.12,785.369,39.256,39.26845,40.0,249.00000000002365,170.47555000002365,target_mean,0,GRINDING_CHOP
AU_IDX,synthetic,2015-06-12 23:00:00,2015-06-13 01:00:00,LONG,1,782.22,779.6314285714285,39.111000000000004,38.98157142857143,40.0,-2588.5714285715267,-2666.664000000098,stop,8,GRINDING_CHOP
AU_IDX,synthetic,2015-06-13 12:45:00,2015-06-13 13:30:00,SHORT,1,785.4000000000001,782.29,39.27000000000001,39.1145,40.0,3110.0000000001273,3031.615500000127,target_mean,3,GRINDING_CHOP
AU_IDX,synthetic,2015-06-13 23:15:00,2015-06-13 23:15:00,SHORT,1,784.48,784.52,39.224000000000004,39.226,40.0,-39.99999999996362,-118.44999999996362,target_mean,0,GRINDING_CHOP
AU_IDX,synthetic,2015-06-14 01:00:00,2015-06-14 01:30:00,LONG,1,784.28,781.6485714285716,39.214,39.08242857142858,40.0,-2631.428571428387,-2709.7249999998153,stop,2,GRINDING_CHOP
AU_IDX,synthetic,2015-06-14 02:00:00,2015-06-14 02:15:00,LONG,1,783.58,784.61,39.179,39.2305,40.0,1029.9999999999727,951.5904999999727,target_mean,1,GRINDING_CHOP
AU_IDX,synthetic,2015-06-14 11:45:00,2015-06-14 12:30:00,LONG,1,782.82,785.0290000000001,39.141000000000005,39.251450000000006,40.0,2209.00000000006,2130.6075500000597,target_mean,3,GRINDING_CHOP
AU_IDX,synthetic,2015-06-14 19:00:00,2015-06-14 19:45:00,SHORT,1,788.62,790.8371428571429,39.431000000000004,39.54185714285715,40.0,-2217.1428571429033,-2296.1157142857605,stop,3,GRINDING_CHOP
AU_IDX,synthetic,2015-06-14 20:15:00,2015-06-14 21:00:00,SHORT,1,790.62,790.4574285714285,39.531,39.52287142857143,40.0,162.5714285714821,83.51755714291068,stop,3,GRINDING_CHOP
AU_IDX,synthetic,2015-06-14 23:30:00,2015-06-14 23:45:00,LONG,1,784.56,782.0828571428572,39.228,39.10414285714286,40.0,-2477.1428571427805,-2555.4749999999235,stop,1,GRINDING_CHOP
AU_IDX,synthetic,2015-06-15 10:45:00,2015-06-15 11:15:00,LONG,1,785.9,786.059,39.295,39.30295,40.0,158.99999999999181,80.40204999999182,target_mean,2,GRINDING_CHOP
AU_IDX,synthetic,2015-06-15 12:15:00,2015-06-15 13:30:00,LONG,1,779.8,780.0161428571429,38.99,39.00080714285714,40.0,216.1428571429269,138.15205000006978,stop,5,GRINDING_CHOP
AU_IDX,synthetic,2015-06-15 14:00:00,2015-06-15 15:15:00,LONG,1,779.72,782.2260000000001,38.986000000000004,39.11130000000001,40.0,2506.0000000000855,2427.9027000000856,target_mean,5,GRINDING_CHOP
AU_IDX,synthetic,2015-06-16 01:30:00,2015-06-16 01:45:00,SHORT,1,787.0,789.2914285714286,39.35,39.46457142857143,40.0,-2291.4285714285825,-2370.243142857154,stop,1,GRINDING_CHOP
AU_IDX,synthetic,2015-06-16 02:30:00,2015-06-16 02:45:00,SHORT,1,786.96,785.147,39.348,39.25735,40.0,1812.9999999999882,1734.3946499999881,target_mean,1,GRINDING_CHOP
AU_IDX,synthetic,2015-06-16 06:45:00,2015-06-16 07:15:00,LONG,1,781.46,781.0,39.073,39.050000000000004,40.0,-460.0000000000364,-538.1230000000363,stop,2,GRINDING_CHOP
AU_IDX,synthetic,2015-06-16 08:45:00,2015-06-16 10:00:00,LONG,1,781.26,782.419,39.063,39.12095,40.0,1158.9999999999918,1080.8160499999917,target_mean,5,GRINDING_CHOP
AU_IDX,synthetic,2015-06-16 14:30:00,2015-06-16 15:15:00,SHORT,1,788.2800000000001,788.46,39.41400000000001,39.423,40.0,-179.99999999994998,-258.83699999994997,stop,3,GRINDING_CHOP
AU_IDX,synthetic,2015-06-16 22:45:00,2015-06-16 22:45:00,LONG,1,786.88,787.5820000000001,39.344,39.37910000000001,40.0,702.0000000001119,623.2769000001118,target_mean,0,GRINDING_CHOP
AU_IDX,synthetic,2015-06-17 09:15:00,2015-06-17 09:45:00,SHORT,1,788.6600000000001,791.0657142857143,39.43300000000001,39.55328571428572,40.0,-2405.7142857142253,-2484.700571428511,stop,2,GRINDING_CHOP
AU_IDX,synthetic,2015-06-17 10:15:00,2015-06-17 10:30:00,SHORT,1,786.84,786.0989999999999,39.342,39.30495,40.0,741.0000000000991,662.3530500000992,target_mean,1,GRINDING_CHOP
AU_IDX,synthetic,2015-06-17 15:45:00,2015-06-17 15:45:00,SHORT,1,787.9200000000001,786.9730000000001,39.39600000000001,39.348650000000006,40.0,947.0000000000027,868.2553500000027,target_mean,0,GRINDING_CHOP
AU_IDX,synthetic,2015-06-18 00:30:00,2015-06-18 01:30:00,LONG,1,782.7,784.765,39.135000000000005,39.23825,40.0,2064.999999999941,1986.6267499999408,target_mean,4,GRINDING_CHOP
AU_IDX,synthetic,2015-06-18 04:15:00,2015-06-18 04:30:00,LONG,2,781.32,783.1610000000001,78.132,78.3161,80.0,3682.0000000000164,3525.5519000000163,target_mean,1,GRINDING_CHOP
AU_IDX,synthetic,2015-06-18 10:00:00,2015-06-18 11:15:00,SHORT,1,791.3000000000001,787.7070000000001,39.565000000000005,39.38535000000001,40.0,3592.999999999961,3514.049649999961,target_mean,5,GRINDING_CHOP
AU_IDX,synthetic,2015-06-18 16:15:00,2015-06-18 16:30:00,LONG,1,785.46,787.7080000000001,39.273,39.385400000000004,40.0,2248.0000000000473,2169.341600000047,target_mean,1,GRINDING_CHOP
AU_IDX,synthetic,2015-06-18 17:30:00,2015-06-18 18:30:00,LONG,1,784.62,785.7320000000001,39.231,39.28660000000001,40.0,1112.00000000008,1033.4824000000801,target_mean,4,GRINDING_CHOP
AU_IDX,synthetic,2015-06-19 01:45:00,2015-06-19 02:45:00,SHORT,1,788.96,791.7854285714285,39.448,39.58927142857143,40.0,-2825.4285714284606,-2904.465842857032,stop,4,GRINDING_CHOP
AU_IDX,synthetic,2015-06-19 09:00:00,2015-06-19 09:45:00,LONG,1,780.96,783.3120000000001,39.048,39.165600000000005,40.0,2352.000000000089,2273.7864000000895,target_mean,3,GRINDING_CHOP
AU_IDX,synthetic,2015-06-19 15:15:00,2015-06-19 17:30:00,SHORT,1,785.5400000000001,784.1,39.27700000000001,39.205000000000005,40.0,1440.0000000000546,1361.5180000000546,target_mean,9,GRINDING_CHOP
AU_IDX,synthetic,2015-06-19 23:30:00,2015-06-20 00:45:00,LONG,1,781.7,784.5699999999999,39.085,39.2285,40.0,2869.999999999891,2791.6864999998907,target_mean,5,GRINDING_CHOP
AU_IDX,synthetic,2015-06-20 22:45:00,2015-06-20 23:00:00,LONG,1,782.74,784.786,39.137,39.2393,40.0,2045.9999999999354,1967.6236999999355,target_mean,1,GRINDING_CHOP
AU_IDX,synthetic,2015-06-21 01:15:00,2015-06-21 01:15:00,LONG,1,783.28,784.484,39.164,39.2242,40.0,1204.0000000000646,1125.6118000000645,target_mean,0,GRINDING_CHOP
AU_IDX,synthetic,2015-06-21 13:45:00,2015-06-21 13:45:00,LONG,1,782.44,782.4000000000001,39.122,39.120000000000005,40.0,-39.99999999996362,-118.24199999996362,stop,0,GRINDING_CHOP
AU_IDX,synthetic,2015-06-22 09:45:00,2015-06-22 11:15:00,SHORT,1,788.1600000000001,791.8371428571429,39.40800000000001,39.59185714285715,40.0,-3677.142857142826,-3756.142714285683,stop,6,GRINDING_CHOP
AU_IDX,synthetic,2015-06-22 11:45:00,2015-06-22 12:30:00,SHORT,1,791.52,788.729,39.576,39.43645,40.0,2790.99999999994,2711.98754999994,target_mean,3,GRINDING_CHOP
AU_IDX,synthetic,2015-06-22 23:15:00,2015-06-23 00:00:00,LONG,1,781.52,784.457,39.076,39.22285,40.0,2937.000000000012,2858.7011500000117,target_mean,3,GRINDING_CHOP
AU_IDX,synthetic,2015-06-23 06:00:00,2015-06-23 06:00:00,SHORT,1,783.9000000000001,783.94,39.19500000000001,39.197,40.0,-39.99999999996362,-118.39199999996363,target_mean,0,GRINDING_CHOP
AU_IDX,synthetic,2015-06-23 11:30:00,2015-06-23 11:45:00,SHORT,1,787.86,786.17,39.393,39.3085,40.0,1690.0000000000546,1611.2985000000544,target_mean,1,GRINDING_CHOP
AU_IDX,synthetic,2015-06-23 20:30:00,2015-06-23 21:00:00,LONG,1,778.44,778.6510000000001,38.922000000000004,38.932550000000006,40.0,211.00000000001273,133.14545000001272,stop,2,GRINDING_CHOP
AU_IDX,synthetic,2015-06-24 00:45:00,2015-06-24 03:15:00,SHORT,1,787.38,785.895,39.369,39.29475,40.0,1485.0000000000136,1406.3362500000137,target_mean,10,GRINDING_CHOP
AU_IDX,synthetic,2015-06-24 05:45:00,2015-06-24 06:30:00,LONG,1,781.58,785.1940000000001,39.079,39.25970000000001,40.0,3614.0000000000327,3535.6613000000325,target_mean,3,GRINDING_CHOP
AU_IDX,synthetic,2015-06-24 13:45:00,2015-06-24 14:00:00,SHORT,1,790.5600000000001,790.52,39.528000000000006,39.526,40.0,40.00000000007731,-39.0539999999227,stop,1,GRINDING_CHOP
AU_IDX,synthetic,2015-06-25 03:30:00,2015-06-25 04:00:00,SHORT,1,789.9000000000001,789.7752857142858,39.495000000000005,39.48876428571429,40.0,124.71428571427623,45.730521428561936,stop,2,GRINDING_CHOP
AU_IDX,synthetic,2015-06-25 15:15:00,2015-06-25 16:45:00,LONG,1,784.82,786.6360000000001,39.241,39.33180000000001,40.0,1816.000000000031,1737.427200000031,target_mean,6,GRINDING_CHOP
AU_IDX,synthetic,2015-06-26 07:15:00,2015-06-26 07:30:00,LONG,1,782.14,784.5160000000001,39.107,39.22580000000001,40.0,2376.00000000009,2297.66720000009,target_mean,1,GRINDING_CHOP
AU_IDX,synthetic,2015-06-26 08:30:00,2015-06-26 08:45:00,LONG,1,783.46,783.9780000000001,39.173,39.19890000000001,40.0,518.0000000000291,439.6281000000291,target_mean,1,GRINDING_CHOP
AU_IDX,synthetic,2015-06-26 14:00:00,2015-06-26 14:30:00,LONG,1,781.4,782.172,39.07,39.1086,40.0,772.0000000000482,693.8214000000481,target_mean,2,GRINDING_CHOP
AU_IDX,synthetic,2015-06-26 17:15:00,2015-06-26 17:45:00,SHORT,2,784.76,782.429,78.476,78.2429,80.0,4662.000000000035,4505.281100000035,target_mean,2,GRINDING_CHOP
AU_IDX,synthetic,2015-06-27 01:30:00,2015-06-27 01:45:00,SHORT,1,785.2,783.971,39.260000000000005,39.198550000000004,40.0,1229.0000000000418,1150.5414500000418,target_mean,1,GRINDING_CHOP
AU_IDX,synthetic,2015-06-27 11:15:00,2015-06-27 12:15:00,LONG,1,781.2,778.4885714285715,39.06,38.92442857142858,40.0,-2711.4285714285415,-2789.41299999997,stop,4,GRINDING_CHOP
AU_IDX,synthetic,2015-06-27 18:45:00,2015-06-27 20:00:00,SHORT,1,791.86,788.4060000000001,39.593,39.420300000000005,40.0,3453.999999999951,3374.986699999951,target_mean,5,GRINDING_CHOP
AU_IDX,synthetic,2015-06-28 00:30:00,2015-06-28 01:00:00,LONG,1,787.34,788.528,39.367000000000004,39.4264,40.0,1187.9999999999882,1109.2065999999882,target_mean,2,GRINDING_CHOP
AU_IDX,synthetic,2015-06-28 01:45:00,2015-06-28 03:15:00,SHORT,1,790.3000000000001,789.482,39.51500000000001,39.4741,40.0,818.0000000000973,739.0109000000973,target_mean,6,GRINDING_CHOP
AU_IDX,synthetic,2015-06-28 07:15:00,2015-06-28 08:15:00,SHORT,1,796.94,793.4849999999999,39.847,39.674249999999994,40.0,3455.0000000001546,3375.4787500001544,target_mean,4,GRINDING_CHOP
AU_IDX,synthetic,2015-06-28 16:30:00,2015-06-28 16:45:00,LONG,1,778.22,780.877,38.911,39.04385,40.0,2656.9999999999254,2579.0451499999253,target_mean,1,GRINDING_CHOP
AU_IDX,synthetic,2015-06-28 20:15:00,2015-06-28 20:15:00,LONG,1,780.6,781.3710000000001,39.03,39.06855000000001,40.0,771.0000000000719,692.9014500000719,target_mean,0,GRINDING_CHOP
AU_IDX,synthetic,2015-06-29 04:00:00,2015-06-29 05:00:00,SHORT,1,787.72,785.967,39.386,39.29835,40.0,1753.0000000000427,1674.3156500000428,target_mean,4,GRINDING_CHOP
AU_IDX,synthetic,2015-06-30 12:30:00,2015-06-30 13:30:00,SHORT,1,784.1800000000001,786.7942857142858,39.20900000000001,39.339714285714294,40.0,-2614.2857142857565,-2692.8344285714707,stop,4,GRINDING_CHOP
AU_IDX,synthetic,2015-06-30 14:00:00,2015-06-30 14:15:00,SHORT,1,785.8000000000001,783.644,39.290000000000006,39.1822,40.0,2156.0000000000628,2077.5278000000626,target_mean,1,GRINDING_CHOP
AU_IDX,synthetic,2015-06-30 21:15:00,2015-06-30 21:45:00,SHORT,1,786.44,789.0514285714286,39.322,39.45257142857143,40.0,-2611.428571428519,-2690.2031428570904,stop,2,GRINDING_CHOP
AU_IDX,synthetic,2015-06-30 23:00:00,2015-07-01 01:15:00,SHORT,1,789.6800000000001,788.817,39.48400000000001,39.440850000000005,40.0,863.0000000000564,784.0751500000564,target_mean,9,GRINDING_CHOP
AU_IDX,synthetic,2015-07-01 08:00:00,2015-07-01 09:30:00,LONG,1,784.74,786.3880000000001,39.237,39.31940000000001,40.0,1648.0000000001382,1569.443600000138,target_mean,6,GRINDING_CHOP
AU_IDX,synthetic,2015-07-01 14:15:00,2015-07-01 14:45:00,LONG,1,784.46,786.4449999999999,39.223,39.32225,40.0,1984.9999999999,1906.4547499999,target_mean,2,GRINDING_CHOP
AU_IDX,synthetic,2015-07-01 16:15:00,2015-07-01 17:15:00,LONG,1,783.46,780.5342857142857,39.173,39.026714285714284,40.0,-2925.714285714321,-3003.914000000035,stop,4,GRINDING_CHOP
AU_IDX,synthetic,2015-07-01 17:30:00,2015-07-01 17:30:00,LONG,1,781.16,779.0542857142857,39.058,38.952714285714286,40.0,-2105.7142857142708,-2183.724999999985,stop,0,GRINDING_CHOP
AU_IDX,synthetic,2015-07-02 06:15:00,2015-07-02 07:30:00,SHORT,1,788.3000000000001,786.384,39.415000000000006,39.3192,40.0,1916.0000000000537,1837.2658000000538,target_mean,5,GRINDING_CHOP
AU_IDX,synthetic,2015-07-02 09:30:00,2015-07-02 09:30:00,SHORT,1,787.9200000000001,787.221,39.39600000000001,39.36105,40.0,699.0000000000691,620.2429500000692,target_mean,0,GRINDING_CHOP
AU_IDX,synthetic,2015-07-02 12:00:00,2015-07-02 13:00:00,LONG,1,780.86,781.0671428571429,39.043,39.05335714285715,40.0,207.14285714291236,129.0465000000552,stop,4,GRINDING_CHOP
AU_IDX,synthetic,2015-07-03 15:30:00,2015-07-03 16:00:00,SHORT,1,788.9000000000001,789.32,39.44500000000001,39.466,40.0,-419.9999999999591,-498.9109999999591,stop,2,GRINDING_CHOP
AU_IDX,synthetic,2015-07-04 08:15:00,2015-07-04 08:45:00,LONG,1,783.44,784.306,39.172000000000004,39.2153,40.0,865.9999999999854,787.6126999999855,target_mean,2,GRINDING_CHOP
AU_IDX,synthetic,2015-07-04 10:00:00,2015-07-04 12:45:00,LONG,1,780.46,780.941,39.023,39.04705,40.0,480.99999999999454,402.9299499999945,target_mean,11,GRINDING_CHOP
AU_IDX,synthetic,2015-07-05 09:00:00,2015-07-05 09:15:00,SHORT,1,787.34,786.712,39.367000000000004,39.3356,40.0,628.0000000000427,549.2974000000428,target_mean,1,GRINDING_CHOP
AU_IDX,synthetic,2015-07-05 10:00:00,2015-07-05 10:30:00,LONG,1,785.02,782.1028571428571,39.251000000000005,39.10514285714286,40.0,-2917.142857142835,-2995.498999999978,stop,2,GRINDING_CHOP
AU_IDX,synthetic,2015-07-05 11:00:00,2015-07-05 11:30:00,LONG,1,781.68,785.4660000000001,39.084,39.273300000000006,40.0,3786.000000000172,3707.642700000172,target_mean,2,GRINDING_CHOP
AU_IDX,synthetic,2015-07-05 16:30:00,2015-07-05 19:45:00,LONG,1,783.52,783.7650000000001,39.176,39.18825000000001,40.0,245.00000000011823,166.63575000011824,target_mean,13,GRINDING_CHOP
AU_IDX,synthetic,2015-07-06 10:30:00,2015-07-06 11:30:00,SHORT,1,788.6600000000001,790.4228571428571,39.43300000000001,39.521142857142856,40.0,-1762.8571428570012,-1841.811285714144,stop,4,GRINDING_CHOP
AU_IDX,synthetic,2015-07-06 16:15:00,2015-07-06 16:30:00,LONG,1,783.62,783.14,39.181000000000004,39.157000000000004,40.0,-480.0000000000182,-558.3380000000183,stop,1,GRINDING_CHOP
AU_IDX,synthetic,2015-07-07 04:00:00,2015-07-07 05:00:00,SHORT,1,787.0,785.369,39.35,39.26845,40.0,1630.9999999999718,1552.3815499999719,target_mean,4,GRINDING_CHOP
AU_IDX,synthetic,2015-07-07 22:15:00,2015-07-07 22:15:00,LONG,1,784.74,786.184,39.237,39.309200000000004,40.0,1443.99999999996,1365.45379999996,target_mean,0,GRINDING_CHOP
AU_IDX,synthetic,2015-07-08 06:30:00,2015-07-08 07:00:00,SHORT,1,789.32,788.2560000000001,39.466,39.412800000000004,40.0,1063.9999999999645,985.1211999999646,target_mean,2,GRINDING_CHOP
AU_IDX,synthetic,2015-07-08 10:15:00,2015-07-08 11:00:00,LONG,1,783.58,786.574,39.179,39.328700000000005,40.0,2993.9999999999145,2915.4922999999144,target_mean,3,GRINDING_CHOP
AU_IDX,synthetic,2015-07-08 18:45:00,2015-07-08 19:00:00,LONG,1,784.46,785.6490000000001,39.223,39.282450000000004,40.0,1189.0000000000782,1110.4945500000783,target_mean,1,GRINDING_CHOP
AU_IDX,synthetic,2015-07-08 22:45:00,2015-07-09 00:00:00,SHORT,1,787.12,786.2169999999999,39.356,39.310849999999995,40.0,903.0000000001337,824.3331500001337,target_mean,5,GRINDING_CHOP
AU_IDX,synthetic,2015-07-09 02:00:00,2015-07-09 02:00:00,SHORT,1,788.9000000000001,787.211,39.44500000000001,39.36055,40.0,1689.0000000000782,1610.1944500000782,target_mean,0,GRINDING_CHOP
AU_IDX,synthetic,2015-07-09 03:45:00,2015-07-09 05:30:00,LONG,1,784.5,781.4257142857143,39.225,39.071285714285715,40.0,-3074.285714285679,-3152.581999999965,stop,7,GRINDING_CHOP
AU_IDX,synthetic,2015-07-09 13:15:00,2015-07-09 14:30:00,SHORT,1,790.08,786.985,39.504000000000005,39.349250000000005,40.0,3095.0000000000273,3016.146750000027,target_mean,5,GRINDING_CHOP
AU_IDX,synthetic,2015-07-09 17:30:00,2015-07-09 20:00:00,SHORT,1,798.38,792.058,39.919000000000004,39.602900000000005,40.0,6322.000000000003,6242.478100000003,target_mean,10,GRINDING_CHOP
AU_IDX,synthetic,2015-07-10 11:00:00,2015-07-10 11:00:00,LONG,1,787.04,787.0,39.352000000000004,39.35,40.0,-39.99999999996362,-118.70199999996362,stop,0,GRINDING_CHOP
AU_IDX,synthetic,2015-07-10 12:00:00,2015-07-10 12:00:00,LONG,1,789.28,789.568,39.464,39.4784,40.0,288.0000000000109,209.05760000001092,target_mean,0,GRINDING_CHOP
AU_IDX,synthetic,2015-07-10 17:00:00,2015-07-10 17:15:00,SHORT,1,791.0400000000001,793.8397142857143,39.55200000000001,39.69198571428572,40.0,-2799.7142857142308,-2878.9582714285166,stop,1,GRINDING_CHOP
AU_IDX,synthetic,2015-07-10 19:00:00,2015-07-10 19:30:00,SHORT,1,791.84,790.231,39.592,39.51155,40.0,1609.0000000000373,1529.8964500000372,target_mean,2,GRINDING_CHOP
AU_IDX,synthetic,2015-07-10 20:45:00,2015-07-10 23:30:00,LONG,1,783.56,787.12,39.178000000000004,39.356,40.0,3560.000000000059,3481.466000000059,target_mean,11,GRINDING_CHOP
AU_IDX,synthetic,2015-07-11 06:00:00,2015-07-11 06:00:00,SHORT,1,787.1800000000001,787.15,39.35900000000001,39.3575,40.0,30.000000000086402,-48.71649999991361,target_mean,0,GRINDING_CHOP
AU_IDX,synthetic,2015-07-11 07:00:00,2015-07-11 07:45:00,SHORT,1,788.38,787.75,39.419000000000004,39.3875,40.0,629.9999999999955,551.1934999999954,target_mean,3,GRINDING_CHOP
AU_IDX,synthetic,2015-07-11 09:30:00,2015-07-11 10:00:00,SHORT,2,789.46,788.2529999999999,78.946,78.8253,80.0,2414.0000000002146,2256.2287000002148,target_mean,2,GRINDING_CHOP
AU_IDX,synthetic,2015-07-12 02:45:00,2015-07-12 02:45:00,SHORT,1,786.72,786.76,39.336,39.338,40.0,-39.99999999996362,-118.67399999996363,stop,0,GRINDING_CHOP
AU_IDX,synthetic,2015-07-12 04:00:00,2015-07-12 05:00:00,SHORT,1,787.86,785.1610000000001,39.393,39.258050000000004,40.0,2698.9999999999554,2620.3489499999555,target_mean,4,GRINDING_CHOP
AU_IDX,synthetic,2015-07-12 20:00:00,2015-07-12 22:00:00,SHORT,1,785.48,787.7142857142858,39.274,39.38571428571429,40.0,-2234.285714285761,-2312.945428571475,stop,8,GRINDING_CHOP
AU_IDX,synthetic,2015-07-13 06:15:00,2015-07-13 07:00:00,SHORT,1,784.64,784.0730000000001,39.232,39.20365000000001,40.0,566.9999999998936,488.5643499998936,target_mean,3,GRINDING_CHOP
AU_IDX,synthetic,2015-07-13 09:45:00,2015-07-13 10:15:00,SHORT,1,786.6,789.9448571428571,39.330000000000005,39.49724285714286,40.0,-3344.8571428571086,-3423.684385714251,stop,2,GRINDING_CHOP
AU_IDX,synthetic,2015-07-13 10:45:00,2015-07-13 11:45:00,SHORT,1,788.4200000000001,786.329,39.42100000000001,39.31645,40.0,2091.000000000122,2012.262550000122,target_mean,4,GRINDING_CHOP
AU_IDX,synthetic,2015-07-13 16:00:00,2015-07-13 17:45:00,SHORT,1,792.1,788.7830000000001,39.605000000000004,39.439150000000005,40.0,3316.9999999998936,3237.9558499998934,target_mean,7,GRINDING_CHOP
AU_IDX,synthetic,2015-07-14 04:30:00,2015-07-14 04:45:00,LONG,1,785.1,785.2228571428572,39.255,39.26114285714286,40.0,122.85714285712857,44.34099999998571,stop,1,GRINDING_CHOP
AU_IDX,synthetic,2015-07-14 17:00:00,2015-07-14 17:15:00,SHORT,1,785.14,788.4,39.257000000000005,39.42,40.0,-3259.999999999991,-3338.676999999991,stop,1,GRINDING_CHOP
AU_IDX,synthetic,2015-07-16 10:30:00,2015-07-16 11:00:00,LONG,1,782.66,782.8275714285714,39.133,39.141378571428575,40.0,167.57142857147755,89.29705000004897,stop,2,GRINDING_CHOP
AU_IDX,synthetic,2015-07-16 20:45:00,2015-07-16 20:45:00,SHORT,1,782.0400000000001,781.027,39.10200000000001,39.05135,40.0,1013.0000000000337,934.8466500000337,target_mean,0,GRINDING_CHOP
AU_IDX,synthetic,2015-07-16 22:15:00,2015-07-16 22:30:00,SHORT,1,785.6,788.8162857142858,39.28,39.44081428571429,40.0,-3216.285714285732,-3295.0065285714463,stop,1,GRINDING_CHOP
AU_IDX,synthetic,2015-07-17 08:15:00,2015-07-17 09:00:00,SHORT,1,787.64,784.2339999999999,39.382000000000005,39.21169999999999,40.0,3406.0000000000628,3327.406300000063,target_mean,3,GRINDING_CHOP
AU_IDX,synthetic,2015-07-17 14:15:00,2015-07-17 15:45:00,SHORT,1,787.94,790.2314285714284,39.397,39.51157142857142,40.0,-2291.428571428355,-2370.3371428569267,stop,6,GRINDING_CHOP
AU_IDX,synthetic,2015-07-18 12:15:00,2015-07-18 12:30:00,LONG,2,785.2,782.9428571428572,78.52000000000001,78.29428571428572,80.0,-4514.285714285734,-4671.10000000002,stop,1,GRINDING_CHOP
AU_IDX,synthetic,2015-07-18 13:15:00,2015-07-18 13:15:00,LONG,2,784.28,781.8942857142856,78.428,78.18942857142856,80.0,-4771.428571428714,-4928.046000000143,stop,0,GRINDING_CHOP
AU_IDX,synthetic,2015-07-18 14:15:00,2015-07-18 14:30:00,LONG,1,781.88,784.491,39.094,39.22455,40.0,2610.99999999999,2532.68144999999,target_mean,1,GRINDING_CHOP
AU_IDX,synthetic,2015-07-18 18:15:00,2015-07-18 18:15:00,SHORT,1,786.08,784.0749999999999,39.304,39.20375,40.0,2005.0000000001091,1926.4922500001092,target_mean,0,GRINDING_CHOP
AU_IDX,synthetic,2015-07-18 19:45:00,2015-07-18 20:45:00,SHORT,1,787.6800000000001,783.34,39.38400000000001,39.167,40.0,4340.000000000032,4261.449000000031,target_mean,4,GRINDING_CHOP
AU_IDX,synthetic,2015-07-18 21:15:00,2015-07-18 21:15:00,SHORT,1,782.6800000000001,782.72,39.13400000000001,39.136,40.0,-39.99999999996362,-118.26999999996363,target_mean,0,GRINDING_CHOP
AU_IDX,synthetic,2015-07-19 11:00:00,2015-07-19 11:45:00,SHORT,1,787.74,787.1659999999999,39.387,39.35829999999999,40.0,574.0000000000691,495.2547000000692,target_mean,3,GRINDING_CHOP
AU_IDX,synthetic,2015-07-19 13:15:00,2015-07-19 14:45:00,SHORT,1,790.52,788.858,39.526,39.4429,40.0,1662.0000000000346,1583.0311000000345,target_mean,6,GRINDING_CHOP
AU_IDX,synthetic,2015-07-19 19:30:00,2015-07-19 20:00:00,LONG,1,787.28,784.4982857142858,39.364000000000004,39.22491428571429,40.0,-2781.7142857142017,-2860.303199999916,stop,2,GRINDING_CHOP
AU_IDX,synthetic,2015-07-19 20:30:00,2015-07-19 21:00:00,LONG,1,785.94,787.9150000000001,39.297000000000004,39.39575000000001,40.0,1975.0000000000227,1896.3072500000228,target_mean,2,GRINDING_CHOP
AU_IDX,synthetic,2015-07-20 02:45:00,2015-07-20 03:15:00,SHORT,2,788.6600000000001,787.3,78.86600000000001,78.73,80.0,2720.0000000002547,2562.4040000002547,target_mean,2,GRINDING_CHOP
AU_IDX,synthetic,2015-07-20 05:00:00,2015-07-20 05:15:00,LONG,1,784.26,783.46,39.213,39.173,40.0,-799.9999999999545,-878.3859999999545,stop,1,GRINDING_CHOP
AU_IDX,synthetic,2015-07-21 02:15:00,2015-07-21 02:30:00,LONG,1,785.02,785.02,39.251000000000005,39.251000000000005,40.0,0.0,-78.50200000000001,stop,1,GRINDING_CHOP
AU_IDX,synthetic,2015-07-21 06:45:00,2015-07-21 10:00:00,LONG,1,779.34,775.9857142857145,38.967,38.79928571428573,40.0,-3354.2857142855382,-3432.051999999824,stop,13,GRINDING_CHOP
AU_IDX,synthetic,2015-07-21 14:00:00,2015-07-21 15:30:00,SHORT,1,786.32,784.1339999999999,39.316,39.2067,40.0,2186.000000000149,2107.477300000149,target_mean,6,GRINDING_CHOP
AU_IDX,synthetic,2015-07-21 19:15:00,2015-07-21 19:15:00,SHORT,1,785.0400000000001,785.08,39.25200000000001,39.254000000000005,40.0,-39.99999999996362,-118.50599999996363,target_mean,0,GRINDING_CHOP
AU_IDX,synthetic,2015-07-21 20:15:00,2015-07-21 20:15:00,LONG,1,785.02,785.022,39.251000000000005,39.2511,40.0,2.000000000066393,-76.50209999993362,target_mean,0,GRINDING_CHOP
AU_IDX,synthetic,2015-07-21 21:15:00,2015-07-21 21:15:00,SHORT,1,786.58,785.506,39.329,39.2753,40.0,1074.0000000000691,995.3957000000692,target_mean,0,GRINDING_CHOP
AU_IDX,synthetic,2015-07-21 22:30:00,2015-07-21 22:45:00,LONG,1,783.22,784.9670000000001,39.161,39.24835000000001,40.0,1747.000000000071,1668.5906500000708,target_mean,1,GRINDING_CHOP
AU_IDX,synthetic,2015-07-22 15:15:00,2015-07-22 16:15:00,SHORT,1,787.48,789.4657142857144,39.374,39.47328571428572,40.0,-1985.71428571438,-2064.5615714286655,stop,4,GRINDING_CHOP
AU_IDX,synthetic,2015-07-22 18:00:00,2015-07-22 18:15:00,SHORT,1,789.5,788.2189999999999,39.475,39.41094999999999,40.0,1281.0000000000628,1202.114050000063,target_mean,1,GRINDING_CHOP
AU_IDX,synthetic,2015-07-23 04:00:00,2015-07-23 04:45:00,SHORT,1,787.6800000000001,792.68,39.38400000000001,39.634,40.0,-4999.999999999886,-5079.017999999886,stop,3,GRINDING_CHOP
AU_IDX,synthetic,2015-07-23 05:15:00,2015-07-23 05:45:00,SHORT,1,791.08,787.878,39.554,39.3939,40.0,3201.999999999998,3123.052099999998,target_mean,2,GRINDING_CHOP
AU_IDX,synthetic,2015-07-23 17:30:00,2015-07-23 18:00:00,SHORT,2,790.46,789.7270000000001,79.046,78.97270000000002,80.0,1465.9999999998945,1307.9812999998944,target_mean,2,GRINDING_CHOP
AU_IDX,synthetic,2015-07-23 18:45:00,2015-07-23 19:15:00,LONG,1,784.6,783.6800000000001,39.230000000000004,39.184000000000005,40.0,-919.9999999999591,-998.4139999999591,stop,2,GRINDING_CHOP
AU_IDX,synthetic,2015-07-23 23:30:00,2015-07-24 00:45:00,LONG,1,783.2,784.517,39.160000000000004,39.22585,40.0,1317.0000000000073,1238.6141500000072,target_mean,5,GRINDING_CHOP
AU_IDX,synthetic,2015-07-24 10:30:00,2015-07-24 11:45:00,LONG,1,784.28,781.7742857142858,39.214,39.08871428571429,40.0,-2505.7142857141343,-2584.0169999998484,stop,5,GRINDING_CHOP
AU_IDX,synthetic,2015-07-24 13:30:00,2015-07-24 14:15:00,LONG,1,782.18,783.2070000000001,39.109,39.16035000000001,40.0,1027.0000000001573,948.7306500001573,target_mean,3,GRINDING_CHOP
AU_IDX,synthetic,2015-07-24 19:45:00,2015-07-24 23:15:00,SHORT,1,787.82,787.784,39.391000000000005,39.3892,40.0,36.00000000005821,-42.7801999999418,target_mean,14,GRINDING_CHOP
AU_IDX,synthetic,2015-07-25 03:30:00,2015-07-25 03:30:00,LONG,1,785.58,787.6650000000001,39.279,39.38325000000001,40.0,2085.0000000000364,2006.3377500000363,target_mean,0,GRINDING_CHOP
AU_IDX,synthetic,2015-07-25 09:00:00,2015-07-25 10:00:00,SHORT,1,788.6600000000001,786.9860000000001,39.43300000000001,39.34930000000001,40.0,1673.9999999999782,1595.217699999978,target_mean,4,GRINDING_CHOP
AU_IDX,synthetic,2015-07-25 17:00:00,2015-07-25 18:30:00,LONG,1,786.96,783.0597142857144,39.348,39.15298571428573,40.0,-3900.2857142855873,-3978.7866999998732,stop,6,GRINDING_CHOP
AU_IDX,synthetic,2015-07-25 19:15:00,2015-07-25 19:45:00,LONG,1,785.08,786.2540000000001,39.254000000000005,39.31270000000001,40.0,1174.0000000000919,1095.433300000092,target_mean,2,GRINDING_CHOP
AU_IDX,synthetic,2015-07-25 23:30:00,2015-07-25 23:45:00,SHORT,2,786.9200000000001,785.907,78.69200000000002,78.5907,80.0,2026.0000000000673,1868.7173000000673,target_mean,1,GRINDING_CHOP
AU_IDX,synthetic,2015-07-26 01:15:00,2015-07-26 01:15:00,SHORT,1,785.84,785.88,39.292,39.294000000000004,40.0,-39.99999999996362,-118.58599999996363,target_mean,0,GRINDING_CHOP
AU_IDX,synthetic,2015-07-26 03:00:00,2015-07-26 03:30:00,SHORT,1,787.72,786.841,39.386,39.34205,40.0,879.0000000000191,800.2719500000192,target_mean,2,GRINDING_CHOP
AU_IDX,synthetic,2015-07-26 05:15:00,2015-07-26 07:00:00,LONG,1,781.76,784.188,39.088,39.2094,40.0,2427.9999999999973,2349.702599999997,target_mean,7,GRINDING_CHOP
AU_IDX,synthetic,2015-07-26 19:45:00,2015-07-26 20:30:00,LONG,1,778.94,783.2160000000001,38.947,39.16080000000001,40.0,4276.000000000067,4197.8922000000675,target_mean,3,GRINDING_CHOP
AU_IDX,synthetic,2015-07-26 23:15:00,2015-07-26 23:15:00,SHORT,1,787.72,792.1114285714285,39.386,39.60557142857143,40.0,-4391.4285714284915,-4470.420142857063,stop,0,GRINDING_CHOP
AU_IDX,synthetic,2015-07-27 17:30:00,2015-07-27 18:15:00,SHORT,2,784.7800000000001,782.952,78.47800000000001,78.29520000000001,80.0,3656.0000000001764,3499.2268000001764,target_mean,3,GRINDING_CHOP
AU_IDX,synthetic,2015-07-28 14:45:00,2015-07-28 15:45:00,LONG,1,781.28,779.12,39.064,38.956,40.0,-2159.999999999968,-2238.019999999968,stop,4,GRINDING_CHOP
AU_IDX,synthetic,2015-07-28 16:15:00,2015-07-28 17:00:00,LONG,1,779.54,782.354,38.977000000000004,39.1177,40.0,2814.000000000078,2735.9053000000786,target_mean,3,GRINDING_CHOP
AU_IDX,synthetic,2015-07-28 18:45:00,2015-07-28 19:45:00,LONG,1,777.6,779.96,38.88,38.998000000000005,40.0,2360.0000000000136,2282.1220000000135,target_mean,4,NEW_BULL_WAVE
AU_IDX,synthetic,2015-07-28 21:30:00,2015-07-28 21:30:00,SHORT,1,780.8000000000001,780.1,39.040000000000006,39.005,40.0,700.0000000000455,621.9550000000455,target_mean,0,NEW_BULL_WAVE
AU_IDX,synthetic,2015-07-29 00:00:00,2015-07-29 00:00:00,SHORT,1,787.64,787.68,39.382000000000005,39.384,40.0,-39.99999999996362,-118.76599999996363,stop,0,NEW_BULL_WAVE
AU_IDX,synthetic,2015-07-29 08:15:00,2015-07-29 08:15:00,SHORT,1,790.7,790.74,39.535000000000004,39.537,40.0,-39.99999999996362,-119.07199999996362,stop,0,NEW_BULL_WAVE
AU_IDX,synthetic,2015-07-29 16:45:00,2015-07-29 17:00:00,SHORT,1,799.9200000000001,799.62,39.99600000000001,39.981,40.0,300.0000000000682,220.02300000006824,stop,1,NEW_BULL_WAVE
AU_IDX,synthetic,2015-07-29 19:30:00,2015-07-29 21:00:00,SHORT,1,806.86,813.8022857142857,40.343,40.690114285714294,40.0,-6942.285714285731,-7023.318828571445,stop,6,NEW_BULL_WAVE
AU_IDX,synthetic,2015-07-29 23:30:00,2015-07-30 00:45:00,SHORT,1,814.6,814.3001428571429,40.730000000000004,40.71500714285715,40.0,299.8571428571495,218.41213571429233,stop,5,NEW_BULL_WAVE
AU_IDX,synthetic,2015-07-30 10:45:00,2015-07-30 11:30:00,SHORT,1,819.58,816.563,40.979,40.82815,40.0,3017.0000000000528,2935.192850000053,target_mean,3,NEW_BULL_WAVE
AU_IDX,synthetic,2015-07-30 14:15:00,2015-07-30 15:00:00,LONG,1,808.58,802.9828571428571,40.429,40.14914285714286,40.0,-5597.142857142899,-5677.721000000041,stop,3,NEW_BULL_WAVE
AU_IDX,synthetic,2015-07-30 15:45:00,2015-07-30 15:45:00,LONG,1,799.8,799.76,39.99,39.988,40.0,-39.99999999996362,-119.97799999996363,stop,0,NEW_BULL_WAVE
AU_IDX,synthetic,2015-07-31 01:30:00,2015-07-31 02:00:00,SHORT,1,817.02,821.6257142857143,40.851,41.08128571428571,40.0,-4605.714285714271,-4687.646571428556,stop,2,NEW_BULL_WAVE
AU_IDX,synthetic,2015-07-31 21:30:00,2015-07-31 22:15:00,LONG,1,814.78,809.8857142857145,40.739000000000004,40.49428571428572,40.0,-4894.285714285502,-4975.518999999787,stop,3,NEW_BULL_WAVE
AU_IDX,synthetic,2015-08-01 02:45:00,2015-08-01 03:15:00,LONG,1,805.86,810.9269999999999,40.293,40.54635,40.0,5066.999999999894,4986.160649999894,target_mean,2,NEW_BULL_WAVE
AU_IDX,synthetic,2015-08-01 06:00:00,2015-08-01 06:00:00,LONG,1,799.02,792.0108571428572,39.951,39.60054285714286,40.0,-7009.14285714282,-7088.694399999962,stop,0,NEW_BULL_WAVE
AU_IDX,synthetic,2015-08-01 10:15:00,2015-08-01 11:15:00,LONG,1,788.46,784.1971428571429,39.423,39.20985714285715,40.0,-4262.857142857115,-4341.489999999972,stop,4,NEW_BULL_WAVE
AU_IDX,synthetic,2015-08-01 21:30:00,2015-08-01 22:15:00,SHORT,1,809.84,804.684,40.492000000000004,40.2342,40.0,5156.000000000063,5075.273800000063,target_mean,3,NEW_BULL_WAVE
AU_IDX,synthetic,2015-08-02 05:30:00,2015-08-02 06:45:00,LONG,1,797.48,792.6714285714287,39.874,39.633571428571436,40.0,-4808.571428571327,-4888.078999999898,stop,5,NEW_BULL_WAVE
AU_IDX,synthetic,2015-08-02 07:45:00,2015-08-02 08:15:00,LONG,1,788.72,796.1940000000001,39.436,39.80970000000001,40.0,7474.000000000046,7394.754300000047,target_mean,2,NEW_BULL_WAVE
AU_IDX,synthetic,2015-08-02 22:30:00,2015-08-02 22:30:00,SHORT,1,795.64,795.188,39.782000000000004,39.7594,40.0,451.9999999999982,372.4585999999982,target_mean,0,NEW_BULL_WAVE
AU_IDX,synthetic,2015-08-02 23:45:00,2015-08-02 23:45:00,SHORT,1,805.26,805.3,40.263000000000005,40.265,40.0,-39.99999999996362,-120.52799999996363,stop,0,NEW_BULL_WAVE
AU_IDX,synthetic,2015-08-03 08:45:00,2015-08-03 09:00:00,SHORT,1,810.32,817.0828571428572,40.516000000000005,40.85414285714286,40.0,-6762.857142857115,-6844.227285714257,stop,1,NEW_BULL_WAVE
AU_IDX,synthetic,2015-08-03 13:30:00,2015-08-03 14:45:00,SHORT,1,831.5400000000001,828.0179999999999,41.577000000000005,41.40089999999999,40.0,3522.000000000162,3439.0221000001616,target_mean,5,NEW_BULL_WAVE
AU_IDX,synthetic,2015-08-03 21:30:00,2015-08-03 21:30:00,SHORT,1,834.0,831.7410000000001,41.7,41.587050000000005,40.0,2258.999999999901,2175.712949999901,target_mean,0,NEW_BULL_WAVE
AU_IDX,synthetic,2015-08-04 00:15:00,2015-08-04 01:00:00,SHORT,1,834.96,833.3019999999999,41.748000000000005,41.665099999999995,40.0,1658.0000000001291,1574.5869000001292,target_mean,3,NEW_BULL_WAVE
AU_IDX,synthetic,2015-08-04 04:15:00,2015-08-04 05:00:00,LONG,1,820.64,821.0288571428572,41.032000000000004,41.05144285714286,40.0,388.85714285720496,306.77370000006215,stop,3,NEW_BULL_WAVE
AU_IDX,synthetic,2015-08-04 05:30:00,2015-08-04 07:00:00,LONG,1,822.6,824.1560000000001,41.13,41.207800000000006,40.0,1556.00000000004,1473.66220000004,target_mean,6,NEW_BULL_WAVE
AU_IDX,synthetic,2015-08-04 08:45:00,2015-08-04 09:30:00,LONG,1,817.74,818.014,40.887,40.9007,40.0,274.0000000000009,192.2123000000009,stop,3,NEW_BULL_WAVE
AU_IDX,synthetic,2015-08-04 15:00:00,2015-08-04 15:00:00,LONG,1,819.94,819.9000000000001,40.997,40.995000000000005,40.0,-39.99999999996362,-121.99199999996362,stop,0,NEW_BULL_WAVE
AU_IDX,synthetic,2015-08-04 21:00:00,2015-08-04 22:00:00,SHORT,1,830.58,823.079,41.529,41.15395,40.0,7501.00000000009,7418.31705000009,target_mean,4,NEW_BULL_WAVE
AU_IDX,synthetic,2015-08-05 00:45:00,2015-08-05 01:00:00,SHORT,1,838.94,840.34,41.947,42.017,40.0,-1399.9999999999773,-1483.9639999999774,stop,1,NEW_BULL_WAVE
AU_IDX,synthetic,2015-08-05 19:00:00,2015-08-05 19:00:00,SHORT,1,840.26,840.3,42.013000000000005,42.015,40.0,-39.99999999996362,-124.02799999996363,stop,0,NEW_BULL_WAVE
AU_IDX,synthetic,2015-08-06 00:45:00,2015-08-06 00:45:00,SHORT,1,841.32,845.9542857142858,42.066,42.29771428571429,40.0,-4634.285714285738,-4718.6494285714525,stop,0,NEW_BULL_WAVE
AU_IDX,synthetic,2015-08-06 13:15:00,2015-08-06 13:30:00,SHORT,1,870.96,877.7608571428572,43.548,43.88804285714286,40.0,-6800.857142857126,-6888.2931857142685,stop,1,NEW_BULL_WAVE
AU_IDX,synthetic,2015-08-06 23:15:00,2015-08-07 01:15:00,SHORT,1,907.52,903.113,45.376000000000005,45.15565,40.0,4406.999999999925,4316.4683499999255,target_mean,8,NEW_BULL_WAVE
AU_IDX,synthetic,2015-08-07 08:45:00,2015-08-07 10:00:00,SHORT,1,911.34,919.9511428571428,45.567,45.99755714285715,40.0,-8611.142857142795,-8702.70741428565,stop,5,NEW_BULL_WAVE
AU_IDX,synthetic,2015-08-08 02:45:00,2015-08-08 02:45:00,LONG,1,905.34,900.237142857143,45.267,45.01185714285715,40.0,-5102.857142857033,-5193.13599999989,stop,0,NEW_BULL_WAVE
AU_IDX,synthetic,2015-08-08 12:00:00,2015-08-08 14:00:00,LONG,1,890.2,893.773,44.510000000000005,44.68865,40.0,3572.999999999979,3483.801349999979,target_mean,8,NEW_BULL_WAVE
AU_IDX,synthetic,2015-08-08 18:00:00,2015-08-08 19:00:00,SHORT,1,901.62,910.2671428571429,45.081,45.513357142857146,40.0,-8647.142857142853,-8737.737214285711,stop,4,NEW_BULL_WAVE
AU_IDX,synthetic,2015-08-09 09:00:00,2015-08-09 10:15:00,SHORT,1,920.2,925.5085714285714,46.010000000000005,46.27542857142857,40.0,-5308.571428571327,-5400.856857142755,stop,5,NEW_BULL_WAVE
AU_IDX,synthetic,2015-08-09 15:15:00,2015-08-09 15:15:00,SHORT,1,953.86,953.9,47.693000000000005,47.695,40.0,-39.99999999996362,-135.38799999996363,stop,0,NEW_BULL_WAVE
AU_IDX,synthetic,2015-08-10 02:15:00,2015-08-10 02:30:00,SHORT,1,950.36,946.7979999999999,47.518,47.33989999999999,40.0,3562.0000000001255,3467.1421000001255,target_mean,1,NEW_BULL_WAVE
AU_IDX,synthetic,2015-08-10 04:15:00,2015-08-10 05:30:00,SHORT,1,959.1600000000001,965.3228571428573,47.958000000000006,48.26614285714287,40.0,-6162.857142857206,-6259.081285714348,stop,5,NEW_BULL_WAVE
AU_IDX,synthetic,2015-08-10 19:00:00,2015-08-10 20:45:00,SHORT,1,961.4000000000001,956.3660000000001,48.07000000000001,47.81830000000001,40.0,5033.999999999992,4938.111699999992,target_mean,7,NEW_BULL_WAVE
AU_IDX,synthetic,2015-08-11 01:30:00,2015-08-11 02:30:00,LONG,1,944.36,938.8628571428573,47.218,46.94314285714287,40.0,-5497.142857142762,-5591.303999999905,stop,4,NEW_BULL_WAVE
AU_IDX,synthetic,2015-08-11 10:45:00,2015-08-11 10:45:00,LONG,1,928.14,928.1,46.407000000000004,46.405,40.0,-39.99999999996362,-132.81199999996363,stop,0,NEW_BULL_WAVE
AU_IDX,synthetic,2015-08-11 14:30:00,2015-08-11 15:45:00,SHORT,1,942.6800000000001,937.921,47.13400000000001,46.89605,40.0,4759.000000000015,4664.969950000014,target_mean,5,NEW_BULL_WAVE
AU_IDX,synthetic,2015-08-12 09:30:00,2015-08-12 09:45:00,SHORT,1,965.84,966.74,48.292,48.337,40.0,-899.9999999999773,-996.6289999999773,stop,1,NEW_BULL_WAVE
AU_IDX,synthetic,2015-08-12 15:15:00,2015-08-12 16:00:00,SHORT,1,964.7,959.896,48.235,47.994800000000005,40.0,4804.000000000087,4707.770200000087,target_mean,3,NEW_BULL_WAVE
AU_IDX,synthetic,2015-08-12 22:00:00,2015-08-12 23:45:00,SHORT,1,973.1,969.705,48.655,48.48525,40.0,3394.999999999982,3297.8597499999814,target_mean,7,NEW_BULL_WAVE
AU_IDX,synthetic,2015-08-13 08:00:00,2015-08-13 09:30:00,SHORT,1,987.0600000000001,995.52,49.35300000000001,49.776,40.0,-8459.999999999924,-8559.128999999923,stop,6,NEW_BULL_WAVE
AU_IDX,synthetic,2015-08-13 10:30:00,2015-08-13 11:00:00,SHORT,1,997.88,1008.84,49.894000000000005,50.442,40.0,-10960.000000000036,-11060.336000000036,stop,2,NEW_BULL_WAVE
AU_IDX,synthetic,2015-08-13 13:45:00,2015-08-13 15:45:00,SHORT,1,1006.2800000000001,1012.5514285714286,50.31400000000001,50.62757142857143,40.0,-6271.428571428487,-6372.370142857058,stop,8,NEW_BULL_WAVE
AU_IDX,synthetic,2015-08-13 17:00:00,2015-08-13 17:45:00,SHORT,1,1017.4000000000001,1016.9150000000001,50.87000000000001,50.84575000000001,40.0,485.00000000001364,383.2842500000136,stop,3,NEW_BULL_WAVE
AU_IDX,synthetic,2015-08-13 20:15:00,2015-08-13 20:45:00,SHORT,1,1017.84,1015.196,50.892,50.759800000000006,40.0,2644.0000000000055,2542.348200000006,target_mean,2,NEW_BULL_WAVE
AU_IDX,synthetic,2015-08-14 01:45:00,2015-08-14 02:45:00,SHORT,1,1028.76,1036.8028571428572,51.438,51.84014285714286,40.0,-8042.857142857201,-8146.135285714345,stop,4,NEW_BULL_WAVE
AU_IDX,synthetic,2015-08-14 09:00:00,2015-08-14 09:45:00,SHORT,1,1035.68,1029.166,51.784000000000006,51.458299999999994,40.0,6514.000000000124,6410.757700000124,target_mean,3,NEW_BULL_WAVE
AU_IDX,synthetic,2015-08-14 10:15:00,2015-08-14 10:45:00,LONG,1,1014.66,1006.3914285714285,50.733000000000004,50.31957142857143,40.0,-8268.571428571477,-8369.624000000049,stop,2,NEW_BULL_WAVE
AU_IDX,synthetic,2015-08-14 13:45:00,2015-08-14 13:45:00,LONG,1,986.74,986.7,49.337,49.335,40.0,-39.99999999996362,-138.67199999996362,stop,0,NEW_BULL_WAVE
AU_IDX,synthetic,2015-08-14 15:45:00,2015-08-14 19:15:00,LONG,1,969.02,965.7,48.451,48.285000000000004,40.0,-3319.9999999999363,-3416.735999999936,time_stop,14,NEW_BULL_WAVE
AU_IDX,synthetic,2015-08-15 17:15:00,2015-08-15 17:30:00,SHORT,1,967.4000000000001,962.3409999999999,48.37000000000001,48.11705,40.0,5059.000000000196,4962.512950000197,target_mean,1,NEW_BULL_WAVE
AU_IDX,synthetic,2015-08-15 21:00:00,2015-08-15 22:15:00,SHORT,1,967.86,963.7989999999999,48.393,48.189949999999996,40.0,4061.000000000149,3964.417050000149,target_mean,5,NEW_BULL_WAVE
AU_IDX,synthetic,2015-08-16 21:15:00,2015-08-16 21:15:00,SHORT,1,948.58,946.2570000000001,47.429,47.31285000000001,40.0,2322.999999999979,2228.258149999979,target_mean,0,NEW_BULL_WAVE
AU_IDX,synthetic,2015-08-16 23:45:00,2015-08-17 00:45:00,SHORT,1,957.24,956.8731428571429,47.862,47.84365714285715,40.0,366.85714285715676,271.1514857142996,stop,4,NEW_BULL_WAVE
AU_IDX,synthetic,2015-08-17 07:00:00,2015-08-17 08:00:00,LONG,1,936.08,940.463,46.804,47.02315,40.0,4382.9999999999245,4289.172849999924,target_mean,4,NEW_BULL_WAVE
AU_IDX,synthetic,2015-08-17 17:15:00,2015-08-17 18:30:00,SHORT,1,958.96,959.6,47.948,47.980000000000004,40.0,-639.9999999999864,-735.9279999999864,stop,5,NEW_BULL_WAVE
AU_IDX,synthetic,2015-08-18 03:45:00,2015-08-18 04:00:00,SHORT,1,954.9200000000001,954.5495714285715,47.74600000000001,47.727478571428584,40.0,370.42857142853336,274.9550928571048,stop,1,NEW_BULL_WAVE
AU_IDX,synthetic,2015-08-18 06:45:00,2015-08-18 08:30:00,LONG,1,934.86,944.2769999999999,46.743,47.213849999999994,40.0,9416.999999999916,9323.043149999916,target_mean,7,NEW_BULL_WAVE
AU_IDX,synthetic,2015-08-18 17:00:00,2015-08-18 17:30:00,SHORT,1,955.2800000000001,954.9022857142858,47.76400000000001,47.745114285714294,40.0,377.714285714319,282.2051714286047,stop,2,NEW_BULL_WAVE
AU_IDX,synthetic,2015-08-19 01:00:00,2015-08-19 01:30:00,SHORT,1,969.6,960.771,48.480000000000004,48.03855,40.0,8829.000000000065,8732.481450000067,target_mean,2,NEW_BULL_WAVE
AU_IDX,synthetic,2015-08-19 04:00:00,2015-08-19 06:45:00,SHORT,1,972.32,979.2257142857143,48.616,48.961285714285715,40.0,-6905.714285714225,-7003.291571428511,stop,11,NEW_BULL_WAVE
AU_IDX,synthetic,2015-08-19 14:00:00,2015-08-19 14:00:00,SHORT,1,981.2,981.24,49.06,49.062000000000005,40.0,-39.99999999996362,-138.12199999996363,stop,0,NEW_BULL_WAVE
AU_IDX,synthetic,2015-08-19 18:00:00,2015-08-19 18:45:00,SHORT,1,978.5400000000001,984.5874285714286,48.92700000000001,49.22937142857143,40.0,-6047.428571428554,-6145.5849428571255,stop,3,NEW_BULL_WAVE
AU_IDX,synthetic,2015-08-19 21:15:00,2015-08-19 21:45:00,SHORT,1,993.8000000000001,993.4110000000001,49.690000000000005,49.670550000000006,40.0,389.00000000001,289.63945000001,stop,2,NEW_BULL_WAVE
AU_IDX,synthetic,2015-08-20 02:45:00,2015-08-20 03:45:00,SHORT,1,1002.8000000000001,999.1530000000001,50.14000000000001,49.95765000000001,40.0,3646.9999999999345,3546.902349999935,target_mean,4,NEW_BULL_WAVE
AU_IDX,synthetic,2015-08-20 05:15:00,2015-08-20 05:15:00,SHORT,1,1008.22,1008.26,50.411,50.413000000000004,40.0,-39.99999999996362,-140.82399999996363,stop,0,NEW_BULL_WAVE
AU_IDX,synthetic,2015-08-20 08:30:00,2015-08-20 09:30:00,SHORT,1,1008.24,1014.5914285714287,50.412,50.72957142857143,40.0,-6351.428571428642,-6452.570142857213,stop,4,NEW_BULL_WAVE
AU_IDX,synthetic,2015-08-20 13:45:00,2015-08-20 14:30:00,SHORT,1,1029.54,1022.873,51.477000000000004,51.14365,40.0,6666.999999999916,6564.3793499999165,target_mean,3,NEW_BULL_WAVE
AU_IDX,synthetic,2015-08-20 16:45:00,2015-08-20 17:15:00,SHORT,1,1030.66,1038.1257142857141,51.53300000000001,51.90628571428571,40.0,-7465.714285714057,-7569.153571428343,stop,2,NEW_BULL_WAVE
AU_IDX,synthetic,2015-08-20 17:45:00,2015-08-20 18:30:00,SHORT,1,1034.3600000000001,1028.9850000000001,51.71800000000001,51.449250000000006,40.0,5375.0,5271.8327500000005,target_mean,3,NEW_BULL_WAVE
AU_IDX,synthetic,2015-08-21 03:15:00,2015-08-21 03:30:00,SHORT,1,1045.52,1045.8,52.276,52.29,40.0,-279.9999999999727,-384.56599999997275,stop,1,NEW_BULL_WAVE
AU_IDX,synthetic,2015-08-21 12:45:00,2015-08-21 13:30:00,LONG,1,1030.76,1028.4,51.538000000000004,51.42000000000001,40.0,-2359.9999999999,-2462.9579999999,stop,3,NEW_BULL_WAVE
AU_IDX,synthetic,2015-08-21 16:00:00,2015-08-21 16:30:00,LONG,1,1020.62,1026.424,51.031000000000006,51.321200000000005,40.0,5803.999999999974,5701.647799999973,target_mean,2,NEW_BULL_WAVE
AU_IDX,synthetic,2015-08-21 21:00:00,2015-08-21 22:30:00,SHORT,1,1036.6200000000001,1041.0142857142855,51.83100000000001,52.05071428571428,40.0,-4394.285714285388,-4498.167428571102,stop,6,NEW_BULL_WAVE
AU_IDX,synthetic,2015-08-22 00:00:00,2015-08-22 00:15:00,SHORT,1,1039.76,1046.4085714285716,51.988,52.32042857142858,40.0,-6648.571428571586,-6752.879857143014,stop,1,NEW_BULL_WAVE
AU_IDX,synthetic,2015-08-22 01:00:00,2015-08-22 01:15:00,SHORT,1,1049.4,1048.9405714285715,52.470000000000006,52.44702857142858,40.0,459.42857142858884,354.51154285716024,stop,1,NEW_BULL_WAVE
AU_IDX,synthetic,2015-08-22 06:45:00,2015-08-22 08:15:00,LONG,1,1036.54,1043.21,51.827000000000005,52.1605,40.0,6670.000000000073,6566.012500000073,target_mean,6,NEW_BULL_WAVE
AU_IDX,synthetic,2015-08-22 09:00:00,2015-08-22 12:30:00,SHORT,1,1067.0,1065.32,53.35,53.266000000000005,40.0,1680.0000000000637,1573.3840000000637,time_stop,14,NEW_BULL_WAVE
AU_IDX,synthetic,2015-08-22 22:30:00,2015-08-22 22:45:00,LONG,1,1071.4,1066.6628571428573,53.57,53.33314285714287,40.0,-4737.142857142771,-4844.045999999914,stop,1,NEW_BULL_WAVE
AU_IDX,synthetic,2015-08-23 05:45:00,2015-08-23 05:45:00,SHORT,1,1072.1000000000001,1068.453,53.60500000000001,53.422650000000004,40.0,3647.000000000162,3539.972350000162,target_mean,0,NEW_BULL_WAVE
AU_IDX,synthetic,2015-08-23 08:15:00,2015-08-23 10:45:00,SHORT,1,1080.54,1077.702,54.027,53.8851,40.0,2837.9999999999654,2730.0878999999654,target_mean,10,NEW_BULL_WAVE
AU_IDX,synthetic,2015-08-23 21:00:00,2015-08-23 22:45:00,SHORT,1,1096.3,1095.847142857143,54.815000000000005,54.79235714285715,40.0,452.8571428570558,343.24978571419865,stop,7,NEW_BULL_WAVE
AU_IDX,synthetic,2015-08-24 06:00:00,2015-08-24 06:45:00,SHORT,1,1110.8,1102.8600000000001,55.54,55.143000000000015,40.0,7939.999999999827,7829.316999999827,target_mean,3,NEW_BULL_WAVE
AU_IDX,synthetic,2015-08-24 08:30:00,2015-08-24 08:30:00,SHORT,1,1112.0800000000002,1117.7857142857144,55.60400000000001,55.889285714285734,40.0,-5705.7142857142935,-5817.207571428579,stop,0,NEW_BULL_WAVE
AU_IDX,synthetic,2015-08-24 09:30:00,2015-08-24 10:00:00,SHORT,1,1117.28,1111.316,55.864000000000004,55.5658,40.0,5963.999999999942,5852.570199999942,target_mean,2,NEW_BULL_WAVE
AU_IDX,synthetic,2015-08-25 06:30:00,2015-08-25 08:00:00,SHORT,1,1146.7,1146.124,57.335,57.306200000000004,40.0,576.0000000000218,461.3588000000218,stop,6,NEW_BULL_WAVE
AU_IDX,synthetic,2015-08-25 09:00:00,2015-08-25 09:45:00,SHORT,1,1150.52,1157.4114285714286,57.526,57.87057142857144,40.0,-6891.428571428605,-7006.825142857177,stop,3,NEW_BULL_WAVE
AU_IDX,synthetic,2015-08-25 13:15:00,2015-08-25 14:45:00,SHORT,1,1167.1200000000001,1164.613,58.356000000000016,58.230650000000004,40.0,2507.000000000062,2390.4133500000617,target_mean,6,NEW_BULL_WAVE
AU_IDX,synthetic,2015-08-25 17:00:00,2015-08-25 18:00:00,SHORT,1,1182.48,1190.4148571428573,59.124,59.520742857142864,40.0,-7934.857142857254,-8053.501885714397,stop,4,NEW_BULL_WAVE
AU_IDX,synthetic,2015-08-26 01:00:00,2015-08-26 01:30:00,SHORT,1,1225.0800000000002,1224.6227142857144,61.25400000000001,61.23113571428573,40.0,457.2857142857174,334.80057857143163,stop,2,NEW_BULL_WAVE
AU_IDX,synthetic,2015-08-26 04:45:00,2015-08-26 06:45:00,SHORT,1,1227.06,1223.846,61.353,61.1923,40.0,3213.999999999942,3091.4546999999416,target_mean,8,NEW_BULL_WAVE
AU_IDX,synthetic,2015-08-26 14:45:00,2015-08-26 15:15:00,SHORT,1,1218.7,1218.44,60.935,60.922000000000004,40.0,259.9999999999909,138.1429999999909,stop,2,NEW_BULL_WAVE
AU_IDX,synthetic,2015-08-26 17:30:00,2015-08-26 17:45:00,SHORT,1,1221.0,1220.4042857142856,61.050000000000004,61.02021428571429,40.0,595.7142857143936,473.6440714286793,stop,1,NEW_BULL_WAVE
AU_IDX,synthetic,2015-08-26 23:45:00,2015-08-27 00:30:00,SHORT,1,1236.38,1235.7117142857144,61.819,61.785585714285716,40.0,668.2857142857301,544.6811285714444,stop,3,NEW_BULL_WAVE
AU_IDX,synthetic,2015-08-27 04:00:00,2015-08-27 04:00:00,SHORT,1,1248.98,1249.02,62.449000000000005,62.451,40.0,-39.99999999996362,-164.89999999996363,stop,0,NEW_BULL_WAVE
AU_IDX,synthetic,2015-08-27 09:45:00,2015-08-27 09:45:00,SHORT,1,1243.0,1237.2820000000002,62.150000000000006,61.864100000000015,40.0,5717.999999999847,5593.985899999848,target_mean,0,NEW_BULL_WAVE
AU_IDX,synthetic,2015-08-27 14:00:00,2015-08-27 14:45:00,SHORT,1,1249.68,1244.106,62.484,62.2053,40.0,5574.000000000069,5449.310700000069,target_mean,3,NEW_BULL_WAVE
AU_IDX,synthetic,2015-08-28 08:15:00,2015-08-28 08:15:00,SHORT,1,1269.8600000000001,1269.9,63.493000000000016,63.495000000000005,40.0,-39.99999999996362,-166.98799999996365,stop,0,NEW_BULL_WAVE
AU_IDX,synthetic,2015-08-28 11:00:00,2015-08-28 12:00:00,SHORT,1,1277.26,1271.864,63.863,63.5932,40.0,5395.999999999958,5268.543799999958,target_mean,4,NEW_BULL_WAVE
AU_IDX,synthetic,2015-08-28 13:00:00,2015-08-28 13:45:00,SHORT,1,1282.0800000000002,1289.5628571428574,64.10400000000001,64.47814285714288,40.0,-7482.857142857256,-7611.439285714399,stop,3,NEW_BULL_WAVE
AU_IDX,synthetic,2015-08-28 19:00:00,2015-08-28 19:30:00,SHORT,1,1325.28,1331.0457142857144,66.26400000000001,66.55228571428573,40.0,-5765.714285714466,-5898.530571428752,stop,2,NEW_BULL_WAVE
AU_IDX,synthetic,2015-08-28 20:00:00,2015-08-28 20:00:00,SHORT,1,1331.8400000000001,1331.88,66.59200000000001,66.59400000000001,40.0,-39.99999999996362,-173.18599999996366,stop,0,NEW_BULL_WAVE
AU_IDX,synthetic,2015-08-29 03:30:00,2015-08-29 03:45:00,SHORT,1,1328.26,1336.9285714285716,66.413,66.84642857142859,40.0,-8668.571428571568,-8801.830857142997,stop,1,NEW_BULL_WAVE
AU_IDX,synthetic,2015-08-29 16:00:00,2015-08-29 16:15:00,LONG,1,1329.76,1329.8,66.488,66.49000000000001,40.0,39.99999999996362,-92.97800000003639,stop,1,NEW_BULL_WAVE
AU_IDX,synthetic,2015-08-29 17:15:00,2015-08-29 17:45:00,LONG,1,1327.22,1333.6599999999999,66.361,66.68299999999999,40.0,6439.999999999827,6306.955999999827,target_mean,2,NEW_BULL_WAVE
AU_IDX,synthetic,2015-08-29 22:00:00,2015-08-29 22:00:00,LONG,1,1322.44,1314.237142857143,66.122,65.71185714285716,40.0,-8202.857142857056,-8334.690999999912,stop,0,NEW_BULL_WAVE
AU_IDX,synthetic,2015-08-29 23:15:00,2015-08-29 23:45:00,LONG,1,1303.3,1305.3514285714286,65.165,65.26757142857143,40.0,2051.428571428687,1920.9960000001156,stop,2,NEW_BULL_WAVE
AU_IDX,synthetic,2015-08-30 10:15:00,2015-08-30 10:15:00,SHORT,1,1316.48,1312.306,65.824,65.6153,40.0,4173.999999999978,4042.5606999999786,target_mean,0,NEW_BULL_WAVE
AU_IDX,synthetic,2015-08-30 21:45:00,2015-08-30 22:00:00,SHORT,1,1355.92,1355.2484285714286,67.796,67.76242142857143,40.0,671.5714285714967,536.0130071429252,stop,1,NEW_BULL_WAVE
AU_IDX,synthetic,2015-08-31 03:30:00,2015-08-31 03:30:00,SHORT,1,1344.18,1344.22,67.209,67.211,40.0,-39.99999999996362,-174.41999999996364,target_mean,0,NEW_BULL_WAVE
AU_IDX,synthetic,2015-08-31 05:00:00,2015-08-31 06:30:00,LONG,1,1330.94,1341.3010000000002,66.547,67.06505000000001,40.0,10361.000000000104,10227.387950000104,target_mean,6,NEW_BULL_WAVE
AU_IDX,synthetic,2015-08-31 21:30:00,2015-08-31 22:15:00,LONG,1,1325.92,1319.0542857142857,66.296,65.9527142857143,40.0,-6865.714285714375,-6997.96300000009,stop,3,NEW_BULL_WAVE
AU_IDX,synthetic,2015-09-01 04:15:00,2015-09-01 06:30:00,SHORT,1,1344.9,1352.3942857142856,67.245,67.61971428571428,40.0,-7494.285714285525,-7629.150428571239,stop,9,NEW_BULL_WAVE
AU_IDX,synthetic,2015-09-02 01:30:00,2015-09-02 01:45:00,SHORT,1,1424.28,1432.2257142857143,71.214,71.61128571428571,40.0,-7945.714285714303,-8088.539571428588,stop,1,NEW_BULL_WAVE
AU_IDX,synthetic,2015-09-02 02:30:00,2015-09-02 04:30:00,SHORT,1,1431.8,1443.4971428571428,71.59,72.17485714285714,40.0,-11697.142857142808,-11840.907714285666,stop,8,NEW_BULL_WAVE
AU_IDX,synthetic,2015-09-02 05:00:00,2015-09-02 06:15:00,SHORT,1,1451.32,1462.77,72.566,73.13850000000001,40.0,-11450.000000000045,-11595.704500000045,stop,5,NEW_BULL_WAVE
AU_IDX,synthetic,2015-09-02 08:45:00,2015-09-02 10:15:00,SHORT,1,1469.18,1462.1490000000001,73.459,73.10745,40.0,7030.999999999949,6884.433549999949,target_mean,6,NEW_BULL_WAVE
AU_IDX,synthetic,2015-09-02 21:00:00,2015-09-02 21:15:00,LONG,1,1454.6,1465.22,72.73,73.26100000000001,40.0,10620.000000000118,10474.009000000118,target_mean,1,NEW_BULL_WAVE
AU_IDX,synthetic,2015-09-02 23:00:00,2015-09-02 23:45:00,SHORT,1,1466.38,1462.954,73.319,73.1477,40.0,3426.0000000001583,3279.5333000001583,target_mean,3,NEW_BULL_WAVE
AU_IDX,synthetic,2015-09-03 04:30:00,2015-09-03 05:00:00,LONG,1,1431.98,1432.4,71.599,71.62,40.0,420.00000000007276,276.78100000007277,stop,2,NEW_BULL_WAVE
AU_IDX,synthetic,2015-09-03 16:00:00,2015-09-03 16:00:00,SHORT,1,1437.0800000000002,1437.1200000000001,71.85400000000001,71.85600000000001,40.0,-39.99999999996362,-183.70999999996366,stop,0,NEW_BULL_WAVE
AU_IDX,synthetic,2015-09-03 23:30:00,2015-09-04 01:00:00,SHORT,1,1437.1000000000001,1454.9,71.85500000000002,72.745,40.0,-17799.999999999956,-17944.599999999955,stop,6,NEW_BULL_WAVE
AU_IDX,synthetic,2015-09-04 01:30:00,2015-09-04 02:15:00,SHORT,1,1455.76,1455.1109999999999,72.788,72.75554999999999,40.0,649.0000000001146,503.4564500001146,stop,3,NEW_BULL_WAVE
AU_IDX,synthetic,2015-09-04 09:30:00,2015-09-04 10:15:00,LONG,1,1418.92,1404.1200000000001,70.946,70.20600000000002,40.0,-14799.999999999955,-14941.151999999955,stop,3,NEW_BULL_WAVE
AU_IDX,synthetic,2015-09-04 15:00:00,2015-09-04 15:15:00,LONG,1,1393.26,1379.5314285714285,69.663,68.97657142857142,40.0,-13728.571428571513,-13867.211000000085,stop,1,NEW_BULL_WAVE
AU_IDX,synthetic,2015-09-05 09:45:00,2015-09-05 10:00:00,SHORT,1,1386.3400000000001,1391.7857142857144,69.31700000000002,69.58928571428574,40.0,-5445.714285714303,-5584.620571428588,stop,1,NEW_BULL_WAVE
AU_IDX,synthetic,2015-09-05 23:45:00,2015-09-06 00:00:00,LONG,1,1391.56,1401.0590000000002,69.578,70.05295000000001,40.0,9499.000000000251,9359.369050000252,target_mean,1,NEW_BULL_WAVE
AU_IDX,synthetic,2015-09-06 01:45:00,2015-09-06 01:45:00,SHORT,1,1410.14,1415.96,70.507,70.798,40.0,-5819.999999999936,-5961.304999999936,stop,0,NEW_BULL_WAVE
AU_IDX,synthetic,2015-09-07 11:15:00,2015-09-07 12:15:00,LONG,1,1415.34,1408.0628571428572,70.76700000000001,70.40314285714287,40.0,-7277.142857142735,-7418.312999999877,stop,4,NEW_BULL_WAVE
AU_IDX,synthetic,2015-09-07 19:00:00,2015-09-07 19:45:00,LONG,1,1397.9,1398.4528571428573,69.89500000000001,69.92264285714286,40.0,552.8571428571922,413.0395000000494,stop,3,NEW_BULL_WAVE
AU_IDX,synthetic,2015-09-07 23:15:00,2015-09-08 00:30:00,LONG,1,1392.76,1381.808857142857,69.638,69.09044285714286,40.0,-10951.14285714294,-11089.871300000084,stop,5,NEW_BULL_WAVE
AU_IDX,synthetic,2015-09-08 06:15:00,2015-09-08 07:30:00,SHORT,1,1405.42,1412.7542857142857,70.271,70.63771428571428,40.0,-7334.28571428567,-7475.194428571384,stop,5,NEW_BULL_WAVE
AU_IDX,synthetic,2015-09-08 13:00:00,2015-09-08 14:00:00,LONG,1,1401.78,1405.9270000000001,70.089,70.29635000000002,40.0,4147.000000000162,4006.614650000162,target_mean,4,NEW_BULL_WAVE
AU_IDX,synthetic,2015-09-08 22:45:00,2015-09-08 23:00:00,LONG,1,1401.98,1391.0,70.099,69.55,40.0,-10980.000000000018,-11119.649000000018,stop,1,NEW_BULL_WAVE
AU_IDX,synthetic,2015-09-09 00:00:00,2015-09-09 00:45:00,LONG,1,1382.92,1373.6800000000003,69.146,68.68400000000001,40.0,-9239.999999999782,-9377.829999999782,stop,3,NEW_BULL_WAVE
AU_IDX,synthetic,2015-09-09 12:15:00,2015-09-09 13:45:00,SHORT,1,1391.1200000000001,1392.3,69.55600000000001,69.61500000000001,40.0,-1179.9999999998363,-1319.1709999998363,stop,6,NEW_BULL_WAVE
AU_IDX,synthetic,2015-09-09 19:00:00,2015-09-09 21:15:00,SHORT,1,1400.72,1400.159,70.036,70.00795000000001,40.0,560.9999999999218,420.9560499999218,stop,9,NEW_BULL_WAVE
AU_IDX,synthetic,2015-09-09 22:45:00,2015-09-09 23:00:00,SHORT,1,1404.82,1414.0765714285712,70.241,70.70382857142856,40.0,-9256.571428571306,-9397.516257142734,stop,1,NEW_BULL_WAVE
AU_IDX,synthetic,2015-09-10 12:00:00,2015-09-10 12:45:00,SHORT,1,1420.3400000000001,1419.6560000000002,71.01700000000001,70.98280000000001,40.0,683.9999999999691,542.000199999969,stop,3,NEW_BULL_WAVE
AU_IDX,synthetic,2015-09-10 17:15:00,2015-09-10 17:15:00,LONG,1,1407.96,1413.257,70.39800000000001,70.66285,40.0,5297.0000000000255,5155.939150000026,target_mean,0,NEW_BULL_WAVE
AU_IDX,synthetic,2015-09-10 19:45:00,2015-09-10 21:00:00,SHORT,1,1419.0800000000002,1429.4457142857143,70.95400000000002,71.47228571428572,40.0,-10365.714285714148,-10508.140571428434,stop,5,NEW_BULL_WAVE
AU_IDX,synthetic,2015-09-10 21:15:00,2015-09-10 21:45:00,SHORT,1,1426.02,1417.463,71.301,70.87315000000001,40.0,8557.000000000016,8414.825850000017,target_mean,2,NEW_BULL_WAVE
AU_IDX,synthetic,2015-09-11 04:15:00,2015-09-11 04:45:00,SHORT,1,1432.18,1441.5399999999997,71.60900000000001,72.077,40.0,-9359.999999999673,-9503.685999999672,stop,2,NEW_BULL_WAVE
AU_IDX,synthetic,2015-09-11 05:15:00,2015-09-11 07:00:00,SHORT,1,1440.32,1446.3771428571429,72.016,72.31885714285715,40.0,-6057.142857142935,-6201.477714285792,stop,7,NEW_BULL_WAVE
AU_IDX,synthetic,2015-09-11 08:00:00,2015-09-11 10:15:00,SHORT,1,1459.68,1467.3971428571429,72.98400000000001,73.36985714285716,40.0,-7717.14285714279,-7863.496714285647,stop,9,NEW_BULL_WAVE
AU_IDX,synthetic,2015-09-11 17:30:00,2015-09-11 18:45:00,LONG,1,1446.84,1440.397142857143,72.342,72.01985714285716,40.0,-6442.8571428568375,-6587.2189999996945,stop,5,NEW_BULL_WAVE
AU_IDX,synthetic,2015-09-11 23:00:00,2015-09-11 23:15:00,LONG,1,1420.48,1418.9,71.024,70.94500000000001,40.0,-1579.9999999999272,-1721.968999999927,stop,1,NEW_BULL_WAVE
AU_IDX,synthetic,2015-09-12 09:15:00,2015-09-12 09:30:00,LONG,1,1422.08,1422.8112857142858,71.104,71.14056428571429,40.0,731.285714285832,589.0411500001177,stop,1,NEW_BULL_WAVE
AU_IDX,synthetic,2015-09-12 10:30:00,2015-09-12 10:45:00,LONG,1,1413.84,1413.4,70.69200000000001,70.67,40.0,-439.9999999998272,-581.3619999998272,stop,1,NEW_BULL_WAVE
AU_IDX,synthetic,2015-09-12 14:30:00,2015-09-12 15:00:00,LONG,1,1408.2,1396.397142857143,70.41,69.81985714285716,40.0,-11802.857142856965,-11943.086999999821,stop,2,NEW_BULL_WAVE
AU_IDX,synthetic,2015-09-12 18:00:00,2015-09-12 19:30:00,LONG,1,1397.44,1399.777,69.872,69.98885,40.0,2336.999999999989,2197.139149999989,target_mean,6,NEW_BULL_WAVE
AU_IDX,synthetic,2015-09-13 04:45:00,2015-09-13 05:30:00,LONG,1,1387.28,1400.1480000000001,69.364,70.00740000000002,40.0,12868.000000000166,12728.628600000166,target_mean,3,NEW_BULL_WAVE
AU_IDX,synthetic,2015-09-13 06:30:00,2015-09-13 06:45:00,SHORT,1,1418.76,1430.0,70.938,71.5,40.0,-11240.00000000001,-11382.43800000001,stop,1,NEW_BULL_WAVE
AU_IDX,synthetic,2015-09-14 10:30:00,2015-09-14 10:45:00,LONG,1,1428.76,1418.6142857142859,71.438,70.9307142857143,40.0,-10145.71428571412,-10288.082999999835,stop,1,NEW_BULL_WAVE
AU_IDX,synthetic,2015-09-14 14:30:00,2015-09-14 15:45:00,LONG,1,1403.84,1394.0942857142857,70.19200000000001,69.70471428571429,40.0,-9745.714285714257,-9885.61099999997,stop,5,NEW_BULL_WAVE
AU_IDX,synthetic,2015-09-14 19:00:00,2015-09-14 19:15:00,LONG,1,1394.4,1399.874,69.72,69.9937,40.0,5473.999999999933,5334.286299999932,target_mean,1,NEW_BULL_WAVE
AU_IDX,synthetic,2015-09-14 23:00:00,2015-09-15 00:00:00,SHORT,1,1410.8400000000001,1403.346,70.54200000000002,70.1673,40.0,7494.000000000142,7353.290700000141,target_mean,4,NEW_BULL_WAVE
AU_IDX,synthetic,2015-09-15 22:00:00,2015-09-15 22:15:00,LONG,1,1377.28,1377.8575714285714,68.864,68.89287857142857,40.0,577.5714285714457,439.8145500000171,stop,1,NEW_BULL_WAVE
AU_IDX,synthetic,2015-09-16 08:45:00,2015-09-16 08:45:00,LONG,1,1368.9,1368.8600000000001,68.44500000000001,68.44300000000001,40.0,-39.99999999996362,-176.88799999996365,stop,0,NEW_BULL_WAVE
AU_IDX,synthetic,2015-09-16 11:45:00,2015-09-16 13:30:00,LONG,1,1360.8,1363.221,68.04,68.16105,40.0,2421.000000000049,2284.798950000049,target_mean,7,NEW_BULL_WAVE
AU_IDX,synthetic,2015-09-16 23:00:00,2015-09-16 23:30:00,SHORT,1,1386.5,1399.714,69.325,69.98570000000001,40.0,-13213.999999999942,-13353.310699999942,stop,2,NEW_BULL_WAVE
AU_IDX,synthetic,2015-09-17 05:30:00,2015-09-17 08:15:00,LONG,1,1368.52,1354.654285714286,68.426,67.73271428571431,40.0,-13865.71428571392,-14001.872999999634,stop,11,NEW_BULL_WAVE
AU_IDX,synthetic,2015-09-17 08:30:00,2015-09-17 09:00:00,LONG,1,1362.34,1371.22,68.117,68.561,40.0,8880.00000000011,8743.32200000011,target_mean,2,NEW_BULL_WAVE
AU_IDX,synthetic,2015-09-18 07:45:00,2015-09-18 07:45:00,LONG,1,1365.68,1365.64,68.284,68.282,40.0,-39.99999999996362,-176.56599999996362,stop,0,NEW_BULL_WAVE
AU_IDX,synthetic,2015-09-18 14:30:00,2015-09-18 16:15:00,LONG,1,1352.86,1342.2714285714285,67.643,67.11357142857142,40.0,-10588.571428571413,-10723.327999999985,stop,7,NEW_BULL_WAVE
AU_IDX,synthetic,2015-09-19 08:30:00,2015-09-19 10:15:00,SHORT,1,548.1,545.5350000000001,27.405,27.276750000000007,40.0,2564.999999999941,2510.3182499999407,target_mean,7,BULL_TREND
AU_IDX,synthetic,2015-09-19 18:00:00,2015-09-19 18:15:00,SHORT,1,554.0,551.949,27.700000000000003,27.597450000000002,40.0,2051.0000000000446,1995.7025500000445,target_mean,1,BULL_TREND
AU_IDX,synthetic,2015-09-19 23:15:00,2015-09-19 23:15:00,LONG,1,551.14,551.652,27.557000000000002,27.582600000000003,40.0,512.0000000000573,456.86040000005727,target_mean,0,BULL_TREND
AU_IDX,synthetic,2015-09-20 01:30:00,2015-09-20 01:30:00,LONG,1,547.8,550.446,27.39,27.5223,40.0,2646.000000000072,2591.087700000072,target_mean,0,BULL_TREND
AU_IDX,synthetic,2015-09-20 07:30:00,2015-09-20 08:30:00,SHORT,1,557.96,561.4457142857143,27.898,28.072285714285716,40.0,-3485.714285714266,-3541.684571428552,stop,4,BULL_TREND
AU_IDX,synthetic,2015-09-20 11:00:00,2015-09-20 11:15:00,SHORT,1,562.88,566.9217142857143,28.144000000000002,28.346085714285717,40.0,-4041.7142857143062,-4098.204371428592,stop,1,BULL_TREND
AU_IDX,synthetic,2015-09-20 12:00:00,2015-09-20 13:45:00,SHORT,1,566.5600000000001,570.3714285714285,28.328000000000007,28.518571428571427,40.0,-3811.4285714284506,-3868.275142857022,stop,7,BULL_TREND
AU_IDX,synthetic,2015-09-20 14:15:00,2015-09-20 15:15:00,SHORT,1,571.82,573.3,28.591,28.665000000000003,40.0,-1479.9999999999045,-1537.2559999999044,stop,4,BULL_TREND
AU_IDX,synthetic,2015-09-20 17:45:00,2015-09-20 18:30:00,SHORT,1,575.08,578.7800000000001,28.754,28.939000000000007,40.0,-3700.0000000000455,-3757.6930000000452,stop,3,BULL_TREND
AU_IDX,synthetic,2015-09-20 22:15:00,2015-09-21 00:30:00,SHORT,1,585.52,584.806,29.276,29.2403,40.0,713.9999999999418,655.4836999999418,target_mean,9,BULL_TREND
AU_IDX,synthetic,2015-09-21 03:00:00,2015-09-21 03:30:00,LONG,1,584.6,585.267,29.23,29.263350000000003,40.0,667.00000000003,608.50665000003,target_mean,2,BULL_TREND
AU_IDX,synthetic,2015-09-21 17:45:00,2015-09-21 17:45:00,LONG,1,598.64,601.914,29.932000000000002,30.0957,40.0,3274.000000000001,3213.9723000000013,target_mean,0,BULL_TREND
AU_IDX,synthetic,2015-09-21 19:15:00,2015-09-21 20:00:00,LONG,1,599.24,601.226,29.962,30.061300000000003,40.0,1985.99999999999,1925.97669999999,target_mean,3,BULL_TREND
AU_IDX,synthetic,2015-09-22 01:30:00,2015-09-22 01:45:00,LONG,1,595.8,592.8199999999999,29.790000000000003,29.640999999999995,40.0,-2980.000000000018,-3039.4310000000182,stop,1,BULL_TREND
AU_IDX,synthetic,2015-09-22 03:45:00,2015-09-22 05:00:00,LONG,1,591.22,594.7450000000001,29.561,29.737250000000007,40.0,3525.000000000091,3465.7017500000907,target_mean,5,BULL_TREND
AU_IDX,synthetic,2015-09-22 14:15:00,2015-09-22 14:30:00,SHORT,1,605.86,606.5,30.293000000000003,30.325000000000003,40.0,-639.9999999999864,-700.6179999999864,stop,1,BULL_TREND
AU_IDX,synthetic,2015-09-23 01:15:00,2015-09-23 01:30:00,SHORT,1,601.5,601.42,30.075000000000003,30.071,40.0,80.00000000004093,19.854000000040923,stop,1,BULL_TREND
AU_IDX,synthetic,2015-09-23 03:45:00,2015-09-23 04:30:00,SHORT,1,600.0400000000001,604.18,30.002000000000006,30.209000000000003,40.0,-4139.999999999873,-4200.210999999873,stop,3,BULL_TREND
AU_IDX,synthetic,2015-09-23 05:15:00,2015-09-23 05:15:00,SHORT,1,603.9200000000001,603.96,30.19600000000001,30.198,40.0,-39.99999999996362,-100.39399999996363,stop,0,BULL_TREND
AU_IDX,synthetic,2015-09-23 11:15:00,2015-09-23 12:00:00,SHORT,1,607.1800000000001,611.7485714285714,30.35900000000001,30.58742857142857,40.0,-4568.5714285713175,-4629.517857142747,stop,3,BULL_TREND
AU_IDX,synthetic,2015-09-23 13:15:00,2015-09-23 13:45:00,SHORT,1,609.08,608.8462857142857,30.454,30.442314285714286,40.0,233.71428571431352,172.81797142859924,stop,2,BULL_TREND
AU_IDX,synthetic,2015-09-23 16:45:00,2015-09-23 17:30:00,SHORT,1,619.2800000000001,623.7114285714287,30.964000000000006,31.185571428571432,40.0,-4431.428571428569,-4493.57814285714,stop,3,BULL_TREND
AU_IDX,synthetic,2015-09-24 10:15:00,2015-09-24 11:00:00,LONG,1,618.48,618.6944285714286,30.924000000000003,30.934721428571432,40.0,214.4285714285843,152.56985000001285,stop,3,BULL_TREND
AU_IDX,synthetic,2015-09-24 15:30:00,2015-09-24 16:45:00,LONG,1,612.92,610.3028571428572,30.646,30.51514285714286,40.0,-2617.142857142767,-2678.30399999991,stop,5,BULL_TREND
AU_IDX,synthetic,2015-09-24 21:45:00,2015-09-24 22:30:00,LONG,1,606.74,603.5285714285716,30.337,30.17642857142858,40.0,-3211.428571428428,-3271.9419999998563,stop,3,BULL_TREND
AU_IDX,synthetic,2015-09-24 22:45:00,2015-09-24 23:45:00,LONG,1,604.68,604.9558571428571,30.234,30.247792857142855,40.0,275.8571428571486,215.3753500000057,stop,4,BULL_TREND
AU_IDX,synthetic,2015-09-25 13:45:00,2015-09-25 13:45:00,LONG,1,605.8,601.5914285714285,30.290000000000003,30.079571428571427,40.0,-4208.5714285714175,-4268.940999999989,stop,0,BULL_TREND
AU_IDX,synthetic,2015-09-26 02:45:00,2015-09-26 03:30:00,LONG,1,590.3,590.5067142857142,29.515,29.52533571428571,40.0,206.71428571426986,147.67394999998416,stop,3,BULL_TREND
AU_IDX,synthetic,2015-09-26 04:45:00,2015-09-26 05:00:00,LONG,1,589.1,583.22,29.455000000000002,29.161,40.0,-5879.999999999995,-5938.615999999995,stop,1,BULL_TREND
AU_IDX,synthetic,2015-09-26 07:30:00,2015-09-26 08:00:00,LONG,1,582.2,579.1771428571428,29.110000000000003,28.958857142857145,40.0,-3022.8571428572195,-3080.926000000077,stop,2,BULL_TREND
AU_IDX,synthetic,2015-09-26 09:00:00,2015-09-26 10:00:00,LONG,1,581.36,577.5317142857143,29.068,28.876585714285717,40.0,-3828.2857142856983,-3886.2302999999843,stop,4,BULL_TREND
AU_IDX,synthetic,2015-09-26 13:30:00,2015-09-26 14:30:00,LONG,1,565.3,568.0150000000001,28.265,28.400750000000006,40.0,2715.0000000001455,2658.334250000146,target_mean,4,BULL_TREND
AU_IDX,synthetic,2015-09-26 18:00:00,2015-09-26 19:30:00,SHORT,1,577.36,579.8628571428571,28.868000000000002,28.99314285714286,40.0,-2502.857142857124,-2560.718285714267,stop,6,BULL_TREND
AU_IDX,synthetic,2015-09-26 21:45:00,2015-09-26 22:00:00,SHORT,1,581.2800000000001,582.28,29.064000000000007,29.114,40.0,-999.9999999998863,-1058.1779999998864,stop,1,BULL_TREND
AU_IDX,synthetic,2015-09-26 23:45:00,2015-09-27 01:00:00,SHORT,1,586.5600000000001,582.4399999999999,29.328000000000007,29.121999999999996,40.0,4120.000000000118,4061.5500000001184,target_mean,5,BULL_TREND
AU_IDX,synthetic,2015-09-27 12:45:00,2015-09-27 12:45:00,SHORT,1,583.6,583.45,29.18,29.172500000000003,40.0,149.99999999997726,91.64749999997726,target_mean,0,BULL_TREND
AU_IDX,synthetic,2015-09-27 18:45:00,2015-09-27 19:45:00,LONG,1,582.6,583.854,29.130000000000003,29.192700000000002,40.0,1254.000000000019,1195.677300000019,target_mean,4,BULL_TREND
AU_IDX,synthetic,2015-09-27 21:00:00,2015-09-27 23:15:00,LONG,1,578.62,575.9342857142857,28.931,28.796714285714284,40.0,-2685.7142857143117,-2743.442000000026,stop,9,BULL_TREND
AU_IDX,synthetic,2015-09-28 03:15:00,2015-09-28 03:45:00,LONG,1,567.42,572.7320000000001,28.371000000000002,28.63660000000001,40.0,5312.0000000001255,5254.992400000126,target_mean,2,BULL_TREND
AU_IDX,synthetic,2015-09-28 11:30:00,2015-09-28 12:00:00,LONG,1,574.92,570.9685714285714,28.746000000000002,28.54842857142857,40.0,-3951.4285714285506,-4008.7229999999795,stop,2,BULL_TREND
AU_IDX,synthetic,2015-09-28 15:30:00,2015-09-28 16:15:00,LONG,1,567.22,564.517142857143,28.361,28.225857142857148,40.0,-2702.857142857056,-2759.4439999999126,stop,3,BULL_TREND
AU_IDX,synthetic,2015-09-28 19:15:00,2015-09-28 19:30:00,LONG,1,562.34,562.4775714285714,28.117,28.123878571428577,40.0,137.57142857139115,81.33054999996257,stop,1,BULL_TREND
AU_IDX,synthetic,2015-09-28 20:15:00,2015-09-28 20:30:00,LONG,1,561.16,559.0714285714286,28.058,27.95357142857143,40.0,-2088.571428571413,-2144.5829999999846,stop,1,BULL_TREND
AU_IDX,synthetic,2015-09-28 21:15:00,2015-09-28 21:15:00,LONG,1,561.7,562.1940000000001,28.085,28.109700000000007,40.0,494.0000000000282,437.8053000000282,target_mean,0,BULL_TREND
AU_IDX,synthetic,2015-09-29 12:30:00,2015-09-29 15:30:00,SHORT,1,565.0,565.4660000000001,28.25,28.273300000000006,40.0,-466.0000000001219,-522.5233000001219,target_mean,12,BULL_TREND
AU_IDX,synthetic,2015-09-29 20:00:00,2015-09-29 21:00:00,LONG,1,564.4,565.611,28.220000000000002,28.28055,40.0,1211.0000000000127,1154.4994500000128,target_mean,4,BULL_TREND
AU_IDX,synthetic,2015-09-30 12:45:00,2015-09-30 12:45:00,SHORT,1,570.0400000000001,570.08,28.502000000000006,28.504,40.0,-39.99999999996362,-97.00599999996363,stop,0,BULL_TREND
AU_IDX,synthetic,2015-09-30 13:45:00,2015-09-30 14:15:00,SHORT,1,571.2,570.9961428571429,28.560000000000002,28.549807142857148,40.0,203.85714285714585,146.74733571428868,stop,2,BULL_TREND
AU_IDX,synthetic,2015-09-30 21:00:00,2015-09-30 21:30:00,SHORT,1,581.6,584.2485714285715,29.080000000000002,29.212428571428575,40.0,-2648.571428571472,-2706.8638571429005,stop,2,BULL_TREND
AU_IDX,synthetic,2015-09-30 23:45:00,2015-10-01 01:15:00,SHORT,1,585.5,583.202,29.275000000000002,29.1601,40.0,2298.000000000002,2239.5649000000017,target_mean,6,BULL_TREND
AU_IDX,synthetic,2015-10-01 18:00:00,2015-10-01 20:00:00,SHORT,1,605.94,605.6951428571429,30.297,30.284757142857142,40.0,244.8571428571995,184.27538571434238,stop,8,BULL_TREND
AU_IDX,synthetic,2015-10-01 22:15:00,2015-10-01 22:45:00,SHORT,1,609.34,612.3171428571429,30.467000000000002,30.61585714285715,40.0,-2977.142857142894,-3038.2257142857516,stop,2,BULL_TREND
AU_IDX,synthetic,2015-10-01 23:15:00,2015-10-02 00:15:00,SHORT,1,610.9200000000001,614.9462857142858,30.546000000000006,30.747314285714292,40.0,-4026.2857142856774,-4087.5790285713915,stop,4,BULL_TREND
AU_IDX,synthetic,2015-10-02 08:00:00,2015-10-02 08:15:00,LONG,1,601.5,601.7497142857143,30.075000000000003,30.087485714285716,40.0,249.71428571427623,189.55179999999052,stop,1,BULL_TREND
AU_IDX,synthetic,2015-10-02 13:00:00,2015-10-02 15:30:00,SHORT,1,611.1800000000001,609.912,30.559000000000008,30.495600000000003,40.0,1268.000000000029,1206.9454000000292,target_mean,10,BULL_TREND
AU_IDX,synthetic,2015-10-02 16:30:00,2015-10-02 16:30:00,SHORT,1,615.22,615.26,30.761000000000003,30.763,40.0,-39.99999999996362,-101.52399999996362,stop,0,BULL_TREND
AU_IDX,synthetic,2015-10-02 18:00:00,2015-10-02 19:00:00,SHORT,1,617.82,621.6057142857142,30.891000000000002,31.08028571428571,40.0,-3785.714285714107,-3847.685571428393,stop,4,BULL_TREND
AU_IDX,synthetic,2015-10-03 00:15:00,2015-10-03 00:45:00,SHORT,1,628.9,624.2239999999999,31.445,31.211199999999995,40.0,4676.000000000045,4613.343800000045,target_mean,2,BULL_TREND
AU_IDX,synthetic,2015-10-03 05:15:00,2015-10-03 06:30:00,LONG,1,620.02,621.942,31.001,31.0971,40.0,1922.0000000000255,1859.9019000000255,target_mean,5,BULL_TREND
AU_IDX,synthetic,2015-10-04 01:00:00,2015-10-04 04:30:00,SHORT,1,631.32,633.14,31.566000000000003,31.657,40.0,-1819.9999999999363,-1883.2229999999363,time_stop,14,BULL_TREND
AU_IDX,synthetic,2015-10-04 09:15:00,2015-10-04 09:15:00,LONG,1,632.42,634.3570000000001,31.621000000000002,31.717850000000006,40.0,1937.0000000001255,1873.6611500001254,target_mean,0,BULL_TREND
AU_IDX,synthetic,2015-10-04 12:00:00,2015-10-04 12:00:00,SHORT,1,634.76,634.513,31.738000000000003,31.72565,40.0,246.99999999995725,183.53634999995725,target_mean,0,BULL_TREND
AU_IDX,synthetic,2015-10-04 13:30:00,2015-10-04 13:30:00,LONG,1,639.14,639.1,31.957,31.955000000000002,40.0,-39.99999999996362,-103.91199999996361,target_mean,0,BULL_TREND
AU_IDX,synthetic,2015-10-04 14:45:00,2015-10-04 16:15:00,SHORT,1,639.32,643.3428571428572,31.966,32.167142857142856,40.0,-4022.857142857106,-4086.990285714249,stop,6,BULL_TREND
AU_IDX,synthetic,2015-10-04 23:30:00,2015-10-05 00:45:00,SHORT,1,651.48,654.8399999999999,32.574,32.742,40.0,-3359.9999999999,-3425.3159999999,stop,5,BULL_TREND
AU_IDX,synthetic,2015-10-05 01:15:00,2015-10-05 02:15:00,SHORT,1,653.08,649.525,32.654,32.47625,40.0,3555.0000000000637,3489.8697500000635,target_mean,4,BULL_TREND
AU_IDX,synthetic,2015-10-05 09:30:00,2015-10-05 10:00:00,LONG,1,643.12,638.8800000000001,32.156,31.944000000000006,40.0,-4239.999999999895,-4304.099999999896,stop,2,BULL_TREND
AU_IDX,synthetic,2015-10-05 13:00:00,2015-10-05 14:15:00,SHORT,1,646.4200000000001,652.6294285714287,32.321000000000005,32.63147142857143,40.0,-6209.428571428589,-6274.3810428571605,stop,5,BULL_TREND
AU_IDX,synthetic,2015-10-06 02:30:00,2015-10-06 03:15:00,LONG,1,655.16,651.26,32.758,32.563,40.0,-3899.9999999999773,-3965.320999999977,stop,3,BULL_TREND
AU_IDX,synthetic,2015-10-06 03:45:00,2015-10-06 04:15:00,LONG,1,655.04,658.27,32.752,32.9135,40.0,3230.000000000018,3164.334500000018,target_mean,2,BULL_TREND
AU_IDX,synthetic,2015-10-07 10:00:00,2015-10-07 11:30:00,LONG,1,637.14,633.4200000000001,31.857000000000003,31.671000000000006,40.0,-3719.9999999999136,-3783.5279999999134,stop,6,BULL_TREND
AU_IDX,synthetic,2015-10-07 12:00:00,2015-10-07 12:45:00,LONG,1,632.68,628.4028571428572,31.634,31.42014285714286,40.0,-4277.142857142735,-4340.196999999878,stop,3,BULL_TREND
AU_IDX,synthetic,2015-10-07 13:15:00,2015-10-07 14:00:00,LONG,1,630.12,626.2600000000001,31.506,31.313000000000006,40.0,-3859.9999999999,-3922.8189999999,stop,3,BULL_TREND
AU_IDX,synthetic,2015-10-07 14:15:00,2015-10-07 14:45:00,LONG,1,626.86,622.2771428571428,31.343,31.113857142857142,40.0,-4582.857142857165,-4645.314000000022,stop,2,BULL_TREND
AU_IDX,synthetic,2015-10-07 16:45:00,2015-10-07 18:00:00,LONG,1,619.96,623.2180000000001,30.998,31.16090000000001,40.0,3258.000000000038,3195.8411000000383,target_mean,5,BULL_TREND
AU_IDX,synthetic,2015-10-07 20:30:00,2015-10-07 22:15:00,SHORT,1,631.86,635.7971428571428,31.593,31.789857142857144,40.0,-3937.142857142817,-4000.525714285674,stop,7,BULL_TREND
AU_IDX,synthetic,2015-10-07 22:45:00,2015-10-07 23:45:00,SHORT,1,635.6800000000001,638.7857142857143,31.784000000000006,31.939285714285717,40.0,-3105.7142857142708,-3169.4375714285566,stop,4,BULL_TREND
AU_IDX,synthetic,2015-10-08 00:30:00,2015-10-08 01:30:00,SHORT,1,640.52,634.06,32.026,31.703000000000003,40.0,6460.000000000036,6396.271000000036,target_mean,4,BULL_TREND
AU_IDX,synthetic,2015-10-08 01:45:00,2015-10-08 01:45:00,SHORT,1,634.36,634.4,31.718,31.720000000000002,40.0,-39.99999999996362,-103.43799999996362,target_mean,0,BULL_TREND
AU_IDX,synthetic,2015-10-08 06:15:00,2015-10-08 06:30:00,SHORT,1,640.1,639.8595714285715,32.005,31.992978571428576,40.0,240.4285714285379,176.43059285710933,stop,1,BULL_TREND
AU_IDX,synthetic,2015-10-09 00:45:00,2015-10-09 01:30:00,SHORT,1,646.62,644.213,32.331,32.21065,40.0,2407.000000000039,2342.458350000039,target_mean,3,BULL_TREND
AU_IDX,synthetic,2015-10-09 18:45:00,2015-10-09 19:30:00,LONG,1,631.14,626.8514285714285,31.557000000000002,31.34257142857143,40.0,-4288.5714285714585,-4351.47100000003,stop,3,BULL_TREND
AU_IDX,synthetic,2015-10-09 22:30:00,2015-10-09 22:30:00,LONG,1,619.82,616.1714285714287,30.991000000000003,30.808571428571433,40.0,-3648.5714285713584,-3710.3709999999296,stop,0,BULL_TREND
AU_IDX,synthetic,2015-10-09 23:30:00,2015-10-10 00:45:00,LONG,1,611.48,611.8104285714286,30.574,30.590521428571435,40.0,330.42857142856974,269.2640499999983,stop,5,BULL_TREND
AU_IDX,synthetic,2015-10-10 01:30:00,2015-10-10 03:30:00,LONG,1,607.88,610.6020000000001,30.394000000000002,30.530100000000008,40.0,2722.0000000000937,2661.075900000094,target_mean,8,BULL_TREND
AU_IDX,synthetic,2015-10-10 08:15:00,2015-10-10 09:00:00,LONG,1,606.64,608.4540000000001,30.332,30.422700000000006,40.0,1814.0000000000782,1753.245300000078,target_mean,3,BULL_TREND
AU_IDX,synthetic,2015-10-10 11:00:00,2015-10-10 14:15:00,LONG,1,600.62,602.4280000000001,30.031000000000002,30.12140000000001,40.0,1808.0000000001064,1747.8476000001065,target_mean,13,BULL_TREND
AU_IDX,synthetic,2015-10-10 16:00:00,2015-10-10 17:15:00,LONG,1,591.48,596.6410000000001,29.574,29.832050000000006,40.0,5161.000000000058,5101.593950000059,target_mean,5,BULL_TREND
AU_IDX,synthetic,2015-10-11 05:00:00,2015-10-11 05:45:00,SHORT,1,600.62,603.6571428571428,30.031000000000002,30.182857142857145,40.0,-3037.1428571428396,-3097.356714285697,stop,3,BULL_TREND
AU_IDX,synthetic,2015-10-11 10:30:00,2015-10-11 12:30:00,LONG,1,594.24,590.8314285714287,29.712,29.541571428571434,40.0,-3408.5714285713493,-3467.8249999999207,stop,8,BULL_TREND
AU_IDX,synthetic,2015-10-11 13:30:00,2015-10-11 13:30:00,LONG,1,588.26,585.1485714285716,29.413,29.25742857142858,40.0,-3111.428571428405,-3170.0989999998337,stop,0,BULL_TREND
AU_IDX,synthetic,2015-10-11 22:00:00,2015-10-11 22:00:00,SHORT,1,587.96,588.0,29.398,29.400000000000002,40.0,-39.99999999996362,-98.79799999996362,target_mean,0,BULL_TREND
AU_IDX,synthetic,2015-10-12 08:15:00,2015-10-12 09:00:00,SHORT,1,592.34,594.9371428571429,29.617,29.74685714285715,40.0,-2597.1428571428987,-2656.506714285756,stop,3,BULL_TREND
AU_IDX,synthetic,2015-10-12 11:00:00,2015-10-12 13:15:00,SHORT,1,597.9200000000001,602.6085714285714,29.896000000000008,30.13042857142857,40.0,-4688.571428571322,-4748.59785714275,stop,9,BULL_TREND
AU_IDX,synthetic,2015-10-12 13:45:00,2015-10-12 15:45:00,SHORT,1,602.6600000000001,605.6628571428571,30.133000000000006,30.283142857142852,40.0,-3002.8571428570103,-3063.273285714153,stop,8,BULL_TREND
AU_IDX,synthetic,2015-10-12 16:15:00,2015-10-12 17:00:00,SHORT,1,606.84,602.9449999999999,30.342000000000002,30.147249999999996,40.0,3895.0000000000955,3834.5107500000954,target_mean,3,BULL_TREND
AU_IDX,synthetic,2015-10-13 02:45:00,2015-10-13 04:00:00,SHORT,1,611.7,615.38,30.585,30.769000000000002,40.0,-3679.99999999995,-3741.35399999995,stop,5,BULL_TREND
AU_IDX,synthetic,2015-10-13 05:00:00,2015-10-13 05:15:00,SHORT,1,614.34,612.0989999999999,30.717000000000002,30.604949999999995,40.0,2241.000000000099,2179.678050000099,target_mean,1,BULL_TREND
AU_IDX,synthetic,2015-10-13 08:15:00,2015-10-13 09:15:00,SHORT,1,620.4,617.244,31.020000000000003,30.8622,40.0,3155.999999999949,3094.117799999949,target_mean,4,BULL_TREND
AU_IDX,synthetic,2015-10-13 20:45:00,2015-10-13 20:45:00,SHORT,1,632.46,632.5,31.623,31.625,40.0,-39.99999999996362,-103.24799999996362,stop,0,BULL_TREND
AU_IDX,synthetic,2015-10-13 22:00:00,2015-10-13 22:00:00,SHORT,1,635.6,635.64,31.78,31.782,40.0,-39.99999999996362,-103.56199999996362,stop,0,BULL_TREND
AU_IDX,synthetic,2015-10-14 07:00:00,2015-10-14 07:45:00,LONG,1,608.3,610.711,30.415000000000003,30.53555,40.0,2411.000000000058,2350.049450000058,target_mean,3,BULL_TREND
AU_IDX,synthetic,2015-10-14 10:45:00,2015-10-14 11:00:00,SHORT,1,613.6600000000001,610.227,30.683000000000007,30.51135,40.0,3433.0000000001064,3371.805650000106,target_mean,1,BULL_TREND
AU_IDX,synthetic,2015-10-14 12:00:00,2015-10-14 12:45:00,SHORT,1,613.64,618.226857142857,30.682000000000002,30.911342857142852,40.0,-4586.85714285707,-4648.450485714213,stop,3,BULL_TREND
AU_IDX,synthetic,2015-10-14 15:30:00,2015-10-14 15:30:00,SHORT,1,627.9,627.9399999999999,31.395000000000003,31.396999999999995,40.0,-39.99999999996362,-102.79199999996362,stop,0,BULL_TREND
AU_IDX,synthetic,2015-10-14 17:15:00,2015-10-14 17:15:00,SHORT,1,625.2800000000001,621.943,31.264000000000006,31.097150000000003,40.0,3337.000000000103,3274.6388500001026,target_mean,0,BULL_TREND
AU_IDX,synthetic,2015-10-14 22:00:00,2015-10-14 22:00:00,SHORT,1,629.1,629.14,31.455000000000002,31.457,40.0,-39.99999999996362,-102.91199999996363,stop,0,BULL_TREND
AU_IDX,synthetic,2015-10-15 13:15:00,2015-10-15 13:30:00,LONG,1,615.28,611.2857142857143,30.764000000000003,30.564285714285717,40.0,-3994.2857142856383,-4055.613999999924,stop,1,BULL_TREND
AU_IDX,synthetic,2015-10-15 14:15:00,2015-10-15 15:00:00,LONG,1,609.9399999999999,615.5930000000001,30.496999999999996,30.779650000000007,40.0,5653.000000000134,5591.723350000133,target_mean,3,BULL_TREND
AU_IDX,synthetic,2015-10-16 00:15:00,2015-10-16 02:00:00,LONG,1,606.76,610.478,30.338,30.5239,40.0,3717.999999999961,3657.1380999999606,target_mean,7,BULL_TREND
AU_IDX,synthetic,2015-10-16 03:15:00,2015-10-16 04:00:00,LONG,1,599.8,595.1102857142856,29.990000000000002,29.755514285714284,40.0,-4689.714285714331,-4749.459800000045,stop,3,BULL_TREND
AU_IDX,synthetic,2015-10-16 04:45:00,2015-10-16 05:30:00,LONG,1,594.88,594.6800000000001,29.744,29.73400000000001,40.0,-199.9999999999318,-259.4779999999318,stop,3,BULL_TREND
AU_IDX,synthetic,2015-10-16 15:15:00,2015-10-16 17:00:00,SHORT,1,600.76,597.972,30.038,29.898600000000002,40.0,2788.000000000011,2728.063400000011,target_mean,7,BULL_TREND
AU_IDX,synthetic,2015-10-16 22:45:00,2015-10-16 23:00:00,SHORT,1,606.6600000000001,609.0457142857144,30.333000000000006,30.452285714285722,40.0,-2385.714285714357,-2446.499571428643,stop,1,BULL_TREND
AU_IDX,synthetic,2015-10-17 02:45:00,2015-10-17 02:45:00,SHORT,1,607.9,606.87,30.395000000000003,30.343500000000002,40.0,1029.9999999999727,969.2614999999728,target_mean,0,BULL_TREND
AU_IDX,synthetic,2015-10-17 04:45:00,2015-10-17 06:30:00,SHORT,1,612.98,619.0171428571429,30.649,30.950857142857142,40.0,-6037.14285714284,-6098.742714285697,stop,7,BULL_TREND
AU_IDX,synthetic,2015-10-18 02:30:00,2015-10-18 02:45:00,SHORT,1,613.58,613.42,30.679000000000002,30.671000000000003,40.0,160.00000000008185,98.65000000008185,stop,1,BULL_TREND
AU_IDX,synthetic,2015-10-18 04:30:00,2015-10-18 05:45:00,SHORT,1,616.74,621.2542857142857,30.837,31.062714285714293,40.0,-4514.285714285734,-4576.185428571449,stop,5,BULL_TREND
AU_IDX,synthetic,2015-10-18 11:15:00,2015-10-18 11:15:00,LONG,1,609.9399999999999,609.9,30.496999999999996,30.495,40.0,-39.99999999996362,-100.99199999996362,stop,0,BULL_TREND
AU_IDX,synthetic,2015-10-19 04:45:00,2015-10-19 05:45:00,SHORT,1,625.98,628.4628571428572,31.299000000000003,31.42314285714286,40.0,-2482.857142857142,-2545.579285714285,stop,4,BULL_TREND
AU_IDX,synthetic,2015-10-19 12:45:00,2015-10-19 14:15:00,SHORT,1,627.1,631.3428571428572,31.355,31.56714285714286,40.0,-4242.857142857133,-4305.779285714276,stop,6,BULL_TREND
AU_IDX,synthetic,2015-10-19 17:45:00,2015-10-19 18:00:00,SHORT,1,636.1,631.793,31.805000000000003,31.589650000000002,40.0,4307.000000000016,4243.605350000016,target_mean,1,BULL_TREND
AU_IDX,synthetic,2015-10-19 21:15:00,2015-10-19 21:45:00,SHORT,1,637.86,641.7685714285714,31.893,32.08842857142857,40.0,-3908.5714285713493,-3972.552857142778,stop,2,BULL_TREND
AU_IDX,synthetic,2015-10-20 04:30:00,2015-10-20 05:00:00,LONG,1,621.72,621.64,31.086000000000002,31.082,40.0,-80.00000000004093,-142.16800000004093,stop,2,BULL_TREND
AU_IDX,synthetic,2015-10-20 05:45:00,2015-10-20 05:45:00,LONG,1,624.0,623.96,31.200000000000003,31.198,40.0,-39.99999999996362,-102.39799999996362,stop,0,BULL_TREND
AU_IDX,synthetic,2015-10-20 13:00:00,2015-10-20 13:15:00,SHORT,1,632.96,636.32,31.648000000000003,31.816000000000003,40.0,-3360.0000000000136,-3423.4640000000136,stop,1,BULL_TREND
AU_IDX,synthetic,2015-10-20 14:15:00,2015-10-20 14:30:00,SHORT,1,637.74,642.3142857142857,31.887,32.11571428571428,40.0,-4574.285714285679,-4638.2884285713935,stop,1,BULL_TREND
AU_IDX,synthetic,2015-10-20 21:30:00,2015-10-20 22:45:00,LONG,1,638.66,642.812,31.933,32.1406,40.0,4152.000000000044,4087.9264000000435,target_mean,5,BULL_TREND
AU_IDX,synthetic,2015-10-21 04:30:00,2015-10-21 05:00:00,SHORT,1,644.24,641.5930000000001,32.212,32.07965000000001,40.0,2646.9999999999345,2582.7083499999344,target_mean,2,BULL_TREND
AU_IDX,synthetic,2015-10-21 06:00:00,2015-10-21 07:30:00,SHORT,1,646.5400000000001,645.065,32.327000000000005,32.25325,40.0,1475.0000000000227,1410.4197500000228,target_mean,6,BULL_TREND
AU_IDX,synthetic,2015-10-21 08:45:00,2015-10-21 09:00:00,SHORT,1,649.58,654.44,32.479,32.722,40.0,-4860.000000000014,-4925.201000000014,stop,1,BULL_TREND
AU_IDX,synthetic,2015-10-21 14:00:00,2015-10-21 15:30:00,SHORT,1,657.9,657.6012857142857,32.895,32.88006428571428,40.0,298.7142857142544,232.93922142854012,stop,6,BULL_TREND
AU_IDX,synthetic,2015-10-21 17:45:00,2015-10-21 18:45:00,SHORT,1,663.2,668.2142857142857,33.160000000000004,33.410714285714285,40.0,-5014.28571428562,-5080.856428571335,stop,4,BULL_TREND
AU_IDX,synthetic,2015-10-21 22:15:00,2015-10-21 22:30:00,SHORT,1,675.02,668.54,33.751000000000005,33.427,40.0,6480.000000000018,6412.822000000018,target_mean,1,BULL_TREND
AU_IDX,synthetic,2015-10-22 04:15:00,2015-10-22 04:15:00,SHORT,1,672.14,667.135,33.607,33.35675,40.0,5004.999999999995,4938.036249999996,target_mean,0,BULL_TREND
AU_IDX,synthetic,2015-10-22 06:45:00,2015-10-22 09:00:00,SHORT,1,675.88,673.1020000000001,33.794000000000004,33.655100000000004,40.0,2777.9999999999063,2710.5508999999065,target_mean,9,BULL_TREND
AU_IDX,synthetic,2015-10-22 21:15:00,2015-10-23 00:45:00,SHORT,1,676.6,674.039,33.83,33.701950000000004,40.0,2561.0000000000355,2493.4680500000354,target_mean,14,BULL_TREND
AU_IDX,synthetic,2015-10-23 14:30:00,2015-10-23 15:45:00,LONG,1,638.92,641.197,31.946,32.059850000000004,40.0,2277.0000000000437,2212.9941500000436,target_mean,5,BULL_TREND
AU_IDX,synthetic,2015-10-23 16:30:00,2015-10-23 17:15:00,LONG,1,636.0,639.2819999999999,31.8,31.964099999999995,40.0,3281.9999999999254,3218.235899999925,target_mean,3,BULL_TREND
AU_IDX,synthetic,2015-10-24 05:45:00,2015-10-24 07:00:00,SHORT,1,646.74,650.1514285714285,32.337,32.507571428571424,40.0,-3411.4285714284733,-3476.2731428570446,stop,5,BULL_TREND
AU_IDX,synthetic,2015-10-24 22:30:00,2015-10-25 00:15:00,SHORT,1,662.34,668.2742857142857,33.117000000000004,33.413714285714285,40.0,-5934.285714285693,-6000.816428571407,stop,7,BULL_TREND
AU_IDX,synthetic,2015-10-25 08:30:00,2015-10-25 09:30:00,SHORT,1,668.6600000000001,667.4730000000001,33.43300000000001,33.373650000000005,40.0,1187.0000000000118,1120.1933500000118,target_mean,4,BULL_TREND
AU_IDX,synthetic,2015-10-25 19:45:00,2015-10-25 20:00:00,SHORT,1,672.8000000000001,666.229,33.64000000000001,33.31145,40.0,6571.000000000026,6504.048550000026,target_mean,1,BULL_TREND
AU_IDX,synthetic,2015-10-26 00:15:00,2015-10-26 02:00:00,LONG,1,657.0,652.3542857142858,32.85,32.61771428571429,40.0,-4645.714285714234,-4711.181999999949,stop,7,BULL_TREND
AU_IDX,synthetic,2015-10-26 03:30:00,2015-10-26 04:30:00,LONG,1,651.7,655.278,32.585,32.7639,40.0,3577.9999999999745,3512.6510999999746,target_mean,4,BULL_TREND
AU_IDX,synthetic,2015-10-26 06:30:00,2015-10-26 07:15:00,LONG,1,647.78,648.0041428571428,32.389,32.40020714285714,40.0,224.14285714285143,159.35364999999427,stop,3,BULL_TREND
AU_IDX,synthetic,2015-10-26 12:30:00,2015-10-26 13:00:00,LONG,1,644.34,644.6005714285715,32.217,32.230028571428576,40.0,260.57142857143845,196.12440000000987,stop,2,BULL_TREND
AU_IDX,synthetic,2015-10-27 02:45:00,2015-10-27 04:15:00,LONG,1,619.8,616.4028571428571,30.990000000000002,30.820142857142855,40.0,-3397.1428571428532,-3458.952999999996,stop,6,BULL_TREND
AU_IDX,synthetic,2015-10-27 04:30:00,2015-10-27 04:45:00,LONG,1,616.12,615.44,30.806,30.772000000000002,40.0,-679.99999999995,-741.5779999999501,stop,1,BULL_TREND
AU_IDX,synthetic,2015-10-27 12:30:00,2015-10-27 12:45:00,LONG,1,610.66,606.6571428571428,30.533,30.332857142857144,40.0,-4002.857142857124,-4063.722999999981,stop,1,BULL_TREND
AU_IDX,synthetic,2015-10-27 16:45:00,2015-10-27 16:45:00,LONG,1,603.58,605.373,30.179000000000002,30.26865,40.0,1793.0000000000064,1732.5523500000063,target_mean,0,BULL_TREND
AU_IDX,synthetic,2015-10-28 00:30:00,2015-10-28 01:15:00,SHORT,1,615.24,619.3942857142856,30.762,30.96971428571428,40.0,-4154.285714285606,-4216.01742857132,stop,3,BULL_TREND
AU_IDX,synthetic,2015-10-28 10:45:00,2015-10-28 11:00:00,LONG,1,615.78,615.76,30.789,30.788,40.0,-19.99999999998181,-81.57699999998181,stop,1,BULL_TREND
AU_IDX,synthetic,2015-10-28 14:45:00,2015-10-28 15:30:00,LONG,1,615.0,615.256,30.75,30.762800000000002,40.0,255.9999999999718,194.4871999999718,stop,3,BULL_TREND
AU_IDX,synthetic,2015-10-28 22:45:00,2015-10-28 22:45:00,SHORT,1,620.6800000000001,619.385,31.034000000000006,30.969250000000002,40.0,1295.0000000000728,1232.9967500000726,target_mean,0,BULL_TREND
AU_IDX,synthetic,2015-10-29 01:30:00,2015-10-29 01:45:00,SHORT,1,620.62,624.7491428571428,31.031000000000002,31.237457142857142,40.0,-4129.142857142824,-4191.411314285681,stop,1,BULL_TREND
AU_IDX,synthetic,2015-10-29 03:15:00,2015-10-29 03:15:00,SHORT,1,623.98,627.5428571428571,31.199,31.377142857142854,40.0,-3562.8571428570694,-3625.433285714212,stop,0,BULL_TREND
AU_IDX,synthetic,2015-10-29 10:15:00,2015-10-29 10:15:00,SHORT,1,627.22,627.26,31.361,31.363000000000003,40.0,-39.99999999996362,-102.72399999996362,target_mean,0,BULL_TREND
AU_IDX,synthetic,2015-10-29 11:30:00,2015-10-29 13:00:00,LONG,1,624.06,620.6028571428571,31.203000000000003,31.03014285714286,40.0,-3457.1428571427987,-3519.3759999999415,stop,6,BULL_TREND
AU_IDX,synthetic,2015-10-29 15:30:00,2015-10-29 16:15:00,LONG,1,617.5,614.12,30.875,30.706000000000003,40.0,-3379.9999999999955,-3441.5809999999956,stop,3,BULL_TREND
AU_IDX,synthetic,2015-10-29 18:30:00,2015-10-29 19:00:00,LONG,1,611.4399999999999,608.3657142857143,30.571999999999996,30.418285714285716,40.0,-3074.285714285679,-3135.275999999965,stop,2,BULL_TREND
AU_IDX,synthetic,2015-10-29 19:30:00,2015-10-29 19:30:00,LONG,1,614.86,615.1,30.743000000000002,30.755000000000003,40.0,240.0000000000091,178.5020000000091,target_mean,0,BULL_TREND
AU_IDX,synthetic,2015-10-30 03:00:00,2015-10-30 05:30:00,SHORT,1,628.96,631.9171428571427,31.448,31.595857142857138,40.0,-2957.142857142685,-3020.186714285542,stop,10,BULL_TREND
AU_IDX,synthetic,2015-10-30 05:45:00,2015-10-30 06:45:00,SHORT,1,629.94,627.2760000000001,31.497,31.36380000000001,40.0,2663.9999999999873,2601.1391999999873,target_mean,4,BULL_TREND
AU_IDX,synthetic,2015-10-30 14:00:00,2015-10-30 14:00:00,LONG,1,624.86,626.4250000000001,31.243000000000002,31.321250000000006,40.0,1565.0000000000546,1502.4357500000547,target_mean,0,BULL_TREND
AU_IDX,synthetic,2015-10-30 17:30:00,2015-10-30 17:45:00,SHORT,1,631.1800000000001,633.2371428571428,31.559000000000008,31.661857142857137,40.0,-2057.1428571427077,-2120.363714285565,stop,1,BULL_TREND
AU_IDX,synthetic,2015-10-31 03:15:00,2015-10-31 03:30:00,SHORT,1,636.26,635.279,31.813000000000002,31.76395,40.0,980.9999999999945,917.4230499999945,target_mean,1,BULL_TREND
AU_IDX,synthetic,2015-10-31 06:30:00,2015-10-31 07:00:00,SHORT,1,641.96,641.6917142857143,32.098,32.084585714285716,40.0,268.2857142857529,204.10312857146715,stop,2,BULL_TREND
AU_IDX,synthetic,2015-11-01 02:15:00,2015-11-01 03:15:00,SHORT,1,662.48,667.0571428571428,33.124,33.35285714285715,40.0,-4577.142857142803,-4643.61971428566,stop,4,BULL_TREND
AU_IDX,synthetic,2015-11-01 09:00:00,2015-11-01 09:30:00,SHORT,1,674.4200000000001,678.7457142857141,33.72100000000001,33.93728571428571,40.0,-4325.714285714071,-4393.372571428356,stop,2,BULL_TREND
AU_IDX,synthetic,2015-11-01 20:15:00,2015-11-01 21:45:00,SHORT,1,682.6800000000001,682.4288571428572,34.13400000000001,34.12144285714286,40.0,251.14285714289508,182.88741428575221,stop,6,BULL_TREND
AU_IDX,synthetic,2015-11-01 23:00:00,2015-11-01 23:00:00,LONG,1,674.7,679.192,33.735,33.9596,40.0,4491.999999999962,4424.305399999962,target_mean,0,BULL_TREND
AU_IDX,synthetic,2015-11-02 08:00:00,2015-11-02 08:00:00,LONG,1,672.84,674.09,33.642,33.7045,40.0,1250.0,1182.6535,target_mean,0,BULL_TREND
AU_IDX,synthetic,2015-11-02 13:00:00,2015-11-02 13:45:00,LONG,1,670.58,671.613,33.529,33.58065,40.0,1033.0000000000155,965.8903500000155,target_mean,3,BULL_TREND
AU_IDX,synthetic,2015-11-02 15:45:00,2015-11-02 17:45:00,LONG,1,664.16,666.9770000000001,33.208,33.348850000000006,40.0,2817.000000000121,2750.443150000121,target_mean,8,BULL_TREND
AU_IDX,synthetic,2015-11-02 18:30:00,2015-11-02 18:45:00,SHORT,1,673.6800000000001,673.8,33.684000000000005,33.690000000000005,40.0,-119.99999999989086,-187.37399999989086,stop,1,BULL_TREND
AU_IDX,synthetic,2015-11-03 01:45:00,2015-11-03 03:30:00,LONG,1,649.14,652.393,32.457,32.61965,40.0,3253.0000000000427,3187.923350000043,target_mean,7,BULL_TREND
AU_IDX,synthetic,2015-11-03 18:30:00,2015-11-03 19:30:00,SHORT,1,679.88,679.571,33.994,33.97855,40.0,308.9999999999691,241.02744999996906,stop,4,BULL_TREND
AU_IDX,synthetic,2015-11-03 22:00:00,2015-11-03 22:30:00,LONG,1,669.64,669.8975714285714,33.482,33.49487857142857,40.0,257.5714285713957,190.59454999996711,stop,2,BULL_TREND
AU_IDX,synthetic,2015-11-04 00:30:00,2015-11-04 00:45:00,LONG,1,671.24,672.48,33.562000000000005,33.624,40.0,1240.000000000009,1172.8140000000092,target_mean,1,BULL_TREND
AU_IDX,synthetic,2015-11-04 06:15:00,2015-11-04 08:30:00,LONG,1,663.92,658.7114285714285,33.196000000000005,32.93557142857143,40.0,-5208.5714285714175,-5274.702999999989,stop,9,BULL_TREND
AU_IDX,synthetic,2015-11-04 11:45:00,2015-11-04 12:15:00,LONG,1,653.36,648.9685714285715,32.668,32.44842857142858,40.0,-4391.4285714284915,-4456.54499999992,stop,2,BULL_TREND
AU_IDX,synthetic,2015-11-04 23:00:00,2015-11-04 23:00:00,SHORT,1,639.94,643.8685714285715,31.997,32.193428571428576,40.0,-3928.571428571445,-3992.7618571428734,stop,0,BULL_TREND
AU_IDX,synthetic,2015-11-05 01:45:00,2015-11-05 01:45:00,SHORT,1,646.08,646.12,32.304,32.306000000000004,40.0,-39.99999999996362,-104.60999999996363,stop,0,BULL_TREND
AU_IDX,synthetic,2015-11-05 04:45:00,2015-11-05 05:00:00,SHORT,1,648.0400000000001,647.8314285714287,32.40200000000001,32.39157142857143,40.0,208.57142857141753,143.77785714284607,stop,1,BULL_TREND
AU_IDX,synthetic,2015-11-05 06:00:00,2015-11-05 07:00:00,SHORT,1,646.6,644.2,32.33,32.21,40.0,2399.9999999999773,2335.4599999999773,target_mean,4,BULL_TREND
AU_IDX,synthetic,2015-11-05 11:45:00,2015-11-05 13:45:00,SHORT,1,654.3000000000001,650.983,32.71500000000001,32.549150000000004,40.0,3317.000000000121,3251.735850000121,target_mean,8,BULL_TREND
AU_IDX,synthetic,2015-11-05 18:15:00,2015-11-05 19:45:00,SHORT,1,662.1600000000001,660.7940000000001,33.108000000000004,33.03970000000001,40.0,1365.9999999999854,1299.8522999999855,target_mean,6,BULL_TREND
AU_IDX,synthetic,2015-11-06 03:15:00,2015-11-06 06:45:00,LONG,1,654.68,650.6457142857145,32.734,32.53228571428572,40.0,-4034.285714285488,-4099.551999999774,stop,14,BULL_TREND
AU_IDX,synthetic,2015-11-06 12:15:00,2015-11-06 12:15:00,LONG,1,634.76,634.72,31.738000000000003,31.736,40.0,-39.99999999996362,-103.47399999996362,stop,0,BULL_TREND
AU_IDX,synthetic,2015-11-06 15:30:00,2015-11-06 16:30:00,LONG,1,626.14,629.654,31.307000000000002,31.4827,40.0,3514.00000000001,3451.21030000001,target_mean,4,BULL_TREND
AU_IDX,synthetic,2015-11-06 18:15:00,2015-11-06 18:15:00,LONG,1,621.66,621.62,31.083000000000002,31.081000000000003,40.0,-39.99999999996362,-102.16399999996362,stop,0,BULL_TREND
AU_IDX,synthetic,2015-11-06 20:45:00,2015-11-06 21:00:00,SHORT,1,634.3000000000001,639.7914285714286,31.715000000000007,31.989571428571434,40.0,-5491.428571428514,-5555.133142857086,stop,1,BULL_TREND
AU_IDX,synthetic,2015-11-07 03:00:00,2015-11-07 04:00:00,LONG,1,622.2,618.6957142857144,31.110000000000003,30.934785714285724,40.0,-3504.285714285629,-3566.330499999915,stop,4,BULL_TREND
AU_IDX,synthetic,2015-11-07 09:45:00,2015-11-07 12:15:00,LONG,1,618.9,612.74,30.945,30.637,40.0,-6159.999999999968,-6221.581999999968,stop,10,BULL_TREND
AU_IDX,synthetic,2015-11-07 23:45:00,2015-11-08 02:00:00,LONG,1,596.66,598.534,29.833000000000002,29.9267,40.0,1874.0000000000236,1814.2403000000236,target_mean,9,BULL_TREND
AU_IDX,synthetic,2015-11-08 04:45:00,2015-11-08 06:00:00,SHORT,1,601.94,601.7947142857143,30.097,30.089735714285716,40.0,145.28571428570558,85.09897857141985,stop,5,BULL_TREND
AU_IDX,synthetic,2015-11-08 07:30:00,2015-11-08 08:45:00,SHORT,1,604.7800000000001,603.26,30.239000000000008,30.163,40.0,1520.0000000000955,1459.5980000000955,target_mean,5,BULL_TREND
AU_IDX,synthetic,2015-11-08 10:15:00,2015-11-08 11:30:00,SHORT,1,611.36,608.11,30.568,30.4055,40.0,3250.0,3189.0265,target_mean,5,BULL_TREND
AU_IDX,synthetic,2015-11-08 21:00:00,2015-11-08 21:15:00,SHORT,1,614.6800000000001,616.7914285714286,30.73400000000001,30.839571428571432,40.0,-2111.428571428519,-2173.0021428570903,stop,1,BULL_TREND
AU_IDX,synthetic,2015-11-08 22:30:00,2015-11-08 22:30:00,SHORT,1,615.38,613.384,30.769000000000002,30.6692,40.0,1995.999999999981,1934.5617999999808,target_mean,0,BULL_TREND
AU_IDX,synthetic,2015-11-09 04:00:00,2015-11-09 04:30:00,SHORT,1,624.34,624.0694285714286,31.217000000000002,31.203471428571433,40.0,270.57142857142935,208.15095714285792,stop,2,BULL_TREND
AU_IDX,synthetic,2015-11-09 22:30:00,2015-11-09 22:30:00,LONG,1,614.42,618.589,30.721,30.929450000000003,40.0,4169.000000000096,4107.349550000097,target_mean,0,WHIPSAW_RANGE
AU_IDX,synthetic,2015-11-10 01:15:00,2015-11-10 01:45:00,SHORT,1,622.52,628.6628571428571,31.126,31.433142857142855,40.0,-6142.85714285711,-6205.416285714254,stop,2,WHIPSAW_RANGE
AU_IDX,synthetic,2015-11-10 02:15:00,2015-11-10 03:45:00,SHORT,1,631.1800000000001,623.159,31.559000000000008,31.157950000000003,40.0,8021.000000000072,7958.283050000072,target_mean,6,WHIPSAW_RANGE
AU_IDX,synthetic,2015-11-10 08:30:00,2015-11-10 09:00:00,LONG,1,616.5,608.1085714285715,30.825000000000003,30.405428571428576,40.0,-8391.428571428492,-8452.658999999921,stop,2,WHIPSAW_RANGE
AU_IDX,synthetic,2015-11-10 15:30:00,2015-11-10 16:00:00,SHORT,1,618.1800000000001,615.846,30.909000000000006,30.7923,40.0,2334.00000000006,2272.29870000006,target_mean,2,WHIPSAW_RANGE
AU_IDX,synthetic,2015-11-10 21:00:00,2015-11-10 22:15:00,LONG,1,609.26,608.2,30.463,30.41,40.0,-1059.9999999999454,-1120.8729999999455,stop,5,WHIPSAW_RANGE
AU_IDX,synthetic,2015-11-11 02:15:00,2015-11-11 03:15:00,LONG,1,596.96,604.045,29.848000000000003,30.202250000000003,40.0,7084.999999999923,7024.9497499999225,target_mean,4,WHIPSAW_RANGE
AU_IDX,synthetic,2015-11-11 08:30:00,2015-11-11 08:45:00,SHORT,1,609.9200000000001,615.3857142857142,30.496000000000006,30.76928571428571,40.0,-5465.714285714171,-5526.979571428456,stop,1,WHIPSAW_RANGE
AU_IDX,synthetic,2015-11-11 10:00:00,2015-11-11 11:30:00,SHORT,1,621.12,627.9742857142858,31.056,31.39871428571429,40.0,-6854.285714285766,-6916.740428571479,stop,6,WHIPSAW_RANGE
AU_IDX,synthetic,2015-11-11 12:00:00,2015-11-11 13:45:00,SHORT,1,626.32,633.222857142857,31.316000000000003,31.661142857142853,40.0,-6902.857142856988,-6965.834285714131,stop,7,WHIPSAW_RANGE
AU_IDX,synthetic,2015-11-11 19:30:00,2015-11-11 20:30:00,LONG,1,621.8,615.1971428571428,31.09,30.759857142857143,40.0,-6602.857142857147,-6664.707000000004,stop,4,WHIPSAW_RANGE
AU_IDX,synthetic,2015-11-12 02:45:00,2015-11-12 04:15:00,SHORT,1,635.38,629.374,31.769000000000002,31.468700000000002,40.0,6005.999999999972,5942.762299999971,target_mean,6,WHIPSAW_RANGE
AU_IDX,synthetic,2015-11-12 09:45:00,2015-11-12 10:00:00,SHORT,1,637.76,637.8,31.888,31.89,40.0,-39.99999999996362,-103.77799999996363,stop,1,WHIPSAW_RANGE
AU_IDX,synthetic,2015-11-12 15:30:00,2015-11-12 15:45:00,LONG,1,618.74,627.691,30.937,31.38455,40.0,8951.000000000022,8888.678450000021,target_mean,1,WHIPSAW_RANGE
AU_IDX,synthetic,2015-11-12 17:00:00,2015-11-12 18:00:00,SHORT,1,639.64,630.024,31.982000000000003,31.5012,40.0,9615.999999999985,9552.516799999985,target_mean,4,WHIPSAW_RANGE
AU_IDX,synthetic,2015-11-13 19:30:00,2015-11-13 19:45:00,SHORT,1,620.86,615.478,31.043000000000003,30.7739,40.0,5382.000000000062,5320.183100000062,target_mean,1,WHIPSAW_RANGE
AU_IDX,synthetic,2015-11-13 20:30:00,2015-11-13 22:30:00,LONG,1,607.5,597.0914285714285,30.375,29.85457142857143,40.0,-10408.571428571464,-10468.801000000036,stop,8,WHIPSAW_RANGE
AU_IDX,synthetic,2015-11-13 23:15:00,2015-11-13 23:15:00,LONG,1,596.72,596.6800000000001,29.836000000000002,29.834000000000007,40.0,-39.99999999996362,-99.66999999996362,stop,0,WHIPSAW_RANGE
AU_IDX,synthetic,2015-11-14 01:00:00,2015-11-14 02:30:00,LONG,1,589.5,595.4430000000001,29.475,29.772150000000007,40.0,5943.000000000097,5883.752850000097,target_mean,6,WHIPSAW_RANGE
AU_IDX,synthetic,2015-11-14 11:15:00,2015-11-14 12:30:00,SHORT,1,614.4,624.3405714285714,30.720000000000002,31.21702857142857,40.0,-9940.571428571388,-10002.508457142816,stop,5,WHIPSAW_RANGE
AU_IDX,synthetic,2015-11-14 13:30:00,2015-11-14 15:15:00,SHORT,1,629.02,621.788,31.451,31.0894,40.0,7231.999999999971,7169.459599999971,target_mean,7,WHIPSAW_RANGE
AU_IDX,synthetic,2015-11-14 17:15:00,2015-11-14 17:30:00,SHORT,1,632.1,627.0780000000001,31.605,31.353900000000007,40.0,5021.9999999999345,4959.041099999935,target_mean,1,WHIPSAW_RANGE
AU_IDX,synthetic,2015-11-14 21:30:00,2015-11-14 22:15:00,LONG,1,622.78,618.48,31.139000000000003,30.924000000000003,40.0,-4299.9999999999545,-4362.062999999955,stop,3,WHIPSAW_RANGE
AU_IDX,synthetic,2015-11-15 09:15:00,2015-11-15 09:15:00,LONG,1,608.16,612.9340000000001,30.408,30.646700000000006,40.0,4774.000000000115,4712.945300000114,target_mean,0,WHIPSAW_RANGE
AU_IDX,synthetic,2015-11-16 02:45:00,2015-11-16 04:00:00,LONG,1,609.16,614.977,30.458000000000002,30.74885,40.0,5817.000000000007,5755.793150000008,target_mean,5,WHIPSAW_RANGE
AU_IDX,synthetic,2015-11-16 19:00:00,2015-11-16 22:30:00,SHORT,1,629.9200000000001,626.2049999999999,31.496000000000006,31.310249999999996,40.0,3715.0000000001455,3652.1937500001454,target_mean,14,WHIPSAW_RANGE
AU_IDX,synthetic,2015-11-17 03:00:00,2015-11-17 03:30:00,SHORT,1,636.12,640.9657142857144,31.806,32.048285714285726,40.0,-4845.714285714394,-4909.568571428679,stop,2,WHIPSAW_RANGE
AU_IDX,synthetic,2015-11-17 04:00:00,2015-11-17 05:15:00,SHORT,1,640.98,640.5168571428571,32.049,32.02584285714286,40.0,463.14285714288417,399.06801428574136,stop,5,WHIPSAW_RANGE
AU_IDX,synthetic,2015-11-17 06:00:00,2015-11-17 06:00:00,SHORT,1,635.0,635.04,31.75,31.752000000000002,40.0,-39.99999999996362,-103.50199999996363,target_mean,0,WHIPSAW_RANGE
AU_IDX,synthetic,2015-11-17 18:15:00,2015-11-17 20:30:00,LONG,1,614.26,617.913,30.713,30.89565,40.0,3653.00000000002,3591.39135000002,target_mean,9,WHIPSAW_RANGE
AU_IDX,synthetic,2015-11-18 01:30:00,2015-11-18 01:45:00,LONG,1,608.5,613.732,30.425,30.686600000000002,40.0,5231.999999999971,5170.888399999971,target_mean,1,WHIPSAW_RANGE
AU_IDX,synthetic,2015-11-18 03:00:00,2015-11-18 05:00:00,SHORT,1,625.48,625.025,31.274,31.251250000000002,40.0,455.0000000000409,392.4747500000409,stop,8,WHIPSAW_RANGE
AU_IDX,synthetic,2015-11-18 09:00:00,2015-11-18 09:30:00,LONG,1,619.4,612.0400000000001,30.970000000000002,30.602000000000007,40.0,-7359.9999999999,-7421.5719999999,stop,2,WHIPSAW_RANGE
AU_IDX,synthetic,2015-11-18 10:00:00,2015-11-18 11:00:00,LONG,1,613.92,609.1228571428572,30.696,30.456142857142865,40.0,-4797.142857142717,-4858.29499999986,stop,4,WHIPSAW_RANGE
AU_IDX,synthetic,2015-11-18 17:15:00,2015-11-18 17:30:00,SHORT,1,632.7,633.18,31.635,31.659000000000002,40.0,-479.9999999999045,-543.2939999999045,stop,1,WHIPSAW_RANGE
AU_IDX,synthetic,2015-11-19 18:45:00,2015-11-19 20:15:00,LONG,1,609.96,601.4257142857144,30.498,30.07128571428572,40.0,-8534.285714285601,-8594.854999999887,stop,6,WHIPSAW_RANGE
AU_IDX,synthetic,2015-11-20 03:45:00,2015-11-20 03:45:00,SHORT,1,615.32,615.36,30.766000000000002,30.768,40.0,-39.99999999996362,-101.53399999996363,stop,0,WHIPSAW_RANGE
AU_IDX,synthetic,2015-11-20 10:45:00,2015-11-20 11:00:00,SHORT,1,618.5600000000001,614.654,30.928000000000008,30.7327,40.0,3906.0000000000628,3844.339300000063,target_mean,1,WHIPSAW_RANGE
AU_IDX,synthetic,2015-11-20 14:45:00,2015-11-20 16:15:00,SHORT,1,643.9200000000001,643.3898571428572,32.196000000000005,32.169492857142856,40.0,530.1428571428914,465.77736428574855,stop,6,WHIPSAW_RANGE
AU_IDX,synthetic,2015-11-21 11:45:00,2015-11-21 12:15:00,LONG,1,613.16,621.2660000000001,30.658,31.06330000000001,40.0,8106.000000000108,8044.278700000108,target_mean,2,WHIPSAW_RANGE
AU_IDX,synthetic,2015-11-21 13:30:00,2015-11-21 14:45:00,LONG,1,610.06,615.554,30.503,30.777700000000003,40.0,5494.000000000028,5432.719300000029,target_mean,5,WHIPSAW_RANGE
AU_IDX,synthetic,2015-11-21 19:30:00,2015-11-21 19:30:00,SHORT,1,610.52,610.476,30.526,30.5238,40.0,43.99999999998272,-17.04980000001728,target_mean,0,WHIPSAW_RANGE
AU_IDX,synthetic,2015-11-21 22:15:00,2015-11-21 22:15:00,SHORT,1,613.72,610.9159999999999,30.686,30.545799999999996,40.0,2804.0000000000873,2742.7682000000873,target_mean,0,WHIPSAW_RANGE
AU_IDX,synthetic,2015-11-22 04:30:00,2015-11-22 05:30:00,SHORT,1,628.6600000000001,628.3050000000001,31.433000000000007,31.415250000000007,40.0,355.0000000000182,292.1517500000182,stop,4,WHIPSAW_RANGE
AU_IDX,synthetic,2015-11-22 07:00:00,2015-11-22 07:15:00,SHORT,1,639.74,639.98,31.987000000000002,31.999000000000002,40.0,-240.0000000000091,-303.98600000000914,stop,1,WHIPSAW_RANGE
AU_IDX,synthetic,2015-11-22 22:45:00,2015-11-22 22:45:00,LONG,1,633.68,636.4840000000002,31.684,31.82420000000001,40.0,2804.000000000201,2740.491800000201,target_mean,0,WHIPSAW_RANGE
AU_IDX,synthetic,2015-11-23 01:00:00,2015-11-23 01:30:00,LONG,1,629.66,623.8914285714286,31.483,31.194571428571432,40.0,-5768.571428571363,-5831.248999999934,stop,2,WHIPSAW_RANGE
AU_IDX,synthetic,2015-11-23 08:00:00,2015-11-23 11:00:00,SHORT,1,635.22,631.299,31.761000000000003,31.564950000000003,40.0,3921.000000000049,3857.674050000049,target_mean,12,WHIPSAW_RANGE
AU_IDX,synthetic,2015-11-23 17:00:00,2015-11-23 17:00:00,LONG,1,630.9,630.86,31.545,31.543000000000003,40.0,-39.99999999996362,-103.08799999996363,stop,0,WHIPSAW_RANGE
AU_IDX,synthetic,2015-11-23 18:30:00,2015-11-23 18:45:00,LONG,1,629.22,633.6780000000001,31.461000000000002,31.68390000000001,40.0,4458.000000000084,4394.855100000083,target_mean,1,WHIPSAW_RANGE
AU_IDX,synthetic,2015-11-23 23:30:00,2015-11-24 00:00:00,LONG,1,628.32,628.6324285714286,31.416,31.431621428571432,40.0,312.42857142854064,249.58094999996922,stop,2,WHIPSAW_RANGE
AU_IDX,synthetic,2015-11-24 06:15:00,2015-11-24 06:30:00,SHORT,1,632.6600000000001,632.1975714285715,31.633000000000006,31.609878571428574,40.0,462.4285714286316,399.18569285720304,stop,1,WHIPSAW_RANGE
AU_IDX,synthetic,2015-11-24 13:30:00,2015-11-24 13:30:00,SHORT,1,633.76,630.144,31.688000000000002,31.5072,40.0,3615.9999999999854,3552.8047999999853,target_mean,0,WHIPSAW_RANGE
AU_IDX,synthetic,2015-11-24 21:00:00,2015-11-24 21:15:00,SHORT,1,634.5400000000001,630.2439999999999,31.727000000000007,31.512199999999996,40.0,4296.000000000163,4232.760800000163,target_mean,1,WHIPSAW_RANGE
AU_IDX,synthetic,2015-11-25 16:15:00,2015-11-25 17:00:00,SHORT,1,617.1,613.1070000000001,30.855,30.655350000000006,40.0,3992.999999999938,3931.489649999938,target_mean,3,WHIPSAW_RANGE
AU_IDX,synthetic,2015-11-25 19:15:00,2015-11-25 19:30:00,LONG,1,607.58,613.4530000000001,30.379,30.672650000000008,40.0,5873.000000000047,5811.948350000047,target_mean,1,WHIPSAW_RANGE
AU_IDX,synthetic,2015-11-26 03:00:00,2015-11-26 05:00:00,LONG,1,607.3,609.6890000000001,30.365000000000002,30.484450000000006,40.0,2389.0000000001237,2328.150550000124,target_mean,8,WHIPSAW_RANGE
AU_IDX,synthetic,2015-11-26 06:30:00,2015-11-26 06:30:00,LONG,1,608.86,608.82,30.443,30.441000000000003,40.0,-39.99999999996362,-100.88399999996362,target_mean,0,WHIPSAW_RANGE
AU_IDX,synthetic,2015-11-26 15:45:00,2015-11-26 16:00:00,SHORT,1,617.32,612.3749999999999,30.866000000000003,30.618749999999995,40.0,4945.000000000164,4883.515250000164,target_mean,1,WHIPSAW_RANGE
AU_IDX,synthetic,2015-11-26 17:00:00,2015-11-26 18:15:00,SHORT,1,618.88,615.3,30.944000000000003,30.765,40.0,3580.000000000041,3518.291000000041,target_mean,5,WHIPSAW_RANGE
AU_IDX,synthetic,2015-11-27 06:15:00,2015-11-27 06:45:00,SHORT,1,613.1,611.935,30.655,30.59675,40.0,1165.0000000000773,1103.7482500000774,target_mean,2,WHIPSAW_RANGE
AU_IDX,synthetic,2015-11-27 08:45:00,2015-11-27 09:00:00,SHORT,1,614.74,612.8140000000001,30.737000000000002,30.640700000000006,40.0,1925.9999999999309,1864.6222999999309,target_mean,1,WHIPSAW_RANGE
AU_IDX,synthetic,2015-11-27 10:00:00,2015-11-27 10:15:00,SHORT,1,622.1,615.493,31.105,30.77465,40.0,6606.999999999971,6545.120349999971,target_mean,1,WHIPSAW_RANGE
AU_IDX,synthetic,2015-11-27 12:00:00,2015-11-27 15:00:00,SHORT,1,623.9,631.3657142857143,31.195,31.568285714285718,40.0,-7465.714285714284,-7528.47757142857,stop,12,WHIPSAW_RANGE
AU_IDX,synthetic,2015-11-27 17:30:00,2015-11-27 19:00:00,LONG,1,613.6,614.0732857142857,30.68,30.703664285714286,40.0,473.2857142856801,411.9020499999658,stop,6,WHIPSAW_RANGE
AU_IDX,synthetic,2015-11-28 02:15:00,2015-11-28 02:30:00,SHORT,1,625.2800000000001,624.9188571428572,31.264000000000006,31.24594285714286,40.0,361.1428571429087,298.6329142857659,stop,1,WHIPSAW_RANGE
AU_IDX,synthetic,2015-11-28 19:45:00,2015-11-28 20:15:00,SHORT,1,620.5,620.0978571428572,31.025000000000002,31.00489285714286,40.0,402.1428571428487,340.11296428570586,stop,2,WHIPSAW_RANGE
AU_IDX,synthetic,2015-11-29 03:45:00,2015-11-29 04:45:00,LONG,1,605.08,605.5818571428572,30.254,30.27909285714286,40.0,501.85714285714766,441.3240500000048,stop,4,WHIPSAW_RANGE
AU_IDX,synthetic,2015-11-29 05:30:00,2015-11-29 06:30:00,LONG,1,604.0,604.5941428571429,30.200000000000003,30.229707142857144,40.0,594.142857142856,533.7131499999988,stop,4,WHIPSAW_RANGE
AU_IDX,synthetic,2015-11-30 19:30:00,2015-11-30 19:30:00,SHORT,1,626.22,626.26,31.311,31.313000000000002,40.0,-39.99999999996362,-102.62399999996363,target_mean,0,WHIPSAW_RANGE
AU_IDX,synthetic,2015-11-30 21:30:00,2015-11-30 22:00:00,LONG,1,619.5,610.5228571428572,30.975,30.526142857142865,40.0,-8977.14285714278,-9038.643999999924,stop,2,WHIPSAW_RANGE
AU_IDX,synthetic,2015-12-01 00:00:00,2015-12-01 02:00:00,LONG,1,609.38,611.7909999999999,30.469,30.589549999999996,40.0,2410.9999999999445,2349.9414499999443,target_mean,8,WHIPSAW_RANGE
AU_IDX,synthetic,2015-12-02 15:00:00,2015-12-02 17:15:00,LONG,1,619.98,623.6020000000001,30.999000000000002,31.180100000000007,40.0,3622.000000000071,3559.820900000071,target_mean,9,WHIPSAW_RANGE
AU_IDX,synthetic,2015-12-03 00:30:00,2015-12-03 01:00:00,LONG,1,613.36,602.5600000000001,30.668000000000003,30.128000000000007,40.0,-10799.999999999955,-10860.795999999955,stop,2,WHIPSAW_RANGE
AU_IDX,synthetic,2015-12-03 12:00:00,2015-12-03 13:00:00,SHORT,1,627.0,622.087,31.35,31.10435,40.0,4913.000000000011,4850.545650000011,target_mean,4,WHIPSAW_RANGE
AU_IDX,synthetic,2015-12-03 22:00:00,2015-12-03 22:30:00,LONG,1,620.98,623.815,31.049000000000003,31.19075,40.0,2835.0000000000364,2772.760250000036,target_mean,2,WHIPSAW_RANGE
AU_IDX,synthetic,2015-12-04 03:45:00,2015-12-04 04:00:00,LONG,1,619.98,622.817,30.999000000000002,31.14085,40.0,2836.999999999989,2774.8601499999895,target_mean,1,WHIPSAW_RANGE
AU_IDX,synthetic,2015-12-04 06:30:00,2015-12-04 07:00:00,LONG,1,614.62,619.954,30.731,30.997700000000002,40.0,5333.999999999946,5272.271299999947,target_mean,2,WHIPSAW_RANGE
AU_IDX,synthetic,2015-12-04 12:15:00,2015-12-04 12:45:00,LONG,1,608.66,609.0308571428571,30.433,30.451542857142858,40.0,370.85714285717586,309.972600000033,stop,2,WHIPSAW_RANGE
AU_IDX,synthetic,2015-12-04 17:45:00,2015-12-04 17:45:00,SHORT,1,618.98,615.056,30.949,30.7528,40.0,3923.999999999978,3862.298199999978,target_mean,0,WHIPSAW_RANGE
AU_IDX,synthetic,2015-12-05 01:00:00,2015-12-05 01:00:00,SHORT,1,610.64,610.68,30.532,30.534000000000002,40.0,-39.99999999996362,-101.06599999996362,target_mean,0,WHIPSAW_RANGE
AU_IDX,synthetic,2015-12-05 04:30:00,2015-12-05 07:15:00,SHORT,1,626.96,621.722,31.348000000000003,31.086100000000002,40.0,5238.000000000056,5175.565900000056,target_mean,11,WHIPSAW_RANGE
AU_IDX,synthetic,2015-12-05 12:30:00,2015-12-05 12:30:00,SHORT,1,629.4200000000001,629.46,31.471000000000007,31.473000000000003,40.0,-39.99999999996362,-102.94399999996362,stop,0,WHIPSAW_RANGE
AU_IDX,synthetic,2015-12-05 20:45:00,2015-12-05 23:00:00,LONG,1,614.9,609.4771428571429,30.745,30.473857142857142,40.0,-5422.857142857083,-5484.07599999994,stop,9,WHIPSAW_RANGE
AU_IDX,synthetic,2015-12-06 06:45:00,2015-12-06 07:00:00,SHORT,1,617.3000000000001,616.9477142857144,30.865000000000006,30.847385714285718,40.0,352.2857142856992,290.57332857141347,stop,1,WHIPSAW_RANGE
AU_IDX,synthetic,2015-12-06 08:15:00,2015-12-06 11:45:00,SHORT,1,624.64,630.36,31.232000000000003,31.518,40.0,-5720.000000000027,-5782.750000000027,stop,14,WHIPSAW_RANGE
AU_IDX,synthetic,2015-12-06 15:00:00,2015-12-06 15:00:00,LONG,1,616.08,616.0400000000001,30.804000000000002,30.802000000000007,40.0,-39.99999999996362,-101.60599999996363,stop,0,WHIPSAW_RANGE
AU_IDX,synthetic,2015-12-06 22:15:00,2015-12-06 22:15:00,SHORT,1,628.32,628.36,31.416,31.418000000000003,40.0,-39.99999999996362,-102.83399999996362,stop,0,WHIPSAW_RANGE
AU_IDX,synthetic,2015-12-07 05:00:00,2015-12-07 05:30:00,SHORT,1,627.94,626.215,31.397000000000002,31.310750000000002,40.0,1725.0000000000227,1662.2922500000227,target_mean,2,WHIPSAW_RANGE
AU_IDX,synthetic,2015-12-07 06:00:00,2015-12-07 06:00:00,SHORT,1,629.86,626.59,31.493000000000002,31.329500000000003,40.0,3269.999999999982,3207.177499999982,target_mean,0,WHIPSAW_RANGE
AU_IDX,synthetic,2015-12-07 09:00:00,2015-12-07 09:15:00,LONG,1,620.58,614.8857142857142,31.029,30.744285714285713,40.0,-5694.285714285797,-5756.059000000084,stop,1,WHIPSAW_RANGE
AU_IDX,synthetic,2015-12-07 16:45:00,2015-12-07 17:30:00,SHORT,1,627.76,623.444,31.388,31.1722,40.0,4316.000000000031,4253.439800000031,target_mean,3,WHIPSAW_RANGE
AU_IDX,synthetic,2015-12-07 20:45:00,2015-12-07 20:45:00,LONG,1,616.06,616.02,30.803,30.801000000000002,40.0,-39.99999999996362,-101.60399999996362,stop,0,WHIPSAW_RANGE
AU_IDX,synthetic,2015-12-07 22:00:00,2015-12-07 22:30:00,LONG,1,614.62,619.054,30.731,30.9527,40.0,4433.999999999969,4372.3162999999695,target_mean,2,WHIPSAW_RANGE
AU_IDX,synthetic,2015-12-08 04:00:00,2015-12-08 04:30:00,LONG,1,613.9399999999999,605.3628571428571,30.696999999999996,30.26814285714286,40.0,-8577.142857142804,-8638.107999999947,stop,2,WHIPSAW_RANGE
AU_IDX,synthetic,2015-12-08 12:30:00,2015-12-08 13:30:00,SHORT,1,628.52,623.065,31.426000000000002,31.15325,40.0,5454.999999999927,5392.420749999927,target_mean,4,WHIPSAW_RANGE
AU_IDX,synthetic,2015-12-08 19:30:00,2015-12-08 21:00:00,SHORT,1,628.5600000000001,625.129,31.428000000000008,31.25645,40.0,3431.00000000004,3368.3155500000403,target_mean,6,WHIPSAW_RANGE
AU_IDX,synthetic,2015-12-08 23:45:00,2015-12-09 00:15:00,LONG,1,621.18,627.142,31.059,31.357100000000003,40.0,5962.000000000103,5899.583900000102,target_mean,2,WHIPSAW_RANGE
AU_IDX,synthetic,2015-12-09 03:45:00,2015-12-09 03:45:00,SHORT,1,632.38,632.42,31.619,31.621000000000002,40.0,-39.99999999996362,-103.23999999996363,stop,0,WHIPSAW_RANGE
AU_IDX,synthetic,2015-12-09 05:45:00,2015-12-09 09:15:00,LONG,1,621.42,620.464,31.071,31.023200000000003,40.0,-955.9999999999036,-1018.0941999999036,target_mean,14,WHIPSAW_RANGE
AU_IDX,synthetic,2015-12-09 12:15:00,2015-12-09 12:15:00,LONG,1,620.52,620.48,31.026,31.024,40.0,-39.99999999996362,-102.04999999996362,target_mean,0,WHIPSAW_RANGE
AU_IDX,synthetic,2015-12-09 16:00:00,2015-12-09 17:15:00,SHORT,1,620.26,620.011,31.013,31.00055,40.0,249.00000000002365,186.98645000002364,target_mean,5,WHIPSAW_RANGE
AU_IDX,synthetic,2015-12-09 18:15:00,2015-12-09 18:15:00,SHORT,1,622.6800000000001,621.212,31.134000000000007,31.0606,40.0,1468.0000000000746,1405.8054000000745,target_mean,0,WHIPSAW_RANGE
AU_IDX,synthetic,2015-12-09 23:45:00,2015-12-10 00:30:00,SHORT,1,632.02,631.5425714285714,31.601000000000003,31.57712857142857,40.0,477.42857142861794,414.2504428571894,stop,3,WHIPSAW_RANGE
AU_IDX,synthetic,2015-12-10 20:00:00,2015-12-10 20:15:00,LONG,1,605.4399999999999,606.1342857142857,30.271999999999995,30.306714285714285,40.0,694.2857142857974,633.7070000000831,stop,1,WHIPSAW_RANGE
AU_IDX,synthetic,2015-12-11 04:15:00,2015-12-11 05:45:00,SHORT,1,622.5400000000001,622.1120000000001,31.127000000000006,31.105600000000006,40.0,427.99999999999727,365.7673999999973,stop,6,WHIPSAW_RANGE
AU_IDX,synthetic,2015-12-11 07:45:00,2015-12-11 08:00:00,SHORT,1,625.08,630.997142857143,31.254,31.54985714285715,40.0,-5917.142857142949,-5979.946714285806,stop,1,WHIPSAW_RANGE
AU_IDX,synthetic,2015-12-11 15:00:00,2015-12-11 15:45:00,LONG,1,622.8,624.042,31.14,31.2021,40.0,1242.0000000000755,1179.6579000000754,target_mean,3,WHIPSAW_RANGE
AU_IDX,synthetic,2015-12-11 17:15:00,2015-12-11 17:30:00,LONG,1,621.84,622.9580000000001,31.092000000000002,31.147900000000007,40.0,1118.0000000000518,1055.7601000000518,target_mean,1,WHIPSAW_RANGE
AU_IDX,synthetic,2015-12-12 08:15:00,2015-12-12 09:00:00,LONG,1,623.06,625.5269999999999,31.153000000000002,31.276349999999997,40.0,2466.9999999999845,2404.5706499999847,target_mean,3,WHIPSAW_RANGE
AU_IDX,synthetic,2015-12-13 00:00:00,2015-12-13 00:15:00,SHORT,1,633.94,633.5572857142857,31.697000000000003,31.677864285714293,40.0,382.7142857143144,319.33942142860013,stop,1,WHIPSAW_RANGE
AU_IDX,synthetic,2015-12-13 04:15:00,2015-12-13 05:00:00,LONG,1,620.32,615.3457142857143,31.016000000000002,30.767285714285716,40.0,-4974.28571428577,-5036.069000000056,stop,3,WHIPSAW_RANGE
AU_IDX,synthetic,2015-12-14 07:15:00,2015-12-14 08:00:00,SHORT,1,634.6800000000001,639.9885714285715,31.73400000000001,31.999428571428574,40.0,-5308.57142857144,-5372.304857142869,stop,3,WHIPSAW_RANGE
AU_IDX,synthetic,2015-12-14 20:00:00,2015-12-14 20:00:00,SHORT,1,626.0600000000001,624.363,31.303000000000008,31.21815,40.0,1697.0000000000027,1634.4788500000027,target_mean,0,WHIPSAW_RANGE
AU_IDX,synthetic,2015-12-15 10:30:00,2015-12-15 10:45:00,SHORT,1,639.72,639.2842857142857,31.986,31.964214285714284,40.0,435.7142857143117,371.76407142859745,stop,1,WHIPSAW_RANGE
AU_IDX,synthetic,2015-12-15 13:45:00,2015-12-15 17:15:00,LONG,1,618.82,618.201,30.941000000000003,30.910050000000002,40.0,-619.0000000000282,-680.8510500000282,target_mean,14,WHIPSAW_RANGE
AU_IDX,synthetic,2015-12-15 18:15:00,2015-12-15 19:15:00,LONG,1,608.22,602.4342857142858,30.411,30.12171428571429,40.0,-5785.714285714221,-5846.246999999935,stop,4,WHIPSAW_RANGE
AU_IDX,synthetic,2015-12-15 20:15:00,2015-12-15 22:30:00,LONG,1,604.38,596.6428571428571,30.219,29.83214285714286,40.0,-7737.142857142885,-7797.194000000028,stop,9,WHIPSAW_RANGE
AU_IDX,synthetic,2015-12-16 09:15:00,2015-12-16 10:15:00,SHORT,1,607.64,602.7990000000001,30.382,30.139950000000006,40.0,4840.9999999998945,4780.478049999895,target_mean,4,WHIPSAW_RANGE
AU_IDX,synthetic,2015-12-16 12:30:00,2015-12-16 13:00:00,SHORT,1,607.6800000000001,614.3914285714286,30.384000000000007,30.719571428571435,40.0,-6711.4285714285415,-6772.532142857113,stop,2,WHIPSAW_RANGE
AU_IDX,synthetic,2015-12-16 15:00:00,2015-12-16 16:00:00,SHORT,1,618.5400000000001,612.719,30.927000000000007,30.63595,40.0,5821.000000000026,5759.437050000027,target_mean,4,WHIPSAW_RANGE
AU_IDX,synthetic,2015-12-17 03:15:00,2015-12-17 05:30:00,SHORT,1,616.2800000000001,614.499,30.814000000000007,30.72495,40.0,1781.0000000000628,1719.4610500000626,target_mean,9,WHIPSAW_RANGE
AU_IDX,synthetic,2015-12-17 20:30:00,2015-12-17 21:00:00,LONG,1,617.5,620.1890000000001,30.875,31.009450000000008,40.0,2689.000000000078,2627.115550000078,target_mean,2,WHIPSAW_RANGE
AU_IDX,synthetic,2015-12-18 03:30:00,2015-12-18 03:45:00,LONG,1,609.74,615.825,30.487000000000002,30.79125,40.0,6085.000000000036,6023.721750000036,target_mean,1,WHIPSAW_RANGE
AU_IDX,synthetic,2015-12-18 05:30:00,2015-12-18 06:15:00,SHORT,1,621.14,616.3140000000001,31.057000000000002,30.815700000000007,40.0,4825.999999999908,4764.127299999908,target_mean,3,WHIPSAW_RANGE
AU_IDX,synthetic,2015-12-18 11:00:00,2015-12-18 11:00:00,LONG,1,614.68,615.4100000000001,30.734,30.77050000000001,40.0,730.0000000001319,668.4955000001319,target_mean,0,WHIPSAW_RANGE
AU_IDX,synthetic,2015-12-18 19:00:00,2015-12-18 21:00:00,SHORT,1,631.12,636.4171428571428,31.556,31.820857142857143,40.0,-5297.1428571428305,-5360.519714285687,stop,8,WHIPSAW_RANGE
AU_IDX,synthetic,2015-12-19 14:45:00,2015-12-19 16:30:00,LONG,1,604.54,615.015,30.227,30.75075,40.0,10475.000000000022,10414.022250000022,target_mean,7,WHIPSAW_RANGE
AU_IDX,synthetic,2015-12-19 19:30:00,2015-12-19 20:30:00,SHORT,1,624.74,617.226,31.237000000000002,30.8613,40.0,7514.00000000001,7451.90170000001,target_mean,4,WHIPSAW_RANGE
AU_IDX,synthetic,2015-12-20 02:15:00,2015-12-20 02:45:00,LONG,1,611.3,619.612,30.565,30.980600000000003,40.0,8312.000000000011,8250.45440000001,target_mean,2,WHIPSAW_RANGE
AU_IDX,synthetic,2015-12-20 06:00:00,2015-12-20 06:45:00,LONG,1,607.84,608.2842857142857,30.392000000000003,30.414214285714287,40.0,444.28571428568375,383.47949999996945,stop,3,WHIPSAW_RANGE
AU_IDX,synthetic,2015-12-20 16:45:00,2015-12-20 17:00:00,SHORT,1,628.74,628.3581428571429,31.437,31.417907142857143,40.0,381.8571428571431,319.002235714286,stop,1,WHIPSAW_RANGE
AU_IDX,synthetic,2015-12-20 17:45:00,2015-12-20 17:45:00,SHORT,1,620.88,620.92,31.044,31.046000000000003,40.0,-39.99999999996362,-102.08999999996362,target_mean,0,WHIPSAW_RANGE
AU_IDX,synthetic,2015-12-20 22:00:00,2015-12-21 00:30:00,LONG,1,604.68,606.509,30.234,30.32545,40.0,1829.0000000000646,1768.4405500000646,target_mean,10,WHIPSAW_RANGE
AU_IDX,synthetic,2015-12-21 02:45:00,2015-12-21 04:15:00,SHORT,1,613.84,619.2,30.692,30.96,40.0,-5360.000000000014,-5421.652000000014,stop,6,WHIPSAW_RANGE
AU_IDX,synthetic,2015-12-21 04:30:00,2015-12-21 05:45:00,SHORT,1,613.22,611.4159999999999,30.661,30.570799999999995,40.0,1804.0000000000873,1742.7682000000873,target_mean,5,WHIPSAW_RANGE
AU_IDX,synthetic,2015-12-21 14:15:00,2015-12-21 14:15:00,LONG,1,601.22,601.1800000000001,30.061,30.059000000000008,40.0,-39.99999999996362,-100.11999999996364,stop,0,WHIPSAW_RANGE
AU_IDX,synthetic,2015-12-21 23:15:00,2015-12-21 23:15:00,LONG,1,596.84,600.816,29.842000000000002,30.0408,40.0,3975.999999999999,3916.117199999999,target_mean,0,WHIPSAW_RANGE
AU_IDX,synthetic,2015-12-22 03:00:00,2015-12-22 03:45:00,SHORT,1,608.1,616.0428571428571,30.405,30.802142857142854,40.0,-7942.857142857065,-8004.0642857142075,stop,3,WHIPSAW_RANGE
AU_IDX,synthetic,2015-12-22 04:00:00,2015-12-22 04:45:00,SHORT,1,611.46,619.2945714285714,30.573,30.964728571428576,40.0,-7834.571428571394,-7896.109157142822,stop,3,WHIPSAW_RANGE
AU_IDX,synthetic,2015-12-22 06:45:00,2015-12-22 09:30:00,SHORT,1,622.7800000000001,621.498,31.139000000000006,31.074900000000003,40.0,1282.000000000039,1219.7861000000391,target_mean,11,WHIPSAW_RANGE
AU_IDX,synthetic,2015-12-22 10:30:00,2015-12-22 12:30:00,SHORT,1,644.32,650.48,32.216,32.524,40.0,-6159.999999999968,-6224.739999999969,stop,8,WHIPSAW_RANGE
AU_IDX,synthetic,2015-12-22 13:00:00,2015-12-22 13:45:00,SHORT,1,644.48,641.296,32.224000000000004,32.0648,40.0,3183.999999999969,3119.711199999969,target_mean,3,WHIPSAW_RANGE
AU_IDX,synthetic,2015-12-22 19:45:00,2015-12-22 19:45:00,LONG,1,648.84,648.8000000000001,32.442,32.440000000000005,40.0,-39.99999999996362,-104.88199999996363,target_mean,0,WHIPSAW_RANGE
AU_IDX,synthetic,2015-12-22 21:00:00,2015-12-22 21:00:00,SHORT,1,647.52,647.1859999999999,32.376000000000005,32.3593,40.0,334.00000000006,269.26470000006003,target_mean,0,WHIPSAW_RANGE
AU_IDX,synthetic,2015-12-22 22:30:00,2015-12-22 23:30:00,LONG,1,642.86,636.42,32.143,31.821,40.0,-6440.000000000055,-6503.9640000000545,stop,4,WHIPSAW_RANGE
AU_IDX,synthetic,2015-12-23 04:00:00,2015-12-23 05:15:00,LONG,1,631.78,624.0628571428572,31.589000000000002,31.203142857142858,40.0,-7717.14285714279,-7779.934999999932,stop,5,WHIPSAW_RANGE
AU_IDX,synthetic,2015-12-23 05:30:00,2015-12-23 06:30:00,LONG,1,623.96,613.777142857143,31.198,30.68885714285715,40.0,-10182.857142857074,-10244.743999999931,stop,4,WHIPSAW_RANGE
AU_IDX,synthetic,2015-12-24 08:15:00,2015-12-24 09:45:00,LONG,1,593.76,596.1410000000001,29.688000000000002,29.807050000000007,40.0,2381.0000000000855,2321.5049500000855,target_mean,6,WHIPSAW_RANGE
AU_IDX,synthetic,2015-12-24 14:15:00,2015-12-24 14:45:00,SHORT,1,598.14,602.1828571428572,29.907,30.10914285714286,40.0,-4042.8571428572013,-4102.873285714344,stop,2,WHIPSAW_RANGE
AU_IDX,synthetic,2015-12-24 16:45:00,2015-12-24 18:00:00,SHORT,1,608.08,613.88,30.404,30.694000000000003,40.0,-5799.9999999999545,-5861.097999999955,stop,5,WHIPSAW_RANGE
AU_IDX,synthetic,2015-12-24 22:00:00,2015-12-25 01:30:00,SHORT,1,618.7,625.8857142857144,30.935000000000002,31.294285714285717,40.0,-7185.714285714312,-7247.943571428598,stop,14,WHIPSAW_RANGE
AU_IDX,synthetic,2015-12-25 07:00:00,2015-12-25 07:00:00,LONG,1,617.84,611.1548571428572,30.892000000000003,30.55774285714286,40.0,-6685.142857142864,-6746.592600000007,stop,0,WHIPSAW_RANGE
AU_IDX,synthetic,2015-12-25 16:45:00,2015-12-25 16:45:00,SHORT,1,627.96,627.4150000000001,31.398000000000003,31.370750000000008,40.0,544.9999999999591,482.23124999995906,target_mean,0,WHIPSAW_RANGE
AU_IDX,synthetic,2015-12-25 19:00:00,2015-12-25 19:00:00,LONG,1,626.24,627.72,31.312,31.386000000000003,40.0,1480.0000000000182,1417.3020000000183,target_mean,0,WHIPSAW_RANGE
AU_IDX,synthetic,2015-12-25 21:30:00,2015-12-25 22:30:00,LONG,1,621.8,615.8171428571428,31.09,30.790857142857142,40.0,-5982.857142857142,-6044.737999999999,stop,4,WHIPSAW_RANGE
AU_IDX,synthetic,2015-12-26 04:45:00,2015-12-26 04:45:00,LONG,1,619.42,613.8314285714285,30.971,30.69157142857143,40.0,-5588.571428571413,-5650.233999999984,stop,0,WHIPSAW_RANGE
AU_IDX,synthetic,2015-12-26 05:45:00,2015-12-26 06:15:00,LONG,1,615.52,618.5440000000001,30.776,30.927200000000006,40.0,3024.0000000001146,2962.2968000001147,target_mean,2,WHIPSAW_RANGE
AU_IDX,synthetic,2015-12-26 12:45:00,2015-12-26 12:45:00,SHORT,1,627.48,627.52,31.374000000000002,31.376,40.0,-39.99999999996362,-102.74999999996362,stop,0,WHIPSAW_RANGE
AU_IDX,synthetic,2015-12-26 15:30:00,2015-12-26 15:30:00,SHORT,1,630.6800000000001,637.6542857142857,31.534000000000006,31.882714285714286,40.0,-6974.2857142856565,-7037.702428571371,stop,0,WHIPSAW_RANGE
AU_IDX,synthetic,2015-12-27 06:30:00,2015-12-27 07:15:00,LONG,1,621.42,614.1971428571429,31.071,30.70985714285715,40.0,-7222.857142857038,-7284.637999999894,stop,3,WHIPSAW_RANGE
AU_IDX,synthetic,2015-12-27 08:15:00,2015-12-27 09:00:00,LONG,1,611.98,619.523,30.599,30.97615,40.0,7543.000000000006,7481.424850000006,target_mean,3,WHIPSAW_RANGE
AU_IDX,synthetic,2015-12-27 21:00:00,2015-12-27 21:30:00,LONG,1,596.7,594.6,29.835,29.73,40.0,-2100.0000000000227,-2159.565000000023,stop,2,WHIPSAW_RANGE
AU_IDX,synthetic,2015-12-27 22:45:00,2015-12-27 23:00:00,LONG,1,599.56,604.7239999999999,29.978,30.236199999999997,40.0,5163.999999999987,5103.785799999987,target_mean,1,WHIPSAW_RANGE
AU_IDX,synthetic,2015-12-28 09:45:00,2015-12-28 10:15:00,SHORT,1,628.22,626.559,31.411,31.32795,40.0,1661.0000000000582,1598.261050000058,target_mean,2,WHIPSAW_RANGE
AU_IDX,synthetic,2015-12-28 12:15:00,2015-12-28 14:00:00,LONG,1,617.76,612.0714285714287,30.888,30.603571428571435,40.0,-5688.571428571322,-5750.062999999894,stop,7,WHIPSAW_RANGE
AU_IDX,synthetic,2015-12-28 21:15:00,2015-12-28 21:15:00,LONG,1,608.9399999999999,608.9,30.446999999999996,30.445,40.0,-39.99999999996362,-100.89199999996362,stop,0,WHIPSAW_RANGE
AU_IDX,synthetic,2015-12-29 07:45:00,2015-12-29 07:45:00,SHORT,1,619.9,626.1228571428571,30.995,31.30614285714286,40.0,-6222.857142857151,-6285.158285714294,stop,0,WHIPSAW_RANGE
AU_IDX,synthetic,2015-12-29 09:15:00,2015-12-29 09:30:00,SHORT,1,620.94,627.9114285714285,31.047,31.39557142857143,40.0,-6971.428571428419,-7033.8711428569895,stop,1,WHIPSAW_RANGE
AU_IDX,synthetic,2015-12-29 10:15:00,2015-12-29 11:45:00,SHORT,1,628.5600000000001,623.371,31.428000000000008,31.16855,40.0,5189.000000000078,5126.403450000078,target_mean,6,WHIPSAW_RANGE
AU_IDX,synthetic,2015-12-30 00:30:00,2015-12-30 02:45:00,LONG,1,621.08,612.9085714285715,31.054000000000002,30.645428571428575,40.0,-8171.428571428578,-8233.128000000006,stop,9,WHIPSAW_RANGE
AU_IDX,synthetic,2015-12-30 05:30:00,2015-12-30 05:45:00,LONG,1,607.8,607.1800000000001,30.39,30.35900000000001,40.0,-619.9999999998909,-680.7489999998909,stop,1,WHIPSAW_RANGE
AU_IDX,synthetic,2015-12-30 12:15:00,2015-12-30 12:30:00,LONG,1,606.38,608.999,30.319000000000003,30.44995,40.0,2619.000000000028,2558.231050000028,target_mean,1,WHIPSAW_RANGE
AU_IDX,synthetic,2015-12-30 14:45:00,2015-12-30 15:00:00,SHORT,1,613.44,621.0174285714287,30.672,31.050871428571433,40.0,-7577.428571428641,-7639.151442857212,stop,1,WHIPSAW_RANGE
AU_IDX,synthetic,2015-12-30 15:45:00,2015-12-30 15:45:00,SHORT,1,612.2,610.162,30.610000000000003,30.508100000000002,40.0,2038.000000000011,1976.881900000011,target_mean,0,WHIPSAW_RANGE
AU_IDX,synthetic,2015-12-30 20:45:00,2015-12-30 20:45:00,LONG,1,610.4399999999999,610.9680000000001,30.521999999999995,30.548400000000008,40.0,528.0000000001337,466.9296000001337,target_mean,0,WHIPSAW_RANGE
AU_IDX,synthetic,2015-12-31 01:45:00,2015-12-31 02:15:00,SHORT,1,619.0,614.264,30.950000000000003,30.7132,40.0,4735.99999999999,4674.33679999999,target_mean,2,WHIPSAW_RANGE
AU_IDX,synthetic,2015-12-31 13:00:00,2015-12-31 16:00:00,SHORT,1,627.7800000000001,627.4879999999999,31.389000000000006,31.3744,40.0,292.0000000001437,229.23660000014368,target_mean,12,WHIPSAW_RANGE
AU_IDX,synthetic,2015-12-31 21:00:00,2015-12-31 22:30:00,SHORT,1,642.32,636.807,32.116,31.84035,40.0,5513.000000000034,5449.043650000033,target_mean,6,WHIPSAW_RANGE
AU_IDX,synthetic,2016-01-01 03:45:00,2016-01-01 04:00:00,LONG,1,622.32,615.597142857143,31.116000000000003,30.77985714285715,40.0,-6722.857142857038,-6784.752999999895,stop,1,PANIC_CRASH
AU_IDX,synthetic,2016-01-01 14:30:00,2016-01-01 15:45:00,LONG,1,615.68,607.0097142857143,30.784000000000002,30.350485714285718,40.0,-8670.285714285683,-8731.420199999968,stop,5,PANIC_CRASH
AU_IDX,synthetic,2016-01-01 18:15:00,2016-01-01 19:15:00,LONG,1,605.64,610.275,30.282,30.51375,40.0,4634.999999999991,4574.204249999991,target_mean,4,PANIC_CRASH
AU_IDX,synthetic,2016-01-02 04:00:00,2016-01-02 04:15:00,SHORT,1,626.9200000000001,627.24,31.346000000000007,31.362000000000002,40.0,-319.99999999993634,-382.70799999993636,stop,1,PANIC_CRASH
AU_IDX,synthetic,2016-01-02 06:00:00,2016-01-02 06:30:00,SHORT,1,634.5,634.4399999999999,31.725,31.721999999999994,40.0,60.00000000005912,-3.4469999999408785,stop,2,PANIC_CRASH
AU_IDX,synthetic,2016-01-02 07:00:00,2016-01-02 07:15:00,SHORT,1,627.02,625.957,31.351000000000003,31.29785,40.0,1062.9999999999882,1000.351149999988,target_mean,1,PANIC_CRASH
AU_IDX,synthetic,2016-01-02 14:30:00,2016-01-02 14:30:00,LONG,1,605.86,605.82,30.293000000000003,30.291,40.0,-39.99999999996362,-100.58399999996362,stop,0,PANIC_CRASH
AU_IDX,synthetic,2016-01-02 16:15:00,2016-01-02 16:45:00,LONG,1,596.68,597.2384285714286,29.834000000000003,29.861921428571435,40.0,558.4285714286352,498.7326500000637,stop,2,PANIC_CRASH
AU_IDX,synthetic,2016-01-02 18:45:00,2016-01-02 18:45:00,LONG,1,597.52,601.0980000000001,29.876,30.054900000000007,40.0,3578.000000000088,3518.069100000088,target_mean,0,PANIC_CRASH
AU_IDX,synthetic,2016-01-02 21:00:00,2016-01-02 22:00:00,SHORT,1,619.5400000000001,626.7714285714286,30.977000000000007,31.338571428571434,40.0,-7231.428571428523,-7293.744142857095,stop,4,PANIC_CRASH
AU_IDX,synthetic,2016-01-03 05:15:00,2016-01-03 06:45:00,SHORT,1,630.2,629.7438571428572,31.51,31.487192857142865,40.0,456.1428571428223,393.14566428567946,stop,6,PANIC_CRASH
AU_IDX,synthetic,2016-01-03 15:30:00,2016-01-03 17:00:00,LONG,1,596.12,609.46,29.806,30.473000000000003,40.0,13340.000000000033,13279.721000000032,target_mean,6,PANIC_CRASH
AU_IDX,synthetic,2016-01-04 00:00:00,2016-01-04 00:15:00,LONG,1,580.74,582.68,29.037000000000003,29.134,40.0,1939.9999999999409,1881.8289999999408,stop,1,PANIC_CRASH
AU_IDX,synthetic,2016-01-04 20:30:00,2016-01-04 21:15:00,LONG,1,582.14,573.9222857142856,29.107000000000003,28.696114285714284,40.0,-8217.714285714352,-8275.517400000066,stop,3,PANIC_CRASH
AU_IDX,synthetic,2016-01-05 00:45:00,2016-01-05 01:15:00,LONG,1,572.74,566.877142857143,28.637,28.34385714285715,40.0,-5862.857142857024,-5919.837999999881,stop,2,PANIC_CRASH
AU_IDX,synthetic,2016-01-05 08:00:00,2016-01-05 11:30:00,LONG,1,561.88,550.24,28.094,27.512,40.0,-11639.999999999985,-11695.605999999985,stop,14,PANIC_CRASH
AU_IDX,synthetic,2016-01-05 12:00:00,2016-01-05 12:15:00,LONG,1,550.8,544.32,27.540000000000003,27.216,40.0,-6479.9999999999045,-6534.755999999905,stop,1,PANIC_CRASH
AU_IDX,synthetic,2016-01-05 16:30:00,2016-01-05 16:30:00,LONG,1,521.5,521.46,26.075000000000003,26.073000000000004,40.0,-39.99999999996362,-92.14799999996363,stop,0,PANIC_CRASH
AU_IDX,synthetic,2016-01-05 22:30:00,2016-01-05 22:45:00,LONG,1,509.71999999999997,508.88000000000005,25.485999999999997,25.444000000000003,40.0,-839.9999999999181,-890.9299999999181,stop,1,PANIC_CRASH
AU_IDX,synthetic,2016-01-06 04:15:00,2016-01-06 04:15:00,LONG,1,516.4,518.293,25.82,25.91465,40.0,1893.000000000029,1841.2653500000292,target_mean,0,PANIC_CRASH
AU_IDX,synthetic,2016-01-06 05:15:00,2016-01-06 05:15:00,SHORT,1,521.98,519.254,26.099,25.9627,40.0,2725.999999999999,2673.938299999999,target_mean,0,PANIC_CRASH
AU_IDX,synthetic,2016-01-06 10:30:00,2016-01-06 11:15:00,LONG,1,505.84,498.10571428571427,25.292,24.905285714285714,40.0,-7734.285714285705,-7784.482999999991,stop,3,PANIC_CRASH
AU_IDX,synthetic,2016-01-06 12:00:00,2016-01-06 12:45:00,LONG,1,496.0,489.67714285714294,24.8,24.48385714285715,40.0,-6322.85714285706,-6372.140999999918,stop,3,PANIC_CRASH
AU_IDX,synthetic,2016-01-06 15:00:00,2016-01-06 16:15:00,LONG,1,485.18,489.674,24.259,24.483700000000002,40.0,4493.999999999971,4445.257299999971,target_mean,5,PANIC_CRASH
AU_IDX,synthetic,2016-01-06 18:45:00,2016-01-06 19:45:00,SHORT,1,495.64000000000004,490.20899999999995,24.782000000000004,24.51045,40.0,5431.000000000096,5381.7075500000965,target_mean,4,PANIC_CRASH
AU_IDX,synthetic,2016-01-06 22:15:00,2016-01-07 00:15:00,LONG,1,482.64,486.62800000000004,24.132,24.331400000000006,40.0,3988.0000000000564,3939.5366000000563,target_mean,8,PANIC_CRASH
AU_IDX,synthetic,2016-01-07 05:00:00,2016-01-07 06:15:00,SHORT,1,495.66,501.39428571428573,24.783,25.069714285714287,40.0,-5734.285714285705,-5784.138428571419,stop,5,PANIC_CRASH
AU_IDX,synthetic,2016-01-07 07:00:00,2016-01-07 07:30:00,SHORT,1,502.12,507.0342857142857,25.106,25.351714285714287,40.0,-4914.285714285711,-4964.743428571425,stop,2,PANIC_CRASH
AU_IDX,synthetic,2016-01-07 13:00:00,2016-01-07 14:00:00,LONG,1,488.52,483.5628571428571,24.426000000000002,24.178142857142856,40.0,-4957.142857142855,-5005.7469999999985,stop,4,PANIC_CRASH
AU_IDX,synthetic,2016-01-07 14:30:00,2016-01-07 14:30:00,LONG,1,484.24,475.34600000000006,24.212,23.767300000000002,40.0,-8893.999999999949,-8941.979299999948,stop,0,PANIC_CRASH
AU_IDX,synthetic,2016-01-08 01:15:00,2016-01-08 02:30:00,SHORT,1,485.90000000000003,483.01099999999997,24.295000000000005,24.15055,40.0,2889.000000000067,2840.554450000067,target_mean,5,PANIC_CRASH
AU_IDX,synthetic,2016-01-08 03:45:00,2016-01-08 04:30:00,LONG,1,474.76,475.0748571428571,23.738,23.753742857142857,40.0,314.85714285713584,267.365399999993,stop,3,PANIC_CRASH
AU_IDX,synthetic,2016-01-08 13:00:00,2016-01-08 13:30:00,SHORT,1,496.64000000000004,503.33028571428576,24.832000000000004,25.16651428571429,40.0,-6690.285714285721,-6740.284228571436,stop,2,PANIC_CRASH
AU_IDX,synthetic,2016-01-08 15:30:00,2016-01-08 17:00:00,SHORT,1,504.8,504.3642857142857,25.240000000000002,25.218214285714286,40.0,435.7142857143117,385.2560714285974,stop,6,PANIC_CRASH
AU_IDX,synthetic,2016-01-09 16:15:00,2016-01-09 17:00:00,LONG,1,484.36,484.7118571428572,24.218,24.23559285714286,40.0,351.8571428571704,303.4035500000275,stop,3,PANIC_CRASH
AU_IDX,synthetic,2016-01-09 17:45:00,2016-01-09 18:30:00,LONG,1,480.84,485.58600000000007,24.042,24.279300000000003,40.0,4746.000000000095,4697.678700000094,target_mean,3,PANIC_CRASH
AU_IDX,synthetic,2016-01-09 23:15:00,2016-01-10 01:15:00,SHORT,1,512.2,505.13,25.610000000000003,25.256500000000003,40.0,7070.00000000005,7019.13350000005,target_mean,8,PANIC_CRASH
AU_IDX,synthetic,2016-01-10 20:00:00,2016-01-10 20:00:00,SHORT,1,502.56,502.59999999999997,25.128,25.13,40.0,-39.99999999996362,-90.25799999996362,stop,0,PANIC_CRASH
AU_IDX,synthetic,2016-01-11 03:45:00,2016-01-11 03:45:00,LONG,1,499.9,501.25700000000006,24.995,25.062850000000005,40.0,1357.0000000000846,1306.9421500000847,target_mean,0,PANIC_CRASH
AU_IDX,synthetic,2016-01-11 06:15:00,2016-01-11 07:00:00,LONG,1,484.8,480.96000000000004,24.240000000000002,24.048000000000005,40.0,-3839.999999999975,-3888.287999999975,stop,3,PANIC_CRASH
AU_IDX,synthetic,2016-01-11 16:00:00,2016-01-11 16:00:00,SHORT,1,497.72,497.76,24.886000000000003,24.888,40.0,-39.99999999996362,-89.77399999996362,target_mean,0,PANIC_CRASH
AU_IDX,synthetic,2016-01-11 17:15:00,2016-01-11 19:45:00,LONG,1,491.48,484.0457142857143,24.574,24.20228571428572,40.0,-7434.285714285693,-7483.061999999978,stop,10,PANIC_CRASH
AU_IDX,synthetic,2016-01-11 21:30:00,2016-01-11 21:30:00,LONG,1,478.64,478.6,23.932000000000002,23.93,40.0,-39.99999999996362,-87.86199999996361,stop,0,PANIC_CRASH
AU_IDX,synthetic,2016-01-11 23:30:00,2016-01-12 00:45:00,SHORT,1,500.18,499.61714285714277,25.009,24.98085714285714,40.0,562.85714285724,512.8672857143828,stop,5,PANIC_CRASH
AU_IDX,synthetic,2016-01-12 08:15:00,2016-01-12 10:00:00,LONG,1,469.86,462.26000000000005,23.493000000000002,23.113000000000003,40.0,-7599.999999999965,-7646.605999999966,stop,7,PANIC_CRASH
AU_IDX,synthetic,2016-01-12 10:30:00,2016-01-12 13:45:00,LONG,1,461.46,462.38500000000005,23.073,23.119250000000005,40.0,925.0000000000682,878.8077500000683,target_mean,13,PANIC_CRASH
AU_IDX,synthetic,2016-01-12 21:15:00,2016-01-12 21:15:00,SHORT,1,485.54,481.21999999999997,24.277,24.061,40.0,4320.00000000005,4271.66200000005,target_mean,0,PANIC_CRASH
AU_IDX,synthetic,2016-01-13 07:15:00,2016-01-13 08:00:00,SHORT,1,481.6,486.7971428571429,24.080000000000002,24.339857142857145,40.0,-5197.142857142864,-5245.562714285721,stop,3,PANIC_CRASH
AU_IDX,synthetic,2016-01-13 18:30:00,2016-01-13 19:45:00,LONG,1,488.2,492.253,24.41,24.612650000000002,40.0,4052.9999999999973,4003.9773499999974,target_mean,5,PANIC_CRASH
AU_IDX,synthetic,2016-01-13 20:45:00,2016-01-13 21:15:00,LONG,1,483.68,478.5971428571429,24.184,23.929857142857145,40.0,-5082.857142857109,-5130.970999999966,stop,2,PANIC_CRASH
AU_IDX,synthetic,2016-01-13 21:45:00,2016-01-13 22:00:00,LONG,1,481.7,481.9722857142857,24.085,24.098614285714284,40.0,272.28571428571513,224.10210000000083,stop,1,PANIC_CRASH
AU_IDX,synthetic,2016-01-14 12:30:00,2016-01-14 13:30:00,SHORT,1,514.46,514.0944285714286,25.723000000000003,25.704721428571432,40.0,365.57142857145664,314.1437071428852,stop,4,PANIC_CRASH
AU_IDX,synthetic,2016-01-14 17:00:00,2016-01-14 17:00:00,LONG,1,502.76,502.72,25.138,25.136000000000003,40.0,-39.99999999996362,-90.27399999996362,stop,0,PANIC_CRASH
AU_IDX,synthetic,2016-01-15 05:30:00,2016-01-15 06:45:00,LONG,1,494.82,498.84700000000004,24.741,24.942350000000005,40.0,4027.0000000000437,3977.316650000044,target_mean,5,PANIC_CRASH
AU_IDX,synthetic,2016-01-15 15:45:00,2016-01-15 17:45:00,LONG,1,463.8,468.831,23.19,23.44155,40.0,5031.0000000000055,4984.368450000006,target_mean,8,PANIC_CRASH
AU_IDX,synthetic,2016-01-16 04:15:00,2016-01-16 07:15:00,SHORT,1,494.56,491.358,24.728,24.5679,40.0,3201.999999999998,3152.704099999998,target_mean,12,PANIC_CRASH
AU_IDX,synthetic,2016-01-17 06:45:00,2016-01-17 08:00:00,LONG,1,460.18,453.88828571428576,23.009,22.694414285714288,40.0,-6291.71428571425,-6337.4176999999645,stop,5,PANIC_CRASH
AU_IDX,synthetic,2016-01-17 11:30:00,2016-01-17 12:00:00,LONG,1,450.48,445.4942857142857,22.524,22.274714285714285,40.0,-4985.714285714323,-5030.513000000037,stop,2,PANIC_CRASH
AU_IDX,synthetic,2016-01-17 17:45:00,2016-01-17 17:45:00,LONG,1,447.4,447.36,22.37,22.368000000000002,40.0,-39.99999999996362,-84.73799999996362,stop,0,PANIC_CRASH
AU_IDX,synthetic,2016-01-17 19:00:00,2016-01-17 19:30:00,LONG,1,444.36,438.7142857142858,22.218,21.93571428571429,40.0,-5645.714285714234,-5689.867999999949,stop,2,PANIC_CRASH
AU_IDX,synthetic,2016-01-18 03:00:00,2016-01-18 03:15:00,SHORT,1,455.02000000000004,450.08099999999996,22.751000000000005,22.50405,40.0,4939.000000000078,4893.7449500000785,target_mean,1,PANIC_CRASH
AU_IDX,synthetic,2016-01-18 16:30:00,2016-01-18 17:30:00,LONG,1,446.5,439.58085714285716,22.325000000000003,21.979042857142858,40.0,-6919.142857142844,-6963.446899999987,stop,4,PANIC_CRASH
AU_IDX,synthetic,2016-01-18 18:45:00,2016-01-18 20:00:00,LONG,1,437.88,437.78000000000003,21.894000000000002,21.889000000000003,40.0,-99.9999999999659,-143.7829999999659,stop,5,PANIC_CRASH
AU_IDX,synthetic,2016-01-19 01:30:00,2016-01-19 03:15:00,SHORT,1,446.98,446.599,22.349,22.32995,40.0,381.00000000002865,336.32105000002866,target_mean,7,PANIC_CRASH
AU_IDX,synthetic,2016-01-19 08:00:00,2016-01-19 08:30:00,LONG,1,435.9,436.2452857142857,21.795,21.81226428571429,40.0,345.28571428575106,301.6784500000368,stop,2,PANIC_CRASH
AU_IDX,synthetic,2016-01-19 13:15:00,2016-01-19 13:15:00,LONG,1,425.02,428.735,21.251,21.43675,40.0,3715.000000000032,3672.312250000032,target_mean,0,PANIC_CRASH
AU_IDX,synthetic,2016-01-19 15:45:00,2016-01-19 18:30:00,SHORT,1,449.58000000000004,449.1277142857143,22.479000000000003,22.456385714285716,40.0,452.28571428572195,407.35032857143625,stop,11,PANIC_CRASH
AU_IDX,synthetic,2016-01-20 02:30:00,2016-01-20 03:00:00,LONG,1,421.58,424.56100000000004,21.079,21.228050000000003,40.0,2981.0000000000514,2938.692950000051,target_mean,2,PANIC_CRASH
AU_IDX,synthetic,2016-01-20 23:15:00,2016-01-20 23:45:00,LONG,1,440.48,435.22,22.024,21.761000000000003,40.0,-5259.999999999991,-5303.784999999992,stop,2,PANIC_CRASH
AU_IDX,synthetic,2016-01-21 01:00:00,2016-01-21 01:15:00,LONG,1,437.3,439.50600000000003,21.865000000000002,21.9753,40.0,2206.0000000000173,2162.1597000000174,target_mean,1,PANIC_CRASH
AU_IDX,synthetic,2016-01-21 13:30:00,2016-01-21 14:00:00,LONG,1,443.8,444.13214285714287,22.19,22.206607142857145,40.0,332.1428571428555,287.7462499999984,stop,2,PANIC_CRASH
AU_IDX,synthetic,2016-01-21 23:45:00,2016-01-21 23:45:00,SHORT,1,439.78000000000003,439.82,21.989000000000004,21.991,40.0,-39.99999999996362,-83.97999999996362,stop,0,PANIC_CRASH
AU_IDX,synthetic,2016-01-22 01:15:00,2016-01-22 01:15:00,SHORT,1,437.88000000000005,436.76000000000005,21.894000000000005,21.838000000000005,40.0,1120.0000000000045,1076.2680000000046,target_mean,0,PANIC_CRASH
AU_IDX,synthetic,2016-01-22 04:30:00,2016-01-22 05:00:00,SHORT,1,455.26000000000005,454.87557142857145,22.763000000000005,22.74377857142857,40.0,384.4285714286002,338.9217928571716,stop,2,PANIC_CRASH
AU_IDX,synthetic,2016-01-22 17:30:00,2016-01-22 17:45:00,SHORT,1,438.8,442.64571428571423,21.94,22.132285714285715,40.0,-3845.714285714223,-3889.786571428509,stop,1,PANIC_CRASH
AU_IDX,synthetic,2016-01-22 18:30:00,2016-01-22 19:45:00,SHORT,1,443.94000000000005,437.287,22.197000000000003,21.86435,40.0,6653.000000000076,6608.938650000076,target_mean,5,PANIC_CRASH
AU_IDX,synthetic,2016-01-23 01:15:00,2016-01-23 02:00:00,SHORT,1,449.86,449.5632857142857,22.493000000000002,22.47816428571429,40.0,296.7142857143017,251.74312142858741,stop,3,PANIC_CRASH
AU_IDX,synthetic,2016-01-23 07:15:00,2016-01-23 07:30:00,LONG,1,438.76,438.8,21.938000000000002,21.94,40.0,40.000000000020464,-3.87799999997954,stop,1,PANIC_CRASH
AU_IDX,synthetic,2016-01-23 15:15:00,2016-01-23 16:00:00,LONG,1,425.82,425.88000000000005,21.291,21.294000000000004,40.0,60.00000000005912,17.415000000059116,stop,3,PANIC_CRASH
AU_IDX,synthetic,2016-01-23 18:00:00,2016-01-23 18:45:00,LONG,1,420.02,423.024,21.001,21.1512,40.0,3004.000000000019,2961.847800000019,target_mean,3,PANIC_CRASH
AU_IDX,synthetic,2016-01-24 00:00:00,2016-01-24 00:15:00,SHORT,1,427.94000000000005,423.58000000000004,21.397000000000006,21.179000000000006,40.0,4360.000000000014,4317.424000000014,target_mean,1,PANIC_CRASH
AU_IDX,synthetic,2016-01-24 02:15:00,2016-01-24 02:45:00,SHORT,1,431.04,426.91400000000004,21.552,21.345700000000004,40.0,4125.999999999976,4083.102299999977,target_mean,2,PANIC_CRASH
AU_IDX,synthetic,2016-01-24 05:30:00,2016-01-24 05:45:00,LONG,1,416.09999999999997,415.98,20.805,20.799,40.0,-119.9999999999477,-161.60399999994772,stop,1,PANIC_CRASH
AU_IDX,synthetic,2016-01-24 16:45:00,2016-01-24 19:15:00,LONG,1,409.68,412.486,20.484,20.6243,40.0,2805.999999999983,2764.8916999999833,target_mean,10,PANIC_CRASH
AU_IDX,synthetic,2016-01-25 03:15:00,2016-01-25 04:00:00,LONG,1,406.46,406.71842857142855,20.323,20.335921428571428,40.0,258.428571428567,217.76964999999558,stop,3,PANIC_CRASH
AU_IDX,synthetic,2016-01-25 09:30:00,2016-01-25 10:15:00,SHORT,1,414.70000000000005,419.7085714285714,20.735000000000003,20.98542857142857,40.0,-5008.571428571372,-5050.2918571428,stop,3,PANIC_CRASH
AU_IDX,synthetic,2016-01-25 11:00:00,2016-01-25 12:30:00,SHORT,1,419.0,414.24,20.95,20.712,40.0,4759.999999999991,4718.337999999991,target_mean,6,PANIC_CRASH
AU_IDX,synthetic,2016-01-26 01:30:00,2016-01-26 02:15:00,LONG,1,380.06,376.24857142857144,19.003,18.812428571428573,40.0,-3811.4285714285643,-3849.243999999993,stop,3,PANIC_CRASH
AU_IDX,synthetic,2016-01-26 03:00:00,2016-01-26 03:45:00,LONG,1,374.64,370.9828571428572,18.732,18.54914285714286,40.0,-3657.1428571427873,-3694.42399999993,stop,3,PANIC_CRASH
AU_IDX,synthetic,2016-01-26 04:15:00,2016-01-26 04:15:00,LONG,1,372.32,369.81142857142856,18.616,18.490571428571428,40.0,-2508.571428571429,-2545.6780000000003,stop,0,PANIC_CRASH
AU_IDX,synthetic,2016-01-26 11:45:00,2016-01-26 12:30:00,SHORT,1,379.24,385.128,18.962,19.2564,40.0,-5887.999999999976,-5926.218399999977,stop,3,PANIC_CRASH
AU_IDX,synthetic,2016-01-26 16:15:00,2016-01-26 18:15:00,SHORT,1,394.90000000000003,397.56857142857143,19.745000000000005,19.87842857142857,40.0,-2668.571428571397,-2708.1948571428256,stop,8,PANIC_CRASH
AU_IDX,synthetic,2016-01-27 06:00:00,2016-01-27 06:00:00,LONG,1,384.64,384.774,19.232,19.2387,40.0,134.00000000001455,95.52930000001456,target_mean,0,PANIC_CRASH
AU_IDX,synthetic,2016-01-27 11:00:00,2016-01-27 11:00:00,LONG,1,378.56,378.52000000000004,18.928,18.926000000000005,40.0,-39.99999999996362,-77.85399999996362,stop,0,PANIC_CRASH
AU_IDX,synthetic,2016-01-27 22:15:00,2016-01-27 23:00:00,LONG,1,375.2,375.3682857142857,18.76,18.76841428571429,40.0,168.28571428573014,130.75730000001585,stop,3,PANIC_CRASH
AU_IDX,synthetic,2016-01-28 15:00:00,2016-01-28 17:00:00,SHORT,1,381.34000000000003,381.064,19.067000000000004,19.0532,40.0,276.00000000001046,237.87980000001045,stop,8,PANIC_CRASH
AU_IDX,synthetic,2016-01-29 01:00:00,2016-01-29 01:45:00,LONG,1,365.7,364.96000000000004,18.285,18.248000000000005,40.0,-739.9999999999523,-776.5329999999523,stop,3,PANIC_CRASH
AU_IDX,synthetic,2016-01-29 06:30:00,2016-01-29 07:30:00,SHORT,1,374.82000000000005,371.948,18.741000000000003,18.5974,40.0,2872.000000000071,2834.661600000071,target_mean,4,PANIC_CRASH
AU_IDX,synthetic,2016-01-30 02:15:00,2016-01-30 03:00:00,LONG,1,366.15999999999997,362.02285714285716,18.307999999999996,18.101142857142857,40.0,-4137.142857142806,-4173.551999999949,stop,3,PANIC_CRASH
AU_IDX,synthetic,2016-01-30 09:00:00,2016-01-30 09:30:00,SHORT,1,369.5,365.35900000000004,18.475,18.267950000000003,40.0,4140.999999999963,4104.257049999962,target_mean,2,PANIC_CRASH
AU_IDX,synthetic,2016-01-30 12:30:00,2016-01-30 12:30:00,LONG,1,358.18,358.14000000000004,17.909000000000002,17.907000000000004,40.0,-39.99999999996362,-75.81599999996362,stop,0,PANIC_CRASH
AU_IDX,synthetic,2016-01-30 13:30:00,2016-01-30 15:00:00,LONG,1,361.24,356.6828571428572,18.062,17.834142857142858,40.0,-4557.142857142821,-4593.038999999964,stop,6,PANIC_CRASH
AU_IDX,synthetic,2016-01-30 15:45:00,2016-01-30 17:30:00,LONG,1,358.18,353.18000000000006,17.909000000000002,17.659000000000002,40.0,-4999.999999999944,-5035.567999999943,stop,7,PANIC_CRASH
AU_IDX,synthetic,2016-01-30 18:15:00,2016-01-30 19:15:00,LONG,1,354.82,349.8657142857143,17.741,17.493285714285715,40.0,-4954.285714285675,-4989.51999999996,stop,4,PANIC_CRASH
AU_IDX,synthetic,2016-01-30 19:45:00,2016-01-30 20:30:00,LONG,1,350.47999999999996,347.37999999999994,17.523999999999997,17.368999999999996,40.0,-3100.0000000000227,-3134.8930000000228,stop,3,PANIC_CRASH
AU_IDX,synthetic,2016-01-30 21:00:00,2016-01-30 21:45:00,LONG,1,343.5,343.76057142857144,17.175,17.18802857142857,40.0,260.57142857143845,226.20840000000987,stop,3,PANIC_CRASH
AU_IDX,synthetic,2016-01-31 03:45:00,2016-01-31 03:45:00,SHORT,1,359.96000000000004,360.0,17.998000000000005,18.0,40.0,-39.99999999996362,-75.99799999996362,stop,0,PANIC_CRASH
AU_IDX,synthetic,2016-01-31 08:15:00,2016-01-31 08:45:00,LONG,1,345.09999999999997,348.345,17.255,17.41725,40.0,3245.0000000000614,3210.3277500000613,target_mean,2,PANIC_CRASH
AU_IDX,synthetic,2016-01-31 12:00:00,2016-01-31 14:15:00,SHORT,1,353.56,349.702,17.678,17.4851,40.0,3858.000000000004,3822.8369000000043,target_mean,9,PANIC_CRASH
AU_IDX,synthetic,2016-01-31 15:15:00,2016-01-31 15:45:00,SHORT,1,359.1,362.8057142857143,17.955000000000002,18.140285714285717,40.0,-3705.7142857142935,-3741.809571428579,stop,2,PANIC_CRASH
AU_IDX,synthetic,2016-01-31 17:00:00,2016-01-31 17:45:00,SHORT,1,363.14000000000004,367.2571428571428,18.157000000000004,18.36285714285714,40.0,-4117.142857142767,-4153.662714285624,stop,3,PANIC_CRASH
AU_IDX,synthetic,2016-02-01 02:15:00,2016-02-01 03:45:00,LONG,1,356.28,351.2714285714286,17.814,17.56357142857143,40.0,-5008.571428571372,-5043.948999999944,stop,6,PANIC_CRASH
AU_IDX,synthetic,2016-02-01 08:15:00,2016-02-01 10:00:00,LONG,1,355.06,351.86857142857144,17.753,17.59342857142857,40.0,-3191.4285714285597,-3226.7749999999883,stop,7,PANIC_CRASH
AU_IDX,synthetic,2016-02-02 05:00:00,2016-02-02 05:00:00,SHORT,1,361.44,361.47999999999996,18.072,18.073999999999998,40.0,-39.99999999996362,-76.14599999996362,stop,0,PANIC_CRASH
AU_IDX,synthetic,2016-02-02 11:15:00,2016-02-02 11:30:00,LONG,1,341.03999999999996,335.04,17.052,16.752000000000002,40.0,-5999.999999999944,-6033.803999999944,stop,1,PANIC_CRASH
AU_IDX,synthetic,2016-02-02 15:15:00,2016-02-02 15:15:00,LONG,1,340.59999999999997,340.56,17.029999999999998,17.028000000000002,40.0,-39.99999999996362,-74.05799999996363,target_mean,0,PANIC_CRASH
AU_IDX,synthetic,2016-02-02 17:15:00,2016-02-02 19:00:00,LONG,1,332.46,335.56800000000004,16.623,16.778400000000005,40.0,3108.000000000061,3074.5986000000607,target_mean,7,PANIC_CRASH
AU_IDX,synthetic,2016-02-03 08:45:00,2016-02-03 08:45:00,LONG,1,326.92,326.88000000000005,16.346,16.344000000000005,40.0,-39.99999999996362,-72.68999999996363,stop,0,PANIC_CRASH
AU_IDX,synthetic,2016-02-03 11:00:00,2016-02-03 13:00:00,LONG,1,319.18,319.5147142857143,15.959000000000001,15.975735714285717,40.0,334.7142857143126,302.7795500000269,stop,8,PANIC_CRASH
AU_IDX,synthetic,2016-02-03 14:45:00,2016-02-03 14:45:00,LONG,1,320.4,320.36,16.02,16.018,40.0,-39.99999999996362,-72.03799999996362,target_mean,0,PANIC_CRASH
AU_IDX,synthetic,2016-02-03 23:15:00,2016-02-04 01:15:00,LONG,1,308.42,305.75714285714287,15.421000000000001,15.287857142857142,40.0,-2662.857142857149,-2693.566000000006,stop,8,PANIC_CRASH
AU_IDX,synthetic,2016-02-04 06:30:00,2016-02-04 06:30:00,SHORT,1,311.48,313.8857142857143,15.574000000000002,15.694285714285718,40.0,-2405.714285714282,-2436.982571428568,stop,0,PANIC_CRASH
AU_IDX,synthetic,2016-02-04 15:00:00,2016-02-04 16:00:00,SHORT,1,320.42,323.3514285714285,16.021,16.167571428571428,40.0,-2931.428571428512,-2963.6171428570838,stop,4,PANIC_CRASH
AU_IDX,synthetic,2016-02-04 17:15:00,2016-02-04 18:15:00,SHORT,1,326.06,322.245,16.303,16.11225,40.0,3814.9999999999977,3782.5847499999977,target_mean,4,PANIC_CRASH
AU_IDX,synthetic,2016-02-05 02:00:00,2016-02-05 02:45:00,LONG,1,318.92,314.22,15.946000000000002,15.711,40.0,-4699.999999999989,-4731.656999999989,stop,3,PANIC_CRASH
AU_IDX,synthetic,2016-02-05 08:30:00,2016-02-05 09:00:00,SHORT,1,318.54,316.411,15.927000000000001,15.82055,40.0,2129.000000000019,2097.252450000019,target_mean,2,PANIC_CRASH
AU_IDX,synthetic,2016-02-05 11:45:00,2016-02-05 13:00:00,LONG,1,309.58,307.10571428571427,15.479000000000001,15.355285714285714,40.0,-2474.2857142857133,-2505.119999999999,stop,5,PANIC_CRASH
AU_IDX,synthetic,2016-02-05 15:15:00,2016-02-05 15:30:00,SHORT,1,315.22,315.5,15.761000000000001,15.775,40.0,-279.9999999999727,-311.5359999999727,stop,1,PANIC_CRASH
AU_IDX,synthetic,2016-02-06 01:45:00,2016-02-06 02:15:00,SHORT,1,308.68,305.293,15.434000000000001,15.264650000000001,40.0,3387.0000000000005,3356.30135,target_mean,2,PANIC_CRASH
AU_IDX,synthetic,2016-02-06 10:45:00,2016-02-06 13:45:00,SHORT,1,305.86,309.4942857142857,15.293000000000001,15.474714285714285,40.0,-3634.2857142856815,-3665.0534285713957,stop,12,PANIC_CRASH
AU_IDX,synthetic,2016-02-06 18:00:00,2016-02-06 19:45:00,LONG,1,297.92,294.4114285714286,14.896,14.72057142857143,40.0,-3508.571428571429,-3538.1880000000006,stop,7,PANIC_CRASH
AU_IDX,synthetic,2016-02-06 23:45:00,2016-02-07 00:15:00,LONG,1,290.44,287.70000000000005,14.522,14.385000000000003,40.0,-2739.9999999999523,-2768.9069999999524,stop,2,PANIC_CRASH
AU_IDX,synthetic,2016-02-07 00:45:00,2016-02-07 02:45:00,LONG,1,285.5,288.964,14.275,14.4482,40.0,3463.9999999999986,3435.2767999999987,target_mean,8,PANIC_CRASH
AU_IDX,synthetic,2016-02-07 05:15:00,2016-02-07 05:45:00,LONG,1,284.26,284.44814285714284,14.213000000000001,14.222407142857143,40.0,188.14285714285006,159.70744999999292,stop,2,PANIC_CRASH
AU_IDX,synthetic,2016-02-07 12:30:00,2016-02-07 13:45:00,LONG,1,280.94,277.8754285714286,14.047,13.89377142857143,40.0,-3064.571428571412,-3092.5121999999837,stop,5,PANIC_CRASH
AU_IDX,synthetic,2016-02-07 18:00:00,2016-02-07 18:45:00,LONG,1,268.76,273.5,13.438,13.675,40.0,4740.000000000009,4712.887000000009,target_mean,3,PANIC_CRASH
AU_IDX,synthetic,2016-02-08 08:00:00,2016-02-08 08:00:00,SHORT,2,268.82000000000005,268.86,26.88200000000001,26.886000000000003,80.0,-79.99999999992724,-133.76799999992724,stop,0,PANIC_CRASH
AU_IDX,synthetic,2016-02-08 10:15:00,2016-02-08 10:15:00,LONG,1,263.15999999999997,259.54285714285714,13.157999999999998,12.977142857142857,40.0,-3617.1428571428237,-3643.2779999999666,stop,0,PANIC_CRASH
AU_IDX,synthetic,2016-02-08 11:15:00,2016-02-08 13:45:00,LONG,1,259.12,255.15999999999997,12.956000000000001,12.758,40.0,-3960.0000000000364,-3985.7140000000363,stop,10,PANIC_CRASH
AU_IDX,synthetic,2016-02-08 16:30:00,2016-02-08 16:45:00,LONG,1,251.24,247.71999999999997,12.562000000000001,12.386,40.0,-3520.0000000000387,-3544.9480000000385,stop,1,PANIC_CRASH
AU_IDX,synthetic,2016-02-08 17:30:00,2016-02-08 17:45:00,LONG,1,249.16000000000003,245.5657142857143,12.458000000000002,12.278285714285717,40.0,-3594.285714285718,-3619.0220000000036,stop,1,PANIC_CRASH
AU_IDX,synthetic,2016-02-09 08:15:00,2016-02-09 08:45:00,SHORT,1,259.46000000000004,257.539,12.973000000000003,12.87695,40.0,1921.000000000049,1895.150050000049,target_mean,2,PANIC_CRASH
AU_IDX,synthetic,2016-02-09 10:30:00,2016-02-09 11:15:00,SHORT,1,263.94,263.69028571428566,13.197000000000001,13.184514285714284,40.0,249.71428571433307,223.3327714286188,stop,3,PANIC_CRASH
AU_IDX,synthetic,2016-02-09 17:30:00,2016-02-09 19:00:00,LONG,1,254.84,255.08342857142856,12.742,12.754171428571428,40.0,243.42857142855223,217.93239999998082,stop,6,PANIC_CRASH
AU_IDX,synthetic,2016-02-10 00:00:00,2016-02-10 00:30:00,LONG,1,250.88000000000002,250.35999999999999,12.544000000000002,12.517999999999999,40.0,-520.0000000000387,-545.0620000000387,stop,2,PANIC_CRASH
AU_IDX,synthetic,2016-02-10 04:45:00,2016-02-10 06:45:00,SHORT,1,257.3,259.3142857142857,12.865,12.965714285714284,40.0,-2014.285714285677,-2040.1164285713912,stop,8,PANIC_CRASH
AU_IDX,synthetic,2016-02-10 15:15:00,2016-02-10 15:15:00,SHORT,2,268.20000000000005,266.562,26.820000000000007,26.656200000000002,80.0,3276.0000000000673,3222.5238000000672,target_mean,0,PANIC_CRASH
AU_IDX,synthetic,2016-02-11 15:30:00,2016-02-11 16:45:00,SHORT,1,252.84,255.3,12.642000000000001,12.765,40.0,-2460.000000000008,-2485.407000000008,stop,5,PANIC_CRASH
AU_IDX,synthetic,2016-02-11 18:30:00,2016-02-11 18:45:00,SHORT,1,257.34000000000003,257.34,12.867000000000003,12.866999999999999,40.0,5.6843418860808015e-11,-25.73399999994316,stop,1,PANIC_CRASH
AU_IDX,synthetic,2016-02-11 23:15:00,2016-02-11 23:15:00,SHORT,1,258.52000000000004,258.56,12.926000000000002,12.928,40.0,-39.99999999996362,-65.85399999996362,stop,0,PANIC_CRASH
AU_IDX,synthetic,2016-02-12 16:45:00,2016-02-12 18:30:00,LONG,1,249.8,251.15699999999998,12.49,12.557849999999998,40.0,1356.999999999971,1331.952149999971,target_mean,7,PANIC_CRASH
AU_IDX,synthetic,2016-02-13 01:30:00,2016-02-13 02:00:00,SHORT,1,279.54,279.3241428571429,13.977,13.966207142857145,40.0,215.8571428571463,187.91393571428915,stop,2,PANIC_CRASH
AU_IDX,synthetic,2016-02-13 04:15:00,2016-02-13 05:30:00,SHORT,1,281.38000000000005,280.01800000000003,14.069000000000004,14.000900000000001,40.0,1362.0000000000232,1333.9301000000232,target_mean,5,PANIC_CRASH
AU_IDX,synthetic,2016-02-13 12:00:00,2016-02-13 12:15:00,LONG,1,279.03999999999996,280.37,13.951999999999998,14.018500000000001,40.0,1330.000000000041,1302.029500000041,target_mean,1,PANIC_CRASH
AU_IDX,synthetic,2016-02-14 01:15:00,2016-02-14 03:00:00,SHORT,1,283.0,286.0114285714286,14.15,14.300571428571432,40.0,-3011.4285714286098,-3039.8791428571813,stop,7,PANIC_CRASH
AU_IDX,synthetic,2016-02-14 11:15:00,2016-02-14 12:00:00,LONG,1,280.08,281.40500000000003,14.004000000000001,14.070250000000003,40.0,1325.0000000000455,1296.9257500000456,target_mean,3,PANIC_CRASH
AU_IDX,synthetic,2016-02-14 15:00:00,2016-02-14 15:30:00,SHORT,1,286.32000000000005,286.1231428571429,14.316000000000004,14.306157142857145,40.0,196.85714285714084,168.2349857142837,stop,2,PANIC_CRASH
AU_IDX,synthetic,2016-02-15 09:30:00,2016-02-15 10:15:00,LONG,1,267.68,263.90000000000003,13.384,13.195000000000004,40.0,-3779.9999999999727,-3806.578999999973,stop,3,PANIC_CRASH
AU_IDX,synthetic,2016-02-15 12:45:00,2016-02-15 14:30:00,LONG,1,260.52,262.038,13.026,13.1019,40.0,1518.000000000029,1491.8721000000291,target_mean,7,PANIC_CRASH
AU_IDX,synthetic,2016-02-16 00:15:00,2016-02-16 00:15:00,SHORT,1,265.96000000000004,265.616,13.298000000000004,13.280800000000001,40.0,344.00000000005093,317.42120000005093,target_mean,0,PANIC_CRASH
AU_IDX,synthetic,2016-02-16 02:45:00,2016-02-16 02:45:00,SHORT,1,263.98,264.02,13.199,13.201,40.0,-39.99999999996362,-66.39999999996363,target_mean,0,PANIC_CRASH
AU_IDX,synthetic,2016-02-16 05:30:00,2016-02-16 06:15:00,SHORT,1,274.86,278.53999999999996,13.743,13.926999999999998,40.0,-3679.99999999995,-3707.66999999995,stop,3,PANIC_CRASH
AU_IDX,synthetic,2016-02-17 02:45:00,2016-02-17 04:00:00,SHORT,1,278.22,278.0525714285714,13.911000000000001,13.902628571428572,40.0,167.42857142861567,139.6149428571871,stop,5,PANIC_CRASH
AU_IDX,synthetic,2016-02-17 10:45:00,2016-02-17 12:15:00,SHORT,1,281.62,277.62699999999995,14.081000000000001,13.881349999999998,40.0,3993.000000000052,3965.0376500000516,target_mean,6,PANIC_CRASH
AU_IDX,synthetic,2016-02-17 17:15:00,2016-02-17 17:30:00,SHORT,1,281.78000000000003,281.6461428571429,14.089000000000004,14.082307142857145,40.0,133.85714285715267,105.68583571429552,stop,1,PANIC_CRASH
AU_IDX,synthetic,2016-02-17 20:15:00,2016-02-17 21:45:00,SHORT,1,287.0,284.904,14.350000000000001,14.2452,40.0,2096.0000000000036,2067.404800000004,target_mean,6,PANIC_CRASH
AU_IDX,synthetic,2016-02-18 01:30:00,2016-02-18 01:30:00,SHORT,1,289.48,289.52,14.474,14.476,40.0,-39.99999999996362,-68.94999999996362,stop,0,PANIC_CRASH
AU_IDX,synthetic,2016-02-18 02:30:00,2016-02-18 02:30:00,SHORT,1,290.94,290.97999999999996,14.547,14.548999999999998,40.0,-39.99999999996362,-69.09599999996361,stop,0,PANIC_CRASH
AU_IDX,synthetic,2016-02-18 07:30:00,2016-02-18 08:00:00,SHORT,1,291.92,289.79499999999996,14.596,14.489749999999997,40.0,2125.000000000057,2095.9142500000567,target_mean,2,PANIC_CRASH
AU_IDX,synthetic,2016-02-18 08:45:00,2016-02-18 08:45:00,SHORT,1,292.92,296.63257142857145,14.646,14.831628571428574,40.0,-3712.5714285714366,-3742.0490571428654,stop,0,PANIC_CRASH
AU_IDX,synthetic,2016-02-18 18:00:00,2016-02-18 19:00:00,SHORT,1,312.62,316.09714285714284,15.631,15.804857142857143,40.0,-3477.1428571428373,-3508.5787142856943,stop,4,PANIC_CRASH
AU_IDX,synthetic,2016-02-19 01:00:00,2016-02-19 01:45:00,LONG,1,305.2,304.76000000000005,15.260000000000002,15.238000000000003,40.0,-439.9999999999409,-470.4979999999409,stop,3,PANIC_CRASH
AU_IDX,synthetic,2016-02-19 16:00:00,2016-02-19 17:30:00,SHORT,1,324.78000000000003,328.90000000000003,16.239000000000004,16.445000000000004,40.0,-4120.000000000005,-4152.684000000004,stop,6,PANIC_CRASH
AU_IDX,synthetic,2016-02-19 19:30:00,2016-02-19 20:00:00,SHORT,1,329.34000000000003,334.1454285714286,16.467000000000002,16.70727142857143,40.0,-4805.4285714285925,-4838.6028428571635,stop,2,PANIC_CRASH
AU_IDX,synthetic,2016-02-19 23:45:00,2016-02-20 01:00:00,LONG,1,323.03999999999996,323.26885714285714,16.151999999999997,16.163442857142858,40.0,228.85714285717995,196.5417000000371,stop,5,PANIC_CRASH
AU_IDX,synthetic,2016-02-20 02:00:00,2016-02-20 04:30:00,LONG,1,321.06,321.47200000000004,16.053,16.073600000000003,40.0,412.00000000003456,379.87340000003456,target_mean,10,PANIC_CRASH
AU_IDX,synthetic,2016-02-20 12:00:00,2016-02-20 14:00:00,SHORT,1,330.70000000000005,336.1000000000001,16.535000000000004,16.805000000000003,40.0,-5400.000000000035,-5433.340000000035,stop,8,PANIC_CRASH
AU_IDX,synthetic,2016-02-21 20:00:00,2016-02-21 20:45:00,SHORT,1,325.68,328.96285714285716,16.284000000000002,16.44814285714286,40.0,-3282.8571428571536,-3315.5892857142967,stop,3,PANIC_CRASH
AU_IDX,synthetic,2016-02-21 23:45:00,2016-02-22 03:15:00,LONG,1,316.46,314.46000000000004,15.823,15.723000000000004,40.0,-1999.9999999999432,-2031.5459999999432,time_stop,14,PANIC_CRASH
AU_IDX,synthetic,2016-02-23 03:30:00,2016-02-23 04:15:00,LONG,3,312.71999999999997,313.09900000000005,46.907999999999994,46.96485000000001,120.0,1137.0000000002278,1043.1271500002279,target_mean,3,GRINDING_CHOP
AU_IDX,synthetic,2016-02-23 09:30:00,2016-02-23 10:00:00,SHORT,4,315.04,316.0942857142857,63.008,63.21885714285715,160.0,-4217.14285714279,-4343.369714285646,stop,2,GRINDING_CHOP
AU_IDX,synthetic,2016-02-23 13:00:00,2016-02-23 14:15:00,LONG,3,311.76,311.70000000000005,46.764,46.75500000000002,120.0,-179.9999999998363,-273.5189999998363,stop,5,GRINDING_CHOP
AU_IDX,synthetic,2016-02-24 01:30:00,2016-02-24 03:00:00,LONG,4,314.62,315.033,62.924,63.006600000000006,160.0,1652.0000000000437,1526.0694000000437,target_mean,6,GRINDING_CHOP
AU_IDX,synthetic,2016-02-24 07:15:00,2016-02-24 07:45:00,LONG,3,313.8,314.362,47.07,47.1543,120.0,1686.0000000000355,1591.7757000000356,target_mean,2,GRINDING_CHOP
AU_IDX,synthetic,2016-02-24 13:30:00,2016-02-24 14:00:00,SHORT,4,316.82000000000005,315.28,63.36400000000001,63.056000000000004,160.0,6160.000000000309,6033.58000000031,target_mean,2,GRINDING_CHOP
AU_IDX,synthetic,2016-02-24 14:45:00,2016-02-24 17:00:00,LONG,4,314.44,315.3570000000001,62.888000000000005,63.07140000000001,160.0,3668.0000000003474,3542.0406000003477,target_mean,9,GRINDING_CHOP
AU_IDX,synthetic,2016-02-25 10:15:00,2016-02-25 10:15:00,SHORT,4,314.72,314.075,62.944,62.815000000000005,160.0,2580.0000000001546,2454.2410000001546,target_mean,0,GRINDING_CHOP
AU_IDX,synthetic,2016-02-25 17:15:00,2016-02-25 17:15:00,SHORT,4,314.94,314.878,62.988,62.9756,160.0,248.0000000000473,122.0364000000473,target_mean,0,GRINDING_CHOP
AU_IDX,synthetic,2016-02-25 18:15:00,2016-02-25 18:15:00,SHORT,4,314.90000000000003,314.88399999999996,62.98000000000002,62.97679999999999,160.0,64.00000000030559,-61.95679999969442,target_mean,0,GRINDING_CHOP
AU_IDX,synthetic,2016-02-25 19:15:00,2016-02-25 20:30:00,SHORT,2,318.3,318.2268571428571,31.830000000000002,31.82268571428571,80.0,146.28571428579562,82.63302857150991,stop,5,GRINDING_CHOP
AU_IDX,synthetic,2016-02-26 02:30:00,2016-02-26 03:15:00,LONG,4,314.56,315.421,62.912000000000006,63.0842,160.0,3443.99999999996,3318.0037999999604,target_mean,3,GRINDING_CHOP
AU_IDX,synthetic,2016-02-26 12:30:00,2016-02-26 13:30:00,LONG,3,312.78,313.872,46.917,47.0808,120.0,3276.000000000124,3182.002200000124,target_mean,4,GRINDING_CHOP
AU_IDX,synthetic,2016-02-26 19:00:00,2016-02-26 20:15:00,SHORT,5,315.92,315.37800000000004,78.98,78.84450000000001,200.0,2709.999999999866,2552.1754999998657,target_mean,5,GRINDING_CHOP
AU_IDX,synthetic,2016-02-27 07:15:00,2016-02-27 07:30:00,LONG,4,313.74,315.27900000000005,62.748000000000005,63.05580000000001,160.0,6156.000000000176,6030.196200000177,target_mean,1,GRINDING_CHOP
AU_IDX,synthetic,2016-02-28 01:30:00,2016-02-28 01:30:00,SHORT,3,313.74,313.78,47.061,47.067,120.0,-119.99999999989086,-214.12799999989087,target_mean,0,GRINDING_CHOP
AU_IDX,synthetic,2016-02-28 03:30:00,2016-02-28 05:00:00,LONG,3,312.92,313.74,46.938,47.061,120.0,2459.9999999999795,2366.0009999999793,target_mean,6,GRINDING_CHOP
AU_IDX,synthetic,2016-02-28 13:15:00,2016-02-28 14:00:00,LONG,3,313.0,312.86,46.95,46.929,120.0,-419.9999999999591,-513.8789999999591,stop,3,GRINDING_CHOP
AU_IDX,synthetic,2016-02-29 01:15:00,2016-02-29 02:15:00,SHORT,4,317.0,316.955,63.400000000000006,63.391000000000005,160.0,180.00000000006366,53.209000000063654,stop,4,GRINDING_CHOP
AU_IDX,synthetic,2016-02-29 12:45:00,2016-02-29 12:45:00,LONG,4,316.14,316.2900000000001,63.228,63.25800000000002,160.0,600.0000000003638,473.5140000003638,target_mean,0,GRINDING_CHOP
AU_IDX,synthetic,2016-02-29 17:15:00,2016-02-29 17:15:00,LONG,3,315.4,315.82300000000004,47.31,47.37345000000001,120.0,1269.000000000176,1174.316550000176,target_mean,0,GRINDING_CHOP
AU_IDX,synthetic,2016-02-29 19:30:00,2016-02-29 19:30:00,LONG,2,314.52,315.30600000000004,31.452,31.530600000000007,80.0,1572.0000000001164,1509.0174000001164,target_mean,0,GRINDING_CHOP
AU_IDX,synthetic,2016-02-29 22:45:00,2016-02-29 23:30:00,LONG,4,313.84,312.8285714285715,62.768,62.5657142857143,160.0,-4045.7142857139843,-4171.047999999699,stop,3,GRINDING_CHOP
AU_IDX,synthetic,2016-03-01 00:00:00,2016-03-01 00:15:00,LONG,4,313.44,314.37300000000005,62.688,62.874600000000015,160.0,3732.0000000001983,3606.437400000198,target_mean,1,GRINDING_CHOP
AU_IDX,synthetic,2016-03-01 03:45:00,2016-03-01 06:15:00,SHORT,2,316.5,315.582,31.650000000000002,31.558200000000003,80.0,1836.0000000000127,1772.7918000000127,target_mean,10,GRINDING_CHOP
AU_IDX,synthetic,2016-03-01 07:45:00,2016-03-01 08:00:00,SHORT,4,316.8,316.41700000000003,63.36000000000001,63.283400000000015,160.0,1531.9999999999254,1405.3565999999255,target_mean,1,GRINDING_CHOP
AU_IDX,synthetic,2016-03-01 10:30:00,2016-03-01 10:45:00,LONG,4,315.3,314.1371428571429,63.06,62.827428571428584,160.0,-4651.428571428369,-4777.315999999798,stop,1,GRINDING_CHOP
AU_IDX,synthetic,2016-03-01 13:45:00,2016-03-01 13:45:00,LONG,3,313.42,313.38000000000005,47.013000000000005,47.00700000000001,120.0,-119.99999999989086,-214.01999999989087,stop,0,GRINDING_CHOP
AU_IDX,synthetic,2016-03-01 22:45:00,2016-03-01 23:45:00,LONG,3,313.65999999999997,314.302,47.04899999999999,47.1453,120.0,1926.0000000001583,1831.8057000001584,target_mean,4,GRINDING_CHOP
AU_IDX,synthetic,2016-03-03 10:15:00,2016-03-03 12:00:00,LONG,3,311.74,313.814,46.761,47.0721,120.0,6222.000000000036,6128.166900000036,target_mean,7,GRINDING_CHOP
AU_IDX,synthetic,2016-03-03 18:45:00,2016-03-03 18:45:00,SHORT,3,315.34000000000003,316.62771428571426,47.301000000000016,47.49415714285714,120.0,-3863.142857142691,-3957.938014285548,stop,0,GRINDING_CHOP
AU_IDX,synthetic,2016-03-04 04:15:00,2016-03-04 05:45:00,LONG,3,313.34,314.18600000000004,47.001000000000005,47.12790000000001,120.0,2538.0000000001814,2443.8711000001813,target_mean,6,GRINDING_CHOP
AU_IDX,synthetic,2016-03-05 16:45:00,2016-03-05 18:00:00,SHORT,4,314.8,314.46,62.96,62.892,160.0,1360.0000000001273,1234.1480000001272,target_mean,5,GRINDING_CHOP
AU_IDX,synthetic,2016-03-06 05:30:00,2016-03-06 06:15:00,LONG,4,315.71999999999997,314.9428571428572,63.14399999999999,62.98857142857143,160.0,-3108.5714285711674,-3234.7039999997387,stop,3,GRINDING_CHOP
AU_IDX,synthetic,2016-03-06 06:45:00,2016-03-06 06:45:00,LONG,4,315.24,315.20000000000005,63.048,63.04000000000001,160.0,-159.99999999985448,-286.0879999998545,stop,0,GRINDING_CHOP
AU_IDX,synthetic,2016-03-06 08:45:00,2016-03-06 09:15:00,LONG,4,314.76,315.543,62.952000000000005,63.1086,160.0,3132.000000000062,3005.9394000000616,target_mean,2,GRINDING_CHOP
AU_IDX,synthetic,2016-03-06 14:45:00,2016-03-06 15:15:00,LONG,4,313.62,312.4000000000001,62.724000000000004,62.480000000000025,160.0,-4879.999999999654,-5005.203999999655,stop,2,GRINDING_CHOP
AU_IDX,synthetic,2016-03-06 15:45:00,2016-03-06 17:30:00,LONG,3,311.12,313.076,46.668,46.961400000000005,120.0,5868.000000000052,5774.370600000052,target_mean,7,GRINDING_CHOP
AU_IDX,synthetic,2016-03-07 09:00:00,2016-03-07 09:15:00,SHORT,3,315.92,315.281,47.388000000000005,47.29215,120.0,1917.00000000003,1822.31985000003,target_mean,1,GRINDING_CHOP
AU_IDX,synthetic,2016-03-07 17:45:00,2016-03-07 19:00:00,LONG,3,312.18,312.23228571428575,46.827000000000005,46.83484285714287,120.0,156.85714285723407,63.1953000000912,stop,5,GRINDING_CHOP
AU_IDX,synthetic,2016-03-08 00:15:00,2016-03-08 01:00:00,SHORT,4,316.20000000000005,316.1591428571429,63.240000000000016,63.23182857142858,160.0,163.42857142853973,36.95674285711114,stop,3,GRINDING_CHOP
AU_IDX,synthetic,2016-03-08 01:15:00,2016-03-08 01:15:00,SHORT,4,315.46000000000004,314.971,63.09200000000001,62.994200000000006,160.0,1956.000000000131,1829.9138000001308,target_mean,0,GRINDING_CHOP
AU_IDX,synthetic,2016-03-08 15:30:00,2016-03-08 16:00:00,LONG,4,313.76,312.88000000000005,62.752,62.576000000000015,160.0,-3519.9999999997544,-3645.3279999997544,stop,2,GRINDING_CHOP
AU_IDX,synthetic,2016-03-08 16:30:00,2016-03-08 18:30:00,LONG,4,312.82,313.457,62.564,62.6914,160.0,2548.000000000002,2422.744600000002,target_mean,8,GRINDING_CHOP
AU_IDX,synthetic,2016-03-09 09:30:00,2016-03-09 10:15:00,LONG,3,315.64,316.00800000000004,47.346000000000004,47.40120000000002,120.0,1104.0000000001555,1009.2528000001555,target_mean,3,GRINDING_CHOP
AU_IDX,synthetic,2016-03-10 08:15:00,2016-03-10 08:45:00,LONG,4,312.76,311.9114285714286,62.552,62.38228571428572,160.0,-3394.2857142856155,-3519.2199999999016,stop,2,GRINDING_CHOP
AU_IDX,synthetic,2016-03-11 00:45:00,2016-03-11 01:00:00,SHORT,6,315.3,315.029,94.59,94.5087,240.0,1626.00000000009,1436.90130000009,target_mean,1,GRINDING_CHOP
AU_IDX,synthetic,2016-03-11 02:15:00,2016-03-11 03:15:00,SHORT,5,315.8,316.4228571428571,78.95,79.10571428571427,200.0,-3114.2857142853586,-3272.341428571073,stop,4,GRINDING_CHOP
AU_IDX,synthetic,2016-03-11 03:30:00,2016-03-11 04:00:00,SHORT,4,315.82000000000005,315.36,63.164000000000016,63.072,160.0,1840.0000000001455,1713.7640000001456,target_mean,2,GRINDING_CHOP
AU_IDX,synthetic,2016-03-11 14:45:00,2016-03-11 14:45:00,LONG,3,313.59999999999997,313.92300000000006,47.03999999999999,47.088450000000016,120.0,969.0000000002783,874.8715500002784,target_mean,0,GRINDING_CHOP
AU_IDX,synthetic,2016-03-11 20:15:00,2016-03-11 20:45:00,SHORT,3,314.94,314.53999999999996,47.241,47.18099999999999,120.0,1200.0000000001023,1105.5780000001023,target_mean,2,GRINDING_CHOP
AU_IDX,synthetic,2016-03-12 00:30:00,2016-03-12 00:30:00,SHORT,3,316.36,316.4,47.454,47.46,120.0,-119.99999999989086,-214.91399999989088,stop,0,GRINDING_CHOP
AU_IDX,synthetic,2016-03-12 09:30:00,2016-03-12 09:30:00,LONG,4,314.9,315.1940000000001,62.980000000000004,63.038800000000016,160.0,1176.0000000003856,1049.9812000003856,target_mean,0,GRINDING_CHOP
AU_IDX,synthetic,2016-03-12 10:30:00,2016-03-12 10:30:00,SHORT,3,315.14000000000004,315.18,47.271000000000015,47.277,120.0,-119.99999999989086,-214.54799999989086,target_mean,0,GRINDING_CHOP
AU_IDX,synthetic,2016-03-12 14:00:00,2016-03-12 16:15:00,LONG,3,311.86,313.18,46.779,46.977000000000004,120.0,3959.9999999999795,3866.2439999999797,target_mean,9,GRINDING_CHOP
AU_IDX,synthetic,2016-03-12 18:15:00,2016-03-12 20:00:00,SHORT,2,314.92,314.8468571428571,31.492,31.48468571428571,80.0,146.28571428579562,83.30902857150991,stop,7,GRINDING_CHOP
AU_IDX,synthetic,2016-03-13 20:00:00,2016-03-13 20:30:00,SHORT,3,315.46000000000004,314.985,47.31900000000002,47.24775,120.0,1425.0000000000682,1330.4332500000683,target_mean,2,GRINDING_CHOP
AU_IDX,synthetic,2016-03-13 21:30:00,2016-03-13 21:30:00,LONG,3,314.38,314.973,47.157000000000004,47.24595,120.0,1779.0000000000532,1684.5970500000533,target_mean,0,GRINDING_CHOP
AU_IDX,synthetic,2016-03-13 23:00:00,2016-03-13 23:00:00,LONG,4,314.0,314.803,62.800000000000004,62.96060000000001,160.0,3211.999999999989,3086.239399999989,target_mean,0,GRINDING_CHOP
AU_IDX,synthetic,2016-03-14 05:30:00,2016-03-14 06:30:00,SHORT,4,314.52000000000004,314.242,62.90400000000002,62.848400000000005,160.0,1112.00000000008,986.2476000000801,target_mean,4,GRINDING_CHOP
AU_IDX,synthetic,2016-03-14 13:00:00,2016-03-14 14:15:00,SHORT,4,315.3,315.2542857142857,63.06,63.05085714285714,160.0,182.85714285730137,56.74628571444423,stop,5,GRINDING_CHOP
AU_IDX,synthetic,2016-03-14 18:15:00,2016-03-14 18:15:00,LONG,3,314.86,314.82700000000006,47.229,47.22405000000001,120.0,-98.99999999987585,-193.45304999987584,target_mean,0,GRINDING_CHOP
AU_IDX,synthetic,2016-03-14 22:30:00,2016-03-14 22:30:00,LONG,3,313.09999999999997,313.06,46.96499999999999,46.959,120.0,-119.99999999989086,-213.92399999989084,stop,0,GRINDING_CHOP
AU_IDX,synthetic,2016-03-15 01:00:00,2016-03-15 01:45:00,LONG,3,313.15999999999997,313.803,46.97399999999999,47.07045,120.0,1929.0000000000873,1834.9555500000874,target_mean,3,GRINDING_CHOP
AU_IDX,synthetic,2016-03-15 02:00:00,2016-03-15 02:00:00,LONG,3,313.82,313.78000000000003,47.073,47.067000000000014,120.0,-119.99999999989086,-214.13999999989088,target_mean,0,GRINDING_CHOP
AU_IDX,synthetic,2016-03-15 06:30:00,2016-03-15 08:00:00,SHORT,4,314.5,315.2,62.900000000000006,63.040000000000006,160.0,-2799.9999999999545,-2925.9399999999546,stop,6,GRINDING_CHOP
AU_IDX,synthetic,2016-03-15 22:15:00,2016-03-15 22:15:00,SHORT,3,316.98,316.01899999999995,47.547000000000004,47.402849999999994,120.0,2883.0000000002087,2788.0501500002088,target_mean,0,GRINDING_CHOP
AU_IDX,synthetic,2016-03-16 04:15:00,2016-03-16 06:15:00,LONG,4,314.46,313.68857142857144,62.892,62.73771428571429,160.0,-3085.7142857141753,-3211.3439999998895,stop,8,GRINDING_CHOP
AU_IDX,synthetic,2016-03-16 07:15:00,2016-03-16 08:45:00,LONG,5,313.56,314.043,78.39,78.51075,200.0,2415.0000000000205,2258.0992500000207,target_mean,6,GRINDING_CHOP
AU_IDX,synthetic,2016-03-16 23:00:00,2016-03-16 23:15:00,SHORT,4,316.54,315.859,63.308,63.171800000000005,160.0,2724.00000000016,2597.52020000016,target_mean,1,GRINDING_CHOP
AU_IDX,synthetic,2016-03-17 09:45:00,2016-03-17 10:30:00,LONG,4,315.76,315.82700000000006,63.152,63.16540000000001,160.0,268.0000000002565,141.68260000025649,target_mean,3,GRINDING_CHOP
AU_IDX,synthetic,2016-03-17 12:00:00,2016-03-17 12:15:00,LONG,3,315.06,315.59900000000005,47.259,47.33985000000001,120.0,1617.0000000001323,1522.4011500001322,target_mean,1,GRINDING_CHOP
AU_IDX,synthetic,2016-03-17 14:00:00,2016-03-17 16:00:00,SHORT,2,317.08000000000004,316.55899999999997,31.70800000000001,31.655899999999995,80.0,1042.0000000001437,978.6361000001438,target_mean,8,GRINDING_CHOP
AU_IDX,synthetic,2016-03-18 02:45:00,2016-03-18 05:15:00,LONG,2,311.74,312.88800000000003,31.174000000000003,31.28880000000001,80.0,2296.000000000049,2233.5372000000493,target_mean,10,GRINDING_CHOP
AU_IDX,synthetic,2016-03-18 09:30:00,2016-03-18 09:30:00,SHORT,4,313.16,314.23942857142856,62.632000000000005,62.84788571428572,160.0,-4317.714285714146,-4443.194171428431,stop,0,GRINDING_CHOP
AU_IDX,synthetic,2016-03-18 21:15:00,2016-03-18 21:30:00,SHORT,2,315.40000000000003,314.298,31.540000000000006,31.4298,80.0,2204.0000000000646,2141.0302000000647,target_mean,1,GRINDING_CHOP
AU_IDX,synthetic,2016-03-19 05:15:00,2016-03-19 05:45:00,SHORT,5,315.12,315.78,78.78,78.94500000000001,200.0,-3299.999999999841,-3457.724999999841,stop,2,GRINDING_CHOP
AU_IDX,synthetic,2016-03-19 06:15:00,2016-03-19 06:15:00,SHORT,4,314.82000000000005,314.359,62.96400000000001,62.8718,160.0,1844.0000000002783,1718.1642000002785,target_mean,0,GRINDING_CHOP
AU_IDX,synthetic,2016-03-19 11:30:00,2016-03-19 11:30:00,LONG,5,313.74,312.84571428571434,78.435,78.21142857142858,200.0,-4471.4285714283615,-4628.074999999791,stop,0,GRINDING_CHOP
AU_IDX,synthetic,2016-03-19 19:45:00,2016-03-19 20:15:00,SHORT,4,314.94,314.477,62.988,62.8954,160.0,1852.0000000000891,1726.116600000089,target_mean,2,GRINDING_CHOP
AU_IDX,synthetic,2016-03-20 08:00:00,2016-03-20 09:00:00,LONG,4,313.38,314.093,62.676,62.8186,160.0,2852.000000000089,2726.505400000089,target_mean,4,GRINDING_CHOP
AU_IDX,synthetic,2016-03-20 15:45:00,2016-03-20 17:00:00,LONG,3,312.84,313.404,46.926,47.010600000000004,120.0,1692.0000000000641,1598.0634000000641,target_mean,5,GRINDING_CHOP
AU_IDX,synthetic,2016-03-21 03:15:00,2016-03-21 04:15:00,SHORT,3,315.36,315.32,47.304,47.298,120.0,120.00000000006139,25.398000000061387,stop,4,GRINDING_CHOP
AU_IDX,synthetic,2016-03-21 19:00:00,2016-03-21 21:00:00,SHORT,4,315.28000000000003,315.085,63.05600000000001,63.017,160.0,780.0000000002001,653.9270000002,target_mean,8,GRINDING_CHOP
AU_IDX,synthetic,2016-03-22 13:00:00,2016-03-22 14:00:00,LONG,4,313.14,313.45500000000004,62.628,62.69100000000002,160.0,1260.0000000002183,1134.6810000002183,target_mean,4,GRINDING_CHOP
AU_IDX,synthetic,2016-03-22 17:15:00,2016-03-22 17:15:00,SHORT,5,314.08000000000004,313.438,78.52000000000001,78.3595,200.0,3210.0000000002638,3053.1205000002637,target_mean,0,GRINDING_CHOP
AU_IDX,synthetic,2016-03-23 00:00:00,2016-03-23 00:30:00,SHORT,3,316.12,317.43428571428564,47.418,47.61514285714284,120.0,-3942.8571428568944,-4037.8902857140374,stop,2,GRINDING_CHOP
AU_IDX,synthetic,2016-03-23 16:45:00,2016-03-23 17:15:00,LONG,4,314.46,316.78000000000003,62.892,63.356000000000016,160.0,9280.0000000002,9153.7520000002,target_mean,2,GRINDING_CHOP
AU_IDX,synthetic,2016-03-23 17:45:00,2016-03-23 18:45:00,SHORT,2,315.98,317.21714285714285,31.598000000000003,31.721714285714285,80.0,-2474.2857142856565,-2537.605428571371,stop,4,GRINDING_CHOP
AU_IDX,synthetic,2016-03-23 21:30:00,2016-03-23 21:30:00,SHORT,2,318.18,318.21999999999997,31.818,31.821999999999996,80.0,-79.99999999992724,-143.63999999992723,stop,0,GRINDING_CHOP
AU_IDX,synthetic,2016-03-24 02:30:00,2016-03-24 03:45:00,LONG,3,314.71999999999997,314.772,47.20799999999999,47.2158,120.0,156.00000000006276,61.576200000062755,stop,5,GRINDING_CHOP
AU_IDX,synthetic,2016-03-25 01:45:00,2016-03-25 02:30:00,SHORT,3,315.38000000000005,316.51428571428573,47.307000000000016,47.477142857142866,120.0,-3402.8571428570444,-3497.6412857141877,stop,3,GRINDING_CHOP
AU_IDX,synthetic,2016-03-25 02:45:00,2016-03-25 05:15:00,SHORT,3,315.58000000000004,315.45799999999997,47.33700000000001,47.31869999999999,120.0,366.0000000002128,271.34430000021285,target_mean,10,GRINDING_CHOP
AU_IDX,synthetic,2016-03-25 20:00:00,2016-03-25 21:15:00,SHORT,4,315.24,314.384,63.048,62.8768,160.0,3423.999999999978,3298.0751999999784,target_mean,5,GRINDING_CHOP
AU_IDX,synthetic,2016-03-26 12:30:00,2016-03-26 12:30:00,SHORT,4,314.28000000000003,313.838,62.856000000000016,62.7676,160.0,1768.000000000029,1642.3764000000292,target_mean,0,GRINDING_CHOP
AU_IDX,synthetic,2016-03-27 08:15:00,2016-03-27 08:15:00,LONG,4,313.59999999999997,312.40742857142857,62.71999999999999,62.48148571428572,160.0,-4770.285714285592,-4895.487199999878,stop,0,GRINDING_CHOP
AU_IDX,synthetic,2016-03-27 17:45:00,2016-03-27 17:45:00,LONG,3,313.26,313.87300000000005,46.989000000000004,47.080950000000016,120.0,1839.0000000001692,1744.930050000169,target_mean,0,GRINDING_CHOP
AU_IDX,synthetic,2016-03-27 21:15:00,2016-03-27 22:15:00,SHORT,3,316.94,315.504,47.541000000000004,47.3256,120.0,4307.999999999936,4213.133399999936,target_mean,4,GRINDING_CHOP
AU_IDX,synthetic,2016-03-28 11:15:00,2016-03-28 12:00:00,LONG,3,314.28,315.562,47.142,47.3343,120.0,3846.0000000001173,3751.5237000001175,target_mean,3,GRINDING_CHOP
AU_IDX,synthetic,2016-03-29 05:15:00,2016-03-29 05:15:00,LONG,4,314.86,313.9142857142857,62.972,62.782857142857154,160.0,-3782.8571428572104,-3908.612000000068,stop,0,GRINDING_CHOP
AU_IDX,synthetic,2016-03-30 16:45:00,2016-03-30 16:45:00,LONG,4,314.52,314.48,62.904,62.896,160.0,-159.99999999985448,-285.7999999998545,stop,0,GRINDING_CHOP
AU_IDX,synthetic,2016-03-30 23:00:00,2016-03-31 01:15:00,SHORT,4,315.34000000000003,316.5085714285714,63.06800000000001,63.301714285714276,160.0,-4674.285714285361,-4800.655428571075,stop,9,GRINDING_CHOP
AU_IDX,synthetic,2016-03-31 02:00:00,2016-03-31 02:30:00,SHORT,4,316.68,316.63342857142857,63.336000000000006,63.326685714285716,160.0,186.28571428575924,59.62302857147351,stop,2,GRINDING_CHOP
AU_IDX,synthetic,2016-03-31 09:00:00,2016-03-31 09:00:00,SHORT,4,316.38000000000005,316.387,63.27600000000002,63.2774,160.0,-27.999999999792635,-154.55339999979265,target_mean,0,GRINDING_CHOP
AU_IDX,synthetic,2016-03-31 10:00:00,2016-03-31 10:00:00,LONG,4,317.2,317.16,63.440000000000005,63.432,160.0,-159.99999999985448,-286.8719999998545,target_mean,0,GRINDING_CHOP
AU_IDX,synthetic,2016-03-31 11:15:00,2016-03-31 11:15:00,SHORT,3,317.64000000000004,316.72799999999995,47.646000000000015,47.50919999999999,120.0,2736.000000000274,2640.844800000274,target_mean,0,GRINDING_CHOP
AU_IDX,synthetic,2016-03-31 13:30:00,2016-03-31 14:00:00,LONG,3,314.88,314.9428571428572,47.232,47.24142857142858,120.0,188.5714285715494,94.09800000012083,stop,2,GRINDING_CHOP
AU_IDX,synthetic,2016-03-31 19:15:00,2016-03-31 20:30:00,LONG,4,313.42,313.8860000000001,62.684000000000005,62.777200000000015,160.0,1864.0000000002601,1738.5388000002602,target_mean,5,GRINDING_CHOP
AU_IDX,synthetic,2016-04-01 00:30:00,2016-04-01 00:30:00,SHORT,3,314.02000000000004,313.79200000000003,47.103000000000016,47.06880000000002,120.0,684.0000000000259,589.8282000000258,target_mean,0,GRINDING_CHOP
AU_IDX,synthetic,2016-04-01 01:30:00,2016-04-01 02:00:00,LONG,2,313.06,313.80100000000004,31.306,31.380100000000006,80.0,1482.0000000000846,1419.3139000000845,target_mean,2,GRINDING_CHOP
AU_IDX,synthetic,2016-04-01 10:15:00,2016-04-01 11:15:00,SHORT,3,316.24,315.273,47.436,47.29095,120.0,2900.9999999999536,2806.2730499999534,target_mean,4,GRINDING_CHOP
AU_IDX,synthetic,2016-04-01 16:00:00,2016-04-01 16:15:00,LONG,4,315.2,315.88000000000005,63.040000000000006,63.176000000000016,160.0,2720.0000000002547,2593.7840000002548,target_mean,1,GRINDING_CHOP
AU_IDX,synthetic,2016-04-01 17:00:00,2016-04-01 17:30:00,SHORT,4,315.86,315.803,63.172000000000004,63.1606,160.0,228.00000000006548,101.66740000006548,target_mean,2,GRINDING_CHOP
AU_IDX,synthetic,2016-04-02 05:15:00,2016-04-02 07:45:00,SHORT,3,314.64000000000004,314.773,47.19600000000001,47.21595,120.0,-398.99999999994407,-493.4119499999441,target_mean,10,GRINDING_CHOP
AU_IDX,synthetic,2016-04-02 14:00:00,2016-04-02 14:45:00,SHORT,4,316.40000000000003,315.918,63.280000000000015,63.183600000000006,160.0,1928.000000000111,1801.536400000111,target_mean,3,GRINDING_CHOP
AU_IDX,synthetic,2016-04-02 19:45:00,2016-04-02 19:45:00,SHORT,3,316.38000000000005,315.79,47.457000000000015,47.368500000000004,120.0,1770.0000000000955,1675.1745000000953,target_mean,0,GRINDING_CHOP
AU_IDX,synthetic,2016-04-02 20:45:00,2016-04-02 21:15:00,LONG,2,314.08,314.1618571428571,31.408,31.41618571428571,80.0,163.7142857142635,100.89009999997776,stop,2,GRINDING_CHOP
AU_IDX,synthetic,2016-04-03 08:30:00,2016-04-03 08:45:00,SHORT,4,316.3,316.271,63.260000000000005,63.254200000000004,160.0,115.99999999998545,-10.514200000014561,target_mean,1,GRINDING_CHOP
AU_IDX,synthetic,2016-04-03 09:30:00,2016-04-03 11:15:00,LONG,3,315.34,314.54857142857145,47.301,47.182285714285726,120.0,-2374.285714285577,-2468.7689999998624,stop,7,GRINDING_CHOP
AU_IDX,synthetic,2016-04-03 15:45:00,2016-04-03 17:15:00,SHORT,4,316.48,317.3828571428571,63.29600000000001,63.476571428571425,160.0,-3611.428571428405,-3738.2011428569763,stop,6,GRINDING_CHOP
AU_IDX,synthetic,2016-04-03 19:45:00,2016-04-03 20:00:00,LONG,3,313.58,313.6297142857143,47.037,47.04445714285714,120.0,149.1428571428628,55.06140000000565,stop,1,GRINDING_CHOP
AU_IDX,synthetic,2016-04-04 04:00:00,2016-04-04 05:45:00,LONG,4,312.84,313.16,62.568000000000005,62.632000000000005,160.0,1280.0000000002,1154.8000000002,target_mean,7,GRINDING_CHOP
AU_IDX,synthetic,2016-04-05 00:30:00,2016-04-05 00:45:00,LONG,4,315.36,315.49800000000005,63.072,63.09960000000002,160.0,552.0000000001346,425.8284000001346,target_mean,1,GRINDING_CHOP
AU_IDX,synthetic,2016-04-05 07:15:00,2016-04-05 09:30:00,LONG,3,315.46,314.036,47.319,47.1054,120.0,-4271.9999999999345,-4366.424399999935,stop,9,GRINDING_CHOP
AU_IDX,synthetic,2016-04-05 16:30:00,2016-04-05 18:15:00,SHORT,3,315.58000000000004,314.74699999999996,47.33700000000001,47.21204999999999,120.0,2499.000000000251,2404.450950000251,target_mean,7,GRINDING_CHOP
AU_IDX,synthetic,2016-04-06 00:30:00,2016-04-06 01:00:00,LONG,5,315.2,314.48857142857145,78.8,78.62214285714286,200.0,-3557.1428571427077,-3714.564999999851,stop,2,GRINDING_CHOP
AU_IDX,synthetic,2016-04-06 04:30:00,2016-04-06 07:45:00,LONG,3,313.76,313.615,47.064,47.04225,120.0,-434.99999999994543,-529.1062499999455,target_mean,13,GRINDING_CHOP
AU_IDX,synthetic,2016-04-06 14:15:00,2016-04-06 15:00:00,LONG,4,313.24,313.61400000000003,62.648,62.722800000000014,160.0,1496.0000000000946,1370.6292000000947,target_mean,3,GRINDING_CHOP
AU_IDX,synthetic,2016-04-06 15:30:00,2016-04-06 17:15:00,LONG,3,312.15999999999997,312.777,46.82399999999999,46.91655,120.0,1851.000000000056,1757.259450000056,target_mean,7,GRINDING_CHOP
AU_IDX,synthetic,2016-04-07 05:45:00,2016-04-07 08:30:00,SHORT,4,314.36,314.272,62.872,62.854400000000005,160.0,352.00000000008913,226.27360000008912,target_mean,11,GRINDING_CHOP
AU_IDX,synthetic,2016-04-07 10:30:00,2016-04-07 10:45:00,SHORT,3,315.92,316.99428571428575,47.388000000000005,47.54914285714287,120.0,-3222.857142857208,-3317.7942857143507,stop,1,GRINDING_CHOP
AU_IDX,synthetic,2016-04-07 11:30:00,2016-04-07 11:30:00,SHORT,3,316.88000000000005,316.92,47.53200000000001,47.538000000000004,120.0,-119.99999999989086,-215.06999999989088,stop,0,GRINDING_CHOP
AU_IDX,synthetic,2016-04-08 00:00:00,2016-04-08 00:00:00,LONG,4,313.62,314.358,62.724000000000004,62.8716,160.0,2951.999999999998,2826.404399999998,target_mean,0,GRINDING_CHOP
AU_IDX,synthetic,2016-04-08 04:30:00,2016-04-08 06:15:00,LONG,3,312.96,311.6517142857143,46.944,46.74775714285715,120.0,-3924.857142856979,-4018.548899999836,stop,7,GRINDING_CHOP
AU_IDX,synthetic,2016-04-08 13:15:00,2016-04-08 14:00:00,SHORT,4,313.66,314.6942857142857,62.732000000000006,62.93885714285714,160.0,-4137.142857142635,-4262.813714285492,stop,3,GRINDING_CHOP
AU_IDX,synthetic,2016-04-08 14:30:00,2016-04-08 16:00:00,SHORT,3,314.48,313.65999999999997,47.172000000000004,47.04899999999999,120.0,2460.00000000015,2365.77900000015,target_mean,6,GRINDING_CHOP
AU_IDX,synthetic,2016-04-08 23:00:00,2016-04-08 23:00:00,SHORT,4,316.0,316.7142857142857,63.2,63.34285714285715,160.0,-2857.1428571428896,-2983.6857142857466,stop,0,GRINDING_CHOP
AU_IDX,synthetic,2016-04-10 02:15:00,2016-04-10 03:00:00,LONG,3,315.14,314.0885714285714,47.271,47.113285714285716,120.0,-3154.28571428572,-3248.670000000006,stop,3,GRINDING_CHOP
AU_IDX,synthetic,2016-04-10 03:45:00,2016-04-10 04:15:00,LONG,3,314.92,315.486,47.238,47.322900000000004,120.0,1697.9999999999222,1603.4390999999223,target_mean,2,GRINDING_CHOP
AU_IDX,synthetic,2016-04-10 09:45:00,2016-04-10 10:15:00,LONG,3,314.74,315.21400000000006,47.211000000000006,47.282100000000014,120.0,1422.0000000001392,1327.506900000139,target_mean,2,GRINDING_CHOP
AU_IDX,synthetic,2016-04-10 15:00:00,2016-04-10 15:00:00,LONG,4,314.88,314.898,62.976000000000006,62.979600000000005,160.0,72.00000000011642,-53.955599999883596,target_mean,0,GRINDING_CHOP
AU_IDX,synthetic,2016-04-10 18:00:00,2016-04-10 18:30:00,LONG,4,314.06,314.38700000000006,62.812000000000005,62.877400000000016,160.0,1308.00000000022,1182.3106000002201,target_mean,2,GRINDING_CHOP
AU_IDX,synthetic,2016-04-11 13:45:00,2016-04-11 13:45:00,SHORT,4,317.90000000000003,319.0437142857143,63.58000000000001,63.80874285714287,160.0,-4574.857142857127,-4702.245885714269,stop,0,GRINDING_CHOP
AU_IDX,synthetic,2016-04-11 21:45:00,2016-04-11 23:45:00,LONG,3,316.7,318.1,47.505,47.715,120.0,4200.000000000102,4104.780000000102,target_mean,8,GRINDING_CHOP
AU_IDX,synthetic,2016-04-12 00:30:00,2016-04-12 00:30:00,SHORT,3,318.68,318.71999999999997,47.802,47.80799999999999,120.0,-119.99999999989086,-215.60999999989085,stop,0,GRINDING_CHOP
AU_IDX,synthetic,2016-04-12 07:30:00,2016-04-12 07:45:00,LONG,4,313.0,313.569,62.6,62.713800000000006,160.0,2276.0000000000673,2150.6862000000674,target_mean,1,GRINDING_CHOP
AU_IDX,synthetic,2016-04-12 16:30:00,2016-04-12 17:30:00,SHORT,3,315.82000000000005,314.377,47.37300000000001,47.15655,120.0,4329.000000000122,4234.470450000123,target_mean,4,GRINDING_CHOP
AU_IDX,synthetic,2016-04-13 01:00:00,2016-04-13 01:30:00,LONG,4,314.24,314.716,62.848000000000006,62.943200000000004,160.0,1903.9999999999964,1778.2087999999965,target_mean,2,GRINDING_CHOP
AU_IDX,synthetic,2016-04-13 06:45:00,2016-04-13 07:15:00,SHORT,3,315.72,314.96,47.358000000000004,47.244,120.0,2280.0000000001432,2185.398000000143,target_mean,2,GRINDING_CHOP
AU_IDX,synthetic,2016-04-13 08:15:00,2016-04-13 08:15:00,SHORT,3,316.86,316.9,47.529,47.535000000000004,120.0,-119.99999999989086,-215.06399999989085,stop,0,GRINDING_CHOP
AU_IDX,synthetic,2016-04-13 11:00:00,2016-04-13 11:00:00,SHORT,3,318.20000000000005,318.24,47.73000000000001,47.736000000000004,120.0,-119.99999999989086,-215.46599999989087,stop,0,GRINDING_CHOP
AU_IDX,synthetic,2016-04-13 19:00:00,2016-04-13 19:30:00,LONG,4,316.34,315.56857142857143,63.268,63.11371428571429,160.0,-3085.7142857141753,-3212.0959999998895,stop,2,GRINDING_CHOP
AU_IDX,synthetic,2016-04-13 23:30:00,2016-04-14 03:00:00,LONG,2,313.53999999999996,311.80742857142855,31.353999999999996,31.180742857142853,80.0,-3465.142857142837,-3527.6775999999795,stop,14,GRINDING_CHOP
AU_IDX,synthetic,2016-04-14 03:45:00,2016-04-14 03:45:00,LONG,4,310.65999999999997,310.62,62.13199999999999,62.124,160.0,-159.99999999985448,-284.2559999998545,stop,0,NEW_BULL_WAVE
AU_IDX,synthetic,2016-04-14 15:00:00,2016-04-14 16:00:00,SHORT,2,319.66,319.548,31.966,31.954800000000002,80.0,224.00000000004638,160.07920000004637,stop,4,NEW_BULL_WAVE
AU_IDX,synthetic,2016-04-14 20:15:00,2016-04-14 22:00:00,SHORT,1,323.18,323.0282857142857,16.159000000000002,16.151414285714285,40.0,151.71428571431989,119.40387142860561,stop,7,NEW_BULL_WAVE
AU_IDX,synthetic,2016-04-14 22:45:00,2016-04-14 22:45:00,SHORT,1,323.18,321.736,16.159000000000002,16.0868,40.0,1444.0000000000168,1411.7542000000167,target_mean,0,NEW_BULL_WAVE
AU_IDX,synthetic,2016-04-15 02:45:00,2016-04-15 02:45:00,LONG,1,320.36,322.121,16.018,16.10605,40.0,1760.9999999999673,1728.8759499999671,target_mean,0,NEW_BULL_WAVE
AU_IDX,synthetic,2016-04-15 05:15:00,2016-04-15 05:30:00,SHORT,1,324.20000000000005,324.06957142857146,16.210000000000004,16.203478571428576,40.0,130.4285714285811,98.01509285715252,stop,1,NEW_BULL_WAVE
AU_IDX,synthetic,2016-04-15 10:45:00,2016-04-15 11:45:00,LONG,1,318.14,318.28257142857143,15.907,15.914128571428572,40.0,142.57142857144345,110.75030000001487,stop,4,NEW_BULL_WAVE
AU_IDX,synthetic,2016-04-15 15:30:00,2016-04-15 16:30:00,SHORT,1,323.78000000000003,323.6605714285714,16.189000000000004,16.183028571428572,40.0,119.42857142861385,87.05654285718526,stop,4,NEW_BULL_WAVE
AU_IDX,synthetic,2016-04-15 17:45:00,2016-04-15 17:45:00,SHORT,1,324.82000000000005,327.34457142857144,16.241000000000003,16.367228571428573,40.0,-2524.5714285713916,-2557.1796571428204,stop,0,NEW_BULL_WAVE
AU_IDX,synthetic,2016-04-15 18:45:00,2016-04-15 20:15:00,SHORT,1,329.28000000000003,332.24,16.464000000000002,16.612000000000002,40.0,-2959.9999999999795,-2993.0759999999796,stop,6,NEW_BULL_WAVE
AU_IDX,synthetic,2016-04-15 21:00:00,2016-04-15 21:45:00,SHORT,1,332.20000000000005,334.74571428571426,16.610000000000003,16.737285714285715,40.0,-2545.7142857142117,-2579.0615714284977,stop,3,NEW_BULL_WAVE
AU_IDX,synthetic,2016-04-15 22:15:00,2016-04-16 00:00:00,SHORT,1,333.64000000000004,336.82,16.682000000000002,16.841,40.0,-3179.99999999995,-3213.5229999999497,stop,7,NEW_BULL_WAVE
AU_IDX,synthetic,2016-04-16 00:30:00,2016-04-16 00:45:00,SHORT,1,336.06,339.14771428571424,16.803,16.957385714285714,40.0,-3087.7142857142417,-3121.4746714285275,stop,1,NEW_BULL_WAVE
AU_IDX,synthetic,2016-04-16 01:30:00,2016-04-16 01:45:00,SHORT,1,338.12,335.069,16.906000000000002,16.75345,40.0,3050.9999999999877,3017.3405499999876,target_mean,1,NEW_BULL_WAVE
AU_IDX,synthetic,2016-04-16 08:45:00,2016-04-16 09:00:00,SHORT,2,337.28000000000003,339.568,33.72800000000001,33.9568,80.0,-4575.999999999908,-4643.684799999908,stop,1,NEW_BULL_WAVE
AU_IDX,synthetic,2016-04-16 19:00:00,2016-04-16 19:00:00,SHORT,2,341.12,338.67299999999994,34.112,33.86729999999999,80.0,4894.000000000119,4826.020700000119,target_mean,0,NEW_BULL_WAVE
AU_IDX,synthetic,2016-04-16 20:15:00,2016-04-16 23:30:00,SHORT,1,343.64000000000004,343.354,17.182000000000002,17.1677,40.0,286.0000000000582,251.6503000000582,target_mean,13,NEW_BULL_WAVE
AU_IDX,synthetic,2016-04-17 00:30:00,2016-04-17 01:15:00,SHORT,1,347.66,347.53257142857143,17.383,17.376628571428572,40.0,127.4285714285952,92.66894285716664,stop,3,NEW_BULL_WAVE
AU_IDX,synthetic,2016-04-17 05:15:00,2016-04-17 06:00:00,SHORT,1,349.16,351.28285714285715,17.458000000000002,17.56414285714286,40.0,-2122.8571428571286,-2157.8792857142716,stop,3,NEW_BULL_WAVE
AU_IDX,synthetic,2016-04-17 08:45:00,2016-04-17 09:30:00,SHORT,1,352.16,351.423,17.608,17.57115,40.0,737.0000000000232,701.8208500000233,target_mean,3,NEW_BULL_WAVE
AU_IDX,synthetic,2016-04-17 11:00:00,2016-04-17 11:15:00,SHORT,2,355.74,355.62557142857145,35.574000000000005,35.562557142857145,80.0,228.8571428571231,157.72058571426595,stop,1,NEW_BULL_WAVE
AU_IDX,synthetic,2016-04-17 14:00:00,2016-04-17 15:15:00,SHORT,1,358.54,358.3658571428571,17.927,17.918292857142855,40.0,174.1428571428969,138.29756428575405,stop,5,NEW_BULL_WAVE
AU_IDX,synthetic,2016-04-17 17:00:00,2016-04-17 18:15:00,SHORT,1,362.06,359.964,18.103,17.9982,40.0,2096.0000000000036,2059.8988000000036,target_mean,5,NEW_BULL_WAVE
AU_IDX,synthetic,2016-04-18 00:30:00,2016-04-18 00:45:00,LONG,2,358.96,359.07842857142856,35.896,35.90784285714286,80.0,236.8571428571613,165.05330000001842,stop,1,NEW_BULL_WAVE
AU_IDX,synthetic,2016-04-18 02:15:00,2016-04-18 03:00:00,LONG,1,358.86,360.39099999999996,17.943,18.01955,40.0,1530.999999999949,1495.037449999949,target_mean,3,NEW_BULL_WAVE
AU_IDX,synthetic,2016-04-18 07:30:00,2016-04-18 08:00:00,SHORT,1,363.46000000000004,365.8828571428571,18.173000000000005,18.294142857142855,40.0,-2422.857142857083,-2459.3242857142263,stop,2,NEW_BULL_WAVE
AU_IDX,synthetic,2016-04-18 08:30:00,2016-04-18 11:00:00,SHORT,1,364.82000000000005,364.852,18.241000000000003,18.2426,40.0,-31.99999999992542,-68.48359999992542,target_mean,10,NEW_BULL_WAVE
AU_IDX,synthetic,2016-04-18 14:30:00,2016-04-18 15:00:00,LONG,1,358.97999999999996,359.10585714285713,17.948999999999998,17.955292857142858,40.0,125.85714285717131,89.95285000002846,stop,2,NEW_BULL_WAVE
AU_IDX,synthetic,2016-04-18 17:15:00,2016-04-18 18:00:00,LONG,1,357.26,359.11400000000003,17.863,17.955700000000004,40.0,1854.0000000000418,1818.1813000000418,target_mean,3,NEW_BULL_WAVE
AU_IDX,synthetic,2016-04-18 22:45:00,2016-04-18 22:45:00,SHORT,1,357.56,357.59999999999997,17.878,17.88,40.0,-39.99999999996362,-75.75799999996362,target_mean,0,NEW_BULL_WAVE
AU_IDX,synthetic,2016-04-18 23:45:00,2016-04-18 23:45:00,LONG,1,355.96,357.362,17.798000000000002,17.868100000000002,40.0,1402.0000000000437,1366.3339000000437,target_mean,0,NEW_BULL_WAVE
AU_IDX,synthetic,2016-04-19 04:00:00,2016-04-19 06:45:00,SHORT,1,363.64000000000004,366.1914285714286,18.182000000000002,18.309571428571434,40.0,-2551.4285714285734,-2587.9201428571446,stop,11,NEW_BULL_WAVE
AU_IDX,synthetic,2016-04-19 11:15:00,2016-04-19 13:00:00,LONG,1,357.47999999999996,357.62142857142857,17.874,17.88107142857143,40.0,141.4285714286052,105.67350000003378,stop,7,NEW_BULL_WAVE
AU_IDX,synthetic,2016-04-19 17:15:00,2016-04-19 18:00:00,SHORT,1,361.32000000000005,364.91714285714284,18.066000000000003,18.245857142857144,40.0,-3597.142857142785,-3633.454714285642,stop,3,NEW_BULL_WAVE
AU_IDX,synthetic,2016-04-19 22:45:00,2016-04-19 23:30:00,SHORT,1,368.58000000000004,366.793,18.429000000000002,18.339650000000002,40.0,1787.0000000000346,1750.2313500000346,target_mean,3,NEW_BULL_WAVE
AU_IDX,synthetic,2016-04-20 02:00:00,2016-04-20 04:45:00,LONG,1,361.32,358.42857142857144,18.066000000000003,17.92142857142857,40.0,-2891.4285714285484,-2927.4159999999765,stop,11,NEW_BULL_WAVE
AU_IDX,synthetic,2016-04-20 05:45:00,2016-04-20 05:45:00,LONG,2,360.68,360.69000000000005,36.068000000000005,36.06900000000001,80.0,20.000000000095497,-52.13699999990452,target_mean,0,NEW_BULL_WAVE
AU_IDX,synthetic,2016-04-20 08:45:00,2016-04-20 09:00:00,SHORT,1,364.84000000000003,367.4657142857143,18.242000000000004,18.373285714285714,40.0,-2625.7142857142526,-2662.3295714285387,stop,1,NEW_BULL_WAVE
AU_IDX,synthetic,2016-04-20 12:45:00,2016-04-20 14:15:00,SHORT,1,373.38000000000005,375.57142857142856,18.669000000000004,18.77857142857143,40.0,-2191.428571428503,-2228.8761428570742,stop,6,NEW_BULL_WAVE
AU_IDX,synthetic,2016-04-20 14:45:00,2016-04-20 15:00:00,SHORT,1,375.66,375.49685714285715,18.783,18.774842857142858,40.0,163.1428571428728,125.58501428572993,stop,1,NEW_BULL_WAVE
AU_IDX,synthetic,2016-04-21 08:30:00,2016-04-21 08:45:00,SHORT,1,373.34000000000003,371.61199999999997,18.667000000000005,18.580599999999997,40.0,1728.0000000000655,1690.7524000000656,target_mean,1,NEW_BULL_WAVE
AU_IDX,synthetic,2016-04-21 12:45:00,2016-04-21 13:30:00,SHORT,1,373.68,376.3974285714286,18.684,18.819871428571428,40.0,-2717.42857142857,-2754.9324428571417,stop,3,NEW_BULL_WAVE
AU_IDX,synthetic,2016-04-21 16:30:00,2016-04-21 16:45:00,SHORT,1,377.90000000000003,375.137,18.895000000000003,18.75685,40.0,2763.0000000000337,2725.3481500000335,target_mean,1,NEW_BULL_WAVE
AU_IDX,synthetic,2016-04-21 22:00:00,2016-04-21 22:00:00,LONG,1,367.59999999999997,365.18,18.38,18.259,40.0,-2419.999999999959,-2456.638999999959,stop,0,NEW_BULL_WAVE
AU_IDX,synthetic,2016-04-22 00:15:00,2016-04-22 00:45:00,SHORT,1,373.12,376.69885714285715,18.656000000000002,18.83494285714286,40.0,-3578.857142857146,-3616.3480857142886,stop,2,NEW_BULL_WAVE
AU_IDX,synthetic,2016-04-22 06:15:00,2016-04-22 07:30:00,SHORT,1,386.62,385.802,19.331,19.290100000000002,40.0,817.9999999999836,779.3788999999836,target_mean,5,NEW_BULL_WAVE
AU_IDX,synthetic,2016-04-22 09:15:00,2016-04-22 09:30:00,SHORT,1,389.3,387.20799999999997,19.465,19.3604,40.0,2092.0000000000414,2053.174600000041,target_mean,1,NEW_BULL_WAVE
AU_IDX,synthetic,2016-04-22 20:15:00,2016-04-22 21:00:00,SHORT,1,388.54,391.00857142857143,19.427,19.550428571428572,40.0,-2468.5714285714084,-2507.5488571428373,stop,3,NEW_BULL_WAVE
AU_IDX,synthetic,2016-04-23 01:15:00,2016-04-23 01:30:00,SHORT,1,401.86,402.42,20.093,20.121000000000002,40.0,-560.0000000000023,-600.2140000000022,stop,1,NEW_BULL_WAVE
AU_IDX,synthetic,2016-04-23 12:00:00,2016-04-23 13:00:00,SHORT,1,400.02000000000004,397.72,20.001000000000005,19.886,40.0,2300.0000000000114,2260.113000000011,target_mean,4,NEW_BULL_WAVE
AU_IDX,synthetic,2016-04-24 11:00:00,2016-04-24 11:30:00,LONG,1,384.3,381.93142857142857,19.215,19.09657142857143,40.0,-2368.5714285714425,-2406.883000000014,stop,2,NEW_BULL_WAVE
AU_IDX,synthetic,2016-04-24 15:45:00,2016-04-24 18:15:00,LONG,1,379.74,380.814,18.987000000000002,19.0407,40.0,1074.0000000000123,1035.9723000000122,target_mean,10,NEW_BULL_WAVE
AU_IDX,synthetic,2016-04-24 23:30:00,2016-04-25 00:30:00,LONG,1,379.0,377.32571428571435,18.95,18.86628571428572,40.0,-1674.285714285645,-1712.101999999931,stop,4,NEW_BULL_WAVE
AU_IDX,synthetic,2016-04-25 02:45:00,2016-04-25 03:30:00,LONG,1,375.84,377.93,18.792,18.8965,40.0,2090.000000000032,2052.311500000032,target_mean,3,NEW_BULL_WAVE
AU_IDX,synthetic,2016-04-25 06:30:00,2016-04-25 07:45:00,LONG,1,373.94,376.21100000000007,18.697,18.810550000000003,40.0,2271.000000000072,2233.4924500000716,target_mean,5,NEW_BULL_WAVE
AU_IDX,synthetic,2016-04-25 16:45:00,2016-04-25 16:45:00,SHORT,1,380.34000000000003,380.38,19.017000000000003,19.019000000000002,40.0,-39.99999999996362,-78.03599999996362,stop,0,NEW_BULL_WAVE
AU_IDX,synthetic,2016-04-25 19:30:00,2016-04-25 21:15:00,SHORT,1,383.70000000000005,386.1714285714286,19.185000000000002,19.30857142857143,40.0,-2471.4285714285325,-2509.9221428571036,stop,7,NEW_BULL_WAVE
AU_IDX,synthetic,2016-04-26 03:45:00,2016-04-26 07:00:00,LONG,1,377.21999999999997,377.65200000000004,18.860999999999997,18.882600000000004,40.0,432.0000000000732,394.2564000000732,target_mean,13,NEW_BULL_WAVE
AU_IDX,synthetic,2016-04-26 12:15:00,2016-04-26 12:15:00,LONG,1,373.96,373.92,18.698,18.696,40.0,-39.99999999996362,-77.39399999996363,stop,0,NEW_BULL_WAVE
AU_IDX,synthetic,2016-04-26 18:00:00,2016-04-26 20:30:00,SHORT,1,386.6,384.47799999999995,19.330000000000002,19.223899999999997,40.0,2122.000000000071,2083.446100000071,target_mean,10,NEW_BULL_WAVE
AU_IDX,synthetic,2016-04-27 02:30:00,2016-04-27 03:00:00,LONG,1,382.9,385.473,19.145,19.27365,40.0,2573.000000000036,2534.581350000036,target_mean,2,NEW_BULL_WAVE
AU_IDX,synthetic,2016-04-27 04:30:00,2016-04-27 05:30:00,SHORT,1,386.32000000000005,389.19714285714286,19.316000000000003,19.459857142857143,40.0,-2877.1428571428146,-2915.9187142856717,stop,4,NEW_BULL_WAVE
AU_IDX,synthetic,2016-04-27 06:15:00,2016-04-27 09:45:00,SHORT,1,392.78000000000003,390.48,19.639000000000003,19.524,40.0,2300.0000000000114,2260.8370000000114,target_mean,14,NEW_BULL_WAVE
AU_IDX,synthetic,2016-04-28 09:30:00,2016-04-28 09:30:00,SHORT,1,400.46000000000004,400.5,20.023000000000003,20.025000000000002,40.0,-39.99999999996362,-80.04799999996362,stop,0,NEW_BULL_WAVE
AU_IDX,synthetic,2016-04-28 12:00:00,2016-04-28 13:15:00,SHORT,1,402.76000000000005,401.31399999999996,20.138000000000005,20.0657,40.0,1446.0000000000832,1405.7963000000832,target_mean,5,NEW_BULL_WAVE
AU_IDX,synthetic,2016-04-28 19:00:00,2016-04-28 19:45:00,SHORT,1,410.12,413.4802857142857,20.506,20.674014285714286,40.0,-3360.2857142856806,-3401.4657285713947,stop,3,NEW_BULL_WAVE
AU_IDX,synthetic,2016-04-28 20:00:00,2016-04-28 21:15:00,SHORT,1,411.72,409.602,20.586000000000002,20.4801,40.0,2118.000000000052,2076.933900000052,target_mean,5,NEW_BULL_WAVE
AU_IDX,synthetic,2016-04-29 01:00:00,2016-04-29 04:30:00,SHORT,1,409.58000000000004,410.26,20.479000000000003,20.513,40.0,-679.99999999995,-720.99199999995,time_stop,14,NEW_BULL_WAVE
AU_IDX,synthetic,2016-04-29 08:30:00,2016-04-29 11:15:00,LONG,1,401.48,403.872,20.074,20.1936,40.0,2391.999999999996,2351.732399999996,target_mean,11,NEW_BULL_WAVE
AU_IDX,synthetic,2016-04-29 14:00:00,2016-04-29 16:30:00,SHORT,1,409.46000000000004,407.615,20.473000000000003,20.380750000000003,40.0,1845.0000000000273,1804.1462500000273,target_mean,10,NEW_BULL_WAVE
AU_IDX,synthetic,2016-04-30 01:00:00,2016-04-30 01:15:00,LONG,1,402.24,402.93600000000004,20.112000000000002,20.146800000000002,40.0,696.0000000000264,655.7412000000264,target_mean,1,NEW_BULL_WAVE
AU_IDX,synthetic,2016-04-30 08:30:00,2016-04-30 08:30:00,SHORT,1,406.1,404.211,20.305,20.21055,40.0,1889.00000000001,1848.48445000001,target_mean,0,NEW_BULL_WAVE
AU_IDX,synthetic,2016-04-30 10:30:00,2016-04-30 10:30:00,SHORT,1,404.32000000000005,403.938,20.216000000000005,20.1969,40.0,382.00000000006185,341.5871000000618,target_mean,0,NEW_BULL_WAVE
AU_IDX,synthetic,2016-04-30 19:30:00,2016-04-30 20:00:00,SHORT,1,404.92,404.7765714285714,20.246000000000002,20.238828571428574,40.0,143.42857142861476,102.94374285718618,stop,2,NEW_BULL_WAVE
AU_IDX,synthetic,2016-04-30 20:45:00,2016-04-30 21:00:00,SHORT,1,406.16,402.99899999999997,20.308,20.149949999999997,40.0,3161.000000000058,3120.542050000058,target_mean,1,NEW_BULL_WAVE
AU_IDX,synthetic,2016-05-01 01:30:00,2016-05-01 01:30:00,LONG,1,395.42,395.38000000000005,19.771,19.769000000000005,40.0,-39.99999999996362,-79.53999999996363,stop,0,NEW_BULL_WAVE
AU_IDX,synthetic,2016-05-01 10:15:00,2016-05-01 11:00:00,SHORT,1,404.02000000000004,407.3142857142857,20.201000000000004,20.365714285714287,40.0,-3294.2857142856496,-3334.852428571364,stop,3,NEW_BULL_WAVE
AU_IDX,synthetic,2016-05-01 11:30:00,2016-05-01 11:30:00,SHORT,1,407.68,409.6628571428571,20.384,20.483142857142855,40.0,-1982.8571428570854,-2023.7242857142282,stop,0,NEW_BULL_WAVE
AU_IDX,synthetic,2016-05-01 12:45:00,2016-05-01 14:45:00,SHORT,1,407.98,411.65999999999997,20.399,20.583,40.0,-3679.99999999995,-3720.98199999995,stop,8,NEW_BULL_WAVE
AU_IDX,synthetic,2016-05-01 15:00:00,2016-05-01 15:30:00,SHORT,1,410.70000000000005,417.18,20.535000000000004,20.859,40.0,-6479.999999999962,-6521.393999999962,stop,2,NEW_BULL_WAVE
AU_IDX,synthetic,2016-05-01 19:15:00,2016-05-01 19:30:00,SHORT,1,423.42,423.261,21.171,21.163050000000002,40.0,158.99999999999181,116.66594999999182,stop,1,NEW_BULL_WAVE
AU_IDX,synthetic,2016-05-01 20:45:00,2016-05-01 21:00:00,SHORT,1,423.72,420.78899999999993,21.186,21.03945,40.0,2931.000000000097,2888.7745500000965,target_mean,1,NEW_BULL_WAVE
AU_IDX,synthetic,2016-05-02 03:45:00,2016-05-02 04:00:00,LONG,1,417.92,414.5828571428572,20.896,20.72914285714286,40.0,-3337.142857142794,-3378.7679999999373,stop,1,NEW_BULL_WAVE
AU_IDX,synthetic,2016-05-02 08:15:00,2016-05-02 08:30:00,LONG,1,409.68,409.8152857142857,20.484,20.490764285714288,40.0,135.28571428571468,94.31095000000037,stop,1,NEW_BULL_WAVE
AU_IDX,synthetic,2016-05-02 20:45:00,2016-05-02 21:00:00,SHORT,1,410.28000000000003,409.73699999999997,20.514000000000003,20.486849999999997,40.0,543.0000000000632,501.9991500000632,target_mean,1,NEW_BULL_WAVE
AU_IDX,synthetic,2016-05-02 23:00:00,2016-05-03 00:30:00,SHORT,1,411.82000000000005,411.48400000000004,20.591000000000005,20.574200000000005,40.0,336.00000000001273,294.8348000000127,target_mean,6,NEW_BULL_WAVE
AU_IDX,synthetic,2016-05-03 01:45:00,2016-05-03 02:00:00,LONG,1,408.32,405.42,20.416,20.271,40.0,-2899.9999999999773,-2940.6869999999776,stop,1,NEW_BULL_WAVE
AU_IDX,synthetic,2016-05-03 09:00:00,2016-05-03 12:30:00,SHORT,1,413.0,412.8,20.650000000000002,20.64,40.0,199.99999999998863,158.7099999999886,time_stop,14,NEW_BULL_WAVE
AU_IDX,synthetic,2016-05-03 16:15:00,2016-05-03 16:45:00,LONG,1,410.94,412.634,20.547,20.631700000000002,40.0,1694.0000000000168,1652.821300000017,target_mean,2,NEW_BULL_WAVE
AU_IDX,synthetic,2016-05-03 18:30:00,2016-05-03 19:00:00,SHORT,1,414.72,418.07142857142856,20.736,20.90357142857143,40.0,-3351.428571428528,-3393.0681428570992,stop,2,NEW_BULL_WAVE
AU_IDX,synthetic,2016-05-03 20:00:00,2016-05-03 22:15:00,SHORT,1,417.66,416.696,20.883000000000003,20.8348,40.0,963.9999999999986,922.2821999999986,target_mean,9,NEW_BULL_WAVE
AU_IDX,synthetic,2016-05-04 00:30:00,2016-05-04 01:15:00,SHORT,1,420.42,423.5428571428571,21.021,21.177142857142854,40.0,-3122.8571428570717,-3165.0552857142147,stop,3,NEW_BULL_WAVE
AU_IDX,synthetic,2016-05-04 01:45:00,2016-05-04 03:15:00,SHORT,1,423.8,423.60657142857144,21.19,21.18032857142857,40.0,193.42857142856928,151.05824285714073,stop,6,NEW_BULL_WAVE
AU_IDX,synthetic,2016-05-04 04:45:00,2016-05-04 05:45:00,SHORT,1,425.76000000000005,429.1588571428572,21.288000000000004,21.45794285714286,40.0,-3398.857142857139,-3441.603085714282,stop,4,NEW_BULL_WAVE
AU_IDX,synthetic,2016-05-04 11:15:00,2016-05-04 14:30:00,SHORT,1,436.98,434.954,21.849,21.747700000000002,40.0,2026.0000000000105,1982.4033000000106,target_mean,13,NEW_BULL_WAVE
AU_IDX,synthetic,2016-05-04 15:45:00,2016-05-04 15:45:00,SHORT,2,439.06,439.09999999999997,43.906,43.91,80.0,-79.99999999992724,-167.81599999992724,stop,0,NEW_BULL_WAVE
AU_IDX,synthetic,2016-05-04 18:00:00,2016-05-04 19:00:00,SHORT,1,439.22,437.841,21.961000000000002,21.89205,40.0,1379.000000000019,1335.1469500000192,target_mean,4,NEW_BULL_WAVE
AU_IDX,synthetic,2016-05-04 20:15:00,2016-05-04 23:00:00,SHORT,1,443.70000000000005,442.56499999999994,22.185000000000002,22.128249999999998,40.0,1135.0000000001046,1090.6867500001047,target_mean,11,NEW_BULL_WAVE
AU_IDX,synthetic,2016-05-05 10:30:00,2016-05-05 12:15:00,SHORT,1,452.88000000000005,449.783,22.644000000000005,22.489150000000002,40.0,3097.000000000037,3051.866850000037,target_mean,7,NEW_BULL_WAVE
AU_IDX,synthetic,2016-05-05 13:00:00,2016-05-05 15:00:00,SHORT,1,455.24,457.81428571428575,22.762,22.89071428571429,40.0,-2574.285714285736,-2619.9384285714505,stop,8,NEW_BULL_WAVE
AU_IDX,synthetic,2016-05-05 18:15:00,2016-05-05 18:45:00,SHORT,1,460.62,464.05999999999995,23.031000000000002,23.203,40.0,-3439.999999999941,-3486.233999999941,stop,2,NEW_BULL_WAVE
AU_IDX,synthetic,2016-05-05 19:30:00,2016-05-05 20:00:00,SHORT,1,466.3,466.53999999999996,23.315,23.326999999999998,40.0,-239.99999999995225,-286.64199999995225,stop,2,NEW_BULL_WAVE
AU_IDX,synthetic,2016-05-06 03:15:00,2016-05-06 06:00:00,LONG,1,455.15999999999997,459.023,22.758,22.951150000000002,40.0,3863.0000000000564,3817.2908500000567,target_mean,11,NEW_BULL_WAVE
AU_IDX,synthetic,2016-05-06 13:30:00,2016-05-06 14:30:00,LONG,1,449.46,449.6612857142857,22.473000000000003,22.48306428571429,40.0,201.2857142857456,156.3296500000313,stop,4,NEW_BULL_WAVE
AU_IDX,synthetic,2016-05-06 16:45:00,2016-05-06 17:15:00,LONG,1,444.02,440.74000000000007,22.201,22.037000000000003,40.0,-3279.999999999916,-3324.2379999999157,stop,2,NEW_BULL_WAVE
AU_IDX,synthetic,2016-05-06 17:45:00,2016-05-06 20:30:00,LONG,1,440.78,442.30300000000005,22.039,22.115150000000003,40.0,1523.0000000000814,1478.8458500000813,target_mean,11,NEW_BULL_WAVE
AU_IDX,synthetic,2016-05-07 03:30:00,2016-05-07 03:30:00,SHORT,1,449.04,446.09400000000005,22.452,22.304700000000004,40.0,2945.9999999999695,2901.243299999969,target_mean,0,NEW_BULL_WAVE
AU_IDX,synthetic,2016-05-07 09:15:00,2016-05-07 10:15:00,SHORT,1,452.62,450.179,22.631,22.508950000000002,40.0,2441.000000000031,2395.860050000031,target_mean,4,NEW_BULL_WAVE
AU_IDX,synthetic,2016-05-07 16:00:00,2016-05-07 16:00:00,SHORT,1,452.46000000000004,450.521,22.623000000000005,22.52605,40.0,1939.0000000000214,1893.8509500000214,target_mean,0,NEW_BULL_WAVE
AU_IDX,synthetic,2016-05-07 17:30:00,2016-05-07 18:15:00,SHORT,1,453.92,452.4,22.696,22.62,40.0,1520.0000000000387,1474.6840000000388,target_mean,3,NEW_BULL_WAVE
AU_IDX,synthetic,2016-05-08 13:30:00,2016-05-08 14:30:00,LONG,1,438.58,441.84000000000003,21.929000000000002,22.092000000000002,40.0,3260.0000000000477,3215.9790000000476,target_mean,4,NEW_BULL_WAVE
AU_IDX,synthetic,2016-05-09 03:45:00,2016-05-09 04:45:00,SHORT,1,449.16,449.0147142857143,22.458000000000002,22.450735714285717,40.0,145.28571428570558,100.37697857141987,stop,4,NEW_BULL_WAVE
AU_IDX,synthetic,2016-05-09 06:30:00,2016-05-09 08:30:00,SHORT,1,454.94000000000005,460.28,22.747000000000003,23.014,40.0,-5339.999999999918,-5385.760999999919,stop,8,NEW_BULL_WAVE
AU_IDX,synthetic,2016-05-09 09:00:00,2016-05-09 10:00:00,SHORT,1,459.70000000000005,462.39714285714285,22.985000000000003,23.119857142857143,40.0,-2697.1428571428078,-2743.247714285665,stop,4,NEW_BULL_WAVE
AU_IDX,synthetic,2016-05-09 10:15:00,2016-05-09 10:30:00,SHORT,1,460.94000000000005,456.883,23.047000000000004,22.844150000000003,40.0,4057.000000000073,4011.1088500000733,target_mean,1,NEW_BULL_WAVE
AU_IDX,synthetic,2016-05-09 14:00:00,2016-05-09 14:15:00,SHORT,1,461.54,458.46899999999994,23.077,22.92345,40.0,3071.000000000083,3024.999550000083,target_mean,1,NEW_BULL_WAVE
AU_IDX,synthetic,2016-05-10 01:00:00,2016-05-10 02:00:00,LONG,1,451.5,455.62700000000007,22.575000000000003,22.781350000000003,40.0,4127.000000000066,4081.6436500000664,target_mean,4,NEW_BULL_WAVE
AU_IDX,synthetic,2016-05-10 12:30:00,2016-05-10 12:45:00,LONG,1,460.34,462.275,23.017,23.11375,40.0,1935.0000000000023,1888.8692500000022,target_mean,1,NEW_BULL_WAVE
AU_IDX,synthetic,2016-05-11 00:15:00,2016-05-11 02:45:00,LONG,1,453.12,449.26342857142856,22.656000000000002,22.46317142857143,40.0,-3856.571428571442,-3901.6906000000135,stop,10,NEW_BULL_WAVE
AU_IDX,synthetic,2016-05-11 03:45:00,2016-05-11 04:15:00,LONG,1,448.14,448.28714285714284,22.407,22.414357142857142,40.0,147.14285714285325,102.3214999999961,stop,2,NEW_BULL_WAVE
AU_IDX,synthetic,2016-05-11 05:00:00,2016-05-11 06:15:00,LONG,1,448.06,449.16900000000004,22.403000000000002,22.458450000000003,40.0,1109.0000000000373,1064.1385500000372,target_mean,5,NEW_BULL_WAVE
AU_IDX,synthetic,2016-05-11 09:45:00,2016-05-11 11:15:00,SHORT,1,458.96000000000004,462.8165714285715,22.948000000000004,23.140828571428575,40.0,-3856.571428571442,-3902.6602571428707,stop,6,NEW_BULL_WAVE
AU_IDX,synthetic,2016-05-11 11:45:00,2016-05-11 12:00:00,SHORT,1,462.20000000000005,464.8145714285714,23.110000000000003,23.240728571428573,40.0,-2614.5714285713666,-2660.922157142795,stop,1,NEW_BULL_WAVE
AU_IDX,synthetic,2016-05-12 05:15:00,2016-05-12 05:30:00,LONG,1,458.2,458.3981428571429,22.91,22.919907142857145,40.0,198.1428571428978,152.31295000004067,stop,1,NEW_BULL_WAVE
AU_IDX,synthetic,2016-05-12 06:30:00,2016-05-12 06:30:00,LONG,1,459.03999999999996,460.1740000000001,22.951999999999998,23.008700000000008,40.0,1134.0000000001282,1088.0393000001282,target_mean,0,NEW_BULL_WAVE
AU_IDX,synthetic,2016-05-12 09:30:00,2016-05-12 09:30:00,LONG,1,454.74,454.70000000000005,22.737000000000002,22.735000000000003,40.0,-39.99999999996362,-85.47199999996363,stop,0,NEW_BULL_WAVE
AU_IDX,synthetic,2016-05-12 11:30:00,2016-05-12 14:30:00,LONG,1,451.3,452.064,22.565,22.6032,40.0,764.00000000001,718.8318000000099,target_mean,12,NEW_BULL_WAVE
AU_IDX,synthetic,2016-05-12 19:45:00,2016-05-12 22:00:00,LONG,1,446.08,448.46000000000004,22.304000000000002,22.423000000000005,40.0,2380.0000000000523,2335.273000000052,target_mean,9,NEW_BULL_WAVE
AU_IDX,synthetic,2016-05-13 19:30:00,2016-05-13 19:30:00,SHORT,1,453.16,457.25571428571425,22.658,22.862785714285714,40.0,-4095.714285714223,-4141.2350714285085,stop,0,NEW_BULL_WAVE
AU_IDX,synthetic,2016-05-14 06:30:00,2016-05-14 06:30:00,SHORT,1,455.66,454.829,22.783,22.74145,40.0,831.0000000000173,785.4755500000173,target_mean,0,NEW_BULL_WAVE
AU_IDX,synthetic,2016-05-14 19:00:00,2016-05-14 19:00:00,SHORT,1,460.44000000000005,460.48,23.022000000000006,23.024,40.0,-39.99999999996362,-86.04599999996363,stop,0,NEW_BULL_WAVE
AU_IDX,synthetic,2016-05-14 22:15:00,2016-05-15 01:00:00,SHORT,1,463.82000000000005,461.99699999999996,23.191000000000003,23.099849999999996,40.0,1823.0000000000928,1776.7091500000927,target_mean,11,NEW_BULL_WAVE
AU_IDX,synthetic,2016-05-15 13:15:00,2016-05-15 14:30:00,SHORT,1,469.26000000000005,469.3,23.463000000000005,23.465,40.0,-39.99999999996362,-86.92799999996363,stop,5,NEW_BULL_WAVE
AU_IDX,synthetic,2016-05-15 21:15:00,2016-05-15 21:15:00,LONG,1,467.53999999999996,470.45799999999997,23.377,23.5229,40.0,2918.0000000000064,2871.1001000000065,target_mean,0,NEW_BULL_WAVE
AU_IDX,synthetic,2016-05-16 01:15:00,2016-05-16 01:15:00,SHORT,1,472.94000000000005,476.37228571428574,23.647000000000006,23.81861428571429,40.0,-3432.2857142856833,-3479.7513285713976,stop,0,NEW_BULL_WAVE
AU_IDX,synthetic,2016-05-16 11:45:00,2016-05-16 12:00:00,SHORT,1,486.18,490.25714285714287,24.309,24.512857142857143,40.0,-4077.14285714286,-4125.964714285717,stop,1,NEW_BULL_WAVE
AU_IDX,synthetic,2016-05-16 12:45:00,2016-05-16 14:15:00,SHORT,1,489.16,489.26,24.458000000000002,24.463,40.0,-99.9999999999659,-148.9209999999659,stop,6,NEW_BULL_WAVE
AU_IDX,synthetic,2016-05-16 23:15:00,2016-05-17 00:00:00,LONG,1,473.52,477.892,23.676000000000002,23.8946,40.0,4372.000000000015,4324.4294000000145,target_mean,3,NEW_BULL_WAVE
AU_IDX,synthetic,2016-05-17 06:00:00,2016-05-17 06:45:00,LONG,1,468.68,466.3228571428572,23.434,23.31614285714286,40.0,-2357.142857142833,-2403.892999999976,stop,3,NEW_BULL_WAVE
AU_IDX,synthetic,2016-05-17 07:15:00,2016-05-17 07:30:00,LONG,1,466.2,466.38642857142855,23.310000000000002,23.31932142857143,40.0,186.42857142856428,139.79924999999284,stop,1,NEW_BULL_WAVE
AU_IDX,synthetic,2016-05-17 13:30:00,2016-05-17 13:45:00,SHORT,1,470.22,472.6028571428571,23.511000000000003,23.630142857142857,40.0,-2382.8571428570626,-2429.9982857142054,stop,1,NEW_BULL_WAVE
AU_IDX,synthetic,2016-05-17 15:00:00,2016-05-17 15:30:00,SHORT,1,474.20000000000005,477.47142857142853,23.710000000000004,23.873571428571427,40.0,-3271.428571428487,-3319.0121428570583,stop,2,NEW_BULL_WAVE
AU_IDX,synthetic,2016-05-17 16:00:00,2016-05-17 16:45:00,SHORT,1,475.44000000000005,471.884,23.772000000000006,23.5942,40.0,3556.00000000004,3508.63380000004,target_mean,3,NEW_BULL_WAVE
AU_IDX,synthetic,2016-05-17 22:45:00,2016-05-17 22:45:00,LONG,1,471.12,473.78499999999997,23.556,23.689249999999998,40.0,2664.9999999999636,2617.7547499999637,target_mean,0,NEW_BULL_WAVE
AU_IDX,synthetic,2016-05-18 13:45:00,2016-05-18 13:45:00,LONG,1,465.76,466.255,23.288,23.31275,40.0,495.00000000000455,448.39925000000454,target_mean,0,NEW_BULL_WAVE
AU_IDX,synthetic,2016-05-18 17:00:00,2016-05-18 17:00:00,LONG,1,462.08,462.04,23.104000000000003,23.102,40.0,-39.99999999996362,-86.20599999996362,stop,0,NEW_BULL_WAVE
AU_IDX,synthetic,2016-05-18 18:45:00,2016-05-18 19:30:00,SHORT,1,469.20000000000005,469.0107142857143,23.460000000000004,23.450535714285717,40.0,189.28571428574514,142.37517857145943,stop,3,NEW_BULL_WAVE
AU_IDX,synthetic,2016-05-18 22:15:00,2016-05-18 22:30:00,SHORT,1,471.04,470.8972857142857,23.552,23.544864285714286,40.0,142.71428571430533,95.61742142859106,stop,1,NEW_BULL_WAVE
AU_IDX,synthetic,2016-05-18 23:15:00,2016-05-18 23:45:00,SHORT,1,473.86,469.36,23.693,23.468,40.0,4500.0,4452.839,target_mean,2,NEW_BULL_WAVE
AU_IDX,synthetic,2016-05-19 06:30:00,2016-05-19 06:45:00,SHORT,1,473.90000000000003,471.00100000000003,23.695000000000004,23.550050000000002,40.0,2899.000000000001,2851.754950000001,target_mean,1,NEW_BULL_WAVE
AU_IDX,synthetic,2016-05-19 07:30:00,2016-05-19 07:30:00,LONG,1,472.32,472.28000000000003,23.616,23.614000000000004,40.0,-39.99999999996362,-87.22999999996362,target_mean,0,NEW_BULL_WAVE
AU_IDX,synthetic,2016-05-19 13:15:00,2016-05-19 14:15:00,LONG,1,464.52,467.85300000000007,23.226000000000003,23.392650000000003,40.0,3333.0000000000837,3286.3813500000833,target_mean,4,NEW_BULL_WAVE
AU_IDX,synthetic,2016-05-19 23:15:00,2016-05-19 23:30:00,SHORT,1,474.24,476.35999999999996,23.712,23.817999999999998,40.0,-2119.9999999999477,-2167.529999999948,stop,1,NEW_BULL_WAVE
AU_IDX,synthetic,2016-05-20 11:30:00,2016-05-20 11:30:00,SHORT,1,484.3,489.2905714285714,24.215,24.464528571428573,40.0,-4990.5714285714,-5039.250957142829,stop,0,NEW_BULL_WAVE
AU_IDX,synthetic,2016-05-20 22:00:00,2016-05-20 23:45:00,SHORT,1,488.18,487.9102857142857,24.409000000000002,24.395514285714285,40.0,269.7142857143149,220.9097714286006,stop,7,NEW_BULL_WAVE
AU_IDX,synthetic,2016-05-21 14:30:00,2016-05-21 14:30:00,SHORT,1,484.34000000000003,483.5299999999999,24.217000000000002,24.176499999999997,40.0,810.000000000116,761.606500000116,target_mean,0,NEW_BULL_WAVE
AU_IDX,synthetic,2016-05-21 15:45:00,2016-05-21 18:00:00,LONG,1,475.94,479.851,23.797,23.99255,40.0,3911.0000000000014,3863.2104500000014,target_mean,9,NEW_BULL_WAVE
AU_IDX,synthetic,2016-05-22 01:00:00,2016-05-22 01:15:00,SHORT,1,487.44000000000005,490.79142857142864,24.372000000000003,24.539571428571435,40.0,-3351.4285714285847,-3400.340142857156,stop,1,NEW_BULL_WAVE
AU_IDX,synthetic,2016-05-22 02:15:00,2016-05-22 05:00:00,SHORT,1,494.8,492.206,24.740000000000002,24.610300000000002,40.0,2593.999999999994,2544.6496999999945,target_mean,11,NEW_BULL_WAVE
AU_IDX,synthetic,2016-05-22 08:30:00,2016-05-22 08:30:00,LONG,1,491.36,493.662,24.568,24.6831,40.0,2301.999999999964,2252.7488999999637,target_mean,0,NEW_BULL_WAVE
AU_IDX,synthetic,2016-05-22 13:15:00,2016-05-22 13:45:00,SHORT,1,499.34000000000003,499.166,24.967000000000006,24.9583,40.0,174.00000000003502,124.074700000035,stop,2,NEW_BULL_WAVE
AU_IDX,synthetic,2016-05-22 15:15:00,2016-05-22 15:30:00,SHORT,1,502.92,505.04,25.146,25.252000000000002,40.0,-2120.0000000000045,-2170.3980000000047,stop,1,NEW_BULL_WAVE
AU_IDX,synthetic,2016-05-22 16:15:00,2016-05-22 16:15:00,SHORT,1,499.20000000000005,499.24,24.960000000000004,24.962,40.0,-39.99999999996362,-89.92199999996363,target_mean,0,NEW_BULL_WAVE
AU_IDX,synthetic,2016-05-23 07:00:00,2016-05-23 08:45:00,SHORT,1,500.92,500.29800000000006,25.046000000000003,25.014900000000004,40.0,621.9999999999573,571.9390999999572,target_mean,7,NEW_BULL_WAVE
AU_IDX,synthetic,2016-05-23 09:30:00,2016-05-23 10:15:00,SHORT,1,504.96000000000004,502.183,25.248000000000005,25.10915,40.0,2777.0000000000437,2726.642850000044,target_mean,3,NEW_BULL_WAVE
AU_IDX,synthetic,2016-05-23 10:30:00,2016-05-23 10:30:00,SHORT,1,502.96000000000004,502.275,25.148000000000003,25.11375,40.0,685.0000000000591,634.7382500000591,target_mean,0,NEW_BULL_WAVE
AU_IDX,synthetic,2016-05-23 16:45:00,2016-05-23 17:30:00,LONG,1,495.71999999999997,495.952,24.785999999999998,24.797600000000003,40.0,232.00000000002774,182.41640000002775,stop,3,NEW_BULL_WAVE
AU_IDX,synthetic,2016-05-24 09:45:00,2016-05-24 11:30:00,LONG,1,500.44,496.3485714285714,25.022000000000002,24.81742857142857,40.0,-4091.428571428594,-4141.268000000023,stop,7,NEW_BULL_WAVE
AU_IDX,synthetic,2016-05-24 12:45:00,2016-05-24 14:00:00,LONG,1,496.15999999999997,498.44900000000007,24.808,24.922450000000005,40.0,2289.000000000101,2239.269550000101,target_mean,5,NEW_BULL_WAVE
AU_IDX,synthetic,2016-05-24 17:30:00,2016-05-24 19:45:00,SHORT,1,498.12,502.1411428571428,24.906000000000002,25.107057142857144,40.0,-4021.14285714282,-4071.155914285677,stop,9,NEW_BULL_WAVE
AU_IDX,synthetic,2016-05-25 05:45:00,2016-05-25 06:45:00,SHORT,1,540.64,540.3884285714286,27.032,27.019421428571427,40.0,251.5714285714239,197.52000714285245,stop,4,NEW_BULL_WAVE
AU_IDX,synthetic,2016-05-25 07:15:00,2016-05-25 07:15:00,SHORT,1,539.48,544.0657142857143,26.974,27.203285714285716,40.0,-4585.714285714289,-4639.891571428575,stop,0,NEW_BULL_WAVE
AU_IDX,synthetic,2016-05-25 08:15:00,2016-05-25 09:00:00,SHORT,1,546.44,549.9714285714286,27.322000000000003,27.498571428571434,40.0,-3531.4285714285916,-3586.249142857163,stop,3,NEW_BULL_WAVE
AU_IDX,synthetic,2016-05-25 12:15:00,2016-05-25 13:45:00,SHORT,1,553.88,558.5914285714285,27.694000000000003,27.92957142857143,40.0,-4711.4285714285415,-4767.052142857114,stop,6,NEW_BULL_WAVE
AU_IDX,synthetic,2016-05-26 04:45:00,2016-05-26 06:00:00,LONG,1,557.72,557.9468571428572,27.886000000000003,27.89734285714286,40.0,226.8571428571704,171.07380000002755,stop,5,NEW_BULL_WAVE
AU_IDX,synthetic,2016-05-26 06:15:00,2016-05-26 07:15:00,LONG,1,558.9,560.434,27.945,28.021700000000003,40.0,1533.9999999999918,1478.0332999999919,target_mean,4,NEW_BULL_WAVE
AU_IDX,synthetic,2016-05-26 13:30:00,2016-05-26 14:00:00,SHORT,1,572.7,577.1145714285715,28.635,28.855728571428575,40.0,-4414.571428571435,-4472.062157142864,stop,2,NEW_BULL_WAVE
AU_IDX,synthetic,2016-05-26 19:45:00,2016-05-26 21:00:00,SHORT,1,587.4200000000001,582.145,29.371000000000006,29.10725,40.0,5275.000000000091,5216.521750000091,target_mean,5,NEW_BULL_WAVE
AU_IDX,synthetic,2016-05-27 04:45:00,2016-05-27 05:00:00,LONG,1,577.06,572.1057142857143,28.853,28.605285714285717,40.0,-4954.285714285675,-5011.743999999961,stop,1,NEW_BULL_WAVE
AU_IDX,synthetic,2016-05-27 23:45:00,2016-05-28 02:30:00,SHORT,1,596.62,596.04,29.831000000000003,29.802000000000003,40.0,580.0000000000409,520.3670000000409,target_mean,11,NEW_BULL_WAVE
AU_IDX,synthetic,2016-05-28 19:30:00,2016-05-28 20:15:00,LONG,1,585.28,587.87,29.264000000000003,29.393500000000003,40.0,2590.000000000032,2531.3425000000316,target_mean,3,NEW_BULL_WAVE
AU_IDX,synthetic,2016-05-29 00:30:00,2016-05-29 00:45:00,LONG,1,583.28,578.958,29.164,28.9479,40.0,-4322.000000000003,-4380.111900000003,stop,1,NEW_BULL_WAVE
AU_IDX,synthetic,2016-05-29 09:30:00,2016-05-29 10:30:00,SHORT,1,592.1,594.4028571428571,29.605,29.720142857142854,40.0,-2302.8571428570785,-2362.1822857142215,stop,4,NEW_BULL_WAVE
AU_IDX,synthetic,2016-05-29 22:45:00,2016-05-30 00:00:00,SHORT,1,603.84,603.122,30.192,30.156100000000002,40.0,718.0000000000746,657.6519000000745,target_mean,5,NEW_BULL_WAVE
AU_IDX,synthetic,2016-05-30 04:45:00,2016-05-30 05:30:00,LONG,1,593.62,596.5980000000001,29.681,29.829900000000006,40.0,2978.0000000000655,2918.4891000000653,target_mean,3,NEW_BULL_WAVE
AU_IDX,synthetic,2016-05-30 17:30:00,2016-05-30 17:45:00,SHORT,1,594.08,598.474,29.704,29.9237,40.0,-4394.0000000000055,-4453.6277000000055,stop,1,NEW_BULL_WAVE
AU_IDX,synthetic,2016-05-31 13:15:00,2016-05-31 13:15:00,LONG,1,591.56,593.4010000000001,29.578000000000003,29.670050000000007,40.0,1841.0000000001219,1781.751950000122,target_mean,0,NEW_BULL_WAVE
AU_IDX,synthetic,2016-06-01 01:45:00,2016-06-01 02:15:00,SHORT,1,600.88,596.9309999999999,30.044,29.846549999999997,40.0,3949.000000000069,3889.109450000069,target_mean,2,NEW_BULL_WAVE
AU_IDX,synthetic,2016-06-01 07:15:00,2016-06-01 07:15:00,SHORT,1,600.52,598.812,30.026,29.9406,40.0,1707.99999999997,1648.03339999997,target_mean,0,NEW_BULL_WAVE
AU_IDX,synthetic,2016-06-01 08:15:00,2016-06-01 08:15:00,LONG,1,594.58,594.5400000000001,29.729000000000003,29.727000000000007,40.0,-39.99999999996362,-99.45599999996362,stop,0,NEW_BULL_WAVE
AU_IDX,synthetic,2016-06-01 12:00:00,2016-06-01 13:00:00,LONG,1,585.98,590.5670000000001,29.299000000000003,29.528350000000007,40.0,4587.000000000103,4528.172650000103,target_mean,4,NEW_BULL_WAVE
AU_IDX,synthetic,2016-06-01 20:15:00,2016-06-01 20:15:00,LONG,1,587.52,587.48,29.376,29.374000000000002,40.0,-39.99999999996362,-98.74999999996362,stop,0,NEW_BULL_WAVE
AU_IDX,synthetic,2016-06-01 23:30:00,2016-06-01 23:45:00,LONG,1,575.16,575.08,28.758000000000003,28.754,40.0,-79.99999999992724,-137.51199999992724,stop,1,NEW_BULL_WAVE
AU_IDX,synthetic,2016-06-02 11:15:00,2016-06-02 11:15:00,LONG,1,565.12,561.7600000000001,28.256,28.088000000000008,40.0,-3359.9999999999,-3416.3439999999,stop,0,NEW_BULL_WAVE
AU_IDX,synthetic,2016-06-02 16:30:00,2016-06-02 18:30:00,SHORT,1,577.74,581.9657142857142,28.887,29.098285714285712,40.0,-4225.714285714162,-4283.699571428447,stop,8,NEW_BULL_WAVE
AU_IDX,synthetic,2016-06-03 02:00:00,2016-06-03 02:15:00,LONG,1,563.72,563.9408571428572,28.186,28.197042857142865,40.0,220.8571428571986,164.47410000005573,stop,1,NEW_BULL_WAVE
AU_IDX,synthetic,2016-06-03 04:30:00,2016-06-03 05:00:00,LONG,1,561.3,561.5234285714286,28.065,28.076171428571428,40.0,223.42857142859884,167.28740000002742,stop,2,NEW_BULL_WAVE
AU_IDX,synthetic,2016-06-03 13:45:00,2016-06-03 14:00:00,SHORT,1,577.0,574.729,28.85,28.73645,40.0,2270.999999999958,2213.4135499999584,target_mean,1,NEW_BULL_WAVE
AU_IDX,synthetic,2016-06-04 08:30:00,2016-06-04 09:30:00,LONG,1,558.14,562.113,27.907,28.10565,40.0,3973.00000000007,3916.98735000007,target_mean,4,NEW_BULL_WAVE
AU_IDX,synthetic,2016-06-04 17:00:00,2016-06-04 17:00:00,SHORT,1,575.26,578.08,28.763,28.904,40.0,-2820.00000000005,-2877.66700000005,stop,0,NEW_BULL_WAVE
AU_IDX,synthetic,2016-06-05 00:00:00,2016-06-05 02:00:00,SHORT,1,584.74,588.3542857142858,29.237000000000002,29.41771428571429,40.0,-3614.2857142857565,-3672.940428571471,stop,8,NEW_BULL_WAVE
AU_IDX,synthetic,2016-06-05 02:30:00,2016-06-05 03:30:00,SHORT,1,588.08,587.8518571428572,29.404,29.39259285714286,40.0,228.14285714287053,169.34626428572767,stop,4,NEW_BULL_WAVE
SC_IDX,real,2025-09-24 14:00:00,2025-09-24 14:00:00,SHORT,3,482.9,483.02,72.435,72.453,600.0,-360.00000000001364,-504.8880000000137,target_mean,0,REAL_HISTORY
SC_IDX,real,2025-09-24 21:30:00,2025-09-24 22:45:00,SHORT,2,488.2,488.1771428571429,48.82,48.817714285714295,400.0,45.714285714211655,-51.92342857150264,stop,5,REAL_HISTORY
SC_IDX,real,2025-09-25 01:30:00,2025-09-25 13:30:00,SHORT,2,490.0,489.70000000000005,49.0,48.970000000000006,400.0,599.999999999909,502.029999999909,target_mean,13,REAL_HISTORY
SC_IDX,real,2025-09-25 21:30:00,2025-09-25 21:30:00,LONG,3,487.70000000000005,485.99999999999994,73.15500000000002,72.89999999999999,600.0,-5100.000000000307,-5246.055000000307,stop,0,REAL_HISTORY
SC_IDX,real,2025-09-25 22:45:00,2025-09-25 23:15:00,LONG,2,485.8,488.48,48.580000000000005,48.848,400.0,5360.000000000014,5262.572000000014,target_mean,2,REAL_HISTORY
SC_IDX,real,2025-09-26 22:30:00,2025-09-26 22:45:00,SHORT,2,495.9,498.36571428571426,49.59,49.83657142857143,400.0,-4931.428571428569,-5030.85514285714,stop,1,REAL_HISTORY
SC_IDX,real,2025-09-27 00:00:00,2025-09-27 00:45:00,SHORT,1,497.4,495.3,24.87,24.765,200.0,2099.999999999966,2050.364999999966,target_mean,3,REAL_HISTORY
SC_IDX,real,2025-09-30 02:15:00,2025-09-30 02:15:00,LONG,2,478.5,479.505,47.85,47.950500000000005,400.0,2009.999999999991,1914.199499999991,target_mean,0,REAL_HISTORY
SC_IDX,real,2025-09-30 13:45:00,2025-09-30 13:45:00,LONG,1,479.8,479.59999999999997,23.990000000000002,23.979999999999997,200.0,-200.00000000004547,-247.97000000004547,target_mean,0,REAL_HISTORY
SC_IDX,real,2025-10-09 09:30:00,2025-10-09 13:30:00,LONG,1,468.70000000000005,467.59999999999997,23.435000000000002,23.38,200.0,-1100.0000000000796,-1146.8150000000796,stop,7,REAL_HISTORY
SC_IDX,real,2025-10-10 09:45:00,2025-10-10 14:30:00,LONG,2,463.5,461.7571428571428,46.35,46.17571428571428,400.0,-3485.71428571438,-3578.240000000094,stop,10,REAL_HISTORY
SC_IDX,real,2025-10-10 22:45:00,2025-10-10 23:15:00,LONG,1,453.70000000000005,451.2714285714286,22.685000000000002,22.56357142857143,200.0,-2428.571428571445,-2473.820000000016,stop,2,REAL_HISTORY
SC_IDX,real,2025-10-10 23:45:00,2025-10-11 00:00:00,LONG,1,450.3,445.6742857142857,22.515,22.283714285714286,200.0,-4625.71428571431,-4670.5130000000245,stop,1,REAL_HISTORY
SC_IDX,real,2025-10-13 09:15:00,2025-10-13 09:15:00,LONG,1,452.20000000000005,452.0,22.610000000000003,22.6,200.0,-200.00000000004547,-245.21000000004548,target_mean,0,REAL_HISTORY
SC_IDX,real,2025-10-14 11:15:00,2025-10-14 13:30:00,LONG,2,450.8,448.98571428571427,45.080000000000005,44.89857142857143,400.0,-3628.5714285714903,-3718.5500000000616,stop,1,REAL_HISTORY
SC_IDX,real,2025-10-14 14:15:00,2025-10-14 21:00:00,LONG,1,450.20000000000005,442.2,22.510000000000005,22.11,200.0,-8000.000000000056,-8044.620000000056,stop,3,REAL_HISTORY
SC_IDX,real,2025-10-14 21:30:00,2025-10-14 21:30:00,LONG,1,444.8,442.0571428571428,22.240000000000002,22.102857142857143,200.0,-2742.85714285719,-2787.2000000000467,stop,0,REAL_HISTORY
SC_IDX,real,2025-10-15 21:30:00,2025-10-15 21:45:00,SHORT,2,445.2,445.16785714285714,44.52,44.51678571428572,400.0,64.2857142856883,-24.75107142859742,stop,1,REAL_HISTORY
SC_IDX,real,2025-10-17 00:00:00,2025-10-17 00:00:00,LONG,1,439.20000000000005,439.0,21.960000000000004,21.95,200.0,-200.00000000004547,-243.91000000004547,stop,0,REAL_HISTORY
SC_IDX,real,2025-10-17 01:15:00,2025-10-17 09:00:00,LONG,1,436.6,433.04285714285714,21.830000000000002,21.65214285714286,200.0,-3557.1428571428783,-3600.625000000021,stop,5,REAL_HISTORY
SC_IDX,real,2025-10-17 22:30:00,2025-10-18 00:45:00,SHORT,1,440.2,438.36000000000007,22.01,21.918000000000003,200.0,1839.9999999999181,1796.0719999999183,target_mean,9,REAL_HISTORY
SC_IDX,real,2025-10-20 14:30:00,2025-10-20 21:00:00,LONG,2,436.20000000000005,433.9428571428571,43.620000000000005,43.394285714285715,400.0,-4514.2857142858475,-4601.300000000133,stop,2,REAL_HISTORY
SC_IDX,real,2025-10-21 14:00:00,2025-10-21 14:00:00,SHORT,2,438.4,440.22285714285715,43.84,44.022285714285715,400.0,-3645.714285714348,-3733.576571428634,stop,0,REAL_HISTORY
SC_IDX,real,2025-10-21 22:15:00,2025-10-21 23:00:00,LONG,1,435.8,437.34999999999997,21.790000000000003,21.8675,200.0,1549.9999999999545,1506.3424999999545,target_mean,3,REAL_HISTORY
SC_IDX,real,2025-10-22 13:45:00,2025-10-22 21:45:00,SHORT,1,446.09999999999997,449.95428571428573,22.305,22.497714285714288,200.0,-3854.2857142857656,-3899.0884285714797,stop,8,REAL_HISTORY
SC_IDX,real,2025-10-23 00:00:00,2025-10-23 00:30:00,SHORT,1,450.09999999999997,448.65999999999997,22.505,22.433,200.0,1439.9999999999977,1395.0619999999976,target_mean,2,REAL_HISTORY
SC_IDX,real,2025-10-23 14:15:00,2025-10-23 21:00:00,SHORT,1,461.9,465.3,23.095000000000002,23.265,200.0,-3400.000000000034,-3446.360000000034,stop,3,REAL_HISTORY
SC_IDX,real,2025-10-23 21:30:00,2025-10-23 23:30:00,SHORT,1,464.29999999999995,467.61428571428576,23.215,23.380714285714287,200.0,-3314.285714285802,-3360.8814285715166,stop,8,REAL_HISTORY
SC_IDX,real,2025-10-24 00:15:00,2025-10-24 09:00:00,SHORT,1,469.29999999999995,467.88000000000005,23.465,23.394000000000005,200.0,1419.9999999999022,1373.1409999999023,target_mean,9,REAL_HISTORY
SC_IDX,real,2025-10-28 14:00:00,2025-10-28 14:45:00,LONG,2,464.70000000000005,462.4,46.470000000000006,46.24,400.0,-4600.000000000136,-4692.7100000001365,stop,3,REAL_HISTORY
SC_IDX,real,2025-10-28 21:45:00,2025-10-28 22:30:00,LONG,1,461.1,458.77142857142854,23.055,22.93857142857143,200.0,-2328.571428571479,-2374.56500000005,stop,3,REAL_HISTORY
SC_IDX,real,2025-10-29 00:00:00,2025-10-29 00:00:00,LONG,1,456.5,456.29999999999995,22.825000000000003,22.814999999999998,200.0,-200.00000000004547,-245.64000000004546,stop,0,REAL_HISTORY
SC_IDX,real,2025-10-29 21:00:00,2025-10-29 21:00:00,SHORT,2,462.0,462.20000000000005,46.2,46.220000000000006,400.0,-400.00000000009095,-492.42000000009097,stop,0,REAL_HISTORY
SC_IDX,real,2025-10-29 23:30:00,2025-10-30 09:00:00,SHORT,1,464.9,464.1,23.245,23.205000000000002,200.0,799.9999999999545,753.5499999999545,target_mean,12,REAL_HISTORY
SC_IDX,real,2025-10-30 10:45:00,2025-10-30 14:15:00,LONG,2,459.90000000000003,458.5571428571428,45.99000000000001,45.855714285714285,400.0,-2685.7142857144254,-2777.5600000001396,stop,6,REAL_HISTORY
SC_IDX,real,2025-10-30 21:30:00,2025-10-30 22:45:00,LONG,2,458.3,459.18,45.830000000000005,45.918,400.0,1759.999999999991,1668.251999999991,target_mean,5,REAL_HISTORY
SC_IDX,real,2025-10-31 21:30:00,2025-10-31 22:00:00,SHORT,1,465.5,468.1,23.275000000000002,23.405,200.0,-2600.0000000000227,-2646.680000000023,stop,2,REAL_HISTORY
SC_IDX,real,2025-11-03 14:15:00,2025-11-03 21:00:00,SHORT,2,468.7,464.8,46.870000000000005,46.480000000000004,400.0,7799.9999999999545,7706.649999999955,target_mean,3,REAL_HISTORY
SC_IDX,real,2025-11-05 09:45:00,2025-11-05 13:30:00,LONG,2,460.20000000000005,463.79999999999995,46.02000000000001,46.379999999999995,400.0,7199.999999999818,7107.599999999818,target_mean,6,REAL_HISTORY
SC_IDX,real,2025-11-05 14:00:00,2025-11-05 14:45:00,SHORT,2,465.0,462.91499999999996,46.5,46.2915,400.0,4170.000000000073,4077.208500000073,target_mean,3,REAL_HISTORY
SC_IDX,real,2025-11-06 00:15:00,2025-11-06 00:30:00,SHORT,1,464.4,463.105,23.220000000000002,23.155250000000002,200.0,1294.999999999959,1248.624749999959,target_mean,1,REAL_HISTORY
SC_IDX,real,2025-11-06 01:15:00,2025-11-06 13:30:00,LONG,1,458.8,459.2,22.94,22.96,200.0,399.99999999997726,354.0999999999773,target_mean,14,REAL_HISTORY
SC_IDX,real,2025-11-07 00:00:00,2025-11-07 00:00:00,LONG,1,454.20000000000005,454.0,22.710000000000004,22.700000000000003,200.0,-200.00000000004547,-245.4100000000455,stop,0,REAL_HISTORY
SC_IDX,real,2025-11-07 09:30:00,2025-11-07 14:15:00,SHORT,1,457.2,459.89714285714285,22.86,22.994857142857143,200.0,-2697.1428571428646,-2742.997714285722,stop,10,REAL_HISTORY
SC_IDX,real,2025-11-07 14:30:00,2025-11-07 14:45:00,SHORT,2,459.09999999999997,461.0,45.91,46.1,400.0,-3800.000000000068,-3892.010000000068,stop,1,REAL_HISTORY
SC_IDX,real,2025-11-07 21:45:00,2025-11-07 22:30:00,SHORT,2,459.2,458.86500000000007,45.92,45.886500000000005,400.0,669.9999999998454,578.1934999998455,target_mean,3,REAL_HISTORY
SC_IDX,real,2025-11-10 09:30:00,2025-11-10 10:00:00,SHORT,2,462.2,459.92999999999995,46.22,45.992999999999995,400.0,4540.000000000077,4447.787000000077,target_mean,2,REAL_HISTORY
SC_IDX,real,2025-11-10 11:15:00,2025-11-10 21:00:00,SHORT,1,461.5,460.5,23.075000000000003,23.025000000000002,200.0,1000.0,953.9,target_mean,7,REAL_HISTORY
SC_IDX,real,2025-11-10 23:15:00,2025-11-10 23:30:00,LONG,2,458.1,458.09999999999997,45.81,45.809999999999995,400.0,-1.1368683772161603e-10,-91.62000000011369,stop,1,REAL_HISTORY
SC_IDX,real,2025-11-11 21:45:00,2025-11-11 22:45:00,SHORT,2,464.79999999999995,466.6428571428571,46.48,46.66428571428571,400.0,-3685.7142857143117,-3778.8585714285973,stop,4,REAL_HISTORY
SC_IDX,real,2025-11-12 00:45:00,2025-11-12 09:15:00,SHORT,2,469.2,469.1742857142857,46.92,46.91742857142857,400.0,51.42857142857338,-42.4088571428552,stop,8,REAL_HISTORY
SC_IDX,real,2025-11-13 09:45:00,2025-11-13 11:15:00,LONG,1,448.3,448.34214285714285,22.415000000000003,22.417107142857144,200.0,42.142857142835055,-2.689250000022092,stop,5,REAL_HISTORY
SC_IDX,real,2025-11-13 14:00:00,2025-11-13 14:45:00,LONG,2,448.6,449.345,44.86,44.9345,400.0,1490.000000000009,1400.2055000000091,target_mean,3,REAL_HISTORY
SC_IDX,real,2025-11-13 22:00:00,2025-11-13 22:30:00,SHORT,2,453.29999999999995,453.2842857142857,45.33,45.328428571428574,400.0,31.42857142847788,-59.22985714295069,stop,2,REAL_HISTORY
SC_IDX,real,2025-11-14 10:00:00,2025-11-14 10:00:00,SHORT,1,460.9,461.1,23.045,23.055,200.0,-200.00000000004547,-246.1000000000455,stop,0,REAL_HISTORY
SC_IDX,real,2025-11-14 22:30:00,2025-11-14 23:30:00,SHORT,1,460.79999999999995,463.2142857142858,23.04,23.160714285714292,200.0,-2414.2857142858247,-2460.486428571539,stop,4,REAL_HISTORY
SC_IDX,real,2025-11-18 13:45:00,2025-11-18 21:00:00,LONG,2,459.20000000000005,461.7,45.92000000000001,46.17,400.0,4999.999999999886,4907.909999999886,target_mean,5,REAL_HISTORY
SC_IDX,real,2025-11-18 21:30:00,2025-11-18 21:45:00,SHORT,2,463.0,463.1,46.300000000000004,46.31,400.0,-200.00000000004547,-292.6100000000455,stop,1,REAL_HISTORY
SC_IDX,real,2025-11-19 23:00:00,2025-11-20 01:00:00,LONG,1,454.20000000000005,454.3,22.710000000000004,22.715,200.0,99.9999999999659,54.57499999996588,stop,8,REAL_HISTORY
SC_IDX,real,2025-11-20 23:45:00,2025-11-21 00:00:00,SHORT,1,459.0,457.33000000000004,22.950000000000003,22.866500000000006,200.0,1669.999999999959,1624.183499999959,target_mean,1,REAL_HISTORY
SC_IDX,real,2025-11-21 00:45:00,2025-11-21 09:00:00,LONG,1,452.1,448.79999999999995,22.605,22.439999999999998,200.0,-3300.000000000068,-3345.0450000000683,stop,7,REAL_HISTORY
SC_IDX,real,2025-11-21 10:00:00,2025-11-21 21:00:00,LONG,1,447.6,449.0,22.380000000000003,22.450000000000003,200.0,1399.9999999999773,1355.169999999977,target_mean,11,REAL_HISTORY
SC_IDX,real,2025-11-21 22:30:00,2025-11-21 22:30:00,LONG,2,445.8,443.4757142857143,44.580000000000005,44.34757142857143,400.0,-4648.571428571472,-4737.499000000043,stop,0,REAL_HISTORY
SC_IDX,real,2025-11-24 14:30:00,2025-11-24 21:00:00,SHORT,2,447.79999999999995,448.0,44.779999999999994,44.800000000000004,400.0,-400.00000000009095,-489.58000000009093,stop,2,REAL_HISTORY
SC_IDX,real,2025-11-24 23:00:00,2025-11-24 23:00:00,LONG,2,446.1,446.16499999999996,44.61,44.616499999999995,400.0,129.99999999988177,40.77349999988177,target_mean,0,REAL_HISTORY
SC_IDX,real,2025-11-27 21:30:00,2025-11-27 21:30:00,SHORT,2,449.79999999999995,450.0,44.98,45.0,400.0,-400.00000000009095,-489.98000000009097,stop,0,REAL_HISTORY
SC_IDX,real,2025-11-27 22:30:00,2025-11-28 01:15:00,SHORT,2,449.7,449.605,44.97,44.9605,400.0,189.99999999994088,100.06949999994089,target_mean,11,REAL_HISTORY
SC_IDX,real,2025-11-28 02:15:00,2025-11-28 09:15:00,SHORT,3,451.5,451.51928571428573,67.72500000000001,67.72789285714286,600.0,-57.85714285718768,-193.31003571433055,stop,2,REAL_HISTORY
SC_IDX,real,2025-11-28 14:15:00,2025-11-28 21:00:00,SHORT,2,453.59999999999997,452.16499999999996,45.36,45.216499999999996,400.0,2870.0000000000045,2779.4235000000044,target_mean,3,REAL_HISTORY
SC_IDX,real,2025-12-01 22:00:00,2025-12-01 22:30:00,LONG,1,451.3,453.84000000000003,22.565,22.692000000000004,200.0,2540.0000000000205,2494.7430000000204,target_mean,2,REAL_HISTORY
SC_IDX,real,2025-12-02 22:00:00,2025-12-02 22:00:00,LONG,3,450.3,450.09999999999997,67.545,67.51499999999999,600.0,-600.0000000001364,-735.0600000001364,stop,0,REAL_HISTORY
SC_IDX,real,2025-12-03 10:30:00,2025-12-03 10:30:00,LONG,2,446.5,444.6642857142857,44.650000000000006,44.46642857142857,400.0,-3671.428571428578,-3760.5450000000064,stop,0,REAL_HISTORY
SC_IDX,real,2025-12-04 14:45:00,2025-12-04 22:00:00,SHORT,3,452.5,451.80500000000006,67.875,67.77075000000002,600.0,2084.999999999809,1949.3542499998089,target_mean,5,REAL_HISTORY
SC_IDX,real,2025-12-05 01:00:00,2025-12-05 10:00:00,SHORT,2,455.7,454.20000000000005,45.57,45.42000000000001,400.0,2999.9999999998863,2909.009999999886,target_mean,10,REAL_HISTORY
SC_IDX,real,2025-12-05 23:00:00,2025-12-05 23:15:00,SHORT,2,456.29999999999995,458.6371428571428,45.629999999999995,45.86371428571428,400.0,-4674.285714285702,-4765.779428571416,stop,1,REAL_HISTORY
SC_IDX,real,2025-12-06 00:15:00,2025-12-06 01:15:00,SHORT,1,457.5,457.4507142857143,22.875,22.872535714285718,200.0,49.28571428570194,3.538178571416225,stop,4,REAL_HISTORY
SC_IDX,real,2025-12-09 09:15:00,2025-12-09 10:45:00,LONG,2,448.1,446.23857142857145,44.81,44.62385714285715,400.0,-3722.8571428571513,-3812.2910000000084,stop,5,REAL_HISTORY
SC_IDX,real,2025-12-12 00:30:00,2025-12-12 02:15:00,LONG,2,434.90000000000003,435.49,43.49000000000001,43.549,400.0,1179.99999999995,1092.96099999995,target_mean,7,REAL_HISTORY
SC_IDX,real,2025-12-15 14:15:00,2025-12-15 14:15:00,LONG,3,437.0,437.08500000000004,65.55,65.56275000000001,600.0,255.00000000010914,123.88725000010912,target_mean,0,REAL_HISTORY
SC_IDX,real,2025-12-15 21:30:00,2025-12-15 21:30:00,LONG,3,435.0,433.33142857142855,65.25,64.99971428571428,600.0,-5005.714285714362,-5135.964000000076,stop,0,REAL_HISTORY
SC_IDX,real,2025-12-16 10:30:00,2025-12-16 14:30:00,LONG,2,428.70000000000005,428.9649999999999,42.870000000000005,42.896499999999996,400.0,529.9999999997453,444.23349999974533,target_mean,8,REAL_HISTORY
SC_IDX,real,2025-12-16 21:30:00,2025-12-16 22:00:00,LONG,2,426.0,423.7,42.6,42.370000000000005,400.0,-4600.000000000023,-4684.970000000023,stop,2,REAL_HISTORY
SC_IDX,real,2025-12-16 22:30:00,2025-12-16 23:15:00,LONG,1,423.90000000000003,421.22857142857146,21.195000000000004,21.061428571428575,200.0,-2671.428571428578,-2713.6850000000068,stop,3,REAL_HISTORY
SC_IDX,real,2025-12-16 23:45:00,2025-12-17 09:00:00,LONG,1,420.6,424.09999999999997,21.03,21.205,200.0,3499.999999999943,3457.764999999943,target_mean,11,REAL_HISTORY
SC_IDX,real,2025-12-18 09:45:00,2025-12-18 10:00:00,SHORT,2,431.7,431.4428571428572,43.17,43.144285714285715,400.0,514.2857142856201,427.97142857133434,stop,1,REAL_HISTORY
SC_IDX,real,2025-12-22 09:00:00,2025-12-22 10:30:00,SHORT,2,434.4,436.14285714285717,43.440000000000005,43.61428571428572,400.0,-3485.71428571438,-3572.768571428666,stop,5,REAL_HISTORY
SC_IDX,real,2025-12-22 22:15:00,2025-12-23 00:00:00,SHORT,1,441.59999999999997,439.82,22.08,21.991,200.0,1779.9999999999727,1735.9289999999728,target_mean,7,REAL_HISTORY
SC_IDX,real,2025-12-23 14:00:00,2025-12-23 21:00:00,LONG,3,440.5,442.9,66.075,66.435,600.0,7199.999999999932,7067.489999999932,target_mean,4,REAL_HISTORY
SC_IDX,real,2025-12-23 22:15:00,2025-12-23 22:15:00,SHORT,2,442.9,441.70000000000005,44.29,44.17000000000001,400.0,2399.9999999998636,2311.5399999998635,target_mean,0,REAL_HISTORY
SC_IDX,real,2025-12-25 00:00:00,2025-12-25 01:00:00,LONG,3,441.8,443.31,66.27000000000001,66.4965,600.0,4529.999999999973,4397.233499999972,target_mean,4,REAL_HISTORY
SC_IDX,real,2025-12-25 21:45:00,2025-12-26 01:15:00,SHORT,2,444.79999999999995,446.0,44.48,44.6,400.0,-2400.000000000091,-2489.080000000091,time_stop,14,REAL_HISTORY
SC_IDX,real,2025-12-26 09:45:00,2025-12-26 10:45:00,LONG,3,442.6,441.24,66.39,66.186,600.0,-4080.000000000041,-4212.576000000041,stop,3,REAL_HISTORY
SC_IDX,real,2025-12-26 22:15:00,2025-12-26 23:45:00,LONG,2,437.6,435.18571428571425,43.760000000000005,43.51857142857143,400.0,-4828.571428571536,-4915.850000000108,stop,6,REAL_HISTORY
SC_IDX,real,2025-12-29 09:15:00,2025-12-29 10:45:00,LONG,2,433.3,433.865,43.330000000000005,43.386500000000005,400.0,1129.9999999999955,1043.2834999999955,target_mean,5,REAL_HISTORY
SC_IDX,real,2025-12-31 02:00:00,2025-12-31 09:00:00,LONG,3,436.20000000000005,435.18571428571425,65.43000000000002,65.27785714285714,600.0,-3042.857142857372,-3173.565000000229,stop,2,REAL_HISTORY
SC_IDX,real,2025-12-31 11:15:00,2025-12-31 14:45:00,LONG,2,434.6,432.9,43.46,43.29,400.0,-3400.000000000091,-3486.750000000091,stop,6,REAL_HISTORY
SC_IDX,real,2026-01-07 02:00:00,2026-01-07 09:00:00,LONG,1,426.20000000000005,416.0,21.310000000000002,20.8,200.0,-10200.000000000045,-10242.110000000044,stop,2,REAL_HISTORY
SC_IDX,real,2026-01-08 02:15:00,2026-01-08 09:00:00,LONG,2,415.20000000000005,417.27,41.52000000000001,41.727000000000004,400.0,4139.999999999873,4056.7529999998724,target_mean,1,REAL_HISTORY
SC_IDX,real,2026-01-08 11:00:00,2026-01-08 13:45:00,LONG,2,415.40000000000003,416.075,41.540000000000006,41.6075,400.0,1349.999999999909,1266.852499999909,target_mean,3,REAL_HISTORY
SC_IDX,real,2026-01-08 21:30:00,2026-01-08 21:30:00,SHORT,1,420.2,422.89714285714285,21.01,21.144857142857145,200.0,-2697.1428571428646,-2739.297714285722,stop,0,REAL_HISTORY
SC_IDX,real,2026-01-09 02:00:00,2026-01-09 09:00:00,SHORT,2,424.2,430.1,42.42,43.010000000000005,400.0,-11800.00000000007,-11885.43000000007,stop,2,REAL_HISTORY
SC_IDX,real,2026-01-09 14:00:00,2026-01-09 21:30:00,SHORT,1,431.29999999999995,430.06500000000005,21.564999999999998,21.503250000000005,200.0,1234.9999999999,1191.9317499999,target_mean,6,REAL_HISTORY
SC_IDX,real,2026-01-09 23:00:00,2026-01-10 00:45:00,SHORT,1,437.79999999999995,440.00000000000006,21.889999999999997,22.000000000000004,200.0,-2200.0000000001023,-2243.890000000102,stop,7,REAL_HISTORY
SC_IDX,real,2026-01-10 01:15:00,2026-01-10 01:15:00,SHORT,1,439.29999999999995,439.5,21.965,21.975,200.0,-200.00000000004547,-243.94000000004547,stop,0,REAL_HISTORY
SC_IDX,real,2026-01-12 21:30:00,2026-01-12 22:00:00,LONG,1,435.40000000000003,435.885,21.770000000000003,21.79425,200.0,484.9999999999568,441.43574999995684,target_mean,2,REAL_HISTORY
SC_IDX,real,2026-01-12 23:15:00,2026-01-12 23:15:00,LONG,1,435.1,435.78,21.755000000000003,21.789,200.0,679.99999999995,636.45599999995,target_mean,0,REAL_HISTORY
SC_IDX,real,2026-01-13 00:30:00,2026-01-13 00:45:00,SHORT,1,436.7,436.00500000000005,21.835,21.800250000000005,200.0,694.9999999999363,651.3647499999363,target_mean,1,REAL_HISTORY
SC_IDX,real,2026-01-13 09:45:00,2026-01-13 10:45:00,SHORT,1,440.4,440.30857142857144,22.02,22.015428571428572,200.0,91.428571428537,47.39314285710843,stop,3,REAL_HISTORY
SC_IDX,real,2026-01-13 14:00:00,2026-01-13 14:45:00,SHORT,1,441.09999999999997,443.85714285714295,22.055,22.19285714285715,200.0,-2757.1428571429806,-2801.3907142858375,stop,3,REAL_HISTORY
SC_IDX,real,2026-01-13 23:00:00,2026-01-14 01:45:00,SHORT,1,450.59999999999997,449.90999999999997,22.529999999999998,22.4955,200.0,689.9999999999977,644.9744999999978,target_mean,11,REAL_HISTORY
SC_IDX,real,2026-01-14 21:30:00,2026-01-14 21:30:00,LONG,1,455.6,455.4,22.78,22.77,200.0,-200.00000000004547,-245.5500000000455,target_mean,0,REAL_HISTORY
SC_IDX,real,2026-01-15 10:00:00,2026-01-15 21:00:00,LONG,1,444.70000000000005,440.27142857142854,22.235000000000003,22.013571428571428,200.0,-4428.571428571502,-4472.820000000073,stop,11,REAL_HISTORY
SC_IDX,real,2026-01-15 21:30:00,2026-01-16 01:00:00,LONG,1,440.1,438.9,22.005000000000003,21.945,200.0,-1200.0000000000455,-1243.9500000000455,time_stop,14,REAL_HISTORY
SC_IDX,real,2026-01-16 11:00:00,2026-01-16 14:15:00,LONG,2,439.1,437.29999999999995,43.910000000000004,43.73,400.0,-3600.0000000001364,-3687.6400000001363,stop,5,REAL_HISTORY
SC_IDX,real,2026-01-19 09:30:00,2026-01-19 13:30:00,LONG,1,440.20000000000005,440.25357142857143,22.010000000000005,22.012678571428573,200.0,53.57142857138797,9.54874999995939,stop,7,REAL_HISTORY
SC_IDX,real,2026-01-19 14:30:00,2026-01-19 22:45:00,LONG,1,438.6,439.15,21.93,21.9575,200.0,549.9999999999545,506.1124999999546,target_mean,9,REAL_HISTORY
SC_IDX,real,2026-01-20 22:45:00,2026-01-20 23:45:00,SHORT,1,442.9,443.1,22.145,22.155,200.0,-200.00000000004547,-244.3000000000455,stop,4,REAL_HISTORY
SC_IDX,real,2026-01-21 23:00:00,2026-01-21 23:30:00,SHORT,1,446.09999999999997,446.03499999999997,22.305,22.30175,200.0,64.99999999999773,20.393249999997728,stop,2,REAL_HISTORY
SC_IDX,real,2026-01-22 23:00:00,2026-01-23 01:30:00,LONG,1,440.70000000000005,437.12857142857143,22.035000000000004,21.856428571428573,200.0,-3571.428571428612,-3615.3200000000406,stop,10,REAL_HISTORY
SC_IDX,real,2026-01-23 02:15:00,2026-01-23 09:00:00,LONG,1,435.6,439.055,21.78,21.95275,200.0,3454.999999999984,3411.267249999984,target_mean,1,REAL_HISTORY
SC_IDX,real,2026-01-26 14:45:00,2026-01-26 21:00:00,SHORT,1,455.0,452.0,22.75,22.6,200.0,3000.0,2954.65,target_mean,1,REAL_HISTORY
SC_IDX,real,2026-01-27 09:45:00,2026-01-27 14:45:00,LONG,1,445.20000000000005,446.755,22.260000000000005,22.33775,200.0,1554.99999999995,1510.40224999995,target_mean,11,REAL_HISTORY
SC_IDX,real,2026-01-28 00:15:00,2026-01-28 09:00:00,SHORT,1,455.09999999999997,459.24285714285725,22.755,22.962142857142865,200.0,-4142.857142857281,-4188.574285714424,stop,9,REAL_HISTORY
SC_IDX,real,2026-01-28 13:30:00,2026-01-28 21:00:00,SHORT,1,461.5,463.8857142857143,23.075000000000003,23.194285714285716,200.0,-2385.7142857143003,-2431.983571428586,stop,6,REAL_HISTORY
SC_IDX,real,2026-01-28 22:15:00,2026-01-28 22:15:00,SHORT,1,465.7,465.90000000000003,23.285,23.295000000000005,200.0,-200.00000000004547,-246.5800000000455,stop,0,REAL_HISTORY
SC_IDX,real,2026-01-29 09:45:00,2026-01-29 10:45:00,SHORT,1,468.79999999999995,471.04285714285714,23.439999999999998,23.552142857142858,200.0,-2242.85714285719,-2289.849285714333,stop,3,REAL_HISTORY
SC_IDX,real,2026-01-29 11:15:00,2026-01-29 14:30:00,SHORT,1,470.59999999999997,474.12857142857143,23.529999999999998,23.70642857142857,200.0,-3528.5714285714675,-3575.8078571428964,stop,5,REAL_HISTORY
SC_IDX,real,2026-01-29 21:45:00,2026-01-29 21:45:00,SHORT,1,481.7,485.92857142857144,24.085,24.29642857142857,200.0,-4228.571428571457,-4276.9528571428855,stop,0,REAL_HISTORY
SC_IDX,real,2026-01-30 10:00:00,2026-01-30 10:30:00,LONG,1,476.40000000000003,471.0571428571428,23.820000000000004,23.552857142857142,200.0,-5342.857142857212,-5390.230000000069,stop,1,REAL_HISTORY
SC_IDX,real,2026-01-30 13:30:00,2026-01-30 14:00:00,LONG,1,473.70000000000005,473.98,23.685000000000002,23.699,200.0,279.9999999999727,232.6159999999727,stop,2,REAL_HISTORY
SC_IDX,real,2026-02-02 09:00:00,2026-02-02 09:45:00,LONG,1,464.0,457.61285714285714,23.200000000000003,22.88064285714286,200.0,-6387.142857142862,-6433.223500000005,stop,3,REAL_HISTORY
SC_IDX,real,2026-02-03 11:00:00,2026-02-03 13:45:00,LONG,1,448.3,449.83,22.415000000000003,22.491500000000002,200.0,1529.9999999999727,1485.0934999999727,target_mean,3,REAL_HISTORY
SC_IDX,real,2026-02-03 22:30:00,2026-02-04 00:15:00,SHORT,1,454.7,457.31428571428575,22.735,22.865714285714287,200.0,-2614.2857142857565,-2659.886428571471,stop,7,REAL_HISTORY
SC_IDX,real,2026-02-04 01:30:00,2026-02-04 02:00:00,SHORT,1,458.7,458.5735714285714,22.935000000000002,22.928678571428573,200.0,126.42857142856201,80.56489285713343,stop,2,REAL_HISTORY
SC_IDX,real,2026-02-04 10:00:00,2026-02-04 14:15:00,SHORT,1,465.7,461.15999999999997,23.285,23.058,200.0,4540.00000000002,4493.65700000002,target_mean,8,REAL_HISTORY
SC_IDX,real,2026-02-05 00:30:00,2026-02-05 00:30:00,LONG,1,460.20000000000005,460.81500000000005,23.010000000000005,23.040750000000003,200.0,615.0000000000091,568.9492500000091,target_mean,0,REAL_HISTORY
SC_IDX,real,2026-02-05 01:45:00,2026-02-05 10:00:00,SHORT,1,471.59999999999997,464.875,23.58,23.243750000000002,200.0,6724.999999999965,6678.176249999966,target_mean,7,REAL_HISTORY
SC_IDX,real,2026-02-06 09:45:00,2026-02-06 09:45:00,LONG,1,460.1,459.9,23.005000000000003,22.995,200.0,-200.00000000004547,-246.00000000004547,stop,0,REAL_HISTORY
SC_IDX,real,2026-02-06 14:00:00,2026-02-06 21:00:00,SHORT,1,471.29999999999995,464.70000000000005,23.564999999999998,23.235000000000003,200.0,6599.999999999909,6553.19999999991,target_mean,4,REAL_HISTORY
SC_IDX,real,2026-02-06 22:15:00,2026-02-06 22:30:00,LONG,1,462.0,465.605,23.1,23.280250000000002,200.0,3605.000000000018,3558.6197500000185,target_mean,1,REAL_HISTORY
SC_IDX,real,2026-02-11 11:00:00,2026-02-11 21:00:00,SHORT,2,477.5,483.70000000000005,47.75,48.37000000000001,400.0,-12400.000000000091,-12496.120000000092,stop,8,REAL_HISTORY
SC_IDX,real,2026-02-11 21:30:00,2026-02-11 21:30:00,SHORT,1,483.29999999999995,483.5,24.165,24.175,200.0,-200.00000000004547,-248.34000000004548,stop,0,REAL_HISTORY
SC_IDX,real,2026-02-12 22:00:00,2026-02-12 22:45:00,LONG,1,472.90000000000003,470.09999999999997,23.645000000000003,23.505,200.0,-2800.000000000068,-2847.1500000000683,stop,3,REAL_HISTORY
SC_IDX,real,2026-02-13 00:00:00,2026-02-13 00:15:00,LONG,1,468.1,464.14285714285717,23.405,23.20714285714286,200.0,-3957.1428571428555,-4003.7549999999987,stop,1,REAL_HISTORY
SC_IDX,real,2026-02-24 21:45:00,2026-02-24 22:15:00,SHORT,1,493.79999999999995,492.5799999999999,24.689999999999998,24.628999999999998,200.0,1220.0000000000273,1170.6810000000273,target_mean,2,REAL_HISTORY
SC_IDX,real,2026-02-26 11:00:00,2026-02-26 11:15:00,LONG,2,484.40000000000003,485.205,48.440000000000005,48.520500000000006,400.0,1609.9999999999,1513.0394999998998,target_mean,1,REAL_HISTORY
SC_IDX,real,2026-02-26 14:45:00,2026-02-26 21:00:00,LONG,2,483.8,474.59999999999997,48.38,47.459999999999994,400.0,-18400.00000000009,-18495.84000000009,stop,1,REAL_HISTORY
SC_IDX,real,2026-02-26 23:00:00,2026-02-26 23:00:00,LONG,1,479.6,480.84499999999997,23.98,24.04225,200.0,1244.9999999999477,1196.9777499999477,target_mean,0,REAL_HISTORY
SC_IDX,real,2026-03-04 22:30:00,2026-03-04 23:00:00,SHORT,1,643.4,662.58,32.17,33.129000000000005,200.0,-19180.000000000065,-19245.299000000065,stop,2,REAL_HISTORY
SC_IDX,real,2026-03-05 09:30:00,2026-03-05 10:30:00,SHORT,1,697.9,709.6428571428571,34.895,35.48214285714286,200.0,-11742.857142857134,-11813.234285714278,stop,3,REAL_HISTORY
SC_IDX,real,2026-03-05 14:15:00,2026-03-05 14:45:00,SHORT,1,709.1999999999999,694.7850000000001,35.459999999999994,34.739250000000006,200.0,14414.99999999985,14344.800749999851,target_mean,2,REAL_HISTORY
SC_IDX,real,2026-03-05 21:30:00,2026-03-05 21:30:00,LONG,1,677.1,651.8771428571429,33.855000000000004,32.593857142857146,200.0,-25222.857142857152,-25289.306000000008,stop,0,REAL_HISTORY
SC_IDX,real,2026-03-05 23:30:00,2026-03-06 02:15:00,LONG,1,655.0,660.9399999999999,32.75,33.047,200.0,5939.999999999941,5874.202999999941,target_mean,11,REAL_HISTORY
SC_IDX,real,2026-03-07 01:15:00,2026-03-07 02:00:00,SHORT,1,763.6,751.335,38.18,37.56675,200.0,12264.999999999985,12189.253249999985,target_mean,3,REAL_HISTORY
SC_IDX,real,2026-03-10 21:45:00,2026-03-10 22:30:00,LONG,1,654.6,632.5857142857143,32.730000000000004,31.629285714285718,200.0,-22014.285714285732,-22078.64500000002,stop,3,REAL_HISTORY
SC_IDX,real,2026-03-11 01:45:00,2026-03-11 02:00:00,LONG,1,633.2,643.055,31.66,32.152750000000005,200.0,9854.999999999905,9791.187249999906,target_mean,1,REAL_HISTORY
SC_IDX,real,2026-03-11 21:45:00,2026-03-11 21:45:00,SHORT,1,682.6999999999999,682.9,34.135,34.145,200.0,-200.00000000004547,-268.28000000004545,stop,0,REAL_HISTORY
SC_IDX,real,2026-03-12 00:30:00,2026-03-12 09:00:00,SHORT,1,703.6999999999999,740.1,35.184999999999995,37.005,200.0,-36400.00000000009,-36472.19000000008,stop,8,REAL_HISTORY
SC_IDX,real,2026-03-12 10:45:00,2026-03-12 14:15:00,SHORT,1,762.3,725.9350000000001,38.115,36.29675000000001,200.0,36364.9999999999,36290.5882499999,target_mean,6,REAL_HISTORY
SC_IDX,real,2026-03-13 14:30:00,2026-03-13 21:00:00,LONG,1,742.5,726.9,37.125,36.345,200.0,-15600.000000000022,-15673.470000000021,stop,2,REAL_HISTORY
SC_IDX,real,2026-03-13 21:30:00,2026-03-13 22:45:00,LONG,1,733.0,750.485,36.65,37.52425,200.0,17485.000000000015,17410.825750000015,target_mean,5,REAL_HISTORY
SC_IDX,real,2026-03-16 11:00:00,2026-03-16 13:30:00,SHORT,1,786.9,776.33,39.345,38.816500000000005,200.0,10569.999999999936,10491.838499999936,target_mean,2,REAL_HISTORY
SC_IDX,real,2026-03-17 09:15:00,2026-03-17 09:15:00,LONG,1,748.3000000000001,748.1,37.415000000000006,37.405,200.0,-200.00000000004547,-274.8200000000455,target_mean,0,REAL_HISTORY
SC_IDX,real,2026-03-17 14:15:00,2026-03-17 21:00:00,SHORT,1,767.1999999999999,746.4,38.36,37.32,200.0,20799.999999999956,20724.319999999956,target_mean,3,REAL_HISTORY
SC_IDX,real,2026-03-18 11:00:00,2026-03-18 13:30:00,LONG,1,743.8000000000001,730.5,37.190000000000005,36.525,200.0,-13300.00000000007,-13373.71500000007,stop,2,REAL_HISTORY
SC_IDX,real,2026-03-18 14:15:00,2026-03-18 21:00:00,LONG,1,735.5,787.1999999999999,36.775,39.36,200.0,51699.999999999935,51623.86499999993,target_mean,3,REAL_HISTORY
SC_IDX,real,2026-03-18 21:30:00,2026-03-18 22:30:00,SHORT,1,794.1999999999999,819.5771428571428,39.709999999999994,40.978857142857144,200.0,-25377.14285714287,-25457.831714285727,stop,4,REAL_HISTORY
SC_IDX,real,2026-03-19 01:30:00,2026-03-19 01:30:00,SHORT,1,804.4,799.7600000000001,40.22,39.98800000000001,200.0,4639.999999999873,4559.791999999872,target_mean,0,REAL_HISTORY
SC_IDX,real,2026-03-19 21:45:00,2026-03-19 23:45:00,LONG,1,788.3000000000001,798.16,39.415000000000006,39.908,200.0,9859.9999999999,9780.6769999999,target_mean,8,REAL_HISTORY
SC_IDX,real,2026-03-21 01:30:00,2026-03-21 01:45:00,SHORT,1,807.1999999999999,806.7778571428571,40.36,40.33889285714285,200.0,422.1428571428305,341.4439642856876,stop,1,REAL_HISTORY
SC_IDX,real,2026-03-23 09:45:00,2026-03-23 10:00:00,SHORT,1,816.6999999999999,803.025,40.834999999999994,40.151250000000005,200.0,13674.999999999955,13594.013749999955,target_mean,1,REAL_HISTORY
SC_IDX,real,2026-03-23 21:00:00,2026-03-23 21:00:00,SHORT,1,740.1,740.3000000000001,37.005,37.01500000000001,200.0,-200.00000000004547,-274.02000000004546,target_mean,0,REAL_HISTORY
SC_IDX,real,2026-03-23 22:30:00,2026-03-23 23:00:00,LONG,1,753.7,721.6285714285714,37.685,36.08142857142857,200.0,-32071.428571428667,-32145.195000000098,stop,2,REAL_HISTORY
SC_IDX,real,2026-03-26 09:30:00,2026-03-26 09:30:00,SHORT,1,737.4,737.6,36.870000000000005,36.88,200.0,-200.00000000004547,-273.7500000000455,stop,0,REAL_HISTORY
SC_IDX,real,2026-03-26 21:30:00,2026-03-26 21:45:00,SHORT,1,743.5,736.055,37.175000000000004,36.80275,200.0,7445.00000000005,7371.02225000005,target_mean,1,REAL_HISTORY
SC_IDX,real,2026-03-27 10:45:00,2026-03-27 13:30:00,LONG,1,736.7,729.4714285714285,36.835,36.473571428571425,200.0,-7228.571428571513,-7301.880000000085,stop,3,REAL_HISTORY
SC_IDX,real,2026-03-27 21:30:00,2026-03-27 23:30:00,SHORT,1,757.1,746.445,37.855000000000004,37.322250000000004,200.0,10654.999999999973,10579.822749999974,target_mean,8,REAL_HISTORY
SC_IDX,real,2026-03-31 00:00:00,2026-03-31 00:00:00,LONG,1,761.6,762.495,38.08,38.12475,200.0,894.9999999999818,818.7952499999818,target_mean,0,REAL_HISTORY
SC_IDX,real,2026-03-31 10:00:00,2026-03-31 11:00:00,LONG,1,735.8000000000001,736.3392857142858,36.790000000000006,36.81696428571429,200.0,539.285714285711,465.67874999999674,stop,3,REAL_HISTORY
SC_IDX,real,2026-04-01 01:15:00,2026-04-01 13:30:00,LONG,1,682.7,683.715,34.135000000000005,34.18575,200.0,1014.9999999999864,946.6792499999864,stop,14,REAL_HISTORY
SC_IDX,real,2026-04-02 09:45:00,2026-04-02 13:30:00,SHORT,1,690.6,702.1714285714286,34.53,35.10857142857143,200.0,-11571.428571428554,-11641.067142857126,stop,6,REAL_HISTORY
SC_IDX,real,2026-04-07 21:30:00,2026-04-07 22:45:00,LONG,1,702.3000000000001,702.8978571428572,35.11500000000001,35.144892857142864,200.0,597.8571428571513,527.5972500000084,stop,5,REAL_HISTORY
SC_IDX,real,2026-04-08 14:45:00,2026-04-08 22:15:00,LONG,1,615.7,620.5699999999999,30.785,31.028499999999994,200.0,4869.999999999891,4808.186499999891,target_mean,6,REAL_HISTORY
SC_IDX,real,2026-04-09 09:45:00,2026-04-09 13:30:00,SHORT,1,644.6999999999999,644.3635714285714,32.23499999999999,32.21817857142857,200.0,336.42857142854155,271.975392857113,stop,6,REAL_HISTORY
SC_IDX,real,2026-04-10 00:45:00,2026-04-10 02:15:00,LONG,1,629.7,630.035,31.485000000000003,31.50175,200.0,334.9999999999227,272.01324999992266,stop,6,REAL_HISTORY
SC_IDX,real,2026-04-13 09:30:00,2026-04-13 21:15:00,SHORT,1,660.0,660.1,33.0,33.005,200.0,-100.00000000002274,-166.00500000002273,time_stop,14,REAL_HISTORY
SC_IDX,real,2026-04-14 22:30:00,2026-04-14 23:30:00,LONG,1,635.0,635.7571428571428,31.75,31.78785714285714,200.0,757.1428571427532,693.6049999998961,stop,4,REAL_HISTORY
SC_IDX,real,2026-04-15 00:45:00,2026-04-15 09:00:00,LONG,1,635.0,628.5142857142857,31.75,31.425714285714285,200.0,-6485.714285714266,-6548.88999999998,stop,7,REAL_HISTORY
SC_IDX,real,2026-04-15 23:45:00,2026-04-16 01:15:00,SHORT,1,635.3,632.325,31.765,31.61625,200.0,2974.999999999909,2911.618749999909,target_mean,6,REAL_HISTORY
SC_IDX,real,2026-04-16 09:30:00,2026-04-16 09:30:00,LONG,1,627.7,627.5,31.385,31.375,200.0,-200.00000000004547,-262.76000000004547,stop,0,REAL_HISTORY
SC_IDX,real,2026-04-16 21:30:00,2026-04-16 21:45:00,SHORT,1,635.1999999999999,640.5457142857142,31.759999999999994,32.02728571428571,200.0,-5345.71428571428,-5409.5015714285655,stop,1,REAL_HISTORY
SC_IDX,real,2026-04-16 22:45:00,2026-04-17 02:15:00,SHORT,1,639.6,640.165,31.98,32.008250000000004,200.0,-564.9999999999409,-628.9882499999409,target_mean,14,REAL_HISTORY
SC_IDX,real,2026-04-17 14:15:00,2026-04-17 14:45:00,LONG,1,632.3000000000001,636.415,31.61500000000001,31.82075,200.0,4114.999999999895,4051.5642499998958,target_mean,2,REAL_HISTORY
SC_IDX,real,2026-04-17 23:00:00,2026-04-18 01:30:00,LONG,1,597.4,603.8,29.87,30.19,200.0,6399.999999999977,6339.939999999978,target_mean,10,REAL_HISTORY
SC_IDX,real,2026-04-21 10:00:00,2026-04-21 10:00:00,LONG,1,614.5,615.4699999999999,30.725,30.773499999999995,200.0,969.9999999999136,908.5014999999136,target_mean,0,REAL_HISTORY
SC_IDX,real,2026-04-21 14:00:00,2026-04-21 14:30:00,LONG,1,612.2,614.495,30.610000000000003,30.72475,200.0,2294.999999999959,2233.665249999959,target_mean,2,REAL_HISTORY
SC_IDX,real,2026-04-21 21:30:00,2026-04-21 22:00:00,SHORT,1,617.1,621.5857142857143,30.855,31.079285714285717,200.0,-4485.714285714266,-4547.648571428552,stop,2,REAL_HISTORY
SC_IDX,real,2026-04-23 21:00:00,2026-04-23 22:00:00,SHORT,1,637.6,646.1285714285714,31.880000000000003,32.30642857142857,200.0,-8528.571428571355,-8592.757857142782,stop,4,REAL_HISTORY
SC_IDX,real,2026-04-24 02:00:00,2026-04-24 02:00:00,SHORT,1,650.4,650.6,32.52,32.53,200.0,-200.00000000004547,-265.0500000000455,stop,0,REAL_HISTORY
SC_IDX,real,2026-04-24 09:45:00,2026-04-24 11:15:00,SHORT,1,656.8,649.4799999999999,32.84,32.474,200.0,7320.00000000005,7254.68600000005,target_mean,5,REAL_HISTORY
SC_IDX,real,2026-04-27 14:00:00,2026-04-27 22:00:00,SHORT,1,654.0,652.7099999999999,32.7,32.63549999999999,200.0,1290.0000000000773,1224.6645000000772,target_mean,8,REAL_HISTORY
SC_IDX,real,2026-04-28 14:00:00,2026-04-28 14:45:00,SHORT,1,664.6999999999999,669.6714285714286,33.23499999999999,33.48357142857143,200.0,-4971.428571428646,-5038.147142857218,stop,3,REAL_HISTORY
SC_IDX,real,2026-04-28 21:30:00,2026-04-28 22:00:00,SHORT,1,670.9,670.57,33.545,33.5285,200.0,329.99999999992724,262.9264999999272,stop,2,REAL_HISTORY
SC_IDX,real,2026-04-29 11:00:00,2026-04-29 14:30:00,LONG,1,662.8000000000001,665.39,33.14000000000001,33.2695,200.0,2589.999999999918,2523.5904999999184,target_mean,6,REAL_HISTORY
SC_IDX,real,2026-04-29 22:00:00,2026-04-29 23:45:00,SHORT,1,683.0,687.9571428571429,34.15,34.39785714285715,200.0,-4957.142857142912,-5025.690714285769,stop,7,REAL_HISTORY
SC_IDX,real,2026-04-30 01:30:00,2026-04-30 01:45:00,SHORT,1,683.5,682.615,34.175000000000004,34.13075,200.0,884.9999999999909,816.6942499999909,target_mean,1,REAL_HISTORY
SC_IDX,real,2026-04-30 13:30:00,2026-05-06 09:00:00,SHORT,1,692.0,666.1,34.6,33.305,200.0,25899.999999999978,25832.09499999998,target_mean,6,REAL_HISTORY
SC_IDX,real,2026-05-06 10:00:00,2026-05-06 21:00:00,LONG,1,667.1,641.1999999999999,33.355000000000004,32.059999999999995,200.0,-25900.00000000009,-25965.415000000092,stop,11,REAL_HISTORY
SC_IDX,real,2026-05-06 21:30:00,2026-05-06 22:00:00,LONG,1,643.2,635.09,32.160000000000004,31.7545,200.0,-8110.000000000014,-8173.9145000000135,stop,2,REAL_HISTORY
SC_IDX,real,2026-05-07 01:00:00,2026-05-07 09:00:00,LONG,1,634.2,636.1,31.71,31.805000000000003,200.0,1899.9999999999773,1836.4849999999772,target_mean,6,REAL_HISTORY
SC_IDX,real,2026-05-07 21:00:00,2026-05-07 21:00:00,LONG,1,609.2,609.0,30.46,30.450000000000003,200.0,-200.00000000004547,-260.9100000000455,stop,0,REAL_HISTORY
SC_IDX,real,2026-05-11 09:30:00,2026-05-11 14:30:00,SHORT,1,640.4,640.1621428571428,32.02,32.00810714285714,200.0,237.85714285713766,173.8290357142805,stop,11,REAL_HISTORY
SC_IDX,real,2026-05-11 21:30:00,2026-05-12 00:15:00,LONG,1,629.1,633.725,31.455000000000002,31.68625,200.0,4625.0,4561.85875,target_mean,11,REAL_HISTORY
SC_IDX,real,2026-05-13 09:30:00,2026-05-13 10:45:00,LONG,1,641.6,637.0771428571428,32.08,31.853857142857144,200.0,-4522.8571428572195,-4586.791000000077,stop,4,REAL_HISTORY
SC_IDX,real,2026-05-13 11:15:00,2026-05-13 14:15:00,LONG,1,637.3000000000001,633.0571428571428,31.86500000000001,31.652857142857144,200.0,-4242.857142857247,-4306.375000000104,stop,4,REAL_HISTORY
SC_IDX,real,2026-05-14 00:00:00,2026-05-14 01:45:00,LONG,1,629.1,623.7428571428571,31.455000000000002,31.18714285714286,200.0,-5357.14285714289,-5419.785000000033,stop,7,REAL_HISTORY
SC_IDX,real,2026-05-14 02:15:00,2026-05-14 09:00:00,LONG,1,623.8000000000001,623.9,31.19000000000001,31.195,200.0,99.99999999990905,37.61499999990904,stop,1,REAL_HISTORY
SC_IDX,real,2026-05-14 21:00:00,2026-05-14 22:00:00,LONG,1,620.2,622.8100000000001,31.01,31.140500000000007,200.0,2610.0000000000136,2547.8495000000134,target_mean,4,REAL_HISTORY
SC_IDX,real,2026-05-15 00:00:00,2026-05-15 00:00:00,LONG,1,623.4,623.1999999999999,31.17,31.159999999999997,200.0,-200.00000000004547,-262.3300000000455,target_mean,0,REAL_HISTORY
SC_IDX,real,2026-05-15 09:45:00,2026-05-15 10:30:00,SHORT,1,636.6999999999999,640.3142857142858,31.834999999999997,32.01571428571429,200.0,-3614.28571428587,-3678.1364285715845,stop,2,REAL_HISTORY
SC_IDX,real,2026-05-15 14:45:00,2026-05-15 21:00:00,SHORT,1,651.1,660.5,32.555,33.025,200.0,-9399.999999999978,-9465.579999999978,stop,1,REAL_HISTORY
SC_IDX,real,2026-05-15 22:00:00,2026-05-15 22:45:00,SHORT,1,660.1,668.1571428571428,33.005,33.40785714285715,200.0,-8057.142857142821,-8123.555714285679,stop,3,REAL_HISTORY
SC_IDX,real,2026-05-15 23:00:00,2026-05-16 01:45:00,SHORT,1,665.3,663.255,33.265,33.16275,200.0,2044.999999999959,1978.572249999959,target_mean,11,REAL_HISTORY
SC_IDX,real,2026-05-18 09:45:00,2026-05-18 09:45:00,SHORT,1,683.3,683.5,34.165,34.175000000000004,200.0,-200.00000000004547,-268.34000000004545,stop,0,REAL_HISTORY
SC_IDX,real,2026-05-18 21:45:00,2026-05-18 22:00:00,LONG,1,665.9,663.3,33.295,33.165,200.0,-2600.0000000000227,-2666.460000000023,stop,1,REAL_HISTORY
SC_IDX,real,2026-05-19 09:00:00,2026-05-19 09:00:00,SHORT,1,676.5,676.7,33.825,33.835,200.0,-200.00000000004547,-267.66000000004544,target_mean,0,REAL_HISTORY
SC_IDX,real,2026-05-19 21:45:00,2026-05-19 21:45:00,SHORT,1,688.4,688.6,34.42,34.43,200.0,-200.00000000004547,-268.8500000000455,stop,0,REAL_HISTORY
SC_IDX,real,2026-05-20 09:15:00,2026-05-20 09:15:00,SHORT,1,687.9,686.8850000000001,34.395,34.34425000000001,200.0,1014.9999999998727,946.2607499998727,target_mean,0,REAL_HISTORY
SC_IDX,real,2026-05-20 10:45:00,2026-05-20 13:30:00,LONG,1,681.7,676.0571428571428,34.085,33.80285714285714,200.0,-5642.857142857224,-5710.745000000081,stop,3,REAL_HISTORY
SC_IDX,real,2026-05-20 14:00:00,2026-05-20 14:45:00,LONG,1,678.0,671.3942857142857,33.9,33.569714285714284,200.0,-6605.714285714271,-6673.183999999985,stop,3,REAL_HISTORY
SC_IDX,real,2026-05-20 21:30:00,2026-05-20 22:15:00,LONG,1,671.8000000000001,667.7571428571429,33.59000000000001,33.38785714285714,200.0,-4042.8571428572013,-4109.835000000058,stop,3,REAL_HISTORY
SC_IDX,real,2026-05-20 22:45:00,2026-05-20 23:15:00,LONG,1,658.5,650.4571428571428,32.925000000000004,32.52285714285714,200.0,-8042.857142857201,-8108.3050000000585,stop,2,REAL_HISTORY
SC_IDX,real,2026-05-21 00:00:00,2026-05-21 09:45:00,LONG,1,651.3000000000001,650.85,32.565000000000005,32.542500000000004,200.0,-450.0000000000455,-515.1075000000454,target_mean,13,REAL_HISTORY
SC_IDX,real,2026-05-22 02:15:00,2026-05-22 10:30:00,LONG,1,635.9,637.2285714285714,31.795,31.86142857142857,200.0,1328.571428571422,1264.9149999999934,stop,6,REAL_HISTORY
SC_IDX,real,2026-05-22 21:30:00,2026-05-22 21:30:00,LONG,1,634.3000000000001,638.655,31.715000000000007,31.932750000000002,200.0,4354.9999999999045,4291.352249999904,target_mean,0,REAL_HISTORY
SC_IDX,real,2026-05-25 09:30:00,2026-05-25 11:00:00,LONG,1,616.0,607.2142857142857,30.8,30.360714285714284,200.0,-8785.714285714334,-8846.875000000047,stop,5,REAL_HISTORY
SC_IDX,real,2026-05-25 13:45:00,2026-05-25 23:00:00,LONG,1,604.4,607.895,30.220000000000002,30.394750000000002,200.0,3495.0000000000045,3434.385250000005,target_mean,13,REAL_HISTORY
SC_IDX,real,2026-05-26 01:15:00,2026-05-26 09:00:00,LONG,1,599.2,606.1999999999999,29.96,30.309999999999995,200.0,6999.999999999886,6939.729999999886,target_mean,5,REAL_HISTORY
SC_IDX,real,2026-05-26 21:45:00,2026-05-26 21:45:00,SHORT,1,607.8,613.0428571428572,30.39,30.65214285714286,200.0,-5242.857142857247,-5303.89928571439,stop,0,REAL_HISTORY
SC_IDX,real,2026-05-27 21:30:00,2026-05-27 22:30:00,LONG,1,591.7,591.6,29.585,29.580000000000002,200.0,-100.00000000002274,-159.16500000002276,stop,4,REAL_HISTORY
SC_IDX,real,2026-05-28 09:15:00,2026-05-28 09:15:00,LONG,1,594.7,594.5,29.735000000000003,29.725,200.0,-200.00000000004547,-259.4600000000455,target_mean,0,REAL_HISTORY
SC_IDX,real,2026-05-28 13:30:00,2026-05-28 13:30:00,SHORT,1,603.5,603.7,30.175,30.185000000000002,200.0,-200.00000000004547,-260.3600000000455,stop,0,REAL_HISTORY
SC_IDX,real,2026-05-28 22:30:00,2026-05-29 00:45:00,LONG,1,592.2,585.9142857142856,29.610000000000003,29.29571428571428,200.0,-6285.714285714448,-6344.620000000162,stop,9,REAL_HISTORY
SC_IDX,real,2026-05-29 10:30:00,2026-05-29 13:30:00,LONG,1,583.2,582.1,29.16,29.105,200.0,-1100.0000000000227,-1158.2650000000228,stop,4,REAL_HISTORY
SC_IDX,real,2026-05-29 23:30:00,2026-05-30 00:00:00,LONG,1,577.9,581.5949999999999,28.895000000000003,29.079749999999997,200.0,3694.9999999999363,3637.0252499999365,target_mean,2,REAL_HISTORY
SC_IDX,real,2026-06-01 09:30:00,2026-06-01 14:45:00,SHORT,1,593.8,597.4285714285714,29.69,29.871428571428574,200.0,-3628.5714285714903,-3688.132857142919,stop,12,REAL_HISTORY
SC_IDX,real,2026-06-01 21:00:00,2026-06-01 21:00:00,SHORT,1,593.5,590.0550000000001,29.675,29.502750000000006,200.0,3444.9999999999363,3385.822249999936,target_mean,0,REAL_HISTORY
SC_IDX,real,2026-06-02 14:00:00,2026-06-02 21:00:00,LONG,1,595.4,598.6949999999999,29.770000000000003,29.934749999999994,200.0,3294.999999999959,3235.295249999959,target_mean,4,REAL_HISTORY
SC_IDX,real,2026-06-03 09:30:00,2026-06-03 13:45:00,SHORT,1,607.3,610.7000000000002,30.365000000000002,30.535000000000007,200.0,-3400.0000000002046,-3460.9000000002043,stop,8,REAL_HISTORY
SC_IDX,real,2026-06-03 14:15:00,2026-06-03 21:30:00,SHORT,1,611.3,608.2800000000001,30.565,30.41400000000001,200.0,3019.999999999868,2959.020999999868,target_mean,5,REAL_HISTORY
SC_IDX,real,2026-06-04 21:30:00,2026-06-05 01:00:00,LONG,1,596.2,592.6999999999999,29.810000000000002,29.634999999999994,200.0,-3500.0000000001137,-3559.445000000114,time_stop,14,REAL_HISTORY
SC_IDX,real,2026-06-05 01:45:00,2026-06-05 02:15:00,LONG,1,593.0,593.9649999999999,29.650000000000002,29.698249999999994,200.0,964.9999999999181,905.6517499999181,target_mean,2,REAL_HISTORY
SC_IDX,real,2026-06-05 11:00:00,2026-06-05 11:00:00,SHORT,1,599.5,599.7,29.975,29.985000000000003,200.0,-200.00000000004547,-259.96000000004545,stop,0,REAL_HISTORY
SC_IDX,real,2026-06-06 00:45:00,2026-06-08 09:00:00,LONG,1,582.0,591.9,29.1,29.595000000000002,200.0,9899.999999999978,9841.304999999978,target_mean,7,REAL_HISTORY
SC_IDX,real,2026-06-08 09:45:00,2026-06-08 10:30:00,SHORT,1,601.5,605.2428571428572,30.075000000000003,30.262142857142866,200.0,-3742.857142857247,-3803.1942857143895,stop,2,REAL_HISTORY
SC_IDX,real,2026-06-08 21:15:00,2026-06-08 21:15:00,SHORT,1,592.5,592.7,29.625,29.635,200.0,-200.00000000004547,-259.26000000004547,target_mean,0,REAL_HISTORY
SC_IDX,real,2026-06-08 22:15:00,2026-06-09 01:45:00,LONG,1,589.6,590.4,29.48,29.520000000000003,200.0,799.9999999999545,740.9999999999545,time_stop,14,REAL_HISTORY
SC_IDX,real,2026-06-09 14:00:00,2026-06-09 21:00:00,LONG,1,580.8000000000001,575.4,29.040000000000006,28.770000000000003,200.0,-5400.000000000091,-5457.810000000091,stop,4,REAL_HISTORY
SC_IDX,real,2026-06-09 22:15:00,2026-06-09 23:45:00,LONG,1,571.2,567.1714285714286,28.560000000000002,28.358571428571427,200.0,-4028.5714285714675,-4085.490000000039,stop,6,REAL_HISTORY
SC_IDX,real,2026-06-10 00:30:00,2026-06-10 00:30:00,LONG,1,564.6,572.73,28.23,28.6365,200.0,8129.999999999995,8073.133499999996,target_mean,0,REAL_HISTORY
SC_IDX,real,2026-06-10 21:30:00,2026-06-10 23:45:00,SHORT,1,581.1999999999999,586.6285714285715,29.059999999999995,29.331428571428575,200.0,-5428.5714285715585,-5486.962857142988,stop,9,REAL_HISTORY
SC_IDX,real,2026-06-11 00:15:00,2026-06-11 02:15:00,SHORT,1,589.9,586.63,29.495,29.331500000000002,200.0,3269.999999999982,3211.173499999982,target_mean,8,REAL_HISTORY
SC_IDX,real,2026-06-11 14:15:00,2026-06-11 21:45:00,LONG,1,582.7,577.8,29.135,28.89,200.0,-4900.000000000091,-4958.0250000000915,stop,6,REAL_HISTORY
SC_IDX,real,2026-06-11 22:15:00,2026-06-11 23:30:00,LONG,1,578.5,582.835,28.925,29.141750000000002,200.0,4335.000000000036,4276.933250000036,target_mean,5,REAL_HISTORY
SC_IDX,real,2026-06-12 02:00:00,2026-06-12 02:00:00,LONG,1,559.3000000000001,559.1,27.965000000000007,27.955000000000002,200.0,-200.00000000004547,-255.9200000000455,stop,0,REAL_HISTORY
SC_IDX,real,2026-06-12 10:45:00,2026-06-12 13:30:00,LONG,1,556.7,548.9857142857143,27.835,27.44928571428572,200.0,-7714.285714285779,-7769.570000000065,stop,3,REAL_HISTORY
SC_IDX,real,2026-06-16 13:30:00,2026-06-16 13:30:00,LONG,1,525.2,522.3571428571429,26.26,26.117857142857147,200.0,-2842.857142857156,-2895.2350000000133,stop,0,REAL_HISTORY
SC_IDX,real,2026-06-16 14:30:00,2026-06-16 21:00:00,LONG,1,526.4,511.5,26.32,25.575000000000003,200.0,-14899.999999999978,-14951.894999999979,stop,2,REAL_HISTORY
SC_IDX,real,2026-06-16 23:00:00,2026-06-16 23:45:00,LONG,1,517.1,511.04285714285714,25.855,25.552142857142858,200.0,-6057.142857142879,-6108.550000000021,stop,3,REAL_HISTORY
SC_IDX,real,2026-06-17 00:15:00,2026-06-17 09:00:00,LONG,1,509.8,512.8799999999999,25.490000000000002,25.643999999999995,200.0,3079.9999999998704,3028.865999999871,target_mean,9,REAL_HISTORY
SC_IDX,real,2026-06-17 22:00:00,2026-06-17 22:45:00,SHORT,1,517.5,522.1142857142858,25.875,26.10571428571429,200.0,-4614.2857142857565,-4666.266428571471,stop,3,REAL_HISTORY
SC_IDX,real,2026-06-17 23:15:00,2026-06-17 23:15:00,SHORT,1,519.8,520.0,25.99,26.0,200.0,-200.00000000004547,-251.99000000004548,stop,0,REAL_HISTORY
SC_IDX,real,2026-06-18 10:00:00,2026-06-18 10:30:00,LONG,1,509.40000000000003,509.5442857142857,25.470000000000002,25.477214285714286,200.0,144.28571428567238,93.3384999999581,stop,1,REAL_HISTORY
SC_IDX,real,2026-06-18 14:30:00,2026-06-18 14:30:00,LONG,1,505.1,504.9,25.255000000000003,25.245,200.0,-200.00000000004547,-250.50000000004547,stop,0,REAL_HISTORY
SC_IDX,real,2026-06-22 22:00:00,2026-06-22 22:30:00,LONG,1,501.90000000000003,501.9,25.095000000000002,25.095000000000002,200.0,-5.6843418860808015e-11,-50.19000000005685,stop,2,REAL_HISTORY
SC_IDX,real,2026-06-22 23:30:00,2026-06-23 00:30:00,LONG,1,501.40000000000003,503.23999999999995,25.070000000000004,25.162,200.0,1839.9999999999181,1789.7679999999182,target_mean,4,REAL_HISTORY
SC_IDX,real,2026-06-23 13:30:00,2026-06-23 13:45:00,LONG,1,497.1,492.57714285714286,24.855,24.628857142857143,200.0,-4522.857142857163,-4572.341000000019,stop,1,REAL_HISTORY
SC_IDX,real,2026-06-23 22:15:00,2026-06-23 22:30:00,LONG,1,489.20000000000005,488.79999999999995,24.460000000000004,24.439999999999998,200.0,-400.00000000009095,-448.9000000000909,stop,1,REAL_HISTORY
SC_IDX,real,2026-06-24 09:30:00,2026-06-24 09:30:00,LONG,1,490.8,491.16499999999996,24.540000000000003,24.558249999999997,200.0,364.99999999995225,315.90174999995224,target_mean,0,REAL_HISTORY
SC_IDX,real,2026-06-24 11:15:00,2026-06-24 14:00:00,LONG,1,484.5,488.54,24.225,24.427,200.0,4040.0000000000205,3991.3480000000204,target_mean,3,REAL_HISTORY
SC_IDX,real,2026-06-24 21:45:00,2026-06-25 01:15:00,LONG,1,470.40000000000003,470.6764285714286,23.520000000000003,23.53382142857143,200.0,276.42857142853927,229.37474999996783,stop,14,REAL_HISTORY
SC_IDX,real,2026-06-25 01:45:00,2026-06-25 09:00:00,LONG,1,470.70000000000005,467.1671428571429,23.535000000000004,23.358357142857145,200.0,-3532.8571428571536,-3579.7505000000106,stop,3,REAL_HISTORY
SC_IDX,real,2026-06-26 09:15:00,2026-06-26 09:15:00,SHORT,1,474.4,474.6,23.720000000000002,23.73,200.0,-200.00000000004547,-247.45000000004546,target_mean,0,REAL_HISTORY
SC_IDX,real,2026-06-26 10:30:00,2026-06-26 10:45:00,LONG,1,471.1,467.7085714285714,23.555,23.385428571428573,200.0,-3391.428571428605,-3438.369000000034,stop,1,REAL_HISTORY
SC_IDX,real,2026-06-26 13:30:00,2026-06-26 13:30:00,LONG,1,464.1,463.9,23.205000000000002,23.195,200.0,-200.00000000004547,-246.40000000004548,stop,0,REAL_HISTORY
SC_IDX,real,2026-06-26 21:30:00,2026-06-27 01:00:00,LONG,1,463.0,461.2,23.150000000000002,23.060000000000002,200.0,-1800.0000000000114,-1846.2100000000114,time_stop,14,REAL_HISTORY
SC_IDX,real,2026-06-29 14:15:00,2026-06-29 14:15:00,LONG,1,460.70000000000005,461.31999999999994,23.035000000000004,23.066,200.0,619.9999999998909,573.8989999998909,target_mean,0,REAL_HISTORY
SC_IDX,real,2026-06-29 21:15:00,2026-06-29 21:15:00,SHORT,1,461.2,461.40000000000003,23.060000000000002,23.070000000000004,200.0,-200.00000000004547,-246.13000000004547,target_mean,0,REAL_HISTORY
SC_IDX,real,2026-06-29 23:00:00,2026-06-30 02:15:00,SHORT,1,464.2,463.8900000000001,23.21,23.19450000000001,200.0,309.9999999998886,263.5954999998886,target_mean,13,REAL_HISTORY
SC_IDX,real,2026-06-30 09:30:00,2026-06-30 10:00:00,LONG,1,461.20000000000005,463.53999999999996,23.060000000000002,23.177,200.0,2339.999999999918,2293.762999999918,target_mean,2,REAL_HISTORY
SC_IDX,real,2026-06-30 14:30:00,2026-06-30 21:00:00,LONG,1,458.3,463.79999999999995,22.915000000000003,23.189999999999998,200.0,5499.999999999944,5453.894999999944,target_mean,2,REAL_HISTORY
SC_IDX,real,2026-06-30 21:30:00,2026-06-30 23:00:00,SHORT,1,468.0,463.4950000000001,23.400000000000002,23.174750000000007,200.0,4504.999999999882,4458.425249999882,target_mean,6,REAL_HISTORY
SC_IDX,real,2026-07-01 21:45:00,2026-07-01 22:45:00,LONG,1,448.6,446.48571428571427,22.43,22.324285714285715,200.0,-2114.2857142857565,-2159.0400000000423,stop,4,REAL_HISTORY
SC_IDX,real,2026-07-01 23:15:00,2026-07-02 09:00:00,LONG,1,446.1,441.9,22.305,22.095000000000002,200.0,-4200.0000000000455,-4244.400000000046,stop,13,REAL_HISTORY
SC_IDX,real,2026-07-02 13:45:00,2026-07-02 21:30:00,LONG,1,435.3,436.98,21.765,21.849,200.0,1680.0000000000068,1636.3860000000068,target_mean,7,REAL_HISTORY
SC_IDX,real,2026-07-03 01:30:00,2026-07-03 02:15:00,SHORT,2,439.09999999999997,441.64285714285717,43.91,44.16428571428572,400.0,-5085.714285714403,-5173.788571428689,stop,3,REAL_HISTORY
SC_IDX,real,2026-07-03 10:30:00,2026-07-03 14:15:00,SHORT,1,444.2,441.16499999999996,22.21,22.058249999999997,200.0,3035.000000000025,2990.731750000025,target_mean,7,REAL_HISTORY
SC_IDX,real,2026-07-06 10:45:00,2026-07-06 10:45:00,SHORT,1,437.5,437.70000000000005,21.875,21.885000000000005,200.0,-200.00000000004547,-243.76000000004547,target_mean,0,REAL_HISTORY
SC_IDX,real,2026-07-06 13:45:00,2026-07-06 13:45:00,LONG,1,437.40000000000003,437.67499999999995,21.870000000000005,21.88375,200.0,274.9999999999204,231.24624999992042,target_mean,0,REAL_HISTORY
SC_IDX,real,2026-07-06 23:00:00,2026-07-07 00:15:00,SHORT,1,441.09999999999997,439.45000000000005,22.055,21.972500000000004,200.0,1649.9999999999204,1605.9724999999203,target_mean,5,REAL_HISTORY
SC_IDX,real,2026-07-07 14:15:00,2026-07-07 14:45:00,SHORT,1,440.29999999999995,443.2714285714286,22.014999999999997,22.16357142857143,200.0,-2971.428571428646,-3015.6071428572172,stop,2,REAL_HISTORY
SC_IDX,real,2026-07-07 22:15:00,2026-07-08 01:45:00,SHORT,1,451.59999999999997,451.5,22.58,22.575000000000003,200.0,99.9999999999659,54.84499999996589,time_stop,14,REAL_HISTORY
SC_IDX,real,2026-07-08 14:15:00,2026-07-08 21:00:00,SHORT,1,466.7,472.8,23.335,23.64,200.0,-6100.000000000023,-6146.975000000023,stop,3,REAL_HISTORY
SC_IDX,real,2026-07-08 22:45:00,2026-07-08 23:45:00,SHORT,1,485.0,491.01428571428573,24.25,24.55071428571429,200.0,-6014.285714285734,-6063.086428571448,stop,4,REAL_HISTORY
SC_IDX,real,2026-07-09 00:15:00,2026-07-09 01:00:00,SHORT,1,489.4,480.1450000000001,24.470000000000002,24.007250000000006,200.0,9254.999999999882,9206.522749999882,target_mean,3,REAL_HISTORY
SC_IDX,real,2026-07-09 14:15:00,2026-07-09 21:00:00,LONG,1,472.6,478.9,23.630000000000003,23.945,200.0,6299.9999999999545,6252.424999999955,target_mean,3,REAL_HISTORY
SC_IDX,real,2026-07-10 01:15:00,2026-07-10 01:30:00,LONG,1,465.40000000000003,461.10857142857145,23.270000000000003,23.055428571428575,200.0,-4291.4285714285825,-4337.754000000012,stop,1,REAL_HISTORY
SC_IDX,real,2026-07-10 22:15:00,2026-07-10 22:30:00,LONG,1,463.5,466.055,23.175,23.30275,200.0,2555.000000000007,2508.522250000007,target_mean,1,REAL_HISTORY
SC_IDX,real,2026-07-10 23:45:00,2026-07-11 02:15:00,LONG,1,459.6,461.355,22.98,23.06775,200.0,1754.9999999999955,1708.9522499999955,target_mean,10,REAL_HISTORY
SC_IDX,real,2026-07-14 21:00:00,2026-07-14 22:15:00,SHORT,1,519.4,512.8050000000001,25.970000000000002,25.640250000000005,200.0,6594.999999999914,6543.389749999913,target_mean,5,REAL_HISTORY
SC_IDX,real,2026-07-15 09:45:00,2026-07-15 10:45:00,SHORT,1,515.0,520.0371428571428,25.75,26.001857142857144,200.0,-5037.14285714284,-5088.894714285697,stop,3,REAL_HISTORY
SC_IDX,real,2026-07-16 09:30:00,2026-07-16 13:30:00,SHORT,1,519.1,516.4,25.955000000000002,25.82,200.0,2700.0000000000455,2648.2250000000454,target_mean,7,REAL_HISTORY
SC_IDX,real,2026-07-17 09:45:00,2026-07-17 10:30:00,SHORT,1,520.5,517.625,26.025000000000002,25.88125,200.0,2875.0,2823.09375,target_mean,2,REAL_HISTORY
SC_IDX,real,2026-07-17 14:30:00,2026-07-17 21:00:00,LONG,1,510.40000000000003,520.6999999999999,25.520000000000003,26.034999999999997,200.0,10299.999999999898,10248.444999999898,target_mean,2,REAL_HISTORY
SC_IDX,real,2026-07-17 22:15:00,2026-07-17 23:30:00,SHORT,1,529.6,529.2114285714287,26.48,26.460571428571434,200.0,388.5714285713675,335.63085714279606,stop,5,REAL_HISTORY
SC_IDX,real,2026-07-18 00:45:00,2026-07-18 01:15:00,SHORT,1,535.6,540.7285714285714,26.78,27.03642857142857,200.0,-5128.571428571377,-5182.387857142805,stop,2,REAL_HISTORY
SC_IDX,real,2026-07-18 02:00:00,2026-07-18 02:00:00,SHORT,1,543.8,544.0,27.19,27.200000000000003,200.0,-200.00000000004547,-254.39000000004546,stop,0,REAL_HISTORY
SC_IDX,real,2026-07-20 23:00:00,2026-07-21 01:15:00,LONG,1,531.8000000000001,532.88,26.590000000000007,26.644000000000002,200.0,1079.9999999999272,1026.7659999999273,target_mean,9,REAL_HISTORY
SC_IDX,real,2026-07-21 22:00:00,2026-07-22 01:30:00,SHORT,1,547.1999999999999,549.1,27.359999999999996,27.455000000000002,200.0,-1900.000000000091,-1954.8150000000908,time_stop,14,REAL_HISTORY
SC_IDX,real,2026-07-22 21:15:00,2026-07-22 21:15:00,SHORT,1,560.6,560.8000000000001,28.03,28.040000000000006,200.0,-200.00000000004547,-256.07000000004547,stop,0,REAL_HISTORY
SC_IDX,real,2026-07-22 22:45:00,2026-07-22 23:45:00,SHORT,1,560.1999999999999,557.2,28.009999999999994,27.860000000000003,200.0,2999.9999999998863,2944.129999999886,target_mean,4,REAL_HISTORY
SC_IDX,real,2026-07-23 13:30:00,2026-07-23 13:30:00,SHORT,1,569.5,565.795,28.475,28.28975,200.0,3705.000000000041,3648.235250000041,target_mean,0,REAL_HISTORY
SC_IDX,real,2026-07-23 21:30:00,2026-07-23 22:30:00,SHORT,1,585.8,593.2285714285714,29.290000000000003,29.66142857142857,200.0,-7428.571428571445,-7487.522857142873,stop,4,REAL_HISTORY
SC_IDX,real,2026-07-24 00:00:00,2026-07-24 01:30:00,SHORT,1,593.3,600.5428571428572,29.665000000000003,30.02714285714286,200.0,-7242.857142857247,-7302.54928571439,stop,6,REAL_HISTORY
SC_IDX,real,2026-07-24 21:30:00,2026-07-24 22:15:00,LONG,1,584.0,576.3399999999999,29.200000000000003,28.816999999999997,200.0,-7660.000000000082,-7718.017000000082,stop,3,REAL_HISTORY
SC_IDX,real,2026-07-24 23:45:00,2026-07-25 02:15:00,LONG,1,569.0,575.27,28.450000000000003,28.7635,200.0,6269.999999999982,6212.786499999982,target_mean,10,REAL_HISTORY
SC_IDX,real,2026-07-27 09:30:00,2026-07-27 13:30:00,LONG,1,553.1,551.5,27.655,27.575000000000003,200.0,-1600.0000000000227,-1655.2300000000228,stop,7,REAL_HISTORY
SC_IDX,real,2026-07-27 14:30:00,2026-07-27 21:30:00,LONG,1,544.1,544.5378571428571,27.205000000000002,27.226892857142854,200.0,437.85714285706945,383.4252499999266,stop,4,REAL_HISTORY
SC_IDX,real,2026-07-28 01:00:00,2026-07-28 09:15:00,LONG,1,540.6,534.9585714285714,27.03,26.74792857142857,200.0,-5641.428571428605,-5695.206500000034,stop,7,REAL_HISTORY
SC_IDX,real,2026-07-28 11:00:00,2026-07-28 11:15:00,LONG,1,528.9,529.1057142857143,26.445,26.45528571428572,200.0,205.7142857142935,152.8140000000078,stop,1,REAL_HISTORY
SC_IDX,real,2026-07-28 23:45:00,2026-07-29 09:00:00,LONG,1,523.8000000000001,542.1,26.190000000000005,27.105,200.0,18299.999999999956,18246.704999999958,target_mean,11,REAL_HISTORY
SC_IDX,real,2026-07-29 21:30:00,2026-07-29 22:45:00,SHORT,1,558.5,565.4142857142857,27.925,28.270714285714284,200.0,-6914.285714285711,-6970.481428571426,stop,5,REAL_HISTORY
SC_IDX,real,2026-07-30 11:00:00,2026-07-30 11:15:00,LONG,1,549.4,549.1,27.470000000000002,27.455000000000002,200.0,-299.9999999999545,-354.92499999995454,stop,1,REAL_HISTORY
SC_IDX,real,2026-07-30 14:45:00,2026-07-30 21:00:00,SHORT,1,568.1999999999999,558.2,28.409999999999997,27.91,200.0,9999.999999999887,9943.679999999888,target_mean,1,REAL_HISTORY
SC_IDX,real,2026-07-31 10:45:00,2026-07-31 13:30:00,LONG,1,545.9,541.3714285714286,27.295,27.068571428571435,200.0,-4528.571428571354,-4582.934999999926,stop,3,REAL_HISTORY
SC_IDX,real,2026-07-31 14:00:00,2026-07-31 21:00:00,LONG,1,543.1,566.0,27.155,28.3,200.0,22899.999999999978,22844.54499999998,target_mean,4,REAL_HISTORY
SC_IDX,real,2026-08-03 22:00:00,2026-08-03 22:00:00,LONG,1,531.8000000000001,533.0,26.590000000000007,26.650000000000002,200.0,1199.9999999999318,1146.7599999999318,target_mean,0,REAL_HISTORY
SC_IDX,real,2026-08-04 11:15:00,2026-08-04 14:45:00,SHORT,1,543.5,540.1,27.175,27.005000000000003,200.0,3399.9999999999773,3345.819999999977,target_mean,6,REAL_HISTORY
SC_IDX,real,2026-08-05 11:00:00,2026-08-05 14:45:00,LONG,1,505.20000000000005,505.3828571428572,25.260000000000005,25.26914285714286,200.0,182.85714285713084,132.32799999998798,stop,7,REAL_HISTORY
SC_IDX,real,2026-08-06 09:45:00,2026-08-06 13:30:00,SHORT,1,514.4,509.6,25.720000000000002,25.48,200.0,4799.9999999999545,4748.799999999955,target_mean,6,REAL_HISTORY
SC_IDX,real,2026-08-06 21:30:00,2026-08-06 23:30:00,SHORT,1,518.0,521.6,25.900000000000002,26.080000000000002,200.0,-3600.0000000000227,-3651.9800000000228,stop,8,REAL_HISTORY
SC_IDX,real,2026-08-07 00:30:00,2026-08-07 09:00:00,SHORT,1,527.6999999999999,531.9714285714285,26.384999999999994,26.59857142857143,200.0,-4271.428571428601,-4324.4121428571725,stop,8,REAL_HISTORY
SC_IDX,real,2026-08-07 10:30:00,2026-08-07 11:15:00,SHORT,1,532.6999999999999,536.5428571428572,26.634999999999994,26.82714285714286,200.0,-3842.8571428572695,-3896.3192857144127,stop,3,REAL_HISTORY
SC_IDX,real,2026-08-07 13:45:00,2026-08-07 13:45:00,SHORT,1,534.1,534.3000000000001,26.705000000000002,26.715000000000007,200.0,-200.00000000004547,-253.4200000000455,stop,0,REAL_HISTORY
SC_IDX,real,2026-08-10 22:30:00,2026-08-10 23:45:00,SHORT,1,545.5,552.0414285714286,27.275000000000002,27.602071428571435,200.0,-6541.4285714285825,-6596.3056428571535,stop,5,REAL_HISTORY
SC_IDX,real,2026-08-11 02:15:00,2026-08-11 10:45:00,SHORT,1,552.6999999999999,555.9142857142858,27.634999999999994,27.79571428571429,200.0,-3214.285714285893,-3269.7164285716076,stop,7,REAL_HISTORY
SC_IDX,real,2026-08-11 21:00:00,2026-08-11 21:00:00,SHORT,1,558.0,555.29,27.900000000000002,27.7645,200.0,2710.0000000000364,2654.335500000036,target_mean,0,REAL_HISTORY
SC_IDX,real,2026-08-11 22:00:00,2026-08-11 23:30:00,LONG,1,547.0,553.11,27.35,27.6555,200.0,6110.000000000014,6054.994500000013,target_mean,6,REAL_HISTORY
SC_IDX,real,2026-08-13 09:30:00,2026-08-13 11:15:00,LONG,1,551.7,553.535,27.585,27.676750000000002,200.0,1834.9999999999227,1779.7382499999226,target_mean,6,REAL_HISTORY
SC_IDX,real,2026-08-13 14:00:00,2026-08-13 21:00:00,SHORT,1,559.6,547.9,27.98,27.395,200.0,11700.000000000045,11644.625000000045,target_mean,4,REAL_HISTORY
SC_IDX,real,2026-08-14 00:30:00,2026-08-14 09:00:00,SHORT,1,561.6999999999999,556.6,28.084999999999997,27.830000000000002,200.0,5099.999999999909,5044.084999999909,target_mean,8,REAL_HISTORY
SC_IDX,real,2026-08-17 10:00:00,2026-08-17 13:30:00,SHORT,1,576.6999999999999,571.1,28.834999999999997,28.555,200.0,5599.999999999909,5542.609999999909,target_mean,5,REAL_HISTORY
SC_IDX,real,2026-08-18 01:45:00,2026-08-18 01:45:00,SHORT,1,574.8,578.7057142857142,28.740000000000002,28.935285714285712,200.0,-3905.7142857142253,-3963.389571428511,stop,0,REAL_HISTORY
SC_IDX,real,2026-08-18 21:45:00,2026-08-18 21:45:00,SHORT,1,583.4,582.6750000000001,29.17,29.133750000000006,200.0,724.999999999909,666.6962499999091,target_mean,0,REAL_HISTORY
SC_IDX,real,2026-08-19 09:30:00,2026-08-19 10:30:00,SHORT,1,587.1999999999999,587.0478571428571,29.359999999999996,29.352392857142853,200.0,152.1428571428487,93.43046428570585,stop,3,REAL_HISTORY
SC_IDX,real,2026-08-19 23:45:00,2026-08-19 23:45:00,SHORT,1,589.5,586.775,29.475,29.33875,200.0,2725.0000000000227,2666.186250000023,target_mean,0,REAL_HISTORY
SC_IDX,real,2026-08-20 09:15:00,2026-08-20 10:30:00,LONG,1,586.4,580.81,29.32,29.0405,200.0,-5590.000000000032,-5648.360500000032,stop,4,REAL_HISTORY
SC_IDX,real,2026-08-20 11:15:00,2026-08-20 14:30:00,LONG,1,577.2,582.59,28.860000000000003,29.1295,200.0,5389.999999999986,5332.010499999987,target_mean,5,REAL_HISTORY
SC_IDX,real,2026-08-21 10:00:00,2026-08-21 13:45:00,SHORT,1,596.5,592.86,29.825000000000003,29.643,200.0,3639.9999999999864,3580.5319999999865,target_mean,6,REAL_HISTORY
SC_IDX,real,2026-08-21 22:00:00,2026-08-21 22:00:00,SHORT,1,596.1,595.1,29.805,29.755000000000003,200.0,1000.0,940.44,target_mean,0,REAL_HISTORY
SC_IDX,real,2026-08-24 09:45:00,2026-08-24 14:00:00,LONG,1,586.2,587.5571428571428,29.310000000000002,29.377857142857142,200.0,1357.142857142776,1298.4549999999188,stop,8,REAL_HISTORY
SC_IDX,synthetic,2015-01-01 15:00:00,2015-01-01 15:45:00,SHORT,1,589.3,584.77,29.465,29.238500000000002,200.0,4529.999999999973,4471.296499999972,target_mean,3,BULL_TREND
SC_IDX,synthetic,2015-01-01 22:30:00,2015-01-01 23:15:00,LONG,1,576.1,574.3,28.805,28.715,200.0,-1800.0000000000682,-1857.5200000000682,stop,3,BULL_TREND
SC_IDX,synthetic,2015-01-02 15:45:00,2015-01-02 16:45:00,LONG,1,561.9000000000001,555.2571428571429,28.095000000000006,27.762857142857143,200.0,-6642.857142857224,-6698.715000000081,stop,4,BULL_TREND
SC_IDX,synthetic,2015-01-02 17:15:00,2015-01-02 18:00:00,LONG,1,556.8000000000001,548.3557142857143,27.840000000000007,27.417785714285717,200.0,-8444.285714285797,-8499.543500000083,stop,3,BULL_TREND
SC_IDX,synthetic,2015-01-02 18:30:00,2015-01-02 19:45:00,LONG,1,547.4000000000001,540.3714285714285,27.370000000000008,27.018571428571427,200.0,-7028.571428571581,-7082.960000000153,stop,5,BULL_TREND
SC_IDX,synthetic,2015-01-03 03:30:00,2015-01-03 04:15:00,LONG,1,520.3000000000001,520.7192857142858,26.015000000000004,26.03596428571429,200.0,419.2857142857065,367.23474999999223,stop,3,BULL_TREND
SC_IDX,synthetic,2015-01-03 08:30:00,2015-01-03 09:00:00,LONG,1,514.3000000000001,514.2,25.715000000000003,25.710000000000004,200.0,-100.00000000002274,-151.42500000002275,stop,2,BULL_TREND
SC_IDX,synthetic,2015-01-03 12:45:00,2015-01-03 13:30:00,SHORT,1,527.7,533.9842857142858,26.385,26.69921428571429,200.0,-6284.285714285716,-6337.36992857143,stop,3,BULL_TREND
SC_IDX,synthetic,2015-01-03 13:45:00,2015-01-03 14:30:00,SHORT,1,532.9,538.9785714285714,26.645,26.94892857142857,200.0,-6078.571428571422,-6132.1653571428515,stop,3,BULL_TREND
SC_IDX,synthetic,2015-01-03 19:00:00,2015-01-03 19:00:00,SHORT,1,569.1,569.3000000000001,28.455000000000002,28.465000000000007,200.0,-200.00000000004547,-256.9200000000455,stop,0,BULL_TREND
SC_IDX,synthetic,2015-01-04 15:15:00,2015-01-04 15:15:00,SHORT,1,598.8,599.0,29.94,29.950000000000003,200.0,-200.00000000004547,-259.89000000004546,stop,0,BULL_TREND
SC_IDX,synthetic,2015-01-04 20:30:00,2015-01-04 21:00:00,LONG,1,581.2,582.9150000000001,29.060000000000002,29.145750000000007,200.0,1715.0000000000318,1656.794250000032,target_mean,2,BULL_TREND
SC_IDX,synthetic,2015-01-05 03:45:00,2015-01-05 05:30:00,LONG,1,576.7,569.3142857142857,28.835,28.465714285714284,200.0,-7385.714285714357,-7443.015000000071,stop,7,BULL_TREND
SC_IDX,synthetic,2015-01-05 11:45:00,2015-01-05 11:45:00,SHORT,1,582.4,578.415,29.12,28.92075,200.0,3985.0000000000136,3926.9592500000135,target_mean,0,BULL_TREND
SC_IDX,synthetic,2015-01-05 14:30:00,2015-01-05 14:45:00,LONG,1,565.2,565.5978571428572,28.26,28.27989285714286,200.0,397.8571428571058,341.317249999963,stop,1,BULL_TREND
SC_IDX,synthetic,2015-01-05 17:00:00,2015-01-05 17:15:00,LONG,1,563.7,563.9,28.185000000000002,28.195,200.0,199.9999999999318,143.6199999999318,stop,1,BULL_TREND
SC_IDX,synthetic,2015-01-06 01:00:00,2015-01-06 02:15:00,SHORT,1,571.4,576.8000000000001,28.57,28.840000000000007,200.0,-5400.000000000091,-5457.410000000091,stop,5,BULL_TREND
SC_IDX,synthetic,2015-01-06 09:45:00,2015-01-06 11:30:00,LONG,1,569.5,573.27,28.475,28.663500000000003,200.0,3769.999999999982,3712.861499999982,target_mean,7,BULL_TREND
SC_IDX,synthetic,2015-01-06 19:00:00,2015-01-06 19:45:00,LONG,1,544.1,537.6742857142857,27.205000000000002,26.883714285714284,200.0,-6425.714285714321,-6479.803000000035,stop,3,BULL_TREND
SC_IDX,synthetic,2015-01-07 00:15:00,2015-01-07 02:45:00,LONG,1,490.70000000000005,491.505,24.535000000000004,24.57525,200.0,804.99999999995,755.88974999995,target_mean,10,BULL_TREND
SC_IDX,synthetic,2015-01-07 10:30:00,2015-01-07 10:30:00,SHORT,1,508.2,508.40000000000003,25.41,25.420000000000005,200.0,-200.00000000004547,-250.8300000000455,stop,0,BULL_TREND
SC_IDX,synthetic,2015-01-07 12:30:00,2015-01-07 12:30:00,SHORT,1,522.6,522.8000000000001,26.130000000000003,26.140000000000004,200.0,-200.00000000004547,-252.27000000004548,stop,0,BULL_TREND
SC_IDX,synthetic,2015-01-08 02:15:00,2015-01-08 04:15:00,SHORT,1,549.7,550.1,27.485000000000003,27.505000000000003,200.0,-399.99999999997726,-454.9899999999773,stop,8,BULL_TREND
SC_IDX,synthetic,2015-01-09 02:30:00,2015-01-09 03:00:00,LONG,1,536.4000000000001,532.0285714285715,26.820000000000007,26.601428571428574,200.0,-4371.428571428623,-4424.850000000051,stop,2,BULL_TREND
SC_IDX,synthetic,2015-01-09 05:15:00,2015-01-09 05:45:00,LONG,1,531.6,536.7,26.580000000000002,26.835,200.0,5100.000000000023,5046.585000000023,target_mean,2,BULL_TREND
SC_IDX,synthetic,2015-01-09 13:15:00,2015-01-09 14:15:00,LONG,1,518.9000000000001,514.3,25.945000000000007,25.715,200.0,-4600.000000000136,-4651.660000000136,stop,4,BULL_TREND
SC_IDX,synthetic,2015-01-10 04:00:00,2015-01-10 07:30:00,SHORT,1,535.0,537.9000000000001,26.75,26.895000000000007,200.0,-2900.000000000091,-2953.645000000091,time_stop,14,BULL_TREND
SC_IDX,synthetic,2015-01-11 04:00:00,2015-01-11 05:00:00,LONG,1,584.1,584.6157142857143,29.205000000000002,29.230785714285716,200.0,515.7142857142389,457.2784999999532,stop,4,BULL_TREND
SC_IDX,synthetic,2015-01-11 06:00:00,2015-01-11 08:00:00,LONG,1,583.6,585.19,29.18,29.259500000000003,200.0,1590.0000000000318,1531.5605000000319,target_mean,8,BULL_TREND
SC_IDX,synthetic,2015-01-12 04:45:00,2015-01-12 04:45:00,LONG,1,563.2,565.605,28.16,28.280250000000002,200.0,2404.9999999999727,2348.559749999973,target_mean,0,BULL_TREND
SC_IDX,synthetic,2015-01-12 08:45:00,2015-01-12 09:00:00,SHORT,1,574.6,570.2,28.73,28.51,200.0,4399.999999999977,4342.7599999999775,target_mean,1,BULL_TREND
SC_IDX,synthetic,2015-01-12 12:45:00,2015-01-12 13:30:00,SHORT,1,586.1,585.8257142857143,29.305,29.291285714285717,200.0,274.2857142857247,215.68942857143895,stop,3,BULL_TREND
SC_IDX,synthetic,2015-01-12 23:00:00,2015-01-13 00:30:00,SHORT,1,595.9,601.5428571428571,29.795,30.077142857142853,200.0,-5642.85714285711,-5702.729285714253,stop,6,BULL_TREND
SC_IDX,synthetic,2015-01-13 14:15:00,2015-01-13 14:45:00,SHORT,1,619.5,612.9350000000001,30.975,30.646750000000008,200.0,6564.999999999941,6503.378249999941,target_mean,2,BULL_TREND
SC_IDX,synthetic,2015-01-13 21:15:00,2015-01-13 21:45:00,SHORT,1,627.4,626.9921428571429,31.37,31.349607142857142,200.0,407.85714285709673,345.13753571423956,stop,2,BULL_TREND
SC_IDX,synthetic,2015-01-14 04:15:00,2015-01-14 05:15:00,LONG,1,594.6,594.89,29.73,29.744500000000002,200.0,289.9999999999636,230.52549999996359,stop,4,BULL_TREND
SC_IDX,synthetic,2015-01-14 18:00:00,2015-01-14 18:00:00,SHORT,1,601.0,599.24,30.05,29.962,200.0,1759.999999999991,1699.987999999991,target_mean,0,BULL_TREND
SC_IDX,synthetic,2015-01-14 19:15:00,2015-01-14 20:15:00,SHORT,1,602.0,600.855,30.1,30.04275,200.0,1144.9999999999818,1084.8572499999818,target_mean,4,BULL_TREND
SC_IDX,synthetic,2015-01-14 22:15:00,2015-01-14 22:45:00,LONG,1,594.2,589.7,29.71,29.485000000000003,200.0,-4500.0,-4559.195,stop,2,BULL_TREND
SC_IDX,synthetic,2015-01-15 01:15:00,2015-01-15 02:15:00,SHORT,1,609.6,616.5142857142857,30.48,30.825714285714284,200.0,-6914.285714285711,-6975.591428571425,stop,4,BULL_TREND
SC_IDX,synthetic,2015-01-15 05:45:00,2015-01-15 05:45:00,LONG,1,600.3000000000001,600.1,30.015000000000008,30.005000000000003,200.0,-200.00000000004547,-260.0200000000455,stop,0,BULL_TREND
SC_IDX,synthetic,2015-01-15 11:45:00,2015-01-15 11:45:00,SHORT,1,606.6,606.8000000000001,30.330000000000002,30.340000000000007,200.0,-200.00000000004547,-260.6700000000455,stop,0,BULL_TREND
SC_IDX,synthetic,2015-01-16 05:15:00,2015-01-16 06:15:00,LONG,1,619.9000000000001,622.325,30.995000000000008,31.11625,200.0,2424.9999999999545,2362.8887499999546,target_mean,4,BULL_TREND
SC_IDX,synthetic,2015-01-16 10:30:00,2015-01-16 12:15:00,LONG,1,614.5000000000001,619.135,30.72500000000001,30.956750000000003,200.0,4634.999999999877,4573.318249999877,target_mean,7,BULL_TREND
SC_IDX,synthetic,2015-01-16 18:00:00,2015-01-16 18:45:00,SHORT,1,627.4,633.157142857143,31.37,31.65785714285715,200.0,-5757.142857142981,-5820.170714285838,stop,3,BULL_TREND
SC_IDX,synthetic,2015-01-16 20:30:00,2015-01-16 21:00:00,SHORT,1,641.7,650.4714285714286,32.085,32.52357142857144,200.0,-8771.428571428602,-8836.037142857173,stop,2,BULL_TREND
SC_IDX,synthetic,2015-01-16 21:30:00,2015-01-16 23:45:00,SHORT,1,649.4,646.4150000000001,32.47,32.320750000000004,200.0,2984.9999999999,2920.2092499999003,target_mean,9,BULL_TREND
SC_IDX,synthetic,2015-01-17 07:30:00,2015-01-17 09:15:00,LONG,1,632.7,636.485,31.635,31.824250000000003,200.0,3784.999999999968,3721.540749999968,target_mean,7,BULL_TREND
SC_IDX,synthetic,2015-01-17 10:15:00,2015-01-17 11:30:00,SHORT,1,648.6,638.5350000000001,32.43,31.92675000000001,200.0,10064.999999999942,10000.643249999941,target_mean,5,BULL_TREND
SC_IDX,synthetic,2015-01-17 16:15:00,2015-01-17 16:15:00,SHORT,1,651.2,651.4000000000001,32.56,32.57000000000001,200.0,-200.00000000004547,-265.13000000004547,stop,0,BULL_TREND
SC_IDX,synthetic,2015-01-18 01:30:00,2015-01-18 01:45:00,SHORT,1,666.9,661.9950000000001,33.345,33.09975000000001,200.0,4904.999999999859,4838.5552499998585,target_mean,1,BULL_TREND
SC_IDX,synthetic,2015-01-18 07:15:00,2015-01-18 07:30:00,SHORT,1,667.3000000000001,676.7600000000001,33.36500000000001,33.83800000000001,200.0,-9460.000000000036,-9527.203000000036,stop,1,BULL_TREND
SC_IDX,synthetic,2015-01-18 19:00:00,2015-01-18 19:30:00,LONG,1,660.3000000000001,663.36,33.01500000000001,33.168,200.0,3059.9999999999454,2993.8169999999454,target_mean,2,BULL_TREND
SC_IDX,synthetic,2015-01-18 20:15:00,2015-01-18 21:00:00,SHORT,1,669.3000000000001,677.2285714285715,33.46500000000001,33.861428571428576,200.0,-7928.571428571445,-7995.897857142873,stop,3,BULL_TREND
SC_IDX,synthetic,2015-01-18 21:30:00,2015-01-18 23:45:00,SHORT,1,672.3000000000001,670.5500000000001,33.61500000000001,33.52750000000001,200.0,1750.0,1682.8575,target_mean,9,BULL_TREND
SC_IDX,synthetic,2015-01-19 01:30:00,2015-01-19 03:00:00,LONG,1,653.0000000000001,650.9,32.650000000000006,32.545,200.0,-2100.0000000001364,-2165.1950000001366,stop,6,BULL_TREND
SC_IDX,synthetic,2015-01-19 09:30:00,2015-01-19 11:45:00,SHORT,1,666.9,681.2,33.345,34.06,200.0,-14300.00000000007,-14367.405000000068,stop,9,BULL_TREND
SC_IDX,synthetic,2015-01-19 12:15:00,2015-01-19 13:00:00,SHORT,1,679.8000000000001,689.5942857142858,33.99000000000001,34.479714285714294,200.0,-9794.285714285706,-9862.755428571421,stop,3,BULL_TREND
SC_IDX,synthetic,2015-01-20 06:45:00,2015-01-20 07:45:00,LONG,1,656.4000000000001,656.782142857143,32.82000000000001,32.83910714285715,200.0,382.1428571428669,316.48375000000976,stop,4,BULL_TREND
SC_IDX,synthetic,2015-01-20 09:15:00,2015-01-20 09:45:00,LONG,1,650.6,642.3714285714286,32.53,32.118571428571435,200.0,-8228.571428571398,-8293.21999999997,stop,2,BULL_TREND
SC_IDX,synthetic,2015-01-20 10:15:00,2015-01-20 11:30:00,LONG,1,643.5000000000001,635.6985714285715,32.175000000000004,31.78492857142858,200.0,-7801.428571428573,-7865.388500000002,stop,5,BULL_TREND
SC_IDX,synthetic,2015-01-20 11:45:00,2015-01-20 11:45:00,LONG,1,639.1,631.3114285714286,31.955000000000002,31.565571428571428,200.0,-7788.5714285714585,-7852.09200000003,stop,0,BULL_TREND
SC_IDX,synthetic,2015-01-20 12:45:00,2015-01-20 13:45:00,LONG,1,633.6,640.16,31.680000000000003,32.008,200.0,6559.999999999945,6496.311999999945,target_mean,4,BULL_TREND
SC_IDX,synthetic,2015-01-20 18:45:00,2015-01-20 20:15:00,SHORT,1,670.3000000000001,679.9400000000002,33.51500000000001,33.99700000000001,200.0,-9640.0000000001,-9707.512000000099,stop,6,BULL_TREND
SC_IDX,synthetic,2015-01-21 03:15:00,2015-01-21 05:30:00,SHORT,1,702.7,697.09,35.135000000000005,34.8545,200.0,5610.000000000014,5540.010500000013,target_mean,9,BULL_TREND
SC_IDX,synthetic,2015-01-21 17:30:00,2015-01-21 17:45:00,SHORT,1,725.2,724.6492857142858,36.260000000000005,36.23246428571429,200.0,550.7142857142071,478.22182142849283,stop,1,BULL_TREND
SC_IDX,synthetic,2015-01-21 23:45:00,2015-01-22 00:15:00,LONG,1,706.4000000000001,706.7014285714287,35.32000000000001,35.33507142857143,200.0,301.4285714285734,230.77350000000195,stop,2,BULL_TREND
SC_IDX,synthetic,2015-01-22 02:00:00,2015-01-22 02:30:00,LONG,1,701.1,691.91,35.055,34.5955,200.0,-9190.000000000055,-9259.650500000054,stop,2,BULL_TREND
SC_IDX,synthetic,2015-01-22 03:00:00,2015-01-22 03:45:00,LONG,1,694.0000000000001,701.2700000000001,34.70000000000001,35.063500000000005,200.0,7269.999999999982,7200.236499999982,target_mean,3,BULL_TREND
SC_IDX,synthetic,2015-01-22 05:30:00,2015-01-22 08:00:00,LONG,1,686.0000000000001,689.265,34.300000000000004,34.46325,200.0,3264.9999999998727,3196.2367499998727,target_mean,10,BULL_TREND
SC_IDX,synthetic,2015-01-22 15:45:00,2015-01-22 18:00:00,LONG,1,667.3000000000001,671.13,33.36500000000001,33.5565,200.0,3829.9999999999272,3763.0784999999273,target_mean,9,BULL_TREND
SC_IDX,synthetic,2015-01-22 23:45:00,2015-01-23 03:15:00,LONG,1,650.8000000000001,649.9,32.540000000000006,32.495000000000005,200.0,-900.000000000091,-965.0350000000909,time_stop,14,BULL_TREND
SC_IDX,synthetic,2015-01-23 14:30:00,2015-01-23 18:00:00,SHORT,1,649.9,659.1714285714286,32.495000000000005,32.958571428571425,200.0,-9271.428571428602,-9336.882142857174,stop,14,BULL_TREND
SC_IDX,synthetic,2015-01-23 18:30:00,2015-01-23 19:45:00,SHORT,1,657.4,663.9285714285716,32.870000000000005,33.196428571428584,200.0,-6528.571428571581,-6594.63785714301,stop,5,BULL_TREND
SC_IDX,synthetic,2015-01-24 01:15:00,2015-01-24 01:30:00,SHORT,1,672.8000000000001,672.4128571428572,33.64000000000001,33.62064285714286,200.0,387.14285714286234,319.8822142857195,stop,1,BULL_TREND
SC_IDX,synthetic,2015-01-24 23:45:00,2015-01-25 01:00:00,SHORT,1,656.8000000000001,654.3350000000002,32.84000000000001,32.716750000000005,200.0,2464.999999999918,2399.443249999918,target_mean,5,BULL_TREND
SC_IDX,synthetic,2015-01-25 04:15:00,2015-01-25 04:45:00,SHORT,1,674.9,683.4085714285715,33.745000000000005,34.17042857142857,200.0,-8508.571428571486,-8576.486857142914,stop,2,BULL_TREND
SC_IDX,synthetic,2015-01-25 18:30:00,2015-01-25 19:30:00,SHORT,1,718.2,729.4142857142857,35.910000000000004,36.47071428571429,200.0,-11214.285714285666,-11286.666428571381,stop,4,BULL_TREND
SC_IDX,synthetic,2015-01-25 22:15:00,2015-01-25 23:15:00,LONG,1,699.6,714.125,34.980000000000004,35.706250000000004,200.0,14524.999999999978,14454.31374999998,target_mean,4,BULL_TREND
SC_IDX,synthetic,2015-01-26 07:00:00,2015-01-26 07:30:00,LONG,1,701.0000000000001,692.9714285714285,35.050000000000004,34.64857142857143,200.0,-8028.571428571581,-8098.270000000153,stop,2,BULL_TREND
SC_IDX,synthetic,2015-01-26 14:15:00,2015-01-26 16:45:00,SHORT,1,717.0,722.0857142857144,35.85,36.10428571428572,200.0,-5085.714285714403,-5157.668571428689,stop,10,BULL_TREND
SC_IDX,synthetic,2015-01-27 04:15:00,2015-01-27 04:30:00,SHORT,1,744.0,738.0000000000001,37.2,36.900000000000006,200.0,5999.999999999886,5925.899999999887,target_mean,1,BULL_TREND
SC_IDX,synthetic,2015-01-28 10:45:00,2015-01-28 11:15:00,SHORT,1,741.7,748.4142857142858,37.085,37.42071428571429,200.0,-6714.285714285779,-6788.791428571493,stop,2,BULL_TREND
SC_IDX,synthetic,2015-01-28 11:45:00,2015-01-28 12:30:00,SHORT,1,746.6,746.1735714285714,37.33,37.30867857142857,200.0,426.4285714285734,351.7898928571448,stop,3,BULL_TREND
SC_IDX,synthetic,2015-01-28 22:15:00,2015-01-29 00:30:00,LONG,1,738.6,748.2900000000001,36.93,37.41450000000001,200.0,9690.000000000055,9615.655500000054,target_mean,9,BULL_TREND
SC_IDX,synthetic,2015-01-29 07:00:00,2015-01-29 07:30:00,SHORT,1,777.9,766.4200000000001,38.895,38.321000000000005,200.0,11479.999999999905,11402.783999999905,target_mean,2,BULL_TREND
SC_IDX,synthetic,2015-01-29 08:45:00,2015-01-29 10:00:00,SHORT,1,784.6,776.3900000000001,39.230000000000004,38.819500000000005,200.0,8209.999999999924,8131.950499999924,target_mean,5,BULL_TREND
SC_IDX,synthetic,2015-01-29 20:30:00,2015-01-29 20:45:00,LONG,1,744.3000000000001,748.5550000000001,37.21500000000001,37.42775000000001,200.0,4254.999999999995,4180.3572499999955,target_mean,1,BULL_TREND
SC_IDX,synthetic,2015-01-29 22:00:00,2015-01-29 22:00:00,SHORT,1,757.5,767.2299999999999,37.875,38.3615,200.0,-9729.999999999905,-9806.236499999906,stop,0,BULL_TREND
SC_IDX,synthetic,2015-01-30 09:30:00,2015-01-30 09:30:00,LONG,1,759.7,759.5,37.985,37.975,200.0,-200.00000000004547,-275.9600000000455,stop,0,BULL_TREND
SC_IDX,synthetic,2015-01-30 10:30:00,2015-01-30 10:30:00,LONG,1,760.7,767.835,38.035000000000004,38.39175,200.0,7134.999999999991,7058.573249999991,target_mean,0,BULL_TREND
SC_IDX,synthetic,2015-01-30 14:00:00,2015-01-30 15:15:00,SHORT,1,785.4,784.8221428571428,39.27,39.241107142857146,200.0,577.8571428571695,499.3460357143124,stop,5,BULL_TREND
SC_IDX,synthetic,2015-01-31 13:15:00,2015-01-31 14:15:00,SHORT,1,792.7,787.4000000000001,39.635000000000005,39.370000000000005,200.0,5299.9999999999545,5220.994999999954,target_mean,4,BULL_TREND
SC_IDX,synthetic,2015-01-31 21:00:00,2015-01-31 21:15:00,SHORT,1,788.9,788.22,39.445,39.411,200.0,679.99999999995,601.14399999995,target_mean,1,BULL_TREND
SC_IDX,synthetic,2015-01-31 22:45:00,2015-01-31 22:45:00,SHORT,1,785.2,785.4000000000001,39.260000000000005,39.27000000000001,200.0,-200.00000000004547,-278.53000000004545,target_mean,0,BULL_TREND
SC_IDX,synthetic,2015-02-01 08:15:00,2015-02-01 11:30:00,SHORT,1,806.9,804.3000000000001,40.345,40.21500000000001,200.0,2599.999999999909,2519.439999999909,target_mean,13,BULL_TREND
SC_IDX,synthetic,2015-02-01 12:15:00,2015-02-01 12:45:00,LONG,1,788.8000000000001,789.3421428571429,39.440000000000005,39.46710714285715,200.0,542.142857142835,463.2357499999779,stop,2,BULL_TREND
SC_IDX,synthetic,2015-02-01 15:45:00,2015-02-01 17:15:00,LONG,1,782.0000000000001,773.3,39.10000000000001,38.665,200.0,-8700.00000000016,-8777.765000000161,stop,6,BULL_TREND
SC_IDX,synthetic,2015-02-01 19:00:00,2015-02-01 19:00:00,LONG,1,773.9000000000001,779.09,38.69500000000001,38.9545,200.0,5189.999999999941,5112.350499999941,target_mean,0,BULL_TREND
SC_IDX,synthetic,2015-02-01 20:00:00,2015-02-01 20:30:00,LONG,1,765.5000000000001,765.8892857142858,38.275000000000006,38.29446428571429,200.0,389.2857142857338,312.7162500000195,stop,2,BULL_TREND
SC_IDX,synthetic,2015-02-02 00:45:00,2015-02-02 01:45:00,SHORT,1,788.0,796.3000000000001,39.4,39.815000000000005,200.0,-8300.00000000007,-8379.21500000007,stop,4,BULL_TREND
SC_IDX,synthetic,2015-02-02 06:15:00,2015-02-02 09:00:00,SHORT,1,816.2,826.7571428571431,40.81,41.33785714285715,200.0,-10557.142857143048,-10639.290714285904,stop,11,BULL_TREND
SC_IDX,synthetic,2015-02-02 09:30:00,2015-02-02 09:45:00,SHORT,1,823.9,831.0571428571429,41.195,41.55285714285715,200.0,-7157.142857142958,-7239.890714285814,stop,1,BULL_TREND
SC_IDX,synthetic,2015-02-03 06:00:00,2015-02-03 07:15:00,SHORT,1,857.0,856.5142857142857,42.85,42.825714285714284,200.0,485.7142857142662,400.0385714285519,stop,5,BULL_TREND
SC_IDX,synthetic,2015-02-03 18:15:00,2015-02-03 18:30:00,LONG,1,833.9000000000001,827.3428571428572,41.69500000000001,41.36714285714286,200.0,-6557.142857142935,-6640.205000000077,stop,1,BULL_TREND
SC_IDX,synthetic,2015-02-03 20:45:00,2015-02-03 20:45:00,SHORT,1,837.3000000000001,837.0,41.86500000000001,41.85,200.0,300.0000000000682,216.2850000000682,target_mean,0,BULL_TREND
SC_IDX,synthetic,2015-02-04 01:00:00,2015-02-04 01:30:00,LONG,1,821.3000000000001,827.1,41.065000000000005,41.355000000000004,200.0,5799.9999999999545,5717.579999999955,target_mean,2,BULL_TREND
SC_IDX,synthetic,2015-02-04 11:30:00,2015-02-04 12:15:00,LONG,1,809.8000000000001,799.4,40.49000000000001,39.97,200.0,-10400.000000000091,-10480.46000000009,stop,3,BULL_TREND
SC_IDX,synthetic,2015-02-05 02:00:00,2015-02-05 03:45:00,SHORT,1,810.6,805.5350000000001,40.53,40.27675000000001,200.0,5064.999999999941,4984.193249999941,target_mean,7,BULL_TREND
SC_IDX,synthetic,2015-02-05 15:45:00,2015-02-05 17:15:00,LONG,1,803.1,803.8142857142857,40.155,40.190714285714286,200.0,714.2857142856656,633.9399999999513,stop,6,BULL_TREND
SC_IDX,synthetic,2015-02-06 05:30:00,2015-02-06 06:30:00,LONG,1,781.3000000000001,772.9428571428571,39.065000000000005,38.64714285714285,200.0,-8357.142857143004,-8434.855000000147,stop,4,BULL_TREND
SC_IDX,synthetic,2015-02-06 07:30:00,2015-02-06 09:30:00,LONG,1,773.0000000000001,775.99,38.650000000000006,38.7995,200.0,2989.9999999998954,2912.5504999998952,target_mean,8,BULL_TREND
SC_IDX,synthetic,2015-02-06 14:30:00,2015-02-06 15:45:00,LONG,1,764.0000000000001,770.9150000000001,38.20000000000001,38.545750000000005,200.0,6914.999999999964,6838.254249999964,target_mean,5,BULL_TREND
SC_IDX,synthetic,2015-02-06 20:30:00,2015-02-06 20:45:00,SHORT,1,784.1,791.0571428571429,39.205000000000005,39.55285714285715,200.0,-6957.142857142912,-7035.900714285769,stop,1,BULL_TREND
SC_IDX,synthetic,2015-02-06 21:30:00,2015-02-06 21:30:00,SHORT,1,800.3000000000001,800.5000000000001,40.01500000000001,40.025000000000006,200.0,-200.00000000004547,-280.0400000000455,stop,0,BULL_TREND
SC_IDX,synthetic,2015-02-07 07:15:00,2015-02-07 08:00:00,SHORT,1,769.4,777.2,38.47,38.86,200.0,-7800.000000000068,-7877.330000000068,stop,3,BULL_TREND
SC_IDX,synthetic,2015-02-07 08:30:00,2015-02-07 09:00:00,SHORT,1,773.6,791.4000000000001,38.68,39.57000000000001,200.0,-17800.00000000007,-17878.25000000007,stop,2,BULL_TREND
SC_IDX,synthetic,2015-02-07 18:45:00,2015-02-07 19:45:00,SHORT,1,783.2,773.8800000000001,39.160000000000004,38.69400000000001,200.0,9319.999999999936,9242.145999999937,target_mean,4,BULL_TREND
SC_IDX,synthetic,2015-02-07 21:45:00,2015-02-07 23:30:00,SHORT,1,788.8000000000001,782.6350000000001,39.440000000000005,39.13175000000001,200.0,6164.999999999964,6086.4282499999645,target_mean,7,BULL_TREND
SC_IDX,synthetic,2015-02-08 07:45:00,2015-02-08 08:45:00,SHORT,1,812.3000000000001,812.1,40.61500000000001,40.605000000000004,200.0,200.00000000004547,118.78000000004546,stop,4,BULL_TREND
SC_IDX,synthetic,2015-02-08 18:45:00,2015-02-08 20:15:00,LONG,1,784.9000000000001,789.855,39.245000000000005,39.49275,200.0,4954.999999999927,4876.262249999927,target_mean,6,BULL_TREND
SC_IDX,synthetic,2015-02-09 21:00:00,2015-02-09 21:45:00,SHORT,1,784.4,782.3100000000001,39.22,39.115500000000004,200.0,2089.999999999918,2011.6644999999182,target_mean,3,BULL_TREND
SC_IDX,synthetic,2015-02-10 03:30:00,2015-02-10 03:30:00,LONG,1,780.6,771.8142857142857,39.03,38.590714285714284,200.0,-8785.714285714334,-8863.335000000048,stop,0,BULL_TREND
SC_IDX,synthetic,2015-02-10 04:45:00,2015-02-10 06:15:00,LONG,1,767.3000000000001,758.5857142857143,38.36500000000001,37.92928571428572,200.0,-8714.28571428578,-8790.580000000065,stop,6,BULL_TREND
SC_IDX,synthetic,2015-02-10 16:00:00,2015-02-10 17:45:00,SHORT,1,779.2,785.8857142857142,38.96,39.294285714285714,200.0,-6685.714285714198,-6763.968571428484,stop,7,BULL_TREND
SC_IDX,synthetic,2015-02-10 18:30:00,2015-02-10 19:45:00,SHORT,1,789.5,782.33,39.475,39.1165,200.0,7169.999999999959,7091.408499999959,target_mean,5,BULL_TREND
SC_IDX,synthetic,2015-02-10 21:00:00,2015-02-10 21:00:00,SHORT,1,793.2,793.4000000000001,39.660000000000004,39.67000000000001,200.0,-200.00000000004547,-279.33000000004546,stop,0,BULL_TREND
SC_IDX,synthetic,2015-02-11 05:45:00,2015-02-11 08:00:00,LONG,1,772.3000000000001,778.3550000000001,38.61500000000001,38.917750000000005,200.0,6055.000000000064,5977.467250000064,target_mean,9,BULL_TREND
SC_IDX,synthetic,2015-02-11 18:15:00,2015-02-11 18:15:00,LONG,1,783.8000000000001,787.83,39.190000000000005,39.3915,200.0,4029.9999999999727,3951.4184999999725,target_mean,0,BULL_TREND
SC_IDX,synthetic,2015-02-11 22:30:00,2015-02-11 22:30:00,SHORT,1,792.0,800.0857142857144,39.6,40.00428571428572,200.0,-8085.714285714403,-8165.318571428688,stop,0,BULL_TREND
SC_IDX,synthetic,2015-02-12 02:15:00,2015-02-12 04:00:00,SHORT,1,831.4,843.1142857142858,41.57,42.15571428571429,200.0,-11714.28571428578,-11798.011428571494,stop,7,BULL_TREND
SC_IDX,synthetic,2015-02-12 05:15:00,2015-02-12 05:30:00,SHORT,1,842.9,846.1,42.145,42.305,200.0,-3200.0000000000455,-3284.4500000000453,stop,1,BULL_TREND
SC_IDX,synthetic,2015-02-12 06:45:00,2015-02-12 07:00:00,SHORT,1,845.2,840.075,42.260000000000005,42.003750000000004,200.0,5125.0,5040.73625,target_mean,1,BULL_TREND
SC_IDX,synthetic,2015-02-12 08:15:00,2015-02-12 09:15:00,SHORT,1,856.7,869.0142857142857,42.835,43.450714285714284,200.0,-12314.285714285688,-12400.571428571402,stop,4,BULL_TREND
SC_IDX,synthetic,2015-02-12 09:30:00,2015-02-12 11:00:00,SHORT,1,867.1,857.21,43.355000000000004,42.8605,200.0,9889.999999999985,9803.784499999985,target_mean,6,BULL_TREND
SC_IDX,synthetic,2015-02-12 13:30:00,2015-02-12 13:45:00,SHORT,1,880.1,879.6135714285715,44.005,43.98067857142858,200.0,486.4285714285188,398.4428928570902,stop,1,BULL_TREND
SC_IDX,synthetic,2015-02-13 07:15:00,2015-02-13 07:45:00,LONG,1,858.0000000000001,848.6,42.900000000000006,42.43,200.0,-9400.000000000091,-9485.33000000009,stop,2,BULL_TREND
SC_IDX,synthetic,2015-02-13 18:00:00,2015-02-13 19:00:00,SHORT,1,949.6,966.0542857142858,47.480000000000004,48.302714285714295,200.0,-16454.28571428579,-16550.068428571503,stop,4,BULL_TREND
SC_IDX,synthetic,2015-02-13 21:30:00,2015-02-13 22:30:00,SHORT,1,967.7,963.4150000000002,48.385000000000005,48.17075000000001,200.0,4284.9999999998545,4188.444249999854,target_mean,4,BULL_TREND
SC_IDX,synthetic,2015-02-14 10:15:00,2015-02-14 11:00:00,SHORT,1,976.5,986.1142857142858,48.825,49.305714285714295,200.0,-9614.285714285757,-9712.416428571472,stop,3,BULL_TREND
SC_IDX,synthetic,2015-02-15 01:15:00,2015-02-15 01:30:00,LONG,1,946.2,938.0428571428572,47.31,46.90214285714286,200.0,-8157.142857142844,-8251.354999999987,stop,1,BULL_TREND
SC_IDX,synthetic,2015-02-15 10:45:00,2015-02-15 11:15:00,SHORT,1,968.4,951.1,48.42,47.555,200.0,17299.999999999956,17204.024999999958,target_mean,2,BULL_TREND
SC_IDX,synthetic,2015-02-15 18:00:00,2015-02-15 20:15:00,LONG,1,948.8000000000001,951.16,47.440000000000005,47.558,200.0,2359.9999999999,2265.0019999999,target_mean,9,BULL_TREND
SC_IDX,synthetic,2015-02-15 21:00:00,2015-02-15 22:30:00,SHORT,1,963.2,970.1857142857144,48.160000000000004,48.509285714285724,200.0,-6985.71428571438,-7082.383571428665,stop,6,BULL_TREND
SC_IDX,synthetic,2015-02-16 00:30:00,2015-02-16 00:30:00,SHORT,1,979.9,980.1,48.995000000000005,49.005,200.0,-200.00000000004547,-298.0000000000455,stop,0,BULL_TREND
SC_IDX,synthetic,2015-02-16 03:00:00,2015-02-16 03:45:00,SHORT,1,998.6,1006.157142857143,49.93,50.30785714285715,200.0,-7557.142857142935,-7657.380714285792,stop,3,BULL_TREND
SC_IDX,synthetic,2015-02-16 07:15:00,2015-02-16 07:15:00,SHORT,1,1027.0000000000002,1027.2,51.350000000000016,51.36,200.0,-199.9999999998181,-302.70999999981814,stop,0,BULL_TREND
SC_IDX,synthetic,2015-02-16 08:15:00,2015-02-16 08:15:00,SHORT,1,1029.5000000000002,1040.357142857143,51.475000000000016,52.017857142857146,200.0,-10857.142857142662,-10960.63571428552,stop,0,BULL_TREND
SC_IDX,synthetic,2015-02-16 10:00:00,2015-02-16 10:00:00,SHORT,1,1056.0000000000002,1056.2,52.80000000000001,52.81,200.0,-199.9999999998181,-305.6099999998181,stop,0,BULL_TREND
SC_IDX,synthetic,2015-02-16 20:45:00,2015-02-16 20:45:00,LONG,1,1014.7,1025.0500000000002,50.735,51.25250000000001,200.0,10350.000000000136,10248.012500000135,target_mean,0,BULL_TREND
SC_IDX,synthetic,2015-02-17 01:00:00,2015-02-17 01:00:00,LONG,1,1022.8000000000001,1024.38,51.14000000000001,51.21900000000001,200.0,1580.000000000041,1477.6410000000408,target_mean,0,BULL_TREND
SC_IDX,synthetic,2015-02-17 04:00:00,2015-02-17 04:30:00,SHORT,1,1035.5000000000002,1030.35,51.77500000000001,51.5175,200.0,5150.000000000318,5046.707500000319,target_mean,2,BULL_TREND
SC_IDX,synthetic,2015-02-17 05:15:00,2015-02-17 06:15:00,SHORT,1,1045.2,1056.8571428571427,52.260000000000005,52.84285714285714,200.0,-11657.142857142617,-11762.245714285475,stop,4,BULL_TREND
SC_IDX,synthetic,2015-02-17 07:00:00,2015-02-17 08:30:00,SHORT,1,1062.5000000000002,1050.87,53.125000000000014,52.5435,200.0,11630.000000000337,11524.331500000337,target_mean,6,BULL_TREND
SC_IDX,synthetic,2015-02-17 13:45:00,2015-02-17 15:15:00,LONG,1,1036.5,1043.9300000000003,51.825,52.196500000000015,200.0,7430.000000000291,7325.978500000291,target_mean,6,BULL_TREND
SC_IDX,synthetic,2015-02-18 12:15:00,2015-02-18 15:15:00,LONG,1,977.2,978.1185714285715,48.86,48.905928571428575,200.0,918.5714285714539,820.8055000000253,stop,12,BULL_TREND
SC_IDX,synthetic,2015-02-18 19:00:00,2015-02-18 19:00:00,SHORT,1,988.4,985.1,49.42,49.255,200.0,3299.9999999999545,3201.3249999999543,target_mean,0,BULL_TREND
SC_IDX,synthetic,2015-02-18 20:15:00,2015-02-18 20:15:00,SHORT,1,979.4,979.6,48.97,48.980000000000004,200.0,-200.00000000004547,-297.95000000004546,target_mean,0,BULL_TREND
SC_IDX,synthetic,2015-02-19 03:00:00,2015-02-19 05:00:00,SHORT,1,1004.2,1000.5350000000001,50.21,50.02675000000001,200.0,3664.9999999999636,3564.7632499999636,target_mean,8,BULL_TREND
SC_IDX,synthetic,2015-02-19 11:00:00,2015-02-19 12:00:00,LONG,1,961.0000000000001,961.7885714285716,48.05000000000001,48.089428571428584,200.0,788.5714285714585,692.4320000000299,stop,4,BULL_TREND
SC_IDX,synthetic,2015-02-20 00:45:00,2015-02-20 01:15:00,SHORT,1,982.6,982.0000000000001,49.13,49.10000000000001,200.0,599.999999999909,501.76999999990903,stop,2,BULL_TREND
SC_IDX,synthetic,2015-02-20 09:15:00,2015-02-20 09:15:00,SHORT,1,978.9,975.6700000000001,48.945,48.78350000000001,200.0,3229.9999999999045,3132.2714999999043,target_mean,0,BULL_TREND
SC_IDX,synthetic,2015-02-20 12:15:00,2015-02-20 12:45:00,SHORT,1,998.8000000000001,1006.5285714285716,49.940000000000005,50.32642857142858,200.0,-7728.571428571513,-7828.837857142941,stop,2,BULL_TREND
SC_IDX,synthetic,2015-02-20 13:30:00,2015-02-20 14:30:00,SHORT,1,1009.3000000000001,995.1350000000001,50.46500000000001,49.75675000000001,200.0,14164.999999999964,14064.778249999963,target_mean,4,BULL_TREND
SC_IDX,synthetic,2015-02-20 21:30:00,2015-02-20 22:30:00,LONG,1,980.9000000000001,986.76,49.04500000000001,49.338,200.0,5859.9999999999,5761.6169999999,target_mean,4,BULL_TREND
SC_IDX,synthetic,2015-02-20 22:45:00,2015-02-20 22:45:00,LONG,1,982.9000000000001,986.4399999999999,49.14500000000001,49.321999999999996,200.0,3539.99999999985,3441.53299999985,target_mean,0,BULL_TREND
SC_IDX,synthetic,2015-02-21 02:15:00,2015-02-21 03:45:00,SHORT,1,993.1,1006.6142857142858,49.655,50.33071428571429,200.0,-13514.285714285734,-13614.271428571448,stop,6,BULL_TREND
SC_IDX,synthetic,2015-02-21 05:45:00,2015-02-21 06:00:00,SHORT,1,1011.4,1023.9328571428572,50.57,51.19664285714286,200.0,-12532.85714285721,-12634.623785714353,stop,1,BULL_TREND
SC_IDX,synthetic,2015-02-21 18:15:00,2015-02-21 19:15:00,LONG,1,989.7,1001.39,49.485,50.069500000000005,200.0,11689.999999999942,11590.445499999942,target_mean,4,BULL_TREND
SC_IDX,synthetic,2015-02-21 20:15:00,2015-02-21 21:00:00,LONG,1,975.4000000000001,966.9,48.77000000000001,48.345,200.0,-8500.000000000113,-8597.115000000113,stop,3,BULL_TREND
SC_IDX,synthetic,2015-02-22 04:15:00,2015-02-22 04:15:00,SHORT,1,973.0,973.2,48.650000000000006,48.660000000000004,200.0,-200.00000000004547,-297.3100000000455,target_mean,0,BULL_TREND
SC_IDX,synthetic,2015-02-22 05:15:00,2015-02-22 05:15:00,LONG,1,970.4000000000001,961.5571428571429,48.52000000000001,48.07785714285715,200.0,-8842.857142857156,-8939.455000000013,stop,0,BULL_TREND
SC_IDX,synthetic,2015-02-22 06:15:00,2015-02-22 08:00:00,LONG,1,950.0000000000001,941.2714285714286,47.50000000000001,47.063571428571436,200.0,-8728.571428571513,-8823.135000000084,stop,7,BULL_TREND
SC_IDX,synthetic,2015-02-22 14:15:00,2015-02-22 15:00:00,LONG,1,937.1,924.6,46.855000000000004,46.230000000000004,200.0,-12500.0,-12593.085,stop,3,WHIPSAW_RANGE
SC_IDX,synthetic,2015-02-22 23:30:00,2015-02-23 01:45:00,SHORT,1,978.7,971.3000000000001,48.935,48.565000000000005,200.0,7399.999999999977,7302.499999999977,target_mean,9,WHIPSAW_RANGE
SC_IDX,synthetic,2015-02-23 08:30:00,2015-02-23 10:15:00,LONG,1,953.8000000000001,966.4899999999999,47.690000000000005,48.32449999999999,200.0,12689.999999999827,12593.985499999826,target_mean,7,WHIPSAW_RANGE
SC_IDX,synthetic,2015-02-24 00:45:00,2015-02-24 01:00:00,LONG,1,951.0000000000001,960.915,47.55000000000001,48.045750000000005,200.0,9914.99999999985,9819.404249999852,target_mean,1,WHIPSAW_RANGE
SC_IDX,synthetic,2015-02-24 08:45:00,2015-02-24 09:15:00,SHORT,1,963.5,982.9714285714286,48.175000000000004,49.14857142857144,200.0,-19471.428571428645,-19568.752142857214,stop,2,WHIPSAW_RANGE
SC_IDX,synthetic,2015-02-24 20:30:00,2015-02-24 21:45:00,SHORT,1,998.1,1016.0142857142858,49.905,50.80071428571429,200.0,-17914.285714285827,-18014.99142857154,stop,5,WHIPSAW_RANGE
SC_IDX,synthetic,2015-02-25 03:00:00,2015-02-25 03:00:00,SHORT,1,1034.8000000000002,1035.0,51.740000000000016,51.75,200.0,-199.9999999998181,-303.4899999998181,stop,0,WHIPSAW_RANGE
SC_IDX,synthetic,2015-02-25 07:45:00,2015-02-25 08:00:00,LONG,1,956.3000000000001,936.4428571428572,47.815000000000005,46.82214285714286,200.0,-19857.14285714289,-19951.78000000003,stop,1,WHIPSAW_RANGE
SC_IDX,synthetic,2015-02-26 07:00:00,2015-02-26 08:30:00,SHORT,1,984.8000000000001,958.625,49.24000000000001,47.931250000000006,200.0,26175.00000000007,26077.828750000066,target_mean,6,WHIPSAW_RANGE
SC_IDX,synthetic,2015-02-26 15:15:00,2015-02-26 15:15:00,LONG,1,963.7,973.3149999999999,48.185,48.665749999999996,200.0,9614.999999999894,9518.149249999895,target_mean,0,WHIPSAW_RANGE
SC_IDX,synthetic,2015-02-26 22:30:00,2015-02-26 23:15:00,LONG,1,885.7,899.22,44.285000000000004,44.961000000000006,200.0,13519.999999999982,13430.753999999983,target_mean,3,WHIPSAW_RANGE
SC_IDX,synthetic,2015-02-27 00:45:00,2015-02-27 01:30:00,LONG,1,882.8000000000001,887.8050000000001,44.14000000000001,44.39025000000001,200.0,5004.999999999995,4916.469749999995,target_mean,3,WHIPSAW_RANGE
SC_IDX,synthetic,2015-02-27 03:15:00,2015-02-27 04:15:00,SHORT,1,933.5,932.49,46.675000000000004,46.624500000000005,200.0,1009.9999999999909,916.7004999999909,stop,4,WHIPSAW_RANGE
SC_IDX,synthetic,2015-02-27 08:15:00,2015-02-27 08:15:00,SHORT,1,961.0,952.7700000000001,48.050000000000004,47.63850000000001,200.0,8229.999999999905,8134.311499999905,target_mean,0,WHIPSAW_RANGE
SC_IDX,synthetic,2015-02-27 13:15:00,2015-02-27 14:45:00,LONG,1,929.3000000000001,939.9499999999999,46.46500000000001,46.997499999999995,200.0,10649.999999999864,10556.537499999864,target_mean,6,WHIPSAW_RANGE
SC_IDX,synthetic,2015-02-27 23:30:00,2015-02-28 00:15:00,LONG,1,959.9000000000001,960.6542857142858,47.99500000000001,48.03271428571429,200.0,754.2857142857429,658.2580000000286,stop,3,WHIPSAW_RANGE
SC_IDX,synthetic,2015-02-28 01:00:00,2015-02-28 01:15:00,LONG,1,955.1,966.8149999999999,47.755,48.34075,200.0,11714.999999999918,11618.90424999992,target_mean,1,WHIPSAW_RANGE
SC_IDX,synthetic,2015-02-28 07:30:00,2015-02-28 07:45:00,LONG,1,953.2,936.3857142857144,47.660000000000004,46.81928571428572,200.0,-16814.28571428569,-16908.764999999974,stop,1,WHIPSAW_RANGE
SC_IDX,synthetic,2015-02-28 18:00:00,2015-02-28 18:45:00,LONG,1,938.9000000000001,923.4142857142857,46.94500000000001,46.17071428571429,200.0,-15485.71428571438,-15578.830000000095,stop,3,WHIPSAW_RANGE
SC_IDX,synthetic,2015-02-28 19:15:00,2015-02-28 19:30:00,LONG,1,922.5000000000001,923.6871428571429,46.12500000000001,46.18435714285715,200.0,1187.1428571428169,1094.8334999999597,stop,1,WHIPSAW_RANGE
SC_IDX,synthetic,2015-03-01 14:30:00,2015-03-01 14:30:00,LONG,1,952.5000000000001,952.3000000000001,47.62500000000001,47.61500000000001,200.0,-200.00000000004547,-295.2400000000455,stop,0,WHIPSAW_RANGE
SC_IDX,synthetic,2015-03-01 15:30:00,2015-03-01 15:45:00,LONG,1,954.7,941.6,47.735,47.080000000000005,200.0,-13100.000000000022,-13194.815000000022,stop,1,WHIPSAW_RANGE
SC_IDX,synthetic,2015-03-02 06:30:00,2015-03-02 07:15:00,SHORT,1,957.4,973.8285714285714,47.870000000000005,48.691428571428574,200.0,-16428.571428571446,-16525.132857142875,stop,3,WHIPSAW_RANGE
SC_IDX,synthetic,2015-03-02 09:00:00,2015-03-02 11:00:00,SHORT,1,981.3000000000001,977.59,49.065000000000005,48.8795,200.0,3710.0000000000364,3612.0555000000363,target_mean,8,WHIPSAW_RANGE
SC_IDX,synthetic,2015-03-03 13:00:00,2015-03-03 13:30:00,SHORT,1,966.6,951.6350000000001,48.330000000000005,47.58175000000001,200.0,14964.999999999918,14869.088249999919,target_mean,2,WHIPSAW_RANGE
SC_IDX,synthetic,2015-03-03 22:00:00,2015-03-03 22:00:00,SHORT,1,965.4,965.6,48.27,48.28,200.0,-200.00000000004547,-296.5500000000455,stop,0,WHIPSAW_RANGE
SC_IDX,synthetic,2015-03-04 06:15:00,2015-03-04 07:15:00,SHORT,1,1018.1,1001.9700000000001,50.905,50.09850000000001,200.0,16129.999999999882,16028.996499999881,target_mean,4,WHIPSAW_RANGE
SC_IDX,synthetic,2015-03-04 18:00:00,2015-03-04 18:15:00,LONG,1,888.5000000000001,887.1,44.42500000000001,44.355000000000004,200.0,-1400.000000000091,-1488.780000000091,stop,1,WHIPSAW_RANGE
SC_IDX,synthetic,2015-03-04 21:00:00,2015-03-04 21:30:00,LONG,1,897.1,903.9199999999998,44.855000000000004,45.196,200.0,6819.999999999823,6729.948999999823,target_mean,2,WHIPSAW_RANGE
SC_IDX,synthetic,2015-03-05 04:45:00,2015-03-05 06:15:00,SHORT,1,905.9,930.7885714285715,45.295,46.53942857142857,200.0,-24888.571428571482,-24980.40585714291,stop,6,WHIPSAW_RANGE
SC_IDX,synthetic,2015-03-05 07:00:00,2015-03-05 07:00:00,SHORT,1,922.5,913.57,46.125,45.6785,200.0,8929.999999999949,8838.196499999949,target_mean,0,WHIPSAW_RANGE
SC_IDX,synthetic,2015-03-06 06:30:00,2015-03-06 07:30:00,LONG,1,974.6,982.595,48.730000000000004,49.12975,200.0,7995.000000000005,7897.140250000005,target_mean,4,WHIPSAW_RANGE
SC_IDX,synthetic,2015-03-06 14:30:00,2015-03-06 14:45:00,SHORT,1,1006.9,1005.6278571428571,50.345,50.28139285714286,200.0,1272.1428571428532,1171.5164642857103,stop,1,WHIPSAW_RANGE
SC_IDX,synthetic,2015-03-07 01:45:00,2015-03-07 01:45:00,LONG,1,986.3000000000001,986.1,49.315000000000005,49.305,200.0,-200.00000000004547,-298.6200000000455,target_mean,0,WHIPSAW_RANGE
SC_IDX,synthetic,2015-03-07 04:00:00,2015-03-07 05:45:00,LONG,1,953.2,963.7950000000001,47.660000000000004,48.18975000000001,200.0,10595.000000000027,10499.150250000028,target_mean,7,WHIPSAW_RANGE
SC_IDX,synthetic,2015-03-07 23:15:00,2015-03-08 01:15:00,LONG,1,943.4000000000001,959.9,47.17000000000001,47.995000000000005,200.0,16499.999999999887,16404.83499999989,target_mean,8,WHIPSAW_RANGE
SC_IDX,synthetic,2015-03-08 12:30:00,2015-03-08 12:45:00,SHORT,1,961.0,977.1142857142858,48.050000000000004,48.85571428571429,200.0,-16114.285714285757,-16211.19142857147,stop,1,WHIPSAW_RANGE
SC_IDX,synthetic,2015-03-08 13:45:00,2015-03-08 15:45:00,SHORT,1,967.3000000000001,962.49,48.36500000000001,48.124500000000005,200.0,4810.000000000059,4713.510500000059,target_mean,8,WHIPSAW_RANGE
SC_IDX,synthetic,2015-03-08 20:45:00,2015-03-08 21:00:00,SHORT,1,988.7,977.7700000000001,49.435,48.88850000000001,200.0,10929.999999999949,10831.67649999995,target_mean,1,WHIPSAW_RANGE
SC_IDX,synthetic,2015-03-09 00:30:00,2015-03-09 01:15:00,LONG,1,972.5000000000001,949.0,48.62500000000001,47.45,200.0,-23500.000000000113,-23596.075000000114,stop,3,WHIPSAW_RANGE
SC_IDX,synthetic,2015-03-09 01:30:00,2015-03-09 02:00:00,LONG,1,949.5000000000001,969.9549999999999,47.47500000000001,48.497749999999996,200.0,20454.999999999814,20359.027249999817,target_mean,2,WHIPSAW_RANGE
SC_IDX,synthetic,2015-03-09 06:30:00,2015-03-09 06:30:00,SHORT,1,979.4,1002.2442857142858,48.97,50.112214285714295,200.0,-22844.285714285776,-22943.36792857149,stop,0,WHIPSAW_RANGE
SC_IDX,synthetic,2015-03-09 07:30:00,2015-03-09 08:00:00,SHORT,1,983.0,1005.3285714285715,49.150000000000006,50.26642857142858,200.0,-22328.571428571537,-22427.987857142965,stop,2,WHIPSAW_RANGE
SC_IDX,synthetic,2015-03-09 08:30:00,2015-03-09 09:30:00,SHORT,1,1001.7,981.2950000000001,50.085,49.06475000000001,200.0,20404.99999999997,20305.85024999997,target_mean,4,WHIPSAW_RANGE
SC_IDX,synthetic,2015-03-09 23:00:00,2015-03-09 23:30:00,LONG,1,936.6,937.605,46.830000000000005,46.880250000000004,200.0,1004.9999999999955,911.2897499999954,stop,2,WHIPSAW_RANGE
SC_IDX,synthetic,2015-03-10 01:45:00,2015-03-10 01:45:00,LONG,1,921.6,921.4,46.080000000000005,46.07,200.0,-200.00000000004547,-292.1500000000455,stop,0,WHIPSAW_RANGE
SC_IDX,synthetic,2015-03-10 15:30:00,2015-03-10 16:00:00,LONG,1,965.4000000000001,974.5150000000001,48.27000000000001,48.725750000000005,200.0,9115.00000000001,9018.004250000009,target_mean,2,WHIPSAW_RANGE
SC_IDX,synthetic,2015-03-10 21:30:00,2015-03-10 23:15:00,LONG,1,942.1,916.8428571428572,47.105000000000004,45.84214285714286,200.0,-25257.142857142866,-25350.090000000007,stop,7,WHIPSAW_RANGE
SC_IDX,synthetic,2015-03-10 23:45:00,2015-03-11 02:15:00,LONG,1,924.0000000000001,906.4142857142858,46.20000000000001,45.320714285714295,200.0,-17585.71428571429,-17677.235000000004,stop,10,WHIPSAW_RANGE
SC_IDX,synthetic,2015-03-11 05:30:00,2015-03-11 05:30:00,SHORT,1,946.4,962.3142857142858,47.32,48.11571428571429,200.0,-15914.285714285825,-16009.721428571538,stop,0,WHIPSAW_RANGE
SC_IDX,synthetic,2015-03-11 23:15:00,2015-03-12 00:45:00,SHORT,1,966.2,986.0571428571429,48.31,49.30285714285715,200.0,-19857.14285714289,-19954.75571428575,stop,6,WHIPSAW_RANGE
SC_IDX,synthetic,2015-03-12 01:15:00,2015-03-12 01:30:00,SHORT,1,990.5,994.6,49.525000000000006,49.730000000000004,200.0,-4100.000000000023,-4199.255000000022,stop,1,WHIPSAW_RANGE
SC_IDX,synthetic,2015-03-12 09:00:00,2015-03-12 11:00:00,LONG,1,951.3000000000001,959.9649999999999,47.565000000000005,47.99825,200.0,8664.99999999985,8569.43674999985,target_mean,8,WHIPSAW_RANGE
SC_IDX,synthetic,2015-03-13 14:45:00,2015-03-13 16:45:00,SHORT,1,918.1,933.0,45.905,46.650000000000006,200.0,-14899.999999999978,-14992.554999999978,stop,8,WHIPSAW_RANGE
SC_IDX,synthetic,2015-03-13 20:30:00,2015-03-13 20:30:00,SHORT,1,948.5,948.7,47.425000000000004,47.435,200.0,-200.00000000004547,-294.8600000000455,stop,0,WHIPSAW_RANGE
SC_IDX,synthetic,2015-03-14 06:30:00,2015-03-14 08:00:00,LONG,1,921.9000000000001,939.245,46.095000000000006,46.962250000000004,200.0,17344.999999999913,17251.94274999991,target_mean,6,WHIPSAW_RANGE
SC_IDX,synthetic,2015-03-14 20:30:00,2015-03-14 20:45:00,SHORT,1,983.5,1006.01,49.175000000000004,50.3005,200.0,-22509.999999999993,-22609.475499999993,stop,1,WHIPSAW_RANGE
SC_IDX,synthetic,2015-03-14 21:30:00,2015-03-14 22:30:00,SHORT,1,990.4,977.5600000000001,49.52,48.87800000000001,200.0,12839.999999999918,12741.601999999917,target_mean,4,WHIPSAW_RANGE
SC_IDX,synthetic,2015-03-15 00:15:00,2015-03-15 01:15:00,SHORT,1,1004.0,1021.7857142857143,50.2,51.089285714285715,200.0,-17785.714285714334,-17887.00357142862,stop,4,WHIPSAW_RANGE
SC_IDX,synthetic,2015-03-15 07:00:00,2015-03-15 07:45:00,SHORT,1,1029.5000000000002,1019.4550000000002,51.475000000000016,50.972750000000005,200.0,10045.000000000073,9942.552250000072,target_mean,3,WHIPSAW_RANGE
SC_IDX,synthetic,2015-03-15 21:45:00,2015-03-15 23:00:00,SHORT,1,995.3000000000001,985.9700000000001,49.76500000000001,49.29850000000001,200.0,9329.999999999927,9230.936499999927,target_mean,5,WHIPSAW_RANGE
SC_IDX,synthetic,2015-03-16 02:45:00,2015-03-16 03:30:00,LONG,1,961.7,1001.7,48.085,50.085,200.0,40000.0,39901.83,target_mean,3,WHIPSAW_RANGE
SC_IDX,synthetic,2015-03-16 12:45:00,2015-03-16 13:30:00,LONG,1,970.0000000000001,971.0864285714287,48.50000000000001,48.554321428571434,200.0,1086.4285714285415,989.3742499999701,stop,3,WHIPSAW_RANGE
SC_IDX,synthetic,2015-03-16 16:15:00,2015-03-16 17:00:00,LONG,1,948.7,946.1,47.435,47.305,200.0,-2600.0000000000227,-2694.7400000000225,stop,3,WHIPSAW_RANGE
SC_IDX,synthetic,2015-03-16 19:00:00,2015-03-16 19:00:00,LONG,1,913.7,913.5,45.685,45.675000000000004,200.0,-200.00000000004547,-291.3600000000455,stop,0,WHIPSAW_RANGE
SC_IDX,synthetic,2015-03-17 07:45:00,2015-03-17 08:45:00,LONG,1,920.1,938.8500000000001,46.005,46.94250000000001,200.0,18750.000000000113,18657.05250000011,target_mean,4,WHIPSAW_RANGE
SC_IDX,synthetic,2015-03-18 02:00:00,2015-03-18 02:00:00,LONG,1,935.3000000000001,944.4200000000001,46.76500000000001,47.22100000000001,200.0,9120.000000000004,9026.014000000005,target_mean,0,WHIPSAW_RANGE
SC_IDX,synthetic,2015-03-18 12:15:00,2015-03-18 12:15:00,LONG,1,914.6,914.4,45.730000000000004,45.72,200.0,-200.00000000004547,-291.4500000000455,stop,0,WHIPSAW_RANGE
SC_IDX,synthetic,2015-03-19 04:45:00,2015-03-19 05:30:00,SHORT,1,987.5,1013.3000000000001,49.375,50.665000000000006,200.0,-25800.00000000007,-25900.04000000007,stop,3,WHIPSAW_RANGE
SC_IDX,synthetic,2015-03-19 21:45:00,2015-03-19 21:45:00,SHORT,1,986.9,987.1,49.345,49.355000000000004,200.0,-200.00000000004547,-298.70000000004546,stop,0,WHIPSAW_RANGE
SC_IDX,synthetic,2015-03-19 23:00:00,2015-03-19 23:00:00,SHORT,1,988.3000000000001,988.5000000000001,49.415000000000006,49.42500000000001,200.0,-200.00000000004547,-298.8400000000455,stop,0,WHIPSAW_RANGE
SC_IDX,synthetic,2015-03-20 04:15:00,2015-03-20 06:15:00,LONG,1,963.6,966.225,48.18,48.31125,200.0,2625.0,2528.50875,target_mean,8,WHIPSAW_RANGE
SC_IDX,synthetic,2015-03-20 16:00:00,2015-03-20 16:30:00,SHORT,1,982.6,972.1700000000001,49.13,48.60850000000001,200.0,10429.999999999949,10332.26149999995,target_mean,2,WHIPSAW_RANGE
SC_IDX,synthetic,2015-03-20 19:45:00,2015-03-20 20:15:00,LONG,1,971.6,973.8799999999999,48.580000000000005,48.693999999999996,200.0,2279.999999999859,2182.725999999859,target_mean,2,WHIPSAW_RANGE
SC_IDX,synthetic,2015-03-20 22:15:00,2015-03-20 22:30:00,SHORT,1,981.1,974.8000000000002,49.055,48.740000000000016,200.0,6299.999999999841,6202.204999999841,target_mean,1,WHIPSAW_RANGE
SC_IDX,synthetic,2015-03-21 11:15:00,2015-03-21 11:30:00,LONG,1,964.1,942.7,48.205000000000005,47.135000000000005,200.0,-21399.999999999978,-21495.33999999998,stop,1,WHIPSAW_RANGE
SC_IDX,synthetic,2015-03-21 12:15:00,2015-03-21 12:30:00,LONG,1,958.6,933.6857142857143,47.93,46.68428571428572,200.0,-24914.28571428571,-25008.899999999998,stop,1,WHIPSAW_RANGE
SC_IDX,synthetic,2015-03-22 10:00:00,2015-03-22 11:30:00,LONG,1,931.8000000000001,954.205,46.59000000000001,47.71025,200.0,22404.99999999997,22310.69974999997,target_mean,6,WHIPSAW_RANGE
SC_IDX,synthetic,2015-03-22 23:45:00,2015-03-23 00:30:00,LONG,1,886.4000000000001,896.1099999999998,44.32000000000001,44.80549999999999,200.0,9709.999999999694,9620.874499999694,target_mean,3,WHIPSAW_RANGE
SC_IDX,synthetic,2015-03-23 01:00:00,2015-03-23 01:00:00,LONG,1,920.5000000000001,920.3000000000001,46.025000000000006,46.01500000000001,200.0,-200.00000000004547,-292.0400000000455,target_mean,0,WHIPSAW_RANGE
SC_IDX,synthetic,2015-03-23 05:00:00,2015-03-23 06:00:00,SHORT,1,936.5,950.7285714285715,46.825,47.53642857142857,200.0,-14228.571428571513,-14322.932857142941,stop,4,WHIPSAW_RANGE
SC_IDX,synthetic,2015-03-24 00:15:00,2015-03-24 01:45:00,SHORT,1,934.3000000000001,929.4400000000002,46.71500000000001,46.47200000000001,200.0,4859.9999999999,4766.8129999999,target_mean,6,WHIPSAW_RANGE
SC_IDX,synthetic,2015-03-24 02:45:00,2015-03-24 03:00:00,SHORT,1,940.4,953.0285714285714,47.02,47.65142857142857,200.0,-12628.571428571377,-12723.242857142806,stop,1,WHIPSAW_RANGE
SC_IDX,synthetic,2015-03-24 04:15:00,2015-03-24 05:00:00,SHORT,1,960.3000000000001,959.3171428571429,48.01500000000001,47.96585714285715,200.0,982.8571428571422,886.876285714285,stop,3,WHIPSAW_RANGE
SC_IDX,synthetic,2015-03-24 09:30:00,2015-03-24 09:45:00,SHORT,1,974.0,955.1650000000002,48.7,47.75825000000001,200.0,18834.99999999981,18738.54174999981,target_mean,1,WHIPSAW_RANGE
SC_IDX,synthetic,2015-03-24 11:30:00,2015-03-24 13:00:00,SHORT,1,984.4,966.325,49.22,48.316250000000004,200.0,18074.99999999993,17977.46374999993,target_mean,6,WHIPSAW_RANGE
SC_IDX,synthetic,2015-03-24 15:30:00,2015-03-24 16:00:00,SHORT,1,984.3000000000001,976.6350000000001,49.21500000000001,48.83175000000001,200.0,7664.999999999964,7566.953249999963,target_mean,2,WHIPSAW_RANGE
SC_IDX,synthetic,2015-03-24 21:15:00,2015-03-24 21:30:00,LONG,1,963.0000000000001,977.275,48.150000000000006,48.86375,200.0,14274.999999999864,14177.986249999864,target_mean,1,WHIPSAW_RANGE
SC_IDX,synthetic,2015-03-25 00:45:00,2015-03-25 01:15:00,SHORT,1,999.6,978.1450000000001,49.980000000000004,48.907250000000005,200.0,21454.999999999927,21356.112749999927,target_mean,2,WHIPSAW_RANGE
SC_IDX,synthetic,2015-03-25 04:30:00,2015-03-25 05:45:00,LONG,1,946.4000000000001,973.275,47.32000000000001,48.66375,200.0,26874.999999999887,26779.016249999888,target_mean,5,WHIPSAW_RANGE
SC_IDX,synthetic,2015-03-25 16:00:00,2015-03-25 16:00:00,SHORT,1,1014.3000000000001,1004.155,50.71500000000001,50.207750000000004,200.0,10145.000000000095,10044.077250000095,target_mean,0,WHIPSAW_RANGE
SC_IDX,synthetic,2015-03-25 17:45:00,2015-03-25 17:45:00,SHORT,1,1003.1,1003.3000000000001,50.155,50.165000000000006,200.0,-200.00000000004547,-300.32000000004547,target_mean,0,WHIPSAW_RANGE
SC_IDX,synthetic,2015-03-25 19:00:00,2015-03-25 19:00:00,LONG,1,1006.8000000000001,1006.6,50.34000000000001,50.330000000000005,200.0,-200.00000000004547,-300.6700000000455,target_mean,0,WHIPSAW_RANGE
SC_IDX,synthetic,2015-03-25 22:45:00,2015-03-25 23:30:00,LONG,1,971.1,953.4428571428572,48.555,47.67214285714286,200.0,-17657.142857142844,-17753.369999999988,stop,3,WHIPSAW_RANGE
SC_IDX,synthetic,2015-03-26 00:15:00,2015-03-26 03:45:00,LONG,1,880.5000000000001,881.9842857142858,44.025000000000006,44.09921428571429,200.0,1484.2857142856474,1396.161499999933,stop,14,WHIPSAW_RANGE
SC_IDX,synthetic,2015-03-26 14:45:00,2015-03-26 18:15:00,SHORT,1,951.1,976.9285714285714,47.555,48.846428571428575,200.0,-25828.57142857142,-25924.97285714285,stop,14,WHIPSAW_RANGE
SC_IDX,synthetic,2015-03-27 18:30:00,2015-03-27 19:30:00,SHORT,1,981.9,953.5950000000001,49.095,47.679750000000006,200.0,28304.999999999836,28208.225249999836,target_mean,4,WHIPSAW_RANGE
SC_IDX,synthetic,2015-03-27 21:00:00,2015-03-27 22:30:00,SHORT,1,1008.6,1038.8999999999999,50.43,51.94499999999999,200.0,-30299.99999999984,-30402.37499999984,stop,6,WHIPSAW_RANGE
SC_IDX,synthetic,2015-03-27 23:00:00,2015-03-28 00:00:00,SHORT,1,1031.6000000000001,1012.1350000000002,51.580000000000005,50.60675000000001,200.0,19464.99999999992,19362.81324999992,target_mean,4,WHIPSAW_RANGE
SC_IDX,synthetic,2015-03-28 07:15:00,2015-03-28 07:45:00,LONG,1,935.5000000000001,958.71,46.775000000000006,47.935500000000005,200.0,23209.999999999924,23115.289499999923,target_mean,2,WHIPSAW_RANGE
SC_IDX,synthetic,2015-03-28 17:00:00,2015-03-28 17:45:00,SHORT,1,961.4,974.7714285714285,48.07,48.738571428571426,200.0,-13371.42857142851,-13468.237142857082,stop,3,WHIPSAW_RANGE
SC_IDX,synthetic,2015-03-28 18:45:00,2015-03-28 19:45:00,SHORT,1,979.8000000000001,978.5850000000002,48.99000000000001,48.92925000000001,200.0,1214.9999999999181,1117.0807499999182,stop,4,WHIPSAW_RANGE
SC_IDX,synthetic,2015-03-28 20:45:00,2015-03-28 21:15:00,SHORT,1,974.8000000000001,971.5950000000001,48.74000000000001,48.57975000000001,200.0,3204.9999999999272,3107.6802499999276,target_mean,2,WHIPSAW_RANGE
SC_IDX,synthetic,2015-03-29 01:15:00,2015-03-29 01:45:00,LONG,1,968.4000000000001,974.1550000000001,48.42000000000001,48.70775000000001,200.0,5754.999999999995,5657.872249999996,target_mean,2,WHIPSAW_RANGE
SC_IDX,synthetic,2015-03-29 03:00:00,2015-03-29 03:30:00,SHORT,1,995.8000000000001,978.2700000000001,49.790000000000006,48.913500000000006,200.0,17529.99999999997,17431.29649999997,target_mean,2,WHIPSAW_RANGE
SC_IDX,synthetic,2015-03-29 07:45:00,2015-03-29 08:45:00,SHORT,1,1020.3000000000001,1018.7635714285715,51.01500000000001,50.93817857142858,200.0,1536.428571428587,1434.4753928571583,stop,4,WHIPSAW_RANGE
SC_IDX,synthetic,2015-03-29 09:15:00,2015-03-29 10:45:00,SHORT,1,1037.8000000000002,1019.0649999999999,51.890000000000015,50.95325,200.0,18735.00000000024,18632.156750000242,target_mean,6,WHIPSAW_RANGE
SC_IDX,synthetic,2015-03-30 00:45:00,2015-03-30 03:00:00,LONG,1,952.0000000000001,935.0142857142856,47.60000000000001,46.75071428571428,200.0,-16985.714285714494,-17080.065000000206,stop,9,WHIPSAW_RANGE
SC_IDX,synthetic,2015-03-30 04:00:00,2015-03-30 04:00:00,LONG,1,930.7,930.5,46.535000000000004,46.525000000000006,200.0,-200.00000000004547,-293.0600000000455,stop,0,WHIPSAW_RANGE
SC_IDX,synthetic,2015-03-30 16:45:00,2015-03-30 17:00:00,LONG,1,929.7,941.5300000000001,46.485,47.07650000000001,200.0,11830.00000000004,11736.43850000004,target_mean,1,WHIPSAW_RANGE
SC_IDX,synthetic,2015-03-30 19:30:00,2015-03-30 23:00:00,SHORT,1,966.2,966.8000000000001,48.31,48.34000000000001,200.0,-600.0000000000227,-696.6500000000227,time_stop,14,WHIPSAW_RANGE
SC_IDX,synthetic,2015-03-31 06:45:00,2015-03-31 07:00:00,SHORT,1,978.5,983.5000000000001,48.925000000000004,49.17500000000001,200.0,-5000.000000000114,-5098.100000000114,stop,1,WHIPSAW_RANGE
SC_IDX,synthetic,2015-03-31 08:00:00,2015-03-31 08:45:00,SHORT,1,985.1,972.79,49.255,48.639500000000005,200.0,12310.000000000058,12212.10550000006,target_mean,3,WHIPSAW_RANGE
SC_IDX,synthetic,2015-03-31 20:30:00,2015-03-31 20:30:00,LONG,1,949.0000000000001,948.8000000000001,47.45000000000001,47.440000000000005,200.0,-200.00000000004547,-294.8900000000455,stop,0,WHIPSAW_RANGE
SC_IDX,synthetic,2015-04-01 02:45:00,2015-04-01 03:15:00,LONG,1,951.4000000000001,959.9499999999999,47.57000000000001,47.997499999999995,200.0,8549.99999999984,8454.43249999984,target_mean,2,WHIPSAW_RANGE
SC_IDX,synthetic,2015-04-01 08:15:00,2015-04-01 08:15:00,SHORT,1,950.2,950.4000000000001,47.510000000000005,47.52000000000001,200.0,-200.00000000004547,-295.03000000004545,target_mean,0,WHIPSAW_RANGE
SC_IDX,synthetic,2015-04-01 11:30:00,2015-04-01 11:45:00,SHORT,1,987.4,1008.4428571428572,49.370000000000005,50.42214285714286,200.0,-21042.857142857203,-21142.649285714346,stop,1,WHIPSAW_RANGE
SC_IDX,synthetic,2015-04-01 12:30:00,2015-04-01 12:45:00,SHORT,1,1015.2,1014.11,50.760000000000005,50.7055,200.0,1090.0000000000318,988.5345000000318,stop,1,WHIPSAW_RANGE
SC_IDX,synthetic,2015-04-02 20:00:00,2015-04-02 20:30:00,SHORT,1,944.0,940.585,47.2,47.029250000000005,200.0,3414.9999999999636,3320.7707499999638,target_mean,2,WHIPSAW_RANGE
SC_IDX,synthetic,2015-04-02 22:15:00,2015-04-02 22:45:00,SHORT,1,955.0,970.4857142857144,47.75,48.524285714285725,200.0,-15485.71428571438,-15581.988571428667,stop,2,WHIPSAW_RANGE
SC_IDX,synthetic,2015-04-02 23:30:00,2015-04-02 23:30:00,SHORT,1,955.3000000000001,948.9699999999999,47.76500000000001,47.448499999999996,200.0,6330.000000000155,6234.786500000154,target_mean,0,WHIPSAW_RANGE
SC_IDX,synthetic,2015-04-03 08:30:00,2015-04-03 09:00:00,SHORT,1,962.0,954.6300000000001,48.1,47.73150000000001,200.0,7369.999999999891,7274.168499999891,target_mean,2,WHIPSAW_RANGE
SC_IDX,synthetic,2015-04-04 02:45:00,2015-04-04 03:00:00,SHORT,1,1032.1000000000001,1034.1,51.60500000000001,51.705,200.0,-1999.9999999997726,-2103.3099999997726,stop,1,WHIPSAW_RANGE
SC_IDX,synthetic,2015-04-04 08:45:00,2015-04-04 09:30:00,LONG,1,987.8000000000001,1000.7049999999999,49.39000000000001,50.03525,200.0,12904.999999999858,12805.574749999858,target_mean,3,WHIPSAW_RANGE
SC_IDX,synthetic,2015-04-04 22:00:00,2015-04-04 22:15:00,LONG,1,983.8000000000001,983.1,49.190000000000005,49.155,200.0,-700.0000000000455,-798.3450000000455,stop,1,WHIPSAW_RANGE
SC_IDX,synthetic,2015-04-05 00:15:00,2015-04-05 00:45:00,LONG,1,976.0000000000001,973.8000000000001,48.80000000000001,48.690000000000005,200.0,-2200.0000000000455,-2297.4900000000457,stop,2,WHIPSAW_RANGE
SC_IDX,synthetic,2015-04-05 10:15:00,2015-04-05 11:45:00,LONG,1,954.3000000000001,966.8050000000001,47.71500000000001,48.340250000000005,200.0,12504.999999999996,12408.944749999997,target_mean,6,WHIPSAW_RANGE
SC_IDX,synthetic,2015-04-05 15:00:00,2015-04-05 15:00:00,SHORT,1,985.7,985.9000000000001,49.285000000000004,49.29500000000001,200.0,-200.00000000004547,-298.58000000004546,stop,0,WHIPSAW_RANGE
SC_IDX,synthetic,2015-04-05 20:15:00,2015-04-05 20:30:00,SHORT,1,988.5,990.2,49.425000000000004,49.510000000000005,200.0,-1700.0000000000455,-1798.9350000000454,stop,1,WHIPSAW_RANGE
SC_IDX,synthetic,2015-04-06 03:30:00,2015-04-06 04:15:00,LONG,1,962.7,943.7428571428571,48.135000000000005,47.18714285714286,200.0,-18957.142857142913,-19052.465000000055,stop,3,WHIPSAW_RANGE
SC_IDX,synthetic,2015-04-06 05:00:00,2015-04-06 06:30:00,LONG,1,943.7,944.9814285714286,47.185,47.24907142857143,200.0,1281.4285714285916,1186.9945000000203,stop,6,WHIPSAW_RANGE
SC_IDX,synthetic,2015-04-06 08:15:00,2015-04-06 09:00:00,LONG,1,926.6,941.9650000000001,46.330000000000005,47.09825000000001,200.0,15365.000000000124,15271.571750000123,target_mean,3,WHIPSAW_RANGE
SC_IDX,synthetic,2015-04-06 12:00:00,2015-04-06 12:15:00,SHORT,1,973.7,949.4250000000001,48.685,47.471250000000005,200.0,24274.999999999978,24178.843749999978,target_mean,1,WHIPSAW_RANGE
SC_IDX,synthetic,2015-04-06 13:15:00,2015-04-06 13:45:00,LONG,1,933.7,947.5000000000001,46.685,47.37500000000001,200.0,13800.00000000007,13705.94000000007,target_mean,2,WHIPSAW_RANGE
SC_IDX,synthetic,2015-04-06 23:30:00,2015-04-07 02:45:00,LONG,1,923.3000000000001,898.0,46.165000000000006,44.900000000000006,200.0,-25300.00000000007,-25391.06500000007,stop,13,WHIPSAW_RANGE
SC_IDX,synthetic,2015-04-07 03:30:00,2015-04-07 03:45:00,LONG,1,914.4000000000001,915.535,45.720000000000006,45.77675,200.0,1134.9999999998772,1043.5032499998772,target_mean,1,WHIPSAW_RANGE
SC_IDX,synthetic,2015-04-07 07:00:00,2015-04-07 08:00:00,LONG,1,908.1,924.65,45.405,46.2325,200.0,16549.999999999956,16458.36249999996,target_mean,4,WHIPSAW_RANGE
SC_IDX,synthetic,2015-04-07 11:15:00,2015-04-07 13:15:00,LONG,1,894.4000000000001,873.4071428571428,44.720000000000006,43.67035714285714,200.0,-20992.857142857247,-21081.247500000107,stop,8,WHIPSAW_RANGE
SC_IDX,synthetic,2015-04-08 04:45:00,2015-04-08 04:45:00,LONG,1,937.3000000000001,942.35,46.86500000000001,47.1175,200.0,5049.9999999999545,4956.017499999954,target_mean,0,WHIPSAW_RANGE
SC_IDX,synthetic,2015-04-08 07:15:00,2015-04-08 07:15:00,SHORT,1,947.9,944.915,47.395,47.24575,200.0,2985.0000000000136,2890.3592500000136,target_mean,0,WHIPSAW_RANGE
SC_IDX,synthetic,2015-04-08 08:15:00,2015-04-08 09:00:00,SHORT,1,959.2,948.82,47.96,47.441,200.0,10379.999999999996,10284.598999999997,target_mean,3,WHIPSAW_RANGE
SC_IDX,synthetic,2015-04-08 11:30:00,2015-04-08 13:00:00,SHORT,1,974.7,988.9571428571429,48.735,49.44785714285715,200.0,-14257.142857142866,-14355.325714285724,stop,6,WHIPSAW_RANGE
SC_IDX,synthetic,2015-04-08 13:30:00,2015-04-08 14:30:00,SHORT,1,987.2,970.2300000000001,49.36,48.511500000000005,200.0,16969.999999999913,16872.12849999991,target_mean,4,WHIPSAW_RANGE
SC_IDX,synthetic,2015-04-08 15:30:00,2015-04-08 16:45:00,SHORT,1,1002.2,1000.9335714285714,50.11,50.04667857142858,200.0,1266.4285714286052,1166.2718928571767,stop,5,WHIPSAW_RANGE
SC_IDX,synthetic,2015-04-09 01:45:00,2015-04-09 03:45:00,LONG,1,960.2,969.3399999999999,48.010000000000005,48.467,200.0,9139.999999999873,9043.522999999872,target_mean,8,WHIPSAW_RANGE
SC_IDX,synthetic,2015-04-09 08:00:00,2015-04-09 10:15:00,SHORT,1,1028.1000000000001,998.4000000000001,51.40500000000001,49.92000000000001,200.0,29700.000000000044,29598.675000000047,target_mean,9,WHIPSAW_RANGE
SC_IDX,synthetic,2015-04-09 19:00:00,2015-04-09 19:15:00,LONG,1,964.1,981.2299999999999,48.205000000000005,49.061499999999995,200.0,17129.999999999884,17032.733499999882,target_mean,1,WHIPSAW_RANGE
SC_IDX,synthetic,2015-04-09 23:45:00,2015-04-10 00:45:00,LONG,1,940.9000000000001,942.0585714285716,47.04500000000001,47.102928571428585,200.0,1158.571428571463,1064.4235000000344,stop,4,WHIPSAW_RANGE
SC_IDX,synthetic,2015-04-10 20:15:00,2015-04-10 20:30:00,SHORT,1,963.9,953.0050000000001,48.195,47.65025000000001,200.0,10894.999999999869,10799.154749999869,target_mean,1,WHIPSAW_RANGE
SC_IDX,synthetic,2015-04-11 07:15:00,2015-04-11 07:30:00,SHORT,1,946.3000000000001,945.1857142857144,47.315000000000005,47.259285714285724,200.0,1114.2857142856428,1019.711428571357,stop,1,WHIPSAW_RANGE
SC_IDX,synthetic,2015-04-11 08:30:00,2015-04-11 10:30:00,SHORT,1,973.2,972.137142857143,48.660000000000004,48.60685714285715,200.0,1062.8571428570694,965.5902857142123,stop,8,WHIPSAW_RANGE
SC_IDX,synthetic,2015-04-11 11:00:00,2015-04-11 11:15:00,SHORT,1,967.9,955.7700000000001,48.395,47.788500000000006,200.0,12129.999999999882,12033.81649999988,target_mean,1,WHIPSAW_RANGE
SC_IDX,synthetic,2015-04-11 16:15:00,2015-04-11 16:15:00,LONG,1,909.9000000000001,909.7,45.495000000000005,45.485,200.0,-200.00000000004547,-290.9800000000455,stop,0,WHIPSAW_RANGE
SC_IDX,synthetic,2015-04-12 00:15:00,2015-04-12 02:30:00,SHORT,1,950.0,976.1428571428571,47.5,48.80714285714286,200.0,-26142.85714285711,-26239.16428571425,stop,9,WHIPSAW_RANGE
SC_IDX,synthetic,2015-04-12 03:30:00,2015-04-12 03:30:00,SHORT,1,972.6,972.8000000000001,48.63,48.64000000000001,200.0,-200.00000000004547,-297.27000000004546,stop,0,WHIPSAW_RANGE
SC_IDX,synthetic,2015-04-12 10:45:00,2015-04-12 11:00:00,SHORT,1,976.8000000000001,966.0250000000002,48.84000000000001,48.30125000000002,200.0,10774.999999999864,10677.858749999863,target_mean,1,WHIPSAW_RANGE
SC_IDX,synthetic,2015-04-12 12:15:00,2015-04-12 13:45:00,SHORT,1,986.2,973.665,49.31,48.68325,200.0,12535.000000000082,12437.006750000082,target_mean,6,WHIPSAW_RANGE
SC_IDX,synthetic,2015-04-12 23:00:00,2015-04-13 02:30:00,SHORT,1,984.1,981.7600000000001,49.205000000000005,49.08800000000001,200.0,2339.999999999918,2241.706999999918,target_mean,14,WHIPSAW_RANGE
SC_IDX,synthetic,2015-04-13 05:45:00,2015-04-13 07:00:00,LONG,1,929.1,955.3250000000002,46.455000000000005,47.76625000000001,200.0,26225.00000000014,26130.778750000136,target_mean,5,WHIPSAW_RANGE
SC_IDX,synthetic,2015-04-13 15:00:00,2015-04-13 16:30:00,LONG,1,926.1,936.66,46.305,46.833000000000006,200.0,10559.999999999945,10466.861999999945,target_mean,6,WHIPSAW_RANGE
SC_IDX,synthetic,2015-04-13 20:00:00,2015-04-13 21:00:00,SHORT,1,946.7,937.8850000000001,47.335,46.89425000000001,200.0,8814.999999999942,8720.770749999943,target_mean,4,WHIPSAW_RANGE
SC_IDX,synthetic,2015-04-14 11:00:00,2015-04-14 13:45:00,LONG,1,921.0000000000001,912.6450000000001,46.05000000000001,45.632250000000006,200.0,-8355.000000000018,-8446.682250000018,target_mean,11,WHIPSAW_RANGE
SC_IDX,synthetic,2015-04-15 10:15:00,2015-04-15 10:15:00,SHORT,1,988.5,961.5650000000002,49.425000000000004,48.07825000000001,200.0,26934.999999999833,26837.496749999835,target_mean,0,WHIPSAW_RANGE
SC_IDX,synthetic,2015-04-15 13:30:00,2015-04-15 16:00:00,LONG,1,921.7,925.4199999999998,46.085,46.270999999999994,200.0,3719.9999999998,3627.6439999997997,target_mean,10,PANIC_CRASH
SC_IDX,synthetic,2015-04-16 07:45:00,2015-04-16 08:45:00,LONG,1,862.1,823.6,43.105000000000004,41.18,200.0,-38500.0,-38584.285,stop,4,PANIC_CRASH
SC_IDX,synthetic,2015-04-16 12:00:00,2015-04-16 15:30:00,SHORT,1,880.3000000000001,891.1,44.01500000000001,44.555,200.0,-10799.999999999955,-10888.569999999954,time_stop,14,PANIC_CRASH
SC_IDX,synthetic,2015-04-17 13:00:00,2015-04-17 13:30:00,SHORT,1,992.0,1015.6,49.6,50.78,200.0,-23600.000000000022,-23700.38000000002,stop,2,PANIC_CRASH
SC_IDX,synthetic,2015-04-17 23:15:00,2015-04-18 00:00:00,LONG,1,978.5000000000001,955.8285714285714,48.92500000000001,47.791428571428575,200.0,-22671.428571428693,-22768.14500000012,stop,3,PANIC_CRASH
SC_IDX,synthetic,2015-04-18 00:30:00,2015-04-18 00:30:00,LONG,1,956.4000000000001,956.2,47.82000000000001,47.81,200.0,-200.00000000004547,-295.63000000004547,stop,0,PANIC_CRASH
SC_IDX,synthetic,2015-04-18 18:00:00,2015-04-18 20:00:00,LONG,1,812.9000000000001,839.46,40.64500000000001,41.973,200.0,26559.999999999945,26477.381999999943,target_mean,8,PANIC_CRASH
SC_IDX,synthetic,2015-04-19 00:00:00,2015-04-19 01:30:00,SHORT,1,842.8000000000001,862.6485714285716,42.14000000000001,43.13242857142858,200.0,-19848.57142857152,-19933.843857142947,stop,6,PANIC_CRASH
SC_IDX,synthetic,2015-04-19 10:00:00,2015-04-19 12:45:00,SHORT,1,888.7,903.0857142857144,44.435,45.15428571428573,200.0,-14385.714285714357,-14475.303571428642,stop,11,PANIC_CRASH
SC_IDX,synthetic,2015-04-19 14:45:00,2015-04-19 15:00:00,SHORT,1,914.1,929.6,45.705000000000005,46.480000000000004,200.0,-15500.0,-15592.185,stop,1,PANIC_CRASH
SC_IDX,synthetic,2015-04-19 23:00:00,2015-04-19 23:15:00,LONG,1,851.1,821.1328571428571,42.555,41.05664285714286,200.0,-29967.142857142902,-30050.754500000046,stop,1,PANIC_CRASH
SC_IDX,synthetic,2015-04-20 12:00:00,2015-04-20 12:00:00,SHORT,1,775.8000000000001,773.4700000000001,38.790000000000006,38.673500000000004,200.0,2329.9999999999272,2252.5364999999274,target_mean,0,PANIC_CRASH
SC_IDX,synthetic,2015-04-20 13:00:00,2015-04-20 16:30:00,LONG,1,744.0000000000001,737.6,37.20000000000001,36.88,200.0,-6400.000000000091,-6474.080000000091,time_stop,14,PANIC_CRASH
SC_IDX,synthetic,2015-04-21 00:45:00,2015-04-21 01:00:00,SHORT,1,762.2,761.2450000000001,38.11,38.062250000000006,200.0,954.9999999999272,878.8277499999272,stop,1,PANIC_CRASH
SC_IDX,synthetic,2015-04-21 06:45:00,2015-04-21 08:30:00,LONG,1,711.6,714.9,35.58,35.745000000000005,200.0,3299.9999999999545,3228.6749999999547,target_mean,7,PANIC_CRASH
SC_IDX,synthetic,2015-04-21 09:15:00,2015-04-21 09:15:00,SHORT,1,725.6,715.6,36.28,35.78,200.0,10000.0,9927.939999999999,target_mean,0,PANIC_CRASH
SC_IDX,synthetic,2015-04-21 12:00:00,2015-04-21 12:00:00,SHORT,1,742.1,742.3000000000001,37.105000000000004,37.11500000000001,200.0,-200.00000000004547,-274.2200000000455,stop,0,PANIC_CRASH
SC_IDX,synthetic,2015-04-21 14:45:00,2015-04-21 14:45:00,SHORT,1,761.2,774.9857142857144,38.06,38.749285714285726,200.0,-13785.714285714334,-13862.52357142862,stop,0,PANIC_CRASH
SC_IDX,synthetic,2015-04-21 17:30:00,2015-04-21 18:00:00,SHORT,1,780.3000000000001,801.5500000000001,39.01500000000001,40.07750000000001,200.0,-21250.0,-21329.0925,stop,2,PANIC_CRASH
SC_IDX,synthetic,2015-04-22 00:30:00,2015-04-22 01:15:00,LONG,1,776.3000000000001,777.0235714285715,38.815000000000005,38.851178571428576,200.0,723.5714285714039,645.9052499999752,stop,3,PANIC_CRASH
SC_IDX,synthetic,2015-04-22 04:00:00,2015-04-22 05:30:00,LONG,1,755.8000000000001,767.49,37.790000000000006,38.374500000000005,200.0,11689.999999999942,11613.835499999941,target_mean,6,PANIC_CRASH
SC_IDX,synthetic,2015-04-22 14:00:00,2015-04-22 15:00:00,LONG,1,734.2,720.7142857142858,36.71,36.03571428571429,200.0,-13485.714285714266,-13558.45999999998,stop,4,PANIC_CRASH
SC_IDX,synthetic,2015-04-22 19:00:00,2015-04-22 19:45:00,LONG,1,701.4000000000001,702.2828571428572,35.07000000000001,35.11414285714286,200.0,882.8571428571195,812.6729999999766,stop,3,PANIC_CRASH
SC_IDX,synthetic,2015-04-22 21:45:00,2015-04-22 22:30:00,LONG,1,679.8000000000001,698.475,33.99000000000001,34.92375,200.0,18674.999999999956,18606.086249999953,target_mean,3,PANIC_CRASH
SC_IDX,synthetic,2015-04-23 06:30:00,2015-04-23 06:45:00,SHORT,1,707.7,695.82,35.385000000000005,34.791000000000004,200.0,11879.999999999996,11809.823999999997,target_mean,1,PANIC_CRASH
SC_IDX,synthetic,2015-04-23 10:15:00,2015-04-23 10:15:00,SHORT,1,739.4,739.6,36.97,36.980000000000004,200.0,-200.00000000004547,-273.95000000004546,stop,0,PANIC_CRASH
SC_IDX,synthetic,2015-04-23 14:00:00,2015-04-23 14:45:00,SHORT,1,735.7,753.8385714285715,36.785000000000004,37.691928571428576,200.0,-18138.571428571482,-18213.04835714291,stop,3,PANIC_CRASH
SC_IDX,synthetic,2015-04-23 21:45:00,2015-04-23 22:15:00,LONG,1,724.7,722.9,36.235,36.145,200.0,-1800.0000000000682,-1872.380000000068,stop,2,PANIC_CRASH
SC_IDX,synthetic,2015-04-24 04:15:00,2015-04-24 06:00:00,LONG,1,697.3000000000001,703.64,34.86500000000001,35.182,200.0,6339.999999999918,6269.952999999919,target_mean,7,PANIC_CRASH
SC_IDX,synthetic,2015-04-24 16:30:00,2015-04-24 17:30:00,LONG,1,646.0000000000001,655.39,32.300000000000004,32.7695,200.0,9389.999999999873,9324.930499999873,target_mean,4,PANIC_CRASH
SC_IDX,synthetic,2015-04-25 09:30:00,2015-04-25 09:45:00,SHORT,1,682.7,681.9078571428572,34.135000000000005,34.09539285714286,200.0,792.142857142835,723.9124642856922,stop,1,PANIC_CRASH
SC_IDX,synthetic,2015-04-25 19:00:00,2015-04-25 20:00:00,SHORT,1,701.2,712.7142857142858,35.06,35.63571428571429,200.0,-11514.285714285734,-11584.981428571447,stop,4,PANIC_CRASH
SC_IDX,synthetic,2015-04-26 00:15:00,2015-04-26 00:30:00,SHORT,1,713.2,706.0400000000001,35.660000000000004,35.30200000000001,200.0,7159.999999999968,7089.037999999969,target_mean,1,PANIC_CRASH
SC_IDX,synthetic,2015-04-26 07:00:00,2015-04-26 07:00:00,LONG,1,696.8000000000001,697.61,34.84000000000001,34.880500000000005,200.0,809.9999999999454,740.2794999999454,target_mean,0,PANIC_CRASH
SC_IDX,synthetic,2015-04-26 20:15:00,2015-04-26 20:45:00,LONG,1,667.6,649.6414285714286,33.38,32.48207142857143,200.0,-17958.571428571417,-18024.43349999999,stop,2,PANIC_CRASH
SC_IDX,synthetic,2015-04-27 06:15:00,2015-04-27 06:15:00,LONG,1,626.2,618.3,31.310000000000002,30.915000000000003,200.0,-7900.000000000091,-7962.225000000091,stop,0,PANIC_CRASH
SC_IDX,synthetic,2015-04-27 19:00:00,2015-04-27 19:30:00,LONG,1,611.6,610.2,30.580000000000002,30.51,200.0,-1399.9999999999773,-1461.0899999999772,stop,2,PANIC_CRASH
SC_IDX,synthetic,2015-04-27 21:30:00,2015-04-27 22:15:00,LONG,1,599.9000000000001,589.9,29.995000000000008,29.495,200.0,-10000.000000000113,-10059.490000000114,stop,3,PANIC_CRASH
SC_IDX,synthetic,2015-04-28 01:45:00,2015-04-28 04:15:00,LONG,1,551.6,536.2857142857143,27.580000000000002,26.814285714285717,200.0,-15314.285714285688,-15368.679999999975,stop,10,PANIC_CRASH
SC_IDX,synthetic,2015-04-28 08:15:00,2015-04-28 10:00:00,LONG,1,530.5,516.1571428571428,26.525000000000002,25.80785714285714,200.0,-14342.857142857156,-14395.190000000013,stop,7,PANIC_CRASH
SC_IDX,synthetic,2015-04-28 13:45:00,2015-04-28 15:45:00,LONG,1,519.5,507.7142857142857,25.975,25.38571428571429,200.0,-11785.714285714277,-11837.074999999992,stop,8,PANIC_CRASH
SC_IDX,synthetic,2015-04-29 00:00:00,2015-04-29 01:15:00,LONG,1,490.40000000000003,496.74500000000006,24.520000000000003,24.837250000000004,200.0,6345.000000000027,6295.642750000027,target_mean,5,PANIC_CRASH
SC_IDX,synthetic,2015-04-29 09:15:00,2015-04-29 10:30:00,SHORT,1,512.4,502.4150000000001,25.62,25.120750000000005,200.0,9984.9999999999,9934.2592499999,target_mean,5,PANIC_CRASH
SC_IDX,synthetic,2015-04-29 17:15:00,2015-04-29 18:30:00,LONG,1,483.1,475.47142857142853,24.155,23.773571428571426,200.0,-7628.57142857149,-7676.500000000062,stop,5,PANIC_CRASH
SC_IDX,synthetic,2015-04-29 20:00:00,2015-04-29 21:30:00,LONG,1,467.50000000000006,478.29,23.375000000000004,23.9145,200.0,10789.999999999964,10742.710499999963,target_mean,6,PANIC_CRASH
SC_IDX,synthetic,2015-04-30 09:00:00,2015-04-30 10:30:00,SHORT,1,486.5,478.43500000000006,24.325000000000003,23.921750000000003,200.0,8064.999999999941,8016.753249999941,target_mean,6,PANIC_CRASH
SC_IDX,synthetic,2015-04-30 11:45:00,2015-04-30 12:15:00,SHORT,1,496.6,505.6571428571429,24.830000000000002,25.282857142857146,200.0,-9057.142857142879,-9107.255714285735,stop,2,PANIC_CRASH
SC_IDX,synthetic,2015-04-30 14:00:00,2015-04-30 14:00:00,SHORT,1,502.3,514.5142857142857,25.115000000000002,25.72571428571429,200.0,-12214.285714285723,-12265.126428571437,stop,0,PANIC_CRASH
SC_IDX,synthetic,2015-04-30 15:30:00,2015-04-30 16:15:00,SHORT,1,511.2,505.18000000000006,25.560000000000002,25.259000000000004,200.0,6019.999999999925,5969.180999999925,target_mean,3,PANIC_CRASH
SC_IDX,synthetic,2015-04-30 21:15:00,2015-04-30 21:45:00,SHORT,1,515.7,509.18000000000006,25.785000000000004,25.459000000000003,200.0,6519.999999999982,6468.755999999982,target_mean,2,PANIC_CRASH
SC_IDX,synthetic,2015-05-01 01:00:00,2015-05-01 01:45:00,LONG,1,498.50000000000006,509.535,24.925000000000004,25.476750000000003,200.0,11034.999999999967,10984.598249999968,target_mean,3,PANIC_CRASH
SC_IDX,synthetic,2015-05-02 12:00:00,2015-05-02 12:45:00,LONG,1,496.6,507.595,24.830000000000002,25.37975,200.0,10995.000000000004,10944.790250000004,target_mean,3,PANIC_CRASH
SC_IDX,synthetic,2015-05-03 03:00:00,2015-05-03 03:45:00,LONG,1,497.6,486.92857142857144,24.880000000000003,24.34642857142857,200.0,-10671.428571428578,-10720.655000000006,stop,3,PANIC_CRASH
SC_IDX,synthetic,2015-05-03 07:30:00,2015-05-03 07:45:00,LONG,1,492.90000000000003,481.4342857142857,24.645000000000003,24.071714285714286,200.0,-11465.71428571434,-11514.431000000055,stop,1,PANIC_CRASH
SC_IDX,synthetic,2015-05-03 08:30:00,2015-05-03 12:00:00,LONG,1,476.40000000000003,468.9,23.820000000000004,23.445,200.0,-7500.000000000056,-7547.265000000056,time_stop,14,PANIC_CRASH
SC_IDX,synthetic,2015-05-03 16:15:00,2015-05-03 16:30:00,SHORT,1,482.7,482.40000000000003,24.135,24.120000000000005,200.0,299.9999999999545,251.74499999995453,stop,1,PANIC_CRASH
SC_IDX,synthetic,2015-05-04 00:30:00,2015-05-04 01:15:00,SHORT,1,486.2,493.8857142857143,24.310000000000002,24.694285714285716,200.0,-7685.714285714312,-7734.718571428598,stop,3,PANIC_CRASH
SC_IDX,synthetic,2015-05-04 02:00:00,2015-05-04 03:15:00,SHORT,1,497.0,485.36000000000007,24.85,24.268000000000004,200.0,11639.999999999929,11590.881999999929,target_mean,5,PANIC_CRASH
SC_IDX,synthetic,2015-05-04 06:45:00,2015-05-04 06:45:00,LONG,1,481.20000000000005,487.31499999999994,24.060000000000006,24.36575,200.0,6114.999999999895,6066.574249999895,target_mean,0,PANIC_CRASH
SC_IDX,synthetic,2015-05-04 17:30:00,2015-05-04 19:00:00,SHORT,1,490.0,502.5842857142857,24.5,25.129214285714287,200.0,-12584.285714285726,-12633.914928571441,stop,6,PANIC_CRASH
SC_IDX,synthetic,2015-05-04 21:30:00,2015-05-04 22:30:00,SHORT,1,512.8,515.9000000000001,25.639999999999997,25.79500000000001,200.0,-3100.0000000001364,-3151.4350000001364,stop,4,PANIC_CRASH
SC_IDX,synthetic,2015-05-04 22:45:00,2015-05-04 23:15:00,SHORT,1,509.7,507.81000000000006,25.485000000000003,25.390500000000003,200.0,1889.9999999999295,1839.1244999999296,target_mean,2,PANIC_CRASH
SC_IDX,synthetic,2015-05-05 08:45:00,2015-05-05 09:30:00,SHORT,1,514.4,513.7857142857143,25.720000000000002,25.689285714285717,200.0,614.2857142856428,562.8764285713571,stop,3,PANIC_CRASH
SC_IDX,synthetic,2015-05-05 11:00:00,2015-05-05 12:00:00,LONG,1,491.90000000000003,501.19499999999994,24.595000000000002,25.059749999999998,200.0,9294.999999999902,9245.345249999902,target_mean,4,PANIC_CRASH
SC_IDX,synthetic,2015-05-05 17:45:00,2015-05-05 19:15:00,SHORT,1,528.5,520.3850000000001,26.425,26.019250000000007,200.0,8114.999999999895,8062.555749999895,target_mean,6,PANIC_CRASH
SC_IDX,synthetic,2015-05-06 09:00:00,2015-05-06 11:15:00,SHORT,1,557.1,566.957142857143,27.855,28.347857142857155,200.0,-9857.142857143004,-9913.34571428586,stop,9,PANIC_CRASH
SC_IDX,synthetic,2015-05-06 12:00:00,2015-05-06 12:00:00,SHORT,1,568.2,568.4000000000001,28.41,28.42000000000001,200.0,-200.00000000004547,-256.83000000004546,stop,0,PANIC_CRASH
SC_IDX,synthetic,2015-05-06 14:15:00,2015-05-06 14:15:00,SHORT,1,572.6,564.23,28.630000000000003,28.2115,200.0,8370.000000000004,8313.158500000005,target_mean,0,PANIC_CRASH
SC_IDX,synthetic,2015-05-06 20:00:00,2015-05-06 20:15:00,LONG,1,551.0,543.3,27.55,27.165000000000003,200.0,-7700.0000000000455,-7754.715000000046,stop,1,PANIC_CRASH
SC_IDX,synthetic,2015-05-06 21:00:00,2015-05-06 21:00:00,LONG,1,561.1,560.9,28.055,28.045,200.0,-200.00000000004547,-256.1000000000455,target_mean,0,PANIC_CRASH
SC_IDX,synthetic,2015-05-06 23:00:00,2015-05-07 00:15:00,LONG,1,533.9000000000001,525.4428571428572,26.695000000000007,26.27214285714286,200.0,-8457.142857142913,-8510.110000000055,stop,5,PANIC_CRASH
SC_IDX,synthetic,2015-05-07 00:30:00,2015-05-07 01:45:00,LONG,1,508.80000000000007,493.6428571428571,25.440000000000005,24.682142857142857,200.0,-15157.142857142957,-15207.2650000001,stop,5,PANIC_CRASH
SC_IDX,synthetic,2015-05-07 07:00:00,2015-05-07 07:15:00,LONG,1,489.1,489.7,24.455000000000002,24.485,200.0,599.9999999999659,551.0599999999658,stop,1,PANIC_CRASH
SC_IDX,synthetic,2015-05-07 11:15:00,2015-05-07 12:00:00,LONG,1,483.20000000000005,477.4,24.160000000000004,23.87,200.0,-5800.000000000068,-5848.030000000068,stop,3,PANIC_CRASH
SC_IDX,synthetic,2015-05-07 12:45:00,2015-05-07 13:30:00,LONG,1,473.50000000000006,460.9414285714286,23.675000000000004,23.04707142857143,200.0,-12558.57142857144,-12605.29350000001,stop,3,PANIC_CRASH
SC_IDX,synthetic,2015-05-07 14:00:00,2015-05-07 14:45:00,LONG,1,460.50000000000006,447.9428571428571,23.025000000000006,22.397142857142857,200.0,-12557.142857142935,-12602.565000000077,stop,3,PANIC_CRASH
SC_IDX,synthetic,2015-05-07 19:45:00,2015-05-07 20:15:00,LONG,1,446.40000000000003,451.0349999999999,22.320000000000004,22.551749999999995,200.0,4634.999999999877,4590.128249999878,target_mean,2,PANIC_CRASH
SC_IDX,synthetic,2015-05-08 00:30:00,2015-05-08 00:30:00,LONG,1,438.6,438.4,21.93,21.92,200.0,-200.00000000004547,-243.8500000000455,stop,0,PANIC_CRASH
SC_IDX,synthetic,2015-05-08 04:00:00,2015-05-08 05:00:00,LONG,1,433.50000000000006,427.3428571428571,21.675000000000004,21.367142857142856,200.0,-6157.142857142958,-6200.1850000001,stop,4,PANIC_CRASH
SC_IDX,synthetic,2015-05-08 06:15:00,2015-05-08 07:00:00,LONG,1,415.50000000000006,405.14285714285717,20.775000000000002,20.25714285714286,200.0,-10357.14285714289,-10398.175000000032,stop,3,PANIC_CRASH
SC_IDX,synthetic,2015-05-08 09:00:00,2015-05-08 10:15:00,LONG,1,393.40000000000003,393.9007142857143,19.670000000000005,19.695035714285716,200.0,500.7142857142526,461.34924999996684,stop,5,PANIC_CRASH
SC_IDX,synthetic,2015-05-08 15:30:00,2015-05-08 15:30:00,SHORT,1,417.4,417.6,20.87,20.880000000000003,200.0,-200.00000000004547,-241.75000000004547,stop,0,PANIC_CRASH
SC_IDX,synthetic,2015-05-09 13:15:00,2015-05-09 15:45:00,LONG,1,368.30000000000007,358.35714285714283,18.415000000000003,17.917857142857144,200.0,-9942.857142857236,-9979.190000000093,stop,10,PANIC_CRASH
SC_IDX,synthetic,2015-05-09 19:00:00,2015-05-09 19:30:00,LONG,1,348.50000000000006,340.4142857142857,17.425000000000004,17.020714285714288,200.0,-8085.714285714346,-8120.160000000061,stop,2,PANIC_CRASH
SC_IDX,synthetic,2015-05-10 01:30:00,2015-05-10 02:30:00,LONG,1,325.1,327.805,16.255,16.39025,200.0,2704.999999999984,2672.354749999984,target_mean,4,PANIC_CRASH
SC_IDX,synthetic,2015-05-10 08:15:00,2015-05-10 08:45:00,SHORT,1,366.5,366.13714285714286,18.325,18.306857142857144,200.0,362.85714285713766,326.2252857142805,stop,2,PANIC_CRASH
SC_IDX,synthetic,2015-05-10 10:45:00,2015-05-10 10:45:00,SHORT,1,360.0,360.20000000000005,18.0,18.010000000000005,200.0,-200.00000000004547,-236.01000000004547,target_mean,0,PANIC_CRASH
SC_IDX,synthetic,2015-05-10 18:15:00,2015-05-10 20:30:00,LONG,1,321.50000000000006,322.6428571428571,16.075000000000003,16.132142857142856,200.0,1142.8571428570535,1110.6499999999107,stop,9,PANIC_CRASH
SC_IDX,synthetic,2015-05-11 05:45:00,2015-05-11 06:15:00,SHORT,1,347.0,356.08571428571435,17.35,17.804285714285715,200.0,-9085.714285714346,-9120.868571428633,stop,2,PANIC_CRASH
SC_IDX,synthetic,2015-05-11 06:45:00,2015-05-11 07:00:00,SHORT,1,353.2,353.6,17.66,17.68,200.0,-400.0000000000341,-435.34000000003414,stop,1,PANIC_CRASH
SC_IDX,synthetic,2015-05-11 09:15:00,2015-05-11 11:45:00,SHORT,1,370.3,375.4571428571429,18.515,18.772857142857145,200.0,-5157.1428571429005,-5194.430714285758,stop,10,PANIC_CRASH
SC_IDX,synthetic,2015-05-11 12:30:00,2015-05-11 12:30:00,SHORT,1,379.4,379.6,18.970000000000002,18.98,200.0,-200.00000000004547,-237.95000000004546,stop,0,PANIC_CRASH
SC_IDX,synthetic,2015-05-11 14:15:00,2015-05-11 16:00:00,SHORT,1,387.0,398.23428571428576,19.35,19.91171428571429,200.0,-11234.285714285761,-11273.547428571475,stop,7,PANIC_CRASH
SC_IDX,synthetic,2015-05-11 22:00:00,2015-05-11 23:00:00,SHORT,1,402.2,401.69642857142856,20.11,20.08482142857143,200.0,503.57142857143344,463.376607142862,stop,4,PANIC_CRASH
SC_IDX,synthetic,2015-05-12 17:15:00,2015-05-12 18:00:00,LONG,1,389.30000000000007,395.5,19.465000000000003,19.775000000000002,200.0,6199.999999999932,6160.759999999932,target_mean,3,PANIC_CRASH
SC_IDX,synthetic,2015-05-12 19:45:00,2015-05-12 20:30:00,LONG,1,377.50000000000006,367.2285714285714,18.875000000000004,18.361428571428572,200.0,-10271.428571428658,-10308.665000000086,stop,3,PANIC_CRASH
SC_IDX,synthetic,2015-05-13 16:30:00,2015-05-13 18:00:00,LONG,1,372.50000000000006,376.42499999999995,18.625000000000004,18.82125,200.0,3924.9999999998977,3887.5537499998977,target_mean,6,PANIC_CRASH
SC_IDX,synthetic,2015-05-13 19:45:00,2015-05-13 20:15:00,SHORT,1,381.9,376.63000000000005,19.095000000000002,18.831500000000005,200.0,5269.999999999925,5232.073499999925,target_mean,2,PANIC_CRASH
SC_IDX,synthetic,2015-05-14 06:00:00,2015-05-14 07:30:00,LONG,1,363.70000000000005,355.07142857142856,18.185000000000002,17.75357142857143,200.0,-8628.57142857149,-8664.51000000006,stop,6,PANIC_CRASH
SC_IDX,synthetic,2015-05-14 16:00:00,2015-05-14 16:30:00,LONG,1,353.90000000000003,353.7,17.695000000000004,17.685000000000002,200.0,-200.00000000004547,-235.38000000004547,stop,2,PANIC_CRASH
SC_IDX,synthetic,2015-05-14 18:15:00,2015-05-14 19:45:00,LONG,1,348.30000000000007,340.84285714285716,17.415000000000003,17.04214285714286,200.0,-7457.142857142912,-7491.600000000055,stop,6,PANIC_CRASH
SC_IDX,synthetic,2015-05-14 20:30:00,2015-05-14 21:30:00,LONG,1,342.20000000000005,342.5842857142857,17.110000000000003,17.129214285714287,200.0,384.2857142856815,350.0464999999672,stop,4,PANIC_CRASH
SC_IDX,synthetic,2015-05-14 22:00:00,2015-05-14 22:30:00,LONG,1,339.40000000000003,344.55,16.970000000000002,17.2275,200.0,5149.999999999977,5115.802499999977,target_mean,2,PANIC_CRASH
SC_IDX,synthetic,2015-05-15 04:00:00,2015-05-15 04:00:00,SHORT,1,361.9,362.1,18.095000000000002,18.105,200.0,-200.00000000004547,-236.20000000004546,stop,0,PANIC_CRASH
SC_IDX,synthetic,2015-05-15 11:30:00,2015-05-15 11:30:00,LONG,1,347.20000000000005,347.515,17.360000000000003,17.37575,200.0,314.9999999999409,280.2642499999409,target_mean,0,PANIC_CRASH
SC_IDX,synthetic,2015-05-15 14:00:00,2015-05-15 14:15:00,SHORT,1,369.7,353.9200000000001,18.485,17.696000000000005,200.0,15779.999999999916,15743.818999999916,target_mean,1,PANIC_CRASH
SC_IDX,synthetic,2015-05-15 16:45:00,2015-05-15 16:45:00,SHORT,1,371.8,382.11428571428576,18.59,19.10571428571429,200.0,-10314.285714285745,-10351.981428571458,stop,0,PANIC_CRASH
SC_IDX,synthetic,2015-05-16 02:45:00,2015-05-16 04:00:00,LONG,1,337.30000000000007,343.155,16.865000000000002,17.15775,200.0,5854.9999999999045,5820.977249999904,target_mean,5,PANIC_CRASH
SC_IDX,synthetic,2015-05-16 20:15:00,2015-05-16 23:00:00,LONG,1,328.40000000000003,328.57500000000005,16.420000000000005,16.428750000000004,200.0,175.00000000001137,142.15125000001134,target_mean,11,PANIC_CRASH
SC_IDX,synthetic,2015-05-17 07:30:00,2015-05-17 07:30:00,SHORT,1,337.5,337.70000000000005,16.875,16.885000000000005,200.0,-200.00000000004547,-233.76000000004547,stop,0,PANIC_CRASH
SC_IDX,synthetic,2015-05-17 11:45:00,2015-05-17 11:45:00,LONG,1,318.90000000000003,318.7,15.945000000000004,15.935,200.0,-200.00000000004547,-231.88000000004547,stop,0,PANIC_CRASH
SC_IDX,synthetic,2015-05-17 22:15:00,2015-05-18 00:00:00,LONG,1,306.8,299.9857142857142,15.34,14.99928571428571,200.0,-6814.285714285802,-6844.625000000088,stop,7,PANIC_CRASH
SC_IDX,synthetic,2015-05-18 00:45:00,2015-05-18 04:15:00,LONG,1,292.00000000000006,284.8,14.600000000000003,14.24,200.0,-7200.0000000000455,-7228.840000000046,time_stop,14,PANIC_CRASH
SC_IDX,synthetic,2015-05-18 08:00:00,2015-05-18 08:45:00,SHORT,1,293.3,286.08000000000004,14.665000000000001,14.304000000000004,200.0,7219.999999999971,7191.030999999971,target_mean,3,PANIC_CRASH
SC_IDX,synthetic,2015-05-18 18:45:00,2015-05-18 20:30:00,LONG,1,281.70000000000005,287.37,14.085000000000004,14.368500000000001,200.0,5669.999999999959,5641.546499999959,target_mean,7,PANIC_CRASH
SC_IDX,synthetic,2015-05-19 00:30:00,2015-05-19 01:15:00,SHORT,1,291.09999999999997,286.99500000000006,14.554999999999998,14.349750000000004,200.0,4104.9999999999045,4076.095249999905,target_mean,3,PANIC_CRASH
SC_IDX,synthetic,2015-05-19 05:30:00,2015-05-19 07:45:00,SHORT,1,324.2,333.5857142857144,16.21,16.67928571428572,200.0,-9385.714285714414,-9418.603571428699,stop,9,PANIC_CRASH
SC_IDX,synthetic,2015-05-19 08:00:00,2015-05-19 10:00:00,SHORT,1,333.3,330.175,16.665,16.50875,200.0,3125.0,3091.82625,target_mean,8,PANIC_CRASH
SC_IDX,synthetic,2015-05-19 15:15:00,2015-05-19 16:45:00,SHORT,1,342.8,335.3,17.14,16.765,200.0,7500.0,7466.094999999999,target_mean,6,PANIC_CRASH
SC_IDX,synthetic,2015-05-19 22:00:00,2015-05-19 22:15:00,LONG,1,311.30000000000007,316.56,15.565000000000003,15.828000000000001,200.0,5259.9999999999345,5228.6069999999345,target_mean,1,PANIC_CRASH
SC_IDX,synthetic,2015-05-19 23:30:00,2015-05-20 01:15:00,LONG,1,306.8,299.0242857142857,15.34,14.951214285714288,200.0,-7775.714285714286,-7806.005500000001,stop,7,PANIC_CRASH
SC_IDX,synthetic,2015-05-20 11:00:00,2015-05-20 11:45:00,LONG,1,288.00000000000006,283.15714285714284,14.400000000000004,14.157857142857143,200.0,-4842.857142857212,-4871.415000000069,stop,3,PANIC_CRASH
SC_IDX,synthetic,2015-05-20 16:30:00,2015-05-20 16:30:00,LONG,1,282.1,282.515,14.105,14.12575,200.0,414.9999999999636,386.7692499999636,target_mean,0,PANIC_CRASH
SC_IDX,synthetic,2015-05-20 19:45:00,2015-05-20 20:15:00,SHORT,1,290.7,286.42,14.535,14.321000000000002,200.0,4279.999999999973,4251.143999999973,target_mean,2,PANIC_CRASH
SC_IDX,synthetic,2015-05-21 00:00:00,2015-05-21 00:45:00,SHORT,1,295.09999999999997,294.8342857142857,14.754999999999997,14.741714285714288,200.0,265.71428571423894,236.21757142852465,stop,3,PANIC_CRASH
SC_IDX,synthetic,2015-05-22 01:45:00,2015-05-22 02:45:00,SHORT,1,303.7,311.3285714285715,15.185,15.566428571428574,200.0,-7628.57142857149,-7659.322857142919,stop,4,PANIC_CRASH
SC_IDX,synthetic,2015-05-22 03:00:00,2015-05-22 05:00:00,SHORT,1,308.3,315.50000000000006,15.415000000000001,15.775000000000004,200.0,-7200.0000000000455,-7231.190000000045,stop,8,PANIC_CRASH
SC_IDX,synthetic,2015-05-22 06:15:00,2015-05-22 07:45:00,SHORT,1,319.6,327.5300000000001,15.98,16.376500000000004,200.0,-7930.000000000064,-7962.3565000000635,stop,6,PANIC_CRASH
SC_IDX,synthetic,2015-05-22 14:30:00,2015-05-22 15:45:00,LONG,1,318.20000000000005,310.07142857142856,15.910000000000004,15.50357142857143,200.0,-8128.57142857149,-8159.9850000000615,stop,5,PANIC_CRASH
SC_IDX,synthetic,2015-05-23 10:00:00,2015-05-23 11:00:00,LONG,1,255.1,255.3607142857143,12.755,12.768035714285714,200.0,260.71428571430033,235.19125000001463,stop,4,PANIC_CRASH
SC_IDX,synthetic,2015-05-23 13:45:00,2015-05-23 14:30:00,LONG,1,243.9,244.1864285714286,12.195,12.20932142857143,200.0,286.428571428587,262.02425000001557,stop,3,PANIC_CRASH
SC_IDX,synthetic,2015-05-23 16:45:00,2015-05-23 19:00:00,LONG,1,229.70000000000002,222.25857142857146,11.485000000000001,11.112928571428572,200.0,-7441.42857142856,-7464.026499999988,stop,9,PANIC_CRASH
SC_IDX,synthetic,2015-05-24 06:45:00,2015-05-24 08:00:00,SHORT,1,238.8,245.30285714285716,11.940000000000001,12.265142857142859,200.0,-6502.857142857152,-6527.062285714294,stop,5,PANIC_CRASH
SC_IDX,synthetic,2015-05-24 16:00:00,2015-05-24 17:00:00,LONG,1,226.6,226.82714285714286,11.33,11.341357142857143,200.0,227.14285714286575,204.4715000000086,stop,4,PANIC_CRASH
SC_IDX,synthetic,2015-05-24 17:30:00,2015-05-24 19:15:00,LONG,1,225.1,227.95000000000002,11.255,11.397500000000003,200.0,2850.0000000000227,2827.3475000000226,target_mean,7,PANIC_CRASH
SC_IDX,synthetic,2015-05-24 20:15:00,2015-05-24 20:15:00,LONG,1,220.3,225.675,11.015,11.283750000000001,200.0,5375.0,5352.70125,target_mean,0,PANIC_CRASH
SC_IDX,synthetic,2015-05-24 22:30:00,2015-05-24 23:30:00,SHORT,1,228.60000000000002,236.37571428571428,11.430000000000001,11.818785714285715,200.0,-7775.714285714258,-7798.963071428544,stop,4,PANIC_CRASH
SC_IDX,synthetic,2015-05-25 00:00:00,2015-05-25 01:45:00,SHORT,1,237.3,237.0,11.865,11.850000000000001,200.0,300.00000000001137,276.28500000001134,stop,7,PANIC_CRASH
SC_IDX,synthetic,2015-05-25 03:00:00,2015-05-25 03:15:00,SHORT,1,246.70000000000002,259.00000000000006,12.335000000000003,12.950000000000003,200.0,-12300.00000000004,-12325.28500000004,stop,1,PANIC_CRASH
SC_IDX,synthetic,2015-05-25 04:15:00,2015-05-25 04:15:00,SHORT,1,252.60000000000002,252.8,12.630000000000003,12.64,200.0,-199.99999999998863,-225.2699999999886,stop,0,PANIC_CRASH
SC_IDX,synthetic,2015-05-25 06:15:00,2015-05-25 07:15:00,SHORT,1,259.8,252.55999999999997,12.99,12.627999999999998,200.0,7240.000000000037,7214.382000000038,target_mean,4,PANIC_CRASH
SC_IDX,synthetic,2015-05-25 15:15:00,2015-05-25 16:15:00,LONG,1,246.1,249.10999999999999,12.305,12.455499999999999,200.0,3009.999999999991,2985.239499999991,target_mean,4,PANIC_CRASH
SC_IDX,synthetic,2015-05-25 16:30:00,2015-05-25 16:30:00,LONG,1,249.4,249.20000000000002,12.47,12.460000000000003,200.0,-199.99999999998863,-224.92999999998864,target_mean,0,PANIC_CRASH
SC_IDX,synthetic,2015-05-26 10:45:00,2015-05-26 11:00:00,SHORT,1,248.00000000000003,247.7964285714286,12.400000000000002,12.38982142857143,200.0,203.57142857142208,178.78160714285065,stop,1,PANIC_CRASH
SC_IDX,synthetic,2015-05-26 16:45:00,2015-05-26 18:15:00,SHORT,1,261.9,266.38571428571436,13.094999999999999,13.31928571428572,200.0,-4485.71428571438,-4512.128571428666,stop,6,PANIC_CRASH
SC_IDX,synthetic,2015-05-26 18:45:00,2015-05-26 18:45:00,SHORT,1,267.7,267.90000000000003,13.385,13.395000000000003,200.0,-200.00000000004547,-226.78000000004548,stop,0,PANIC_CRASH
SC_IDX,synthetic,2015-05-26 21:45:00,2015-05-26 22:45:00,SHORT,1,271.59999999999997,278.38571428571436,13.579999999999998,13.919285714285719,200.0,-6785.714285714392,-6813.213571428678,stop,4,PANIC_CRASH
SC_IDX,synthetic,2015-05-26 23:15:00,2015-05-27 00:15:00,SHORT,1,278.3,272.46000000000004,13.915000000000001,13.623000000000003,200.0,5839.9999999999745,5812.461999999975,target_mean,4,PANIC_CRASH
SC_IDX,synthetic,2015-05-27 00:45:00,2015-05-27 01:30:00,SHORT,1,278.59999999999997,275.845,13.929999999999998,13.792250000000001,200.0,2754.9999999999386,2727.277749999939,target_mean,3,PANIC_CRASH
SC_IDX,synthetic,2015-05-27 04:15:00,2015-05-27 04:30:00,SHORT,1,283.8,289.54285714285714,14.190000000000001,14.477142857142859,200.0,-5742.857142857133,-5771.524285714276,stop,1,PANIC_CRASH
SC_IDX,synthetic,2015-05-27 05:30:00,2015-05-27 08:15:00,SHORT,1,290.4,288.83500000000004,14.520000000000001,14.441750000000004,200.0,1564.9999999999409,1536.038249999941,target_mean,11,PANIC_CRASH
SC_IDX,synthetic,2015-05-27 17:00:00,2015-05-27 17:00:00,SHORT,1,296.9,302.7571428571429,14.845,15.137857142857145,200.0,-5857.142857142946,-5887.125714285803,stop,0,PANIC_CRASH
SC_IDX,synthetic,2015-05-27 20:15:00,2015-05-27 21:15:00,SHORT,1,304.0,298.21000000000004,15.200000000000001,14.910500000000004,200.0,5789.999999999964,5759.889499999964,target_mean,4,PANIC_CRASH
SC_IDX,synthetic,2015-05-28 03:00:00,2015-05-28 03:00:00,SHORT,1,309.0,303.54,15.450000000000001,15.177000000000001,200.0,5459.99999999998,5429.3729999999805,target_mean,0,PANIC_CRASH
SC_IDX,synthetic,2015-05-28 04:15:00,2015-05-28 06:00:00,LONG,1,287.3,296.545,14.365,14.827250000000001,200.0,9245.000000000004,9215.807750000004,target_mean,7,PANIC_CRASH
SC_IDX,synthetic,2015-05-28 08:15:00,2015-05-28 08:45:00,SHORT,1,307.4,314.04285714285714,15.370000000000001,15.702142857142858,200.0,-6642.857142857167,-6673.929285714309,stop,2,PANIC_CRASH
SC_IDX,synthetic,2015-05-28 11:00:00,2015-05-28 11:15:00,SHORT,1,320.2,327.28571428571433,16.01,16.364285714285717,200.0,-7085.714285714346,-7118.088571428632,stop,1,PANIC_CRASH
SC_IDX,synthetic,2015-05-28 12:00:00,2015-05-28 12:45:00,SHORT,1,330.4,337.9857142857143,16.52,16.899285714285718,200.0,-7585.714285714346,-7619.133571428632,stop,3,PANIC_CRASH
SC_IDX,synthetic,2015-05-28 15:30:00,2015-05-28 15:30:00,SHORT,1,352.3,352.50000000000006,17.615000000000002,17.625000000000004,200.0,-200.00000000004547,-235.24000000004548,stop,0,PANIC_CRASH
SC_IDX,synthetic,2015-05-28 18:00:00,2015-05-28 19:15:00,SHORT,1,355.4,351.58500000000004,17.77,17.579250000000005,200.0,3814.999999999941,3779.6507499999407,target_mean,5,PANIC_CRASH
SC_IDX,synthetic,2015-05-29 07:15:00,2015-05-29 08:15:00,SHORT,1,356.9,356.4692857142857,17.845000000000002,17.823464285714287,200.0,430.7142857142594,395.0458214285451,stop,4,PANIC_CRASH
SC_IDX,synthetic,2015-05-29 19:00:00,2015-05-29 19:30:00,SHORT,1,376.5,371.50000000000006,18.825,18.575000000000003,200.0,4999.999999999944,4962.599999999944,target_mean,2,PANIC_CRASH
SC_IDX,synthetic,2015-05-30 05:00:00,2015-05-30 05:45:00,SHORT,1,382.2,388.3285714285715,19.11,19.416428571428575,200.0,-6128.57142857149,-6167.097857142919,stop,3,PANIC_CRASH
SC_IDX,synthetic,2015-05-30 06:45:00,2015-05-30 08:30:00,SHORT,1,390.0,385.92,19.5,19.296,200.0,4079.999999999984,4041.2039999999843,target_mean,7,PANIC_CRASH
SC_IDX,synthetic,2015-05-30 10:45:00,2015-05-30 11:15:00,SHORT,1,398.6,405.1142857142857,19.93,20.255714285714284,200.0,-6514.285714285677,-6554.471428571392,stop,2,PANIC_CRASH
SC_IDX,synthetic,2015-05-30 11:45:00,2015-05-30 12:30:00,SHORT,1,408.2,414.9428571428572,20.41,20.747142857142858,200.0,-6742.85714285719,-6784.014285714333,stop,3,PANIC_CRASH
SC_IDX,synthetic,2015-05-31 03:00:00,2015-05-31 04:00:00,SHORT,1,429.4,422.33500000000004,21.470000000000002,21.116750000000003,200.0,7064.999999999941,7022.4132499999405,target_mean,4,PANIC_CRASH
SC_IDX,synthetic,2015-05-31 19:45:00,2015-05-31 20:30:00,LONG,1,394.90000000000003,386.2999999999999,19.745000000000005,19.314999999999994,200.0,-8600.000000000136,-8639.060000000138,stop,3,PANIC_CRASH
SC_IDX,synthetic,2015-06-01 04:45:00,2015-06-01 05:00:00,LONG,1,384.1,375.6142857142857,19.205000000000002,18.780714285714286,200.0,-8485.714285714323,-8523.700000000037,stop,1,PANIC_CRASH
SC_IDX,synthetic,2015-06-01 05:45:00,2015-06-01 07:30:00,LONG,1,367.90000000000003,355.23857142857145,18.395000000000003,17.761928571428573,200.0,-12661.428571428587,-12697.585500000016,stop,7,PANIC_CRASH
SC_IDX,synthetic,2015-06-01 10:00:00,2015-06-01 11:15:00,LONG,1,349.50000000000006,354.92499999999995,17.475000000000005,17.746249999999996,200.0,5424.999999999898,5389.778749999898,target_mean,5,PANIC_CRASH
SC_IDX,synthetic,2015-06-01 21:15:00,2015-06-01 22:30:00,SHORT,1,375.2,382.4714285714286,18.76,19.12357142857143,200.0,-7271.428571428601,-7309.312142857172,stop,5,PANIC_CRASH
SC_IDX,synthetic,2015-06-01 23:00:00,2015-06-01 23:00:00,SHORT,1,381.6,381.80000000000007,19.080000000000002,19.090000000000003,200.0,-200.00000000004547,-238.1700000000455,stop,0,PANIC_CRASH
SC_IDX,synthetic,2015-06-02 09:30:00,2015-06-02 09:45:00,SHORT,1,390.8,390.3464285714286,19.540000000000003,19.51732142857143,200.0,453.5714285714221,414.5141071428506,stop,1,PANIC_CRASH
SC_IDX,synthetic,2015-06-02 18:15:00,2015-06-02 19:00:00,SHORT,1,404.5,413.2,20.225,20.66,200.0,-8699.999999999989,-8740.88499999999,stop,3,PANIC_CRASH
SC_IDX,synthetic,2015-06-02 21:00:00,2015-06-02 21:45:00,SHORT,1,407.5,415.72857142857146,20.375,20.786428571428576,200.0,-8228.571428571457,-8269.732857142884,stop,3,PANIC_CRASH
SC_IDX,synthetic,2015-06-03 02:00:00,2015-06-03 02:45:00,LONG,1,399.30000000000007,404.21999999999997,19.965000000000003,20.211,200.0,4919.999999999902,4879.823999999901,target_mean,3,PANIC_CRASH
SC_IDX,synthetic,2015-06-03 04:15:00,2015-06-03 06:15:00,SHORT,1,419.3,418.8678571428572,20.965,20.94339285714286,200.0,432.1428571428214,390.2344642856786,stop,8,PANIC_CRASH
SC_IDX,synthetic,2015-06-03 06:45:00,2015-06-03 08:30:00,SHORT,1,422.6,417.90500000000003,21.130000000000003,20.895250000000004,200.0,4694.999999999993,4652.974749999993,target_mean,7,PANIC_CRASH
SC_IDX,synthetic,2015-06-03 14:00:00,2015-06-03 14:15:00,LONG,1,367.80000000000007,368.26785714285717,18.390000000000004,18.41339285714286,200.0,467.857142857099,431.05374999995615,stop,1,PANIC_CRASH
SC_IDX,synthetic,2015-06-03 17:45:00,2015-06-03 18:15:00,LONG,1,364.40000000000003,368.035,18.220000000000002,18.40175,200.0,3634.999999999991,3598.378249999991,target_mean,2,PANIC_CRASH
SC_IDX,synthetic,2015-06-04 00:15:00,2015-06-04 00:45:00,SHORT,1,402.4,411.5857142857143,20.12,20.579285714285714,200.0,-9185.714285714312,-9226.413571428599,stop,2,PANIC_CRASH
SC_IDX,synthetic,2015-06-04 03:45:00,2015-06-04 04:15:00,SHORT,1,408.9,417.65714285714296,20.445,20.882857142857148,200.0,-8757.14285714298,-8798.470714285837,stop,2,PANIC_CRASH
SC_IDX,synthetic,2015-06-04 18:30:00,2015-06-04 19:45:00,SHORT,1,441.8,452.9857142857143,22.09,22.649285714285718,200.0,-11185.714285714312,-11230.453571428598,stop,5,PANIC_CRASH
SC_IDX,synthetic,2015-06-04 21:45:00,2015-06-04 23:15:00,SHORT,1,479.3,460.03999999999996,23.965,23.002,200.0,19260.000000000047,19213.033000000047,target_mean,6,PANIC_CRASH
SC_IDX,synthetic,2015-06-05 05:15:00,2015-06-05 06:00:00,LONG,1,442.80000000000007,443.30000000000007,22.140000000000004,22.165000000000003,200.0,500.0,455.695,stop,3,PANIC_CRASH
SC_IDX,synthetic,2015-06-05 08:15:00,2015-06-05 08:45:00,LONG,1,437.00000000000006,437.6614285714286,21.850000000000005,21.88307142857143,200.0,661.4285714285302,617.6954999999588,stop,2,PANIC_CRASH
SC_IDX,synthetic,2015-06-05 11:45:00,2015-06-05 11:45:00,SHORT,1,441.3,441.50000000000006,22.065,22.075000000000003,200.0,-200.00000000004547,-244.14000000004546,target_mean,0,PANIC_CRASH
SC_IDX,synthetic,2015-06-05 13:30:00,2015-06-05 14:00:00,SHORT,1,454.3,447.3750000000001,22.715,22.368750000000006,200.0,6924.999999999898,6879.916249999898,target_mean,2,PANIC_CRASH
SC_IDX,synthetic,2015-06-06 01:30:00,2015-06-06 02:45:00,LONG,1,419.6,427.04999999999995,20.98,21.3525,200.0,7449.999999999932,7407.667499999932,target_mean,5,PANIC_CRASH
SC_IDX,synthetic,2015-06-06 10:15:00,2015-06-06 10:45:00,SHORT,1,448.2,460.0642857142857,22.41,23.003214285714286,200.0,-11864.2857142857,-11909.698928571413,stop,2,PANIC_CRASH
SC_IDX,synthetic,2015-06-06 15:00:00,2015-06-06 18:30:00,SHORT,1,473.3,477.50000000000006,23.665000000000003,23.875000000000004,200.0,-4200.0000000000455,-4247.540000000045,time_stop,14,GRINDING_CHOP
SC_IDX,synthetic,2015-06-07 07:15:00,2015-06-07 08:00:00,LONG,1,472.20000000000005,470.1,23.610000000000003,23.505000000000003,200.0,-2100.0000000000227,-2147.115000000023,stop,3,GRINDING_CHOP
SC_IDX,synthetic,2015-06-07 08:30:00,2015-06-07 09:45:00,LONG,1,470.80000000000007,472.5,23.540000000000003,23.625,200.0,1699.9999999999318,1652.8349999999318,target_mean,5,GRINDING_CHOP
SC_IDX,synthetic,2015-06-07 10:45:00,2015-06-07 12:00:00,SHORT,1,476.3,478.6571428571429,23.815,23.932857142857145,200.0,-2357.1428571428896,-2404.890714285747,stop,5,GRINDING_CHOP
SC_IDX,synthetic,2015-06-08 00:45:00,2015-06-08 00:45:00,LONG,1,478.50000000000006,478.3,23.925000000000004,23.915000000000003,200.0,-200.00000000004547,-247.84000000004548,target_mean,0,GRINDING_CHOP
SC_IDX,synthetic,2015-06-08 03:00:00,2015-06-08 04:00:00,SHORT,1,479.7,479.095,23.985,23.95475,200.0,604.9999999999613,557.0602499999613,target_mean,4,GRINDING_CHOP
SC_IDX,synthetic,2015-06-08 04:15:00,2015-06-08 04:15:00,SHORT,1,479.2,479.1650000000001,23.96,23.958250000000003,200.0,34.999999999911324,-12.91825000008868,target_mean,0,GRINDING_CHOP
SC_IDX,synthetic,2015-06-08 12:15:00,2015-06-08 13:15:00,LONG,1,475.00000000000006,477.04499999999996,23.750000000000004,23.852249999999998,200.0,2044.9999999999022,1997.3977499999023,target_mean,4,GRINDING_CHOP
SC_IDX,synthetic,2015-06-08 14:30:00,2015-06-08 15:15:00,LONG,1,475.6,472.11857142857144,23.78,23.60592857142857,200.0,-3481.42857142858,-3528.814500000009,stop,3,GRINDING_CHOP
SC_IDX,synthetic,2015-06-09 07:00:00,2015-06-09 07:15:00,LONG,1,470.70000000000005,470.92499999999995,23.535000000000004,23.546249999999997,200.0,224.99999999990905,177.91874999990907,target_mean,1,GRINDING_CHOP
SC_IDX,synthetic,2015-06-09 10:45:00,2015-06-09 12:15:00,SHORT,1,473.7,471.715,23.685000000000002,23.58575,200.0,1985.0000000000136,1937.7292500000137,target_mean,6,GRINDING_CHOP
SC_IDX,synthetic,2015-06-09 16:15:00,2015-06-09 16:45:00,SHORT,1,477.0,477.20000000000005,23.85,23.860000000000003,200.0,-200.00000000004547,-247.71000000004548,stop,2,GRINDING_CHOP
SC_IDX,synthetic,2015-06-09 17:45:00,2015-06-09 18:30:00,SHORT,1,476.3,475.20000000000005,23.815,23.760000000000005,200.0,1099.999999999966,1052.4249999999658,target_mean,3,GRINDING_CHOP
SC_IDX,synthetic,2015-06-09 21:30:00,2015-06-09 22:30:00,SHORT,1,478.2,475.1,23.91,23.755000000000003,200.0,3099.999999999966,3052.334999999966,target_mean,4,GRINDING_CHOP
SC_IDX,synthetic,2015-06-10 07:45:00,2015-06-10 07:45:00,SHORT,1,476.3,476.50000000000006,23.815,23.825000000000003,200.0,-200.00000000004547,-247.64000000004546,stop,0,GRINDING_CHOP
SC_IDX,synthetic,2015-06-10 08:45:00,2015-06-10 08:45:00,SHORT,1,475.3,474.8,23.765,23.740000000000002,200.0,500.0,452.495,target_mean,0,GRINDING_CHOP
SC_IDX,synthetic,2015-06-10 14:30:00,2015-06-10 15:30:00,SHORT,1,476.8,475.6750000000001,23.84,23.78375000000001,200.0,1124.9999999998863,1077.3762499998863,target_mean,4,GRINDING_CHOP
SC_IDX,synthetic,2015-06-10 16:00:00,2015-06-10 17:00:00,LONG,1,472.6,475.8,23.630000000000003,23.790000000000003,200.0,3199.9999999999886,3152.5799999999886,target_mean,4,GRINDING_CHOP
SC_IDX,synthetic,2015-06-11 12:30:00,2015-06-11 12:30:00,LONG,1,473.1,472.9,23.655,23.645,200.0,-200.00000000004547,-247.3000000000455,stop,0,GRINDING_CHOP
SC_IDX,synthetic,2015-06-11 13:45:00,2015-06-11 14:00:00,SHORT,1,477.7,476.75,23.885,23.837500000000002,200.0,949.9999999999886,902.2774999999887,target_mean,1,GRINDING_CHOP
SC_IDX,synthetic,2015-06-11 23:00:00,2015-06-11 23:45:00,SHORT,1,478.7,476.08500000000004,23.935000000000002,23.804250000000003,200.0,2614.9999999999523,2567.260749999952,target_mean,3,GRINDING_CHOP
SC_IDX,synthetic,2015-06-12 09:15:00,2015-06-12 09:30:00,LONG,1,467.50000000000006,467.4,23.375000000000004,23.37,200.0,-100.00000000007958,-146.74500000007959,stop,1,GRINDING_CHOP
SC_IDX,synthetic,2015-06-12 10:30:00,2015-06-12 12:00:00,LONG,1,462.30000000000007,459.12857142857143,23.115000000000006,22.95642857142857,200.0,-3171.4285714286348,-3217.500000000063,stop,6,GRINDING_CHOP
SC_IDX,synthetic,2015-06-12 19:45:00,2015-06-12 21:30:00,SHORT,1,473.6,471.865,23.68,23.59325,200.0,1735.0000000000136,1687.7267500000137,target_mean,7,GRINDING_CHOP
SC_IDX,synthetic,2015-06-13 01:15:00,2015-06-13 01:30:00,LONG,1,468.20000000000005,464.4714285714286,23.410000000000004,23.22357142857143,200.0,-3728.571428571456,-3775.2050000000277,stop,1,GRINDING_CHOP
SC_IDX,synthetic,2015-06-13 02:15:00,2015-06-13 02:15:00,LONG,1,466.70000000000005,466.5,23.335000000000004,23.325000000000003,200.0,-200.00000000004547,-246.6600000000455,stop,0,GRINDING_CHOP
SC_IDX,synthetic,2015-06-13 08:45:00,2015-06-13 09:15:00,SHORT,1,477.9,477.8542857142857,23.895,23.892714285714284,200.0,45.7142857142685,-2.0734285714457847,stop,2,GRINDING_CHOP
SC_IDX,synthetic,2015-06-15 07:30:00,2015-06-15 08:00:00,LONG,1,472.00000000000006,476.1,23.600000000000005,23.805,200.0,4099.999999999965,4052.5949999999657,target_mean,2,GRINDING_CHOP
SC_IDX,synthetic,2015-06-15 18:00:00,2015-06-15 18:30:00,LONG,1,474.70000000000005,471.92857142857144,23.735000000000003,23.59642857142857,200.0,-2771.4285714286007,-2818.7600000000293,stop,2,GRINDING_CHOP
SC_IDX,synthetic,2015-06-17 05:00:00,2015-06-17 05:15:00,LONG,1,468.6,468.69428571428574,23.43,23.43471428571429,200.0,94.28571428571786,47.42100000000356,stop,1,GRINDING_CHOP
SC_IDX,synthetic,2015-06-17 06:30:00,2015-06-17 07:45:00,LONG,1,464.80000000000007,464.8828571428572,23.240000000000006,23.244142857142858,200.0,82.8571428571081,36.37299999996523,stop,5,GRINDING_CHOP
SC_IDX,synthetic,2015-06-17 14:30:00,2015-06-17 14:45:00,SHORT,1,474.5,477.7571428571429,23.725,23.887857142857147,200.0,-3257.1428571429237,-3304.755714285781,stop,1,GRINDING_CHOP
SC_IDX,synthetic,2015-06-17 20:45:00,2015-06-17 20:45:00,SHORT,1,478.8,475.95500000000004,23.94,23.797750000000004,200.0,2844.9999999999704,2797.26224999997,target_mean,0,GRINDING_CHOP
SC_IDX,synthetic,2015-06-17 23:00:00,2015-06-18 00:30:00,LONG,1,472.70000000000005,468.5285714285714,23.635000000000005,23.426428571428573,200.0,-4171.428571428634,-4218.490000000063,stop,6,GRINDING_CHOP
SC_IDX,synthetic,2015-06-18 01:30:00,2015-06-18 01:45:00,LONG,1,469.6,472.47499999999997,23.48,23.623749999999998,200.0,2874.999999999943,2827.896249999943,target_mean,1,GRINDING_CHOP
SC_IDX,synthetic,2015-06-18 07:30:00,2015-06-18 07:30:00,SHORT,1,472.6,470.82500000000005,23.630000000000003,23.541250000000005,200.0,1774.9999999999773,1727.8287499999772,target_mean,0,GRINDING_CHOP
SC_IDX,synthetic,2015-06-18 09:00:00,2015-06-18 11:30:00,SHORT,1,475.7,474.8900000000001,23.785,23.744500000000006,200.0,809.9999999998886,762.4704999998886,target_mean,10,GRINDING_CHOP
SC_IDX,synthetic,2015-06-18 22:30:00,2015-06-18 23:00:00,LONG,1,470.40000000000003,470.46714285714285,23.520000000000003,23.523357142857144,200.0,67.14285714281232,20.09949999995517,stop,2,GRINDING_CHOP
SC_IDX,synthetic,2015-06-19 10:15:00,2015-06-19 10:15:00,LONG,1,472.50000000000006,473.18000000000006,23.625000000000004,23.659000000000002,200.0,680.0000000000068,632.7160000000068,target_mean,0,GRINDING_CHOP
SC_IDX,synthetic,2015-06-19 12:15:00,2015-06-19 12:15:00,LONG,1,471.80000000000007,473.06499999999994,23.590000000000003,23.65325,200.0,1264.9999999998727,1217.7567499998727,target_mean,0,GRINDING_CHOP
SC_IDX,synthetic,2015-06-19 18:00:00,2015-06-19 18:00:00,SHORT,1,477.6,480.61428571428576,23.880000000000003,24.03071428571429,200.0,-3014.285714285734,-3062.196428571448,stop,0,GRINDING_CHOP
SC_IDX,synthetic,2015-06-20 07:30:00,2015-06-20 08:45:00,SHORT,1,476.3,475.53999999999996,23.815,23.776999999999997,200.0,760.0000000000477,712.4080000000477,target_mean,5,GRINDING_CHOP
SC_IDX,synthetic,2015-06-20 11:15:00,2015-06-20 12:00:00,LONG,1,472.6,475.05999999999995,23.630000000000003,23.752999999999997,200.0,2459.9999999999227,2412.6169999999224,target_mean,3,GRINDING_CHOP
SC_IDX,synthetic,2015-06-20 22:45:00,2015-06-20 23:15:00,SHORT,1,479.5,477.61500000000007,23.975,23.880750000000003,200.0,1884.999999999934,1837.1442499999341,target_mean,2,GRINDING_CHOP
SC_IDX,synthetic,2015-06-20 23:45:00,2015-06-21 01:30:00,LONG,1,473.40000000000003,473.4907142857143,23.670000000000005,23.674535714285717,200.0,90.71428571428442,43.369749999998696,stop,7,GRINDING_CHOP
SC_IDX,synthetic,2015-06-21 07:30:00,2015-06-21 08:00:00,LONG,1,470.6,471.58,23.53,23.579,200.0,979.9999999999613,932.8909999999614,target_mean,2,GRINDING_CHOP
SC_IDX,synthetic,2015-06-21 14:30:00,2015-06-21 14:30:00,LONG,1,468.50000000000006,469.9800000000001,23.425000000000004,23.499000000000002,200.0,1480.0000000000182,1433.0760000000182,target_mean,0,GRINDING_CHOP
SC_IDX,synthetic,2015-06-22 02:15:00,2015-06-22 04:00:00,SHORT,1,474.7,474.36000000000007,23.735,23.718000000000004,200.0,339.99999999991815,292.5469999999181,target_mean,7,GRINDING_CHOP
SC_IDX,synthetic,2015-06-22 09:45:00,2015-06-22 10:30:00,LONG,1,472.00000000000006,473.825,23.600000000000005,23.69125,200.0,1824.9999999999318,1777.7087499999318,target_mean,3,GRINDING_CHOP
SC_IDX,synthetic,2015-06-22 19:15:00,2015-06-22 19:15:00,SHORT,1,475.6,475.80000000000007,23.78,23.790000000000003,200.0,-200.00000000004547,-247.57000000004547,stop,0,GRINDING_CHOP
SC_IDX,synthetic,2015-06-23 01:30:00,2015-06-23 03:00:00,SHORT,1,478.4,476.26000000000005,23.92,23.813000000000002,200.0,2139.9999999999295,2092.2669999999293,target_mean,6,GRINDING_CHOP
SC_IDX,synthetic,2015-06-23 11:15:00,2015-06-23 12:00:00,SHORT,1,477.8,477.7035714285715,23.89,23.885178571428575,200.0,96.42857142853245,48.653392857103874,stop,3,GRINDING_CHOP
SC_IDX,synthetic,2015-06-23 20:00:00,2015-06-23 21:15:00,LONG,1,471.30000000000007,471.935,23.565000000000005,23.59675,200.0,634.9999999999341,587.838249999934,target_mean,5,GRINDING_CHOP
SC_IDX,synthetic,2015-06-24 06:45:00,2015-06-24 07:45:00,LONG,1,474.90000000000003,472.2428571428572,23.745000000000005,23.612142857142864,200.0,-2657.142857142844,-2704.499999999987,stop,4,GRINDING_CHOP
SC_IDX,synthetic,2015-06-24 13:45:00,2015-06-24 14:00:00,LONG,1,470.00000000000006,472.36499999999995,23.500000000000004,23.61825,200.0,2364.9999999998954,2317.8817499998954,target_mean,1,GRINDING_CHOP
SC_IDX,synthetic,2015-06-25 09:45:00,2015-06-25 10:45:00,LONG,1,473.6,475.0899999999999,23.68,23.754499999999997,200.0,1489.9999999998954,1442.5654999998953,target_mean,4,GRINDING_CHOP
SC_IDX,synthetic,2015-06-25 15:00:00,2015-06-25 16:00:00,SHORT,1,476.2,478.3857142857143,23.810000000000002,23.919285714285717,200.0,-2185.7142857143117,-2233.4435714285974,stop,4,GRINDING_CHOP
SC_IDX,synthetic,2015-06-25 20:45:00,2015-06-25 21:30:00,LONG,1,473.80000000000007,475.7,23.690000000000005,23.785,200.0,1899.9999999999204,1852.5249999999203,target_mean,3,GRINDING_CHOP
SC_IDX,synthetic,2015-06-26 06:00:00,2015-06-26 07:15:00,LONG,1,468.90000000000003,470.7149999999999,23.445000000000004,23.535749999999997,200.0,1814.999999999884,1768.019249999884,target_mean,5,GRINDING_CHOP
SC_IDX,synthetic,2015-06-26 17:15:00,2015-06-26 18:00:00,LONG,1,466.80000000000007,469.51500000000004,23.340000000000003,23.475750000000005,200.0,2714.999999999975,2668.184249999975,target_mean,3,GRINDING_CHOP
SC_IDX,synthetic,2015-06-27 01:45:00,2015-06-27 02:15:00,LONG,1,469.50000000000006,469.81499999999994,23.475000000000005,23.49075,200.0,314.99999999988404,268.034249999884,target_mean,2,GRINDING_CHOP
SC_IDX,synthetic,2015-06-27 03:00:00,2015-06-27 03:00:00,LONG,1,471.70000000000005,471.5,23.585000000000004,23.575000000000003,200.0,-200.00000000004547,-247.1600000000455,target_mean,0,GRINDING_CHOP
SC_IDX,synthetic,2015-06-27 06:15:00,2015-06-27 06:45:00,SHORT,1,472.5,471.1400000000001,23.625,23.557000000000006,200.0,1359.9999999999,1312.8179999999,target_mean,2,GRINDING_CHOP
SC_IDX,synthetic,2015-06-28 02:15:00,2015-06-28 02:15:00,SHORT,1,474.5,473.5400000000001,23.725,23.677000000000003,200.0,959.9999999999227,912.5979999999226,target_mean,0,GRINDING_CHOP
SC_IDX,synthetic,2015-06-28 10:00:00,2015-06-28 10:30:00,SHORT,1,475.5,472.50000000000006,23.775000000000002,23.625000000000004,200.0,2999.999999999943,2952.599999999943,target_mean,2,GRINDING_CHOP
SC_IDX,synthetic,2015-06-28 12:45:00,2015-06-28 13:15:00,LONG,1,470.6,468.5142857142857,23.53,23.425714285714285,200.0,-2085.714285714346,-2132.67000000006,stop,2,GRINDING_CHOP
SC_IDX,synthetic,2015-06-28 22:30:00,2015-06-28 22:45:00,SHORT,1,478.2,478.70000000000005,23.91,23.935000000000006,200.0,-500.00000000005684,-547.8450000000569,stop,1,GRINDING_CHOP
SC_IDX,synthetic,2015-06-29 05:15:00,2015-06-29 07:00:00,LONG,1,474.50000000000006,472.8285714285714,23.725000000000005,23.641428571428573,200.0,-1671.4285714286348,-1718.7950000000633,stop,7,GRINDING_CHOP
SC_IDX,synthetic,2015-06-29 07:45:00,2015-06-29 08:15:00,LONG,1,473.20000000000005,474.555,23.660000000000004,23.72775,200.0,1354.9999999999613,1307.6122499999613,target_mean,2,GRINDING_CHOP
SC_IDX,synthetic,2015-06-29 10:15:00,2015-06-29 10:30:00,LONG,1,468.1,467.6,23.405,23.380000000000003,200.0,-500.0,-546.785,stop,1,GRINDING_CHOP
SC_IDX,synthetic,2015-06-29 12:00:00,2015-06-29 13:00:00,LONG,1,468.1,469.56500000000005,23.405,23.478250000000003,200.0,1465.0000000000318,1418.116750000032,target_mean,4,GRINDING_CHOP
SC_IDX,synthetic,2015-06-30 03:45:00,2015-06-30 06:15:00,LONG,1,470.50000000000006,467.51428571428573,23.525000000000006,23.375714285714288,200.0,-2985.714285714323,-3032.6150000000375,stop,10,GRINDING_CHOP
SC_IDX,synthetic,2015-06-30 06:45:00,2015-06-30 06:45:00,LONG,1,466.6,463.10571428571427,23.330000000000002,23.155285714285714,200.0,-3494.285714285752,-3540.7710000000375,stop,0,GRINDING_CHOP
SC_IDX,synthetic,2015-06-30 07:45:00,2015-06-30 09:00:00,LONG,1,462.6,466.98,23.130000000000003,23.349,200.0,4379.999999999995,4333.520999999995,target_mean,5,GRINDING_CHOP
SC_IDX,synthetic,2015-06-30 13:30:00,2015-06-30 16:00:00,SHORT,1,476.3,473.66499999999996,23.815,23.683249999999997,200.0,2635.0000000000477,2587.5017500000477,target_mean,10,GRINDING_CHOP
SC_IDX,synthetic,2015-07-01 01:30:00,2015-07-01 02:45:00,SHORT,1,478.0,474.77,23.900000000000002,23.738500000000002,200.0,3230.000000000018,3182.361500000018,target_mean,5,GRINDING_CHOP
SC_IDX,synthetic,2015-07-01 07:30:00,2015-07-01 07:45:00,SHORT,1,477.9,475.75,23.895,23.7875,200.0,2149.9999999999773,2102.3174999999774,target_mean,1,GRINDING_CHOP
SC_IDX,synthetic,2015-07-01 12:15:00,2015-07-01 12:30:00,LONG,1,474.1,471.51428571428573,23.705000000000002,23.575714285714287,200.0,-2585.714285714289,-2632.995000000003,stop,1,GRINDING_CHOP
SC_IDX,synthetic,2015-07-02 07:45:00,2015-07-02 09:15:00,SHORT,1,477.7,479.8285714285715,23.885,23.991428571428575,200.0,-2128.5714285714903,-2176.447857142919,stop,6,GRINDING_CHOP
SC_IDX,synthetic,2015-07-02 09:45:00,2015-07-02 11:15:00,SHORT,1,479.5,477.8400000000001,23.975,23.892000000000007,200.0,1659.9999999999113,1612.1329999999114,target_mean,6,GRINDING_CHOP
SC_IDX,synthetic,2015-07-02 16:45:00,2015-07-02 17:00:00,LONG,1,471.50000000000006,468.46857142857147,23.575000000000003,23.423428571428577,200.0,-3031.4285714285916,-3078.42700000002,stop,1,GRINDING_CHOP
SC_IDX,synthetic,2015-07-03 04:00:00,2015-07-03 04:15:00,SHORT,1,476.6,476.54642857142863,23.830000000000002,23.827321428571434,200.0,53.57142857138797,5.914107142816533,stop,1,GRINDING_CHOP
SC_IDX,synthetic,2015-07-03 14:00:00,2015-07-03 14:15:00,SHORT,1,475.7,473.2200000000001,23.785,23.661000000000005,200.0,2479.9999999999045,2432.5539999999046,target_mean,1,GRINDING_CHOP
SC_IDX,synthetic,2015-07-03 17:00:00,2015-07-03 17:45:00,LONG,1,471.50000000000006,473.75,23.575000000000003,23.6875,200.0,2249.999999999943,2202.7374999999433,target_mean,3,GRINDING_CHOP
SC_IDX,synthetic,2015-07-03 21:00:00,2015-07-03 22:00:00,SHORT,1,474.7,473.5900000000001,23.735,23.679500000000008,200.0,1109.9999999999,1062.5854999999,target_mean,4,GRINDING_CHOP
SC_IDX,synthetic,2015-07-04 09:45:00,2015-07-04 10:30:00,SHORT,1,477.3,476.425,23.865000000000002,23.821250000000003,200.0,875.0,827.31375,target_mean,3,GRINDING_CHOP
SC_IDX,synthetic,2015-07-04 14:00:00,2015-07-04 14:30:00,LONG,1,475.30000000000007,472.0371428571429,23.765000000000004,23.601857142857146,200.0,-3262.8571428571718,-3310.224000000029,stop,2,GRINDING_CHOP
SC_IDX,synthetic,2015-07-04 15:15:00,2015-07-04 15:30:00,LONG,1,472.30000000000007,474.905,23.615000000000006,23.745250000000002,200.0,2604.9999999999045,2557.639749999905,target_mean,1,GRINDING_CHOP
SC_IDX,synthetic,2015-07-04 21:15:00,2015-07-04 21:45:00,LONG,1,471.30000000000007,473.30000000000007,23.565000000000005,23.665000000000003,200.0,2000.0,1952.77,target_mean,2,GRINDING_CHOP
SC_IDX,synthetic,2015-07-05 00:15:00,2015-07-05 00:30:00,SHORT,1,473.7,473.0400000000001,23.685000000000002,23.652000000000005,200.0,659.9999999999113,612.6629999999113,target_mean,1,GRINDING_CHOP
SC_IDX,synthetic,2015-07-05 01:45:00,2015-07-05 02:45:00,SHORT,1,476.0,478.22857142857146,23.8,23.911428571428576,200.0,-2228.571428571456,-2276.282857142885,stop,4,GRINDING_CHOP
SC_IDX,synthetic,2015-07-05 03:00:00,2015-07-05 03:45:00,SHORT,1,475.8,474.9650000000001,23.790000000000003,23.748250000000006,200.0,834.9999999999227,787.4617499999227,target_mean,3,GRINDING_CHOP
SC_IDX,synthetic,2015-07-05 12:00:00,2015-07-05 13:15:00,LONG,1,471.20000000000005,468.9428571428571,23.560000000000002,23.447142857142858,200.0,-2257.1428571429237,-2304.1500000000665,stop,5,GRINDING_CHOP
SC_IDX,synthetic,2015-07-05 14:00:00,2015-07-05 14:00:00,LONG,1,467.80000000000007,467.6,23.390000000000004,23.380000000000003,200.0,-200.00000000004547,-246.77000000004548,stop,0,GRINDING_CHOP
SC_IDX,synthetic,2015-07-05 21:00:00,2015-07-05 21:45:00,SHORT,1,475.0,479.2428571428572,23.75,23.96214285714286,200.0,-4242.85714285719,-4290.569285714333,stop,3,GRINDING_CHOP
SC_IDX,synthetic,2015-07-05 22:15:00,2015-07-06 00:15:00,SHORT,1,478.8,475.4950000000001,23.94,23.774750000000008,200.0,3304.999999999893,3257.285249999893,target_mean,8,GRINDING_CHOP
SC_IDX,synthetic,2015-07-06 13:45:00,2015-07-06 13:45:00,SHORT,1,474.1,472.5450000000001,23.705000000000002,23.627250000000004,200.0,1554.99999999995,1507.66774999995,target_mean,0,GRINDING_CHOP
SC_IDX,synthetic,2015-07-06 15:15:00,2015-07-06 17:30:00,SHORT,1,477.8,476.78000000000003,23.89,23.839000000000006,200.0,1019.9999999999818,972.2709999999818,target_mean,9,GRINDING_CHOP
SC_IDX,synthetic,2015-07-07 05:30:00,2015-07-07 05:30:00,SHORT,1,487.0,487.20000000000005,24.35,24.360000000000003,200.0,-200.00000000004547,-248.71000000004548,stop,0,GRINDING_CHOP
SC_IDX,synthetic,2015-07-07 10:45:00,2015-07-07 12:45:00,LONG,1,474.40000000000003,475.47499999999997,23.720000000000002,23.77375,200.0,1074.9999999999318,1027.5062499999317,target_mean,8,GRINDING_CHOP
SC_IDX,synthetic,2015-07-07 21:00:00,2015-07-07 22:15:00,SHORT,1,477.3,476.2850000000001,23.865000000000002,23.814250000000005,200.0,1014.9999999999295,967.3207499999295,target_mean,5,GRINDING_CHOP
SC_IDX,synthetic,2015-07-08 05:30:00,2015-07-08 06:00:00,LONG,1,475.20000000000005,475.94499999999994,23.760000000000005,23.79725,200.0,744.9999999998909,697.4427499998909,target_mean,2,GRINDING_CHOP
SC_IDX,synthetic,2015-07-08 11:15:00,2015-07-08 11:30:00,LONG,2,473.90000000000003,474.9649999999999,47.39000000000001,47.4965,400.0,2129.999999999768,2035.1134999997682,target_mean,1,GRINDING_CHOP
SC_IDX,synthetic,2015-07-08 13:15:00,2015-07-08 13:30:00,LONG,1,472.70000000000005,473.7849999999999,23.635000000000005,23.689249999999994,200.0,1084.9999999998658,1037.675749999866,target_mean,1,GRINDING_CHOP
SC_IDX,synthetic,2015-07-08 19:30:00,2015-07-08 20:15:00,LONG,1,465.40000000000003,467.41999999999996,23.270000000000003,23.371,200.0,2019.999999999925,1973.358999999925,target_mean,3,GRINDING_CHOP
SC_IDX,synthetic,2015-07-09 10:00:00,2015-07-09 11:15:00,LONG,1,467.90000000000003,464.81714285714287,23.395000000000003,23.240857142857145,200.0,-3082.857142857165,-3129.493000000022,stop,5,GRINDING_CHOP
SC_IDX,synthetic,2015-07-09 12:00:00,2015-07-09 12:00:00,LONG,1,464.70000000000005,464.5,23.235000000000003,23.225,200.0,-200.00000000004547,-246.46000000004548,stop,0,GRINDING_CHOP
SC_IDX,synthetic,2015-07-09 16:15:00,2015-07-09 17:30:00,SHORT,1,470.9,475.2714285714286,23.545,23.76357142857143,200.0,-4371.428571428623,-4418.737142857195,stop,5,GRINDING_CHOP
SC_IDX,synthetic,2015-07-10 17:30:00,2015-07-10 17:30:00,SHORT,2,477.1,477.30000000000007,47.71,47.73000000000001,400.0,-400.00000000009095,-495.44000000009095,stop,0,GRINDING_CHOP
SC_IDX,synthetic,2015-07-11 08:30:00,2015-07-11 08:45:00,LONG,1,476.50000000000006,476.61499999999995,23.825000000000003,23.83075,200.0,114.99999999989541,67.34424999989541,target_mean,1,GRINDING_CHOP
SC_IDX,synthetic,2015-07-11 10:00:00,2015-07-11 10:45:00,LONG,1,474.40000000000003,475.685,23.720000000000002,23.78425,200.0,1284.9999999999682,1237.4957499999682,target_mean,3,GRINDING_CHOP
SC_IDX,synthetic,2015-07-11 20:30:00,2015-07-11 23:00:00,SHORT,1,478.7,476.0150000000001,23.935000000000002,23.800750000000008,200.0,2684.9999999998886,2637.2642499998888,target_mean,10,GRINDING_CHOP
SC_IDX,synthetic,2015-07-12 04:30:00,2015-07-12 04:45:00,LONG,1,472.6,470.5714285714286,23.630000000000003,23.528571428571432,200.0,-2028.5714285714107,-2075.7299999999823,stop,1,GRINDING_CHOP
SC_IDX,synthetic,2015-07-12 08:00:00,2015-07-12 08:15:00,LONG,1,466.20000000000005,470.7099999999999,23.310000000000002,23.5355,200.0,4509.999999999877,4463.154499999877,target_mean,1,GRINDING_CHOP
SC_IDX,synthetic,2015-07-13 03:30:00,2015-07-13 04:00:00,SHORT,1,480.2,477.715,24.01,23.88575,200.0,2485.0000000000136,2437.1042500000135,target_mean,2,GRINDING_CHOP
SC_IDX,synthetic,2015-07-13 13:00:00,2015-07-13 13:15:00,SHORT,1,476.1,474.65000000000003,23.805,23.732500000000005,200.0,1449.9999999999886,1402.4624999999885,target_mean,1,GRINDING_CHOP
SC_IDX,synthetic,2015-07-13 14:15:00,2015-07-13 14:15:00,SHORT,1,475.7,474.7750000000001,23.785,23.738750000000007,200.0,924.9999999998977,877.4762499998977,target_mean,0,GRINDING_CHOP
SC_IDX,synthetic,2015-07-13 16:30:00,2015-07-13 17:30:00,SHORT,1,480.1,482.28571428571433,24.005000000000003,24.114285714285717,200.0,-2185.7142857143117,-2233.8335714285977,stop,4,GRINDING_CHOP
SC_IDX,synthetic,2015-07-13 22:30:00,2015-07-14 00:30:00,LONG,1,471.6,467.27142857142854,23.580000000000002,23.363571428571426,200.0,-4328.5714285714785,-4375.515000000049,stop,8,GRINDING_CHOP
SC_IDX,synthetic,2015-07-14 06:15:00,2015-07-14 06:45:00,LONG,1,465.20000000000005,465.29285714285714,23.260000000000005,23.26464285714286,200.0,92.857142857099,46.33249999995614,stop,2,GRINDING_CHOP
SC_IDX,synthetic,2015-07-14 16:00:00,2015-07-14 16:45:00,SHORT,1,475.4,472.35,23.77,23.6175,200.0,3049.9999999999545,3002.6124999999547,target_mean,3,GRINDING_CHOP
SC_IDX,synthetic,2015-07-15 03:00:00,2015-07-15 03:00:00,SHORT,1,477.7,476.7200000000001,23.885,23.836000000000006,200.0,979.9999999999045,932.2789999999045,target_mean,0,GRINDING_CHOP
SC_IDX,synthetic,2015-07-15 09:00:00,2015-07-15 10:45:00,LONG,1,475.6,472.0671428571428,23.78,23.603357142857142,200.0,-3532.8571428572104,-3580.2405000000676,stop,7,GRINDING_CHOP
SC_IDX,synthetic,2015-07-15 23:15:00,2015-07-15 23:15:00,LONG,2,476.30000000000007,473.97571428571433,47.63000000000001,47.39757142857143,400.0,-4648.571428571472,-4743.599000000044,stop,0,GRINDING_CHOP
SC_IDX,synthetic,2015-07-16 10:15:00,2015-07-16 11:15:00,LONG,1,471.70000000000005,472.905,23.585000000000004,23.64525,200.0,1204.9999999999272,1157.7697499999272,target_mean,4,GRINDING_CHOP
SC_IDX,synthetic,2015-07-17 01:45:00,2015-07-17 02:15:00,LONG,1,470.50000000000006,467.35714285714283,23.525000000000006,23.367857142857144,200.0,-3142.857142857224,-3189.7500000000814,stop,2,GRINDING_CHOP
SC_IDX,synthetic,2015-07-17 12:00:00,2015-07-17 12:30:00,LONG,1,469.20000000000005,470.16999999999996,23.460000000000004,23.508499999999998,200.0,969.9999999999136,923.0314999999135,target_mean,2,GRINDING_CHOP
SC_IDX,synthetic,2015-07-18 04:00:00,2015-07-18 05:15:00,SHORT,1,471.9,475.43285714285713,23.595000000000002,23.771642857142858,200.0,-3532.8571428571536,-3580.2237857142964,stop,5,GRINDING_CHOP
SC_IDX,synthetic,2015-07-18 05:30:00,2015-07-18 05:30:00,SHORT,1,473.3,476.08571428571435,23.665000000000003,23.80428571428572,200.0,-2785.7142857143344,-2833.1835714286203,stop,0,GRINDING_CHOP
SC_IDX,synthetic,2015-07-18 08:00:00,2015-07-18 11:30:00,SHORT,1,478.2,482.6,23.91,24.130000000000003,200.0,-4400.000000000035,-4448.0400000000345,stop,14,GRINDING_CHOP
SC_IDX,synthetic,2015-07-18 18:45:00,2015-07-18 20:15:00,LONG,1,468.70000000000005,470.00000000000006,23.435000000000002,23.500000000000004,200.0,1300.0000000000114,1253.0650000000114,target_mean,6,GRINDING_CHOP
SC_IDX,synthetic,2015-07-19 07:45:00,2015-07-19 08:15:00,LONG,1,471.90000000000003,472.915,23.595000000000002,23.64575,200.0,1014.9999999999864,967.7592499999863,target_mean,2,GRINDING_CHOP
SC_IDX,synthetic,2015-07-20 02:45:00,2015-07-20 05:00:00,SHORT,1,474.5,473.63500000000005,23.725,23.681750000000005,200.0,864.9999999999523,817.5932499999523,target_mean,9,GRINDING_CHOP
SC_IDX,synthetic,2015-07-20 16:45:00,2015-07-20 16:45:00,LONG,1,474.00000000000006,475.54999999999995,23.700000000000003,23.7775,200.0,1549.9999999998977,1502.5224999998977,target_mean,0,GRINDING_CHOP
SC_IDX,synthetic,2015-07-21 01:15:00,2015-07-21 01:45:00,LONG,1,467.30000000000007,470.00999999999993,23.365000000000006,23.5005,200.0,2709.999999999866,2663.134499999866,target_mean,2,GRINDING_CHOP
SC_IDX,synthetic,2015-07-21 07:00:00,2015-07-21 07:45:00,LONG,1,467.00000000000006,470.71500000000003,23.350000000000005,23.535750000000004,200.0,3714.999999999975,3668.114249999975,target_mean,3,GRINDING_CHOP
SC_IDX,synthetic,2015-07-21 18:15:00,2015-07-21 19:15:00,SHORT,1,478.7,475.98,23.935000000000002,23.799,200.0,2719.9999999999704,2672.2659999999705,target_mean,4,GRINDING_CHOP
SC_IDX,synthetic,2015-07-22 02:15:00,2015-07-22 02:30:00,LONG,1,476.70000000000005,473.25714285714287,23.835000000000004,23.662857142857142,200.0,-3442.8571428571786,-3490.355000000036,stop,1,GRINDING_CHOP
SC_IDX,synthetic,2015-07-22 12:30:00,2015-07-22 12:45:00,LONG,1,469.20000000000005,466.6,23.460000000000004,23.330000000000002,200.0,-2600.0000000000227,-2646.7900000000227,stop,1,GRINDING_CHOP
SC_IDX,synthetic,2015-07-22 18:45:00,2015-07-22 18:45:00,SHORT,1,473.7,471.28999999999996,23.685000000000002,23.5645,200.0,2410.000000000025,2362.750500000025,target_mean,0,GRINDING_CHOP
SC_IDX,synthetic,2015-07-22 23:30:00,2015-07-23 00:00:00,SHORT,1,477.9,478.1,23.895,23.905,200.0,-200.00000000004547,-247.8000000000455,stop,2,GRINDING_CHOP
SC_IDX,synthetic,2015-07-23 13:15:00,2015-07-23 13:30:00,SHORT,1,476.0,478.3428571428572,23.8,23.917142857142863,200.0,-2342.8571428572127,-2390.574285714356,stop,1,GRINDING_CHOP
SC_IDX,synthetic,2015-07-23 17:45:00,2015-07-23 19:15:00,LONG,1,473.30000000000007,474.01,23.665000000000003,23.7005,200.0,709.9999999999227,662.6344999999227,target_mean,6,GRINDING_CHOP
SC_IDX,synthetic,2015-07-24 02:15:00,2015-07-24 04:00:00,LONG,1,470.50000000000006,470.5892857142857,23.525000000000006,23.529464285714287,200.0,89.28571428566556,42.231249999951274,stop,7,GRINDING_CHOP
SC_IDX,synthetic,2015-07-24 08:45:00,2015-07-24 08:45:00,LONG,1,472.30000000000007,472.1,23.615000000000006,23.605,200.0,-200.00000000004547,-247.22000000004547,target_mean,0,GRINDING_CHOP
SC_IDX,synthetic,2015-07-24 17:15:00,2015-07-24 19:15:00,LONG,1,470.50000000000006,465.8,23.525000000000006,23.290000000000003,200.0,-4700.0000000000455,-4746.815000000045,stop,8,GRINDING_CHOP
SC_IDX,synthetic,2015-07-24 20:00:00,2015-07-24 21:45:00,LONG,1,465.80000000000007,467.63999999999993,23.290000000000003,23.381999999999998,200.0,1839.9999999998613,1793.3279999998613,target_mean,7,GRINDING_CHOP
SC_IDX,synthetic,2015-07-25 05:30:00,2015-07-25 06:00:00,SHORT,1,473.0,473.40000000000003,23.650000000000002,23.670000000000005,200.0,-400.0000000000341,-447.3200000000341,stop,2,GRINDING_CHOP
SC_IDX,synthetic,2015-07-25 11:45:00,2015-07-25 12:15:00,LONG,1,470.40000000000003,466.57142857142856,23.520000000000003,23.32857142857143,200.0,-3828.571428571479,-3875.4200000000505,stop,2,GRINDING_CHOP
SC_IDX,synthetic,2015-07-25 22:45:00,2015-07-25 22:45:00,SHORT,1,471.4,470.57500000000005,23.57,23.528750000000002,200.0,824.9999999999318,777.9012499999317,target_mean,0,GRINDING_CHOP
SC_IDX,synthetic,2015-07-26 00:45:00,2015-07-26 01:15:00,SHORT,1,472.8,475.72857142857146,23.64,23.786428571428576,200.0,-2928.571428571445,-2975.9978571428733,stop,2,GRINDING_CHOP
SC_IDX,synthetic,2015-07-26 01:45:00,2015-07-26 02:00:00,SHORT,1,475.2,476.20000000000005,23.76,23.810000000000006,200.0,-1000.0000000000568,-1047.5700000000568,stop,1,GRINDING_CHOP
SC_IDX,synthetic,2015-07-26 07:15:00,2015-07-26 09:00:00,SHORT,1,476.5,476.42285714285714,23.825000000000003,23.82114285714286,200.0,77.14285714286007,29.496714285717204,stop,7,GRINDING_CHOP
SC_IDX,synthetic,2015-07-26 17:15:00,2015-07-26 17:15:00,LONG,1,474.30000000000007,474.1,23.715000000000003,23.705000000000002,200.0,-200.00000000004547,-247.4200000000455,target_mean,0,GRINDING_CHOP
SC_IDX,synthetic,2015-07-26 19:00:00,2015-07-26 19:30:00,LONG,1,470.1,472.16499999999996,23.505000000000003,23.608249999999998,200.0,2064.999999999941,2017.8867499999408,target_mean,2,GRINDING_CHOP
SC_IDX,synthetic,2015-07-27 02:00:00,2015-07-27 02:30:00,SHORT,1,477.4,481.1,23.87,24.055,200.0,-3700.0000000000455,-3747.925000000045,stop,2,GRINDING_CHOP
SC_IDX,synthetic,2015-07-27 03:00:00,2015-07-27 04:30:00,SHORT,1,476.9,476.345,23.845000000000002,23.81725,200.0,554.99999999995,507.33774999994995,target_mean,6,GRINDING_CHOP
SC_IDX,synthetic,2015-07-27 22:30:00,2015-07-27 23:30:00,SHORT,1,478.0,478.20000000000005,23.900000000000002,23.910000000000004,200.0,-200.00000000004547,-247.81000000004548,stop,4,GRINDING_CHOP
SC_IDX,synthetic,2015-07-28 09:45:00,2015-07-28 09:45:00,LONG,1,471.90000000000003,471.7,23.595000000000002,23.585,200.0,-200.00000000004547,-247.18000000004548,stop,0,GRINDING_CHOP
SC_IDX,synthetic,2015-07-28 17:30:00,2015-07-28 17:30:00,SHORT,1,475.5,475.70000000000005,23.775000000000002,23.785000000000004,200.0,-200.00000000004547,-247.56000000004548,stop,0,NEW_BULL_WAVE
SC_IDX,synthetic,2015-07-28 20:00:00,2015-07-28 20:30:00,LONG,1,464.50000000000006,470.4,23.225000000000005,23.52,200.0,5899.99999999992,5853.254999999919,target_mean,2,NEW_BULL_WAVE
SC_IDX,synthetic,2015-07-28 22:00:00,2015-07-29 00:30:00,LONG,1,459.40000000000003,451.75714285714287,22.970000000000002,22.587857142857143,200.0,-7642.857142857167,-7688.4150000000245,stop,10,NEW_BULL_WAVE
SC_IDX,synthetic,2015-07-29 20:30:00,2015-07-29 20:30:00,SHORT,1,476.3,474.6600000000001,23.815,23.733000000000004,200.0,1639.9999999999295,1592.4519999999295,target_mean,0,NEW_BULL_WAVE
SC_IDX,synthetic,2015-07-30 00:45:00,2015-07-30 01:00:00,SHORT,1,481.9,477.0400000000001,24.095000000000002,23.852000000000004,200.0,4859.9999999999,4812.0529999999,target_mean,1,NEW_BULL_WAVE
SC_IDX,synthetic,2015-07-30 01:45:00,2015-07-30 01:45:00,SHORT,1,477.3,477.13000000000005,23.865000000000002,23.856500000000004,200.0,169.99999999995907,122.27849999995905,target_mean,0,NEW_BULL_WAVE
SC_IDX,synthetic,2015-07-30 03:15:00,2015-07-30 04:00:00,LONG,1,473.50000000000006,476.1300000000001,23.675000000000004,23.806500000000007,200.0,2630.0000000000523,2582.518500000052,target_mean,3,NEW_BULL_WAVE
SC_IDX,synthetic,2015-07-30 06:30:00,2015-07-30 07:15:00,LONG,1,469.50000000000006,473.855,23.475000000000005,23.69275,200.0,4354.999999999962,4307.832249999961,target_mean,3,NEW_BULL_WAVE
SC_IDX,synthetic,2015-07-30 16:00:00,2015-07-30 16:30:00,LONG,1,434.6,437.19500000000005,21.73,21.859750000000005,200.0,2595.0000000000273,2551.410250000027,target_mean,2,NEW_BULL_WAVE
SC_IDX,synthetic,2015-07-31 02:15:00,2015-07-31 03:45:00,SHORT,1,437.8,443.81428571428575,21.89,22.19071428571429,200.0,-6014.285714285734,-6058.3664285714485,stop,6,NEW_BULL_WAVE
SC_IDX,synthetic,2015-07-31 05:30:00,2015-07-31 06:30:00,SHORT,1,445.7,445.46785714285716,22.285,22.27339285714286,200.0,232.14285714283278,187.58446428568993,stop,4,NEW_BULL_WAVE
SC_IDX,synthetic,2015-08-01 00:30:00,2015-08-01 01:45:00,LONG,1,434.70000000000005,427.09999999999997,21.735000000000003,21.354999999999997,200.0,-7600.00000000008,-7643.090000000079,stop,5,NEW_BULL_WAVE
SC_IDX,synthetic,2015-08-01 03:30:00,2015-08-01 05:00:00,LONG,1,419.50000000000006,426.575,20.975000000000005,21.32875,200.0,7074.999999999932,7032.696249999932,target_mean,6,NEW_BULL_WAVE
SC_IDX,synthetic,2015-08-01 09:00:00,2015-08-01 09:00:00,SHORT,1,430.4,430.6,21.52,21.53,200.0,-200.00000000004547,-243.0500000000455,stop,0,NEW_BULL_WAVE
SC_IDX,synthetic,2015-08-01 16:30:00,2015-08-01 16:30:00,LONG,1,417.20000000000005,417.0,20.860000000000003,20.85,200.0,-200.00000000004547,-241.71000000004548,stop,0,NEW_BULL_WAVE
SC_IDX,synthetic,2015-08-02 15:30:00,2015-08-02 17:45:00,LONG,1,419.6,412.85714285714283,20.98,20.642857142857142,200.0,-6742.85714285719,-6784.480000000047,stop,9,NEW_BULL_WAVE
SC_IDX,synthetic,2015-08-02 18:15:00,2015-08-02 19:15:00,LONG,1,416.50000000000006,411.5857142857143,20.825000000000003,20.579285714285714,200.0,-4914.285714285768,-4955.690000000054,stop,4,NEW_BULL_WAVE
SC_IDX,synthetic,2015-08-03 00:15:00,2015-08-03 01:00:00,SHORT,1,422.4,417.76000000000005,21.12,20.888000000000005,200.0,4639.999999999929,4597.991999999929,target_mean,3,NEW_BULL_WAVE
SC_IDX,synthetic,2015-08-03 07:45:00,2015-08-03 09:15:00,LONG,1,409.1,415.01500000000004,20.455000000000002,20.750750000000004,200.0,5915.00000000002,5873.79425000002,target_mean,6,NEW_BULL_WAVE
SC_IDX,synthetic,2015-08-04 03:15:00,2015-08-04 03:30:00,SHORT,1,429.7,435.2428571428572,21.485,21.762142857142862,200.0,-5542.857142857201,-5586.104285714344,stop,1,NEW_BULL_WAVE
SC_IDX,synthetic,2015-08-04 04:15:00,2015-08-04 05:15:00,SHORT,1,439.3,439.0428571428572,21.965,21.952142857142864,200.0,257.14285714281004,213.22571428566718,stop,4,NEW_BULL_WAVE
SC_IDX,synthetic,2015-08-04 16:45:00,2015-08-04 17:30:00,SHORT,1,436.6,440.34285714285727,21.830000000000002,22.017142857142865,200.0,-3742.857142857247,-3786.7042857143897,stop,3,NEW_BULL_WAVE
SC_IDX,synthetic,2015-08-04 18:15:00,2015-08-04 19:00:00,SHORT,1,439.0,435.4150000000001,21.95,21.770750000000003,200.0,3584.9999999999227,3541.2792499999227,target_mean,3,NEW_BULL_WAVE
SC_IDX,synthetic,2015-08-05 16:30:00,2015-08-05 17:00:00,LONG,1,439.30000000000007,439.60857142857145,21.965000000000003,21.980428571428575,200.0,308.5714285713834,264.62599999995484,stop,2,NEW_BULL_WAVE
SC_IDX,synthetic,2015-08-05 20:15:00,2015-08-05 21:45:00,LONG,1,432.6,435.11499999999995,21.630000000000003,21.75575,200.0,2514.9999999999295,2471.6142499999296,target_mean,6,NEW_BULL_WAVE
SC_IDX,synthetic,2015-08-06 01:45:00,2015-08-06 02:45:00,SHORT,1,437.1,431.61500000000007,21.855,21.580750000000005,200.0,5484.999999999956,5441.564249999957,target_mean,4,NEW_BULL_WAVE
SC_IDX,synthetic,2015-08-06 13:30:00,2015-08-06 15:30:00,SHORT,1,438.2,441.9857142857143,21.91,22.099285714285717,200.0,-3785.7142857143344,-3829.72357142862,stop,8,NEW_BULL_WAVE
SC_IDX,synthetic,2015-08-06 19:15:00,2015-08-06 19:30:00,SHORT,1,446.2,445.9607142857143,22.310000000000002,22.298035714285714,200.0,239.28571428569967,194.67767857141396,stop,1,NEW_BULL_WAVE
SC_IDX,synthetic,2015-08-07 14:00:00,2015-08-07 15:00:00,LONG,1,427.20000000000005,421.2714285714286,21.360000000000003,21.06357142857143,200.0,-5928.571428571445,-5970.995000000016,stop,4,NEW_BULL_WAVE
SC_IDX,synthetic,2015-08-07 16:00:00,2015-08-07 16:45:00,LONG,1,418.6,426.04,20.93,21.302,200.0,7439.999999999998,7397.767999999998,target_mean,3,NEW_BULL_WAVE
SC_IDX,synthetic,2015-08-08 10:45:00,2015-08-08 11:30:00,SHORT,1,497.1,496.90000000000003,24.855,24.845000000000002,200.0,199.99999999998863,150.29999999998864,stop,3,NEW_BULL_WAVE
SC_IDX,synthetic,2015-08-08 17:45:00,2015-08-08 18:30:00,SHORT,1,507.4,515.1,25.37,25.755000000000003,200.0,-7700.0000000000455,-7751.1250000000455,stop,3,NEW_BULL_WAVE
SC_IDX,synthetic,2015-08-10 06:15:00,2015-08-10 07:15:00,SHORT,1,546.2,554.3742857142857,27.310000000000002,27.71871428571429,200.0,-8174.285714285702,-8229.314428571417,stop,4,NEW_BULL_WAVE
SC_IDX,synthetic,2015-08-10 19:30:00,2015-08-10 20:00:00,LONG,1,561.9000000000001,569.8,28.095000000000006,28.490000000000002,200.0,7899.999999999864,7843.4149999998635,target_mean,2,NEW_BULL_WAVE
SC_IDX,synthetic,2015-08-11 01:00:00,2015-08-11 02:00:00,SHORT,1,580.3,574.6600000000001,29.015,28.733000000000008,200.0,5639.999999999873,5582.251999999872,target_mean,4,NEW_BULL_WAVE
SC_IDX,synthetic,2015-08-11 04:00:00,2015-08-11 04:30:00,SHORT,1,592.0,600.5342857142857,29.6,30.026714285714284,200.0,-8534.285714285716,-8593.91242857143,stop,2,NEW_BULL_WAVE
SC_IDX,synthetic,2015-08-11 08:30:00,2015-08-11 09:00:00,SHORT,1,615.6,621.8714285714285,30.78,31.093571428571426,200.0,-6271.428571428487,-6333.302142857058,stop,2,NEW_BULL_WAVE
SC_IDX,synthetic,2015-08-11 16:45:00,2015-08-11 16:45:00,SHORT,1,611.6,611.8000000000001,30.580000000000002,30.590000000000007,200.0,-200.00000000004547,-261.1700000000455,stop,0,NEW_BULL_WAVE
SC_IDX,synthetic,2015-08-11 18:15:00,2015-08-11 18:45:00,SHORT,1,608.2,606.0600000000001,30.41,30.303000000000008,200.0,2139.9999999999864,2079.2869999999866,target_mean,2,NEW_BULL_WAVE
SC_IDX,synthetic,2015-08-12 01:30:00,2015-08-12 02:45:00,LONG,1,595.9000000000001,601.6,29.79500000000001,30.080000000000002,200.0,5699.999999999932,5640.124999999932,target_mean,5,NEW_BULL_WAVE
SC_IDX,synthetic,2015-08-12 17:30:00,2015-08-12 17:30:00,SHORT,1,625.6,625.8000000000001,31.28,31.290000000000006,200.0,-200.00000000004547,-262.57000000004547,stop,0,NEW_BULL_WAVE
SC_IDX,synthetic,2015-08-12 18:30:00,2015-08-12 18:45:00,SHORT,1,630.5,637.8285714285715,31.525000000000002,31.891428571428577,200.0,-7328.571428571536,-7391.987857142964,stop,1,NEW_BULL_WAVE
SC_IDX,synthetic,2015-08-12 19:45:00,2015-08-12 20:45:00,SHORT,1,632.8000000000001,629.5300000000001,31.640000000000008,31.47650000000001,200.0,3269.999999999982,3206.8834999999817,target_mean,4,NEW_BULL_WAVE
SC_IDX,synthetic,2015-08-13 01:45:00,2015-08-13 02:00:00,LONG,1,605.5,599.6571428571428,30.275000000000002,29.982857142857142,200.0,-5842.857142857156,-5903.1150000000125,stop,1,NEW_BULL_WAVE
SC_IDX,synthetic,2015-08-13 02:45:00,2015-08-13 05:15:00,LONG,1,606.2,606.2700000000001,30.310000000000002,30.31350000000001,200.0,70.00000000005002,9.376500000050012,target_mean,10,NEW_BULL_WAVE
SC_IDX,synthetic,2015-08-13 11:30:00,2015-08-13 12:15:00,LONG,1,603.0,610.71,30.150000000000002,30.535500000000003,200.0,7710.000000000036,7649.314500000037,target_mean,3,NEW_BULL_WAVE
SC_IDX,synthetic,2015-08-14 00:00:00,2015-08-14 00:45:00,SHORT,1,630.3000000000001,622.5200000000001,31.515000000000008,31.12600000000001,200.0,7779.999999999973,7717.358999999972,target_mean,3,NEW_BULL_WAVE
SC_IDX,synthetic,2015-08-14 02:30:00,2015-08-14 04:00:00,LONG,1,610.8000000000001,609.3,30.540000000000006,30.465,200.0,-1500.0000000001137,-1561.0050000001136,stop,6,NEW_BULL_WAVE
SC_IDX,synthetic,2015-08-14 16:30:00,2015-08-14 19:15:00,SHORT,1,650.9,649.86,32.545,32.493,200.0,1039.9999999999636,974.9619999999636,target_mean,11,NEW_BULL_WAVE
SC_IDX,synthetic,2015-08-15 16:45:00,2015-08-15 17:00:00,LONG,1,656.0000000000001,649.0857142857144,32.800000000000004,32.454285714285724,200.0,-6914.285714285711,-6979.539999999997,stop,1,NEW_BULL_WAVE
SC_IDX,synthetic,2015-08-16 21:45:00,2015-08-16 22:45:00,SHORT,1,668.4,675.5142857142858,33.42,33.775714285714294,200.0,-7114.28571428587,-7181.481428571585,stop,4,NEW_BULL_WAVE
SC_IDX,synthetic,2015-08-16 23:45:00,2015-08-17 01:45:00,SHORT,1,681.4,692.7142857142859,34.07,34.6357142857143,200.0,-11314.285714285916,-11382.99142857163,stop,8,NEW_BULL_WAVE
SC_IDX,synthetic,2015-08-17 02:30:00,2015-08-17 02:30:00,SHORT,1,697.8000000000001,705.957142857143,34.89000000000001,35.297857142857154,200.0,-8157.142857142958,-8227.330714285816,stop,0,NEW_BULL_WAVE
SC_IDX,synthetic,2015-08-17 05:45:00,2015-08-17 06:00:00,SHORT,1,717.0,720.4000000000001,35.85,36.02000000000001,200.0,-3400.000000000091,-3471.870000000091,stop,1,NEW_BULL_WAVE
SC_IDX,synthetic,2015-08-17 09:30:00,2015-08-17 11:15:00,SHORT,1,752.5,753.3000000000001,37.625,37.665000000000006,200.0,-800.0000000000682,-875.2900000000682,stop,7,NEW_BULL_WAVE
SC_IDX,synthetic,2015-08-17 18:45:00,2015-08-17 19:30:00,SHORT,1,782.5,778.1550000000001,39.125,38.90775000000001,200.0,4344.999999999914,4266.967249999913,target_mean,3,NEW_BULL_WAVE
SC_IDX,synthetic,2015-08-17 23:00:00,2015-08-18 00:00:00,SHORT,1,791.7,804.9285714285716,39.585,40.24642857142858,200.0,-13228.571428571513,-13308.40285714294,stop,4,NEW_BULL_WAVE
SC_IDX,synthetic,2015-08-18 11:15:00,2015-08-18 11:30:00,SHORT,1,842.7,837.5050000000001,42.135000000000005,41.87525000000001,200.0,5194.999999999936,5110.989749999936,target_mean,1,NEW_BULL_WAVE
SC_IDX,synthetic,2015-08-18 12:45:00,2015-08-18 12:45:00,SHORT,1,850.3000000000001,861.3542857142859,42.51500000000001,43.067714285714295,200.0,-11054.285714285812,-11139.868428571526,stop,0,NEW_BULL_WAVE
SC_IDX,synthetic,2015-08-18 13:45:00,2015-08-18 15:00:00,SHORT,1,858.5,849.2950000000001,42.925000000000004,42.46475000000001,200.0,9204.999999999927,9119.610249999929,target_mean,5,NEW_BULL_WAVE
SC_IDX,synthetic,2015-08-18 18:30:00,2015-08-18 20:45:00,SHORT,1,870.2,863.45,43.510000000000005,43.1725,200.0,6750.0,6663.3175,target_mean,9,NEW_BULL_WAVE
SC_IDX,synthetic,2015-08-18 23:15:00,2015-08-19 00:30:00,SHORT,1,883.1,874.8100000000001,44.155,43.740500000000004,200.0,8289.999999999964,8202.104499999963,target_mean,5,NEW_BULL_WAVE
SC_IDX,synthetic,2015-08-19 03:45:00,2015-08-19 05:45:00,LONG,1,849.6,836.6714285714286,42.480000000000004,41.833571428571425,200.0,-12928.571428571446,-13012.885000000017,stop,8,NEW_BULL_WAVE
SC_IDX,synthetic,2015-08-19 08:45:00,2015-08-19 09:30:00,LONG,1,822.6,831.985,41.13,41.599250000000005,200.0,9384.99999999999,9302.270749999992,target_mean,3,NEW_BULL_WAVE
SC_IDX,synthetic,2015-08-19 18:45:00,2015-08-19 19:15:00,SHORT,1,919.7,927.0857142857144,45.985,46.35428571428572,200.0,-7385.714285714357,-7478.0535714286425,stop,2,NEW_BULL_WAVE
SC_IDX,synthetic,2015-08-19 20:15:00,2015-08-19 21:15:00,SHORT,1,919.4,916.3850000000002,45.97,45.81925000000001,200.0,3014.999999999759,2923.210749999759,target_mean,4,NEW_BULL_WAVE
SC_IDX,synthetic,2015-08-20 12:30:00,2015-08-20 14:45:00,SHORT,1,926.0,919.8150000000002,46.300000000000004,45.990750000000006,200.0,6184.999999999832,6092.709249999832,target_mean,9,NEW_BULL_WAVE
SC_IDX,synthetic,2015-08-21 02:15:00,2015-08-21 03:45:00,LONG,1,872.2,887.275,43.61,44.36375,200.0,15074.99999999993,14987.02624999993,target_mean,6,NEW_BULL_WAVE
SC_IDX,synthetic,2015-08-21 10:30:00,2015-08-21 11:45:00,SHORT,1,944.4,953.4000000000001,47.22,47.67000000000001,200.0,-9000.000000000113,-9094.890000000112,stop,5,NEW_BULL_WAVE
SC_IDX,synthetic,2015-08-21 14:30:00,2015-08-21 16:00:00,SHORT,1,982.0,981.22,49.1,49.061,200.0,779.9999999999727,681.8389999999727,stop,6,NEW_BULL_WAVE
SC_IDX,synthetic,2015-08-22 13:00:00,2015-08-22 15:30:00,LONG,1,955.1,960.3000000000001,47.755,48.01500000000001,200.0,5200.0000000000455,5104.230000000045,target_mean,10,NEW_BULL_WAVE
SC_IDX,synthetic,2015-08-22 16:30:00,2015-08-22 19:00:00,SHORT,1,979.3000000000001,969.8650000000001,48.96500000000001,48.49325000000001,200.0,9434.999999999945,9337.541749999946,target_mean,10,NEW_BULL_WAVE
SC_IDX,synthetic,2015-08-23 02:45:00,2015-08-23 03:30:00,SHORT,1,975.9,970.5599999999998,48.795,48.528,200.0,5340.0000000001455,5242.677000000145,target_mean,3,NEW_BULL_WAVE
SC_IDX,synthetic,2015-08-23 08:00:00,2015-08-23 09:15:00,SHORT,1,994.3000000000001,986.9399999999999,49.71500000000001,49.346999999999994,200.0,7360.000000000127,7260.938000000127,target_mean,5,NEW_BULL_WAVE
SC_IDX,synthetic,2015-08-24 03:45:00,2015-08-24 05:15:00,SHORT,1,1024.5000000000002,1023.4757142857145,51.225000000000016,51.17378571428573,200.0,1024.2857142857247,921.886928571439,stop,6,NEW_BULL_WAVE
SC_IDX,synthetic,2015-08-24 07:30:00,2015-08-24 08:30:00,SHORT,1,1043.0000000000002,1053.9,52.15000000000001,52.695,200.0,-10899.999999999864,-11004.844999999863,stop,4,NEW_BULL_WAVE
SC_IDX,synthetic,2015-08-24 08:45:00,2015-08-24 10:30:00,SHORT,1,1046.6000000000001,1040.0749999999998,52.330000000000005,52.00374999999999,200.0,6525.000000000318,6420.6662500003185,target_mean,7,NEW_BULL_WAVE
SC_IDX,synthetic,2015-08-24 13:00:00,2015-08-24 13:15:00,SHORT,1,1061.8000000000002,1073.0999999999997,53.09000000000002,53.654999999999994,200.0,-11299.9999999995,-11406.7449999995,stop,1,NEW_BULL_WAVE
SC_IDX,synthetic,2015-08-24 21:45:00,2015-08-24 21:45:00,SHORT,1,1069.4,1083.7842857142857,53.470000000000006,54.189214285714286,200.0,-14384.285714285625,-14491.944928571338,stop,0,NEW_BULL_WAVE
SC_IDX,synthetic,2015-08-25 09:00:00,2015-08-25 09:00:00,LONG,1,1077.7,1078.8500000000004,53.885000000000005,53.942500000000024,200.0,1150.0000000003183,1042.1725000003182,target_mean,0,NEW_BULL_WAVE
SC_IDX,synthetic,2015-08-25 11:15:00,2015-08-25 11:45:00,SHORT,1,1090.2,1100.757142857143,54.510000000000005,55.03785714285715,200.0,-10557.142857142935,-10666.690714285793,stop,2,NEW_BULL_WAVE
SC_IDX,synthetic,2015-08-25 12:45:00,2015-08-25 12:45:00,SHORT,1,1098.7,1098.8999999999999,54.935,54.94499999999999,200.0,-199.9999999998181,-309.8799999998181,stop,0,NEW_BULL_WAVE
SC_IDX,synthetic,2015-08-26 04:45:00,2015-08-26 06:15:00,LONG,1,1093.3999999999999,1076.6499999999999,54.66999999999999,53.83249999999999,200.0,-16750.0,-16858.5025,stop,6,NEW_BULL_WAVE
SC_IDX,synthetic,2015-08-26 19:15:00,2015-08-26 20:30:00,SHORT,1,1160.8000000000002,1159.7521428571429,58.04000000000001,57.98760714285715,200.0,1047.8571428573105,931.8295357144533,stop,5,NEW_BULL_WAVE
SC_IDX,synthetic,2015-08-27 02:30:00,2015-08-27 04:15:00,SHORT,1,1157.5000000000002,1173.6857142857143,57.875000000000014,58.68428571428572,200.0,-16185.714285714084,-16302.27357142837,stop,7,NEW_BULL_WAVE
SC_IDX,synthetic,2015-08-27 11:00:00,2015-08-27 11:45:00,SHORT,1,1189.0000000000002,1206.7714285714287,59.45000000000002,60.338571428571434,200.0,-17771.428571428485,-17891.21714285706,stop,3,NEW_BULL_WAVE
SC_IDX,synthetic,2015-08-27 12:15:00,2015-08-27 14:00:00,SHORT,1,1202.9,1192.445,60.145,59.62225,200.0,10455.000000000155,10335.232750000154,target_mean,7,NEW_BULL_WAVE
SC_IDX,synthetic,2015-08-27 19:15:00,2015-08-27 20:00:00,LONG,1,1109.2,1124.73,55.46,56.2365,200.0,15529.999999999973,15418.303499999973,target_mean,3,NEW_BULL_WAVE
SC_IDX,synthetic,2015-08-28 02:00:00,2015-08-28 04:00:00,LONG,1,1116.3999999999999,1101.0,55.81999999999999,55.050000000000004,200.0,-15399.999999999864,-15510.869999999863,stop,8,NEW_BULL_WAVE
SC_IDX,synthetic,2015-08-28 09:00:00,2015-08-28 12:00:00,LONG,1,1087.8999999999999,1092.2350000000001,54.39499999999999,54.611750000000015,200.0,4335.000000000264,4225.993250000263,target_mean,12,NEW_BULL_WAVE
SC_IDX,synthetic,2015-08-30 00:00:00,2015-08-30 02:45:00,SHORT,1,1279.6000000000001,1278.5792857142858,63.98000000000002,63.92896428571429,200.0,1020.7142857143481,892.8053214286338,stop,11,NEW_BULL_WAVE
SC_IDX,synthetic,2015-08-30 14:30:00,2015-08-30 15:00:00,SHORT,1,1369.0000000000002,1387.0357142857144,68.45000000000002,69.35178571428573,200.0,-18035.71428571422,-18173.51607142851,stop,2,NEW_BULL_WAVE
SC_IDX,synthetic,2015-08-30 16:00:00,2015-08-30 16:45:00,SHORT,1,1403.9,1423.3857142857141,70.19500000000001,71.1692857142857,200.0,-19485.71428571404,-19627.078571428323,stop,3,NEW_BULL_WAVE
SC_IDX,synthetic,2015-08-31 17:15:00,2015-08-31 18:15:00,LONG,1,1431.4,1445.9700000000003,71.57000000000001,72.29850000000002,200.0,14570.000000000164,14426.131500000163,target_mean,4,NEW_BULL_WAVE
SC_IDX,synthetic,2015-09-01 00:15:00,2015-09-01 00:15:00,LONG,1,1426.5,1407.4228571428573,71.325,70.37114285714287,200.0,-19077.142857142688,-19218.838999999833,stop,0,NEW_BULL_WAVE
SC_IDX,synthetic,2015-09-01 01:45:00,2015-09-01 03:45:00,LONG,1,1406.5,1418.4550000000002,70.325,70.92275000000002,200.0,11955.000000000155,11813.752250000154,target_mean,8,NEW_BULL_WAVE
SC_IDX,synthetic,2015-09-01 05:15:00,2015-09-01 05:45:00,LONG,1,1367.8,1346.1128571428571,68.39,67.30564285714286,200.0,-21687.14285714282,-21822.83849999996,stop,2,NEW_BULL_WAVE
SC_IDX,synthetic,2015-09-01 06:30:00,2015-09-01 08:45:00,LONG,1,1343.8,1321.2714285714287,67.19,66.06357142857144,200.0,-22528.57142857124,-22661.824999999808,stop,9,NEW_BULL_WAVE
SC_IDX,synthetic,2015-09-01 09:00:00,2015-09-01 09:00:00,LONG,1,1327.9,1327.7000000000003,66.39500000000001,66.38500000000002,200.0,-199.9999999998181,-332.7799999998181,stop,0,NEW_BULL_WAVE
SC_IDX,synthetic,2015-09-01 13:00:00,2015-09-01 13:45:00,LONG,1,1308.0,1279.7000000000003,65.4,63.985000000000014,200.0,-28299.999999999727,-28429.38499999973,stop,3,NEW_BULL_WAVE
SC_IDX,synthetic,2015-09-01 14:00:00,2015-09-01 15:15:00,LONG,1,1296.8,1306.3050000000003,64.84,65.31525000000002,200.0,9505.000000000337,9374.844750000337,target_mean,5,NEW_BULL_WAVE
SC_IDX,synthetic,2015-09-01 23:30:00,2015-09-01 23:30:00,SHORT,1,1335.9,1324.2600000000002,66.795,66.21300000000001,200.0,11639.999999999873,11506.991999999873,target_mean,0,NEW_BULL_WAVE
SC_IDX,synthetic,2015-09-03 13:30:00,2015-09-03 14:15:00,SHORT,1,1397.9,1422.2,69.89500000000001,71.11,200.0,-24299.999999999956,-24441.004999999957,stop,3,NEW_BULL_WAVE
SC_IDX,synthetic,2015-09-03 15:30:00,2015-09-03 15:30:00,SHORT,1,1418.1000000000001,1404.21,70.90500000000002,70.21050000000001,200.0,13890.0000000001,13748.8845000001,target_mean,0,NEW_BULL_WAVE
SC_IDX,synthetic,2015-09-03 21:45:00,2015-09-03 22:00:00,SHORT,1,1441.3000000000002,1440.4264285714287,72.06500000000001,72.02132142857144,200.0,873.5714285714948,729.4851071429233,stop,1,NEW_BULL_WAVE
SC_IDX,synthetic,2015-09-04 01:30:00,2015-09-04 02:00:00,LONG,1,1390.9,1399.1857142857143,69.545,69.95928571428571,200.0,8285.71428571422,8146.209999999935,stop,2,NEW_BULL_WAVE
SC_IDX,synthetic,2015-09-04 09:15:00,2015-09-04 09:15:00,LONG,1,1392.0,1391.8000000000002,69.60000000000001,69.59000000000002,200.0,-199.9999999998181,-339.18999999981816,stop,0,NEW_BULL_WAVE
SC_IDX,synthetic,2015-09-05 00:30:00,2015-09-05 01:00:00,SHORT,1,1498.9,1542.9,74.94500000000001,77.14500000000001,200.0,-44000.0,-44152.09,stop,2,NEW_BULL_WAVE
SC_IDX,synthetic,2015-09-05 11:30:00,2015-09-05 12:45:00,SHORT,1,1629.9,1653.0142857142855,81.495,82.65071428571427,200.0,-23114.285714285415,-23278.43142857113,stop,5,NEW_BULL_WAVE
SC_IDX,synthetic,2015-09-05 22:00:00,2015-09-05 23:30:00,LONG,1,1637.9,1655.7350000000004,81.89500000000001,82.78675000000003,200.0,17835.000000000262,17670.318250000262,target_mean,6,NEW_BULL_WAVE
SC_IDX,synthetic,2015-09-06 06:15:00,2015-09-06 08:00:00,SHORT,1,1757.7000000000003,1784.057142857143,87.88500000000002,89.20285714285716,200.0,-26357.142857142662,-26534.230714285517,stop,7,NEW_BULL_WAVE
SC_IDX,synthetic,2015-09-06 16:30:00,2015-09-06 17:45:00,SHORT,1,1806.7000000000003,1795.265,90.33500000000002,89.76325,200.0,11435.000000000173,11254.901750000174,target_mean,5,NEW_BULL_WAVE
SC_IDX,synthetic,2015-09-06 23:30:00,2015-09-07 01:00:00,LONG,1,1728.9,1750.5850000000003,86.44500000000001,87.52925000000002,200.0,21685.000000000175,21511.025750000175,target_mean,6,NEW_BULL_WAVE
SC_IDX,synthetic,2015-09-07 06:15:00,2015-09-07 07:00:00,SHORT,1,1792.0000000000002,1816.1714285714286,89.60000000000002,90.80857142857144,200.0,-24171.42857142835,-24351.83714285692,stop,3,NEW_BULL_WAVE
SC_IDX,synthetic,2015-09-07 08:30:00,2015-09-07 08:45:00,SHORT,1,1831.5000000000002,1829.9457142857145,91.57500000000002,91.49728571428574,200.0,1554.2857142856974,1371.2134285714117,stop,1,NEW_BULL_WAVE
SC_IDX,synthetic,2015-09-07 13:45:00,2015-09-07 13:45:00,LONG,1,1791.0,1795.2700000000002,89.55000000000001,89.76350000000002,200.0,4270.000000000209,4090.686500000209,target_mean,0,NEW_BULL_WAVE
SC_IDX,synthetic,2015-09-07 18:45:00,2015-09-07 19:15:00,SHORT,1,1808.0000000000002,1824.6857142857143,90.40000000000002,91.23428571428572,200.0,-16685.714285714086,-16867.348571428374,stop,2,NEW_BULL_WAVE
SC_IDX,synthetic,2015-09-08 04:00:00,2015-09-08 05:15:00,SHORT,1,1798.4,1796.8614285714286,89.92,89.84307142857143,200.0,1538.5714285714585,1358.808357142887,stop,5,NEW_BULL_WAVE
SC_IDX,synthetic,2015-09-08 20:15:00,2015-09-08 20:30:00,SHORT,1,1760.6000000000001,1749.54,88.03000000000002,87.477,200.0,11060.000000000173,10884.493000000171,target_mean,1,NEW_BULL_WAVE
SC_IDX,synthetic,2015-09-08 22:30:00,2015-09-08 23:00:00,SHORT,1,1759.7000000000003,1758.02,87.98500000000001,87.90100000000001,200.0,1680.000000000291,1504.1140000002908,target_mean,2,NEW_BULL_WAVE
SC_IDX,synthetic,2015-09-09 00:00:00,2015-09-09 03:00:00,LONG,1,1664.0,1695.5150000000003,83.2,84.77575000000002,200.0,31515.000000000327,31347.024250000326,target_mean,12,NEW_BULL_WAVE
SC_IDX,synthetic,2015-09-09 10:15:00,2015-09-09 13:30:00,LONG,1,1697.9,1706.5700000000002,84.89500000000001,85.32850000000002,200.0,8670.000000000073,8499.776500000073,target_mean,13,NEW_BULL_WAVE
SC_IDX,synthetic,2015-09-09 17:15:00,2015-09-09 17:45:00,LONG,1,1673.3,1687.025,83.665,84.35125000000001,200.0,13725.000000000136,13556.983750000136,target_mean,2,NEW_BULL_WAVE
SC_IDX,synthetic,2015-09-10 05:30:00,2015-09-10 05:30:00,SHORT,1,1768.4,1756.295,88.42,87.81475,200.0,12105.000000000018,11928.765250000019,target_mean,0,NEW_BULL_WAVE
SC_IDX,synthetic,2015-09-10 16:15:00,2015-09-10 16:30:00,SHORT,1,1819.0000000000002,1798.5549999999998,90.95000000000002,89.92774999999999,200.0,20445.000000000393,20264.122250000393,target_mean,1,NEW_BULL_WAVE
SC_IDX,synthetic,2015-09-10 18:45:00,2015-09-10 18:45:00,SHORT,1,1845.9,1810.5500000000002,92.295,90.52750000000002,200.0,35349.99999999991,35167.17749999992,target_mean,0,NEW_BULL_WAVE
SC_IDX,synthetic,2015-09-11 01:45:00,2015-09-11 01:45:00,LONG,1,1836.0,1846.0650000000003,91.80000000000001,92.30325000000002,200.0,10065.000000000282,9880.896750000282,target_mean,0,NEW_BULL_WAVE
SC_IDX,synthetic,2015-09-11 03:45:00,2015-09-11 04:30:00,LONG,1,1813.2,1788.9571428571433,90.66000000000001,89.44785714285716,200.0,-24242.857142856792,-24422.964999999647,stop,3,NEW_BULL_WAVE
SC_IDX,synthetic,2015-09-11 17:30:00,2015-09-11 18:00:00,LONG,1,1706.7,1747.2000000000003,85.33500000000001,87.36000000000001,200.0,40500.000000000226,40327.305000000226,target_mean,2,NEW_BULL_WAVE
SC_IDX,synthetic,2015-09-12 07:45:00,2015-09-12 09:30:00,LONG,1,1670.4,1690.3000000000002,83.52000000000001,84.51500000000001,200.0,19900.00000000009,19731.96500000009,target_mean,7,NEW_BULL_WAVE
SC_IDX,synthetic,2015-09-12 17:15:00,2015-09-12 17:15:00,SHORT,1,1762.9,1763.1,88.14500000000001,88.155,200.0,-199.9999999998181,-376.29999999981806,stop,0,NEW_BULL_WAVE
SC_IDX,synthetic,2015-09-12 23:15:00,2015-09-12 23:15:00,SHORT,1,1726.3000000000002,1726.5,86.31500000000001,86.325,200.0,-199.9999999998181,-372.6399999998181,stop,0,NEW_BULL_WAVE
SC_IDX,synthetic,2015-09-13 17:15:00,2015-09-13 18:15:00,LONG,1,1554.9,1532.6000000000004,77.745,76.63000000000002,200.0,-22299.999999999727,-22454.374999999727,stop,4,NEW_BULL_WAVE
SC_IDX,synthetic,2015-09-13 18:30:00,2015-09-13 18:30:00,LONG,1,1539.5,1539.3000000000002,76.97500000000001,76.96500000000002,200.0,-199.9999999998181,-353.93999999981816,stop,0,NEW_BULL_WAVE
SC_IDX,synthetic,2015-09-13 19:45:00,2015-09-13 20:45:00,LONG,1,1542.6,1549.505,77.13000000000001,77.47525,200.0,6905.0000000002,6750.3947500002,target_mean,4,NEW_BULL_WAVE
SC_IDX,synthetic,2015-09-13 23:30:00,2015-09-14 01:15:00,SHORT,1,1603.4,1572.27,80.17,78.6135,200.0,31130.00000000011,30971.21650000011,target_mean,7,NEW_BULL_WAVE
SC_IDX,synthetic,2015-09-14 05:30:00,2015-09-14 05:30:00,SHORT,1,1585.3000000000002,1579.8999999999999,79.26500000000001,78.99499999999999,200.0,5400.000000000318,5241.740000000318,target_mean,0,NEW_BULL_WAVE
SC_IDX,synthetic,2015-09-14 13:30:00,2015-09-14 13:30:00,SHORT,1,1601.5000000000002,1601.7,80.07500000000002,80.08500000000001,200.0,-199.9999999998181,-360.1599999998182,stop,0,NEW_BULL_WAVE
SC_IDX,synthetic,2015-09-14 17:00:00,2015-09-14 17:30:00,SHORT,1,1642.3000000000002,1641.0235714285716,82.11500000000001,82.05117857142858,200.0,1276.4285714285961,1112.2623928571675,stop,2,NEW_BULL_WAVE
SC_IDX,synthetic,2015-09-14 18:15:00,2015-09-14 19:00:00,SHORT,1,1643.6000000000001,1662.0714285714284,82.18000000000002,83.10357142857143,200.0,-18471.428571428303,-18636.712142856875,stop,3,NEW_BULL_WAVE
SC_IDX,synthetic,2015-09-14 20:30:00,2015-09-14 20:30:00,LONG,1,1625.9,1630.24,81.295,81.512,200.0,4339.999999999918,4177.192999999918,target_mean,0,NEW_BULL_WAVE
SC_IDX,synthetic,2015-09-15 03:15:00,2015-09-15 03:30:00,LONG,1,1595.6,1614.6600000000003,79.78,80.73300000000002,200.0,19060.0000000004,18899.4870000004,target_mean,1,NEW_BULL_WAVE
SC_IDX,synthetic,2015-09-15 07:30:00,2015-09-15 08:30:00,SHORT,1,1647.3000000000002,1621.6999999999998,82.36500000000001,81.085,200.0,25600.000000000364,25436.550000000363,target_mean,4,NEW_BULL_WAVE
SC_IDX,synthetic,2015-09-15 20:45:00,2015-09-15 21:00:00,LONG,1,1578.3,1557.7000000000003,78.915,77.88500000000002,200.0,-20599.99999999968,-20756.79999999968,stop,1,NEW_BULL_WAVE
SC_IDX,synthetic,2015-09-15 22:15:00,2015-09-15 22:30:00,LONG,1,1583.4,1584.6350000000002,79.17,79.23175000000002,200.0,1235.0000000001273,1076.5982500001273,target_mean,1,NEW_BULL_WAVE
SC_IDX,synthetic,2015-09-16 05:00:00,2015-09-16 05:15:00,LONG,1,1533.4,1550.9,76.67,77.545,200.0,17500.0,17345.785000000003,target_mean,1,NEW_BULL_WAVE
SC_IDX,synthetic,2015-09-16 08:45:00,2015-09-16 10:30:00,SHORT,1,1571.8000000000002,1558.135,78.59000000000002,77.90675,200.0,13665.000000000191,13508.50325000019,target_mean,7,NEW_BULL_WAVE
SC_IDX,synthetic,2015-09-16 15:30:00,2015-09-16 18:00:00,SHORT,1,1585.8000000000002,1578.16,79.29000000000002,78.908,200.0,7640.0000000001,7481.8020000001,target_mean,10,NEW_BULL_WAVE
SC_IDX,synthetic,2015-09-16 19:00:00,2015-09-16 20:00:00,LONG,1,1551.0,1575.1000000000004,77.55,78.75500000000002,200.0,24100.000000000364,23943.695000000364,target_mean,4,NEW_BULL_WAVE
SC_IDX,synthetic,2015-09-17 06:45:00,2015-09-17 07:30:00,LONG,1,1527.8,1542.6200000000003,76.39,77.13100000000001,200.0,14820.000000000391,14666.479000000392,target_mean,3,NEW_BULL_WAVE
SC_IDX,synthetic,2015-09-17 18:45:00,2015-09-17 19:30:00,SHORT,1,1573.1000000000001,1551.0100000000002,78.65500000000002,77.55050000000001,200.0,22089.99999999992,21933.79449999992,target_mean,3,NEW_BULL_WAVE
SC_IDX,synthetic,2015-09-18 01:45:00,2015-09-18 02:15:00,LONG,1,1486.2,1500.5,74.31,75.025,200.0,14299.999999999955,14150.664999999955,target_mean,2,NEW_BULL_WAVE
SC_IDX,synthetic,2015-09-18 07:15:00,2015-09-18 08:00:00,SHORT,1,1525.1000000000001,1504.365,76.25500000000001,75.21825,200.0,20735.000000000127,20583.526750000125,target_mean,3,NEW_BULL_WAVE
SC_IDX,synthetic,2015-09-19 04:00:00,2015-09-19 05:45:00,SHORT,1,588.9,596.9842857142856,29.445,29.849214285714286,200.0,-8084.28571428567,-8143.579928571384,stop,7,BULL_TREND
SC_IDX,synthetic,2015-09-19 07:00:00,2015-09-19 07:45:00,SHORT,1,602.4,609.0571428571429,30.12,30.452857142857148,200.0,-6657.142857142958,-6717.715714285815,stop,3,BULL_TREND
SC_IDX,synthetic,2015-09-20 01:15:00,2015-09-20 01:15:00,SHORT,1,584.1,584.3000000000001,29.205000000000002,29.215000000000007,200.0,-200.00000000004547,-258.4200000000455,stop,0,BULL_TREND
SC_IDX,synthetic,2015-09-20 23:15:00,2015-09-21 02:00:00,SHORT,1,590.7,585.8950000000001,29.535,29.294750000000008,200.0,4804.99999999995,4746.17024999995,target_mean,11,BULL_TREND
SC_IDX,synthetic,2015-09-21 04:00:00,2015-09-21 04:00:00,SHORT,1,596.6,596.8000000000001,29.830000000000002,29.840000000000007,200.0,-200.00000000004547,-259.6700000000455,stop,0,BULL_TREND
SC_IDX,synthetic,2015-09-21 06:30:00,2015-09-21 08:15:00,SHORT,1,600.4,608.6857142857143,30.020000000000003,30.434285714285718,200.0,-8285.714285714334,-8346.16857142862,stop,7,BULL_TREND
SC_IDX,synthetic,2015-09-21 15:00:00,2015-09-21 16:30:00,LONG,1,588.2,596.02,29.41,29.801000000000002,200.0,7819.999999999936,7760.788999999936,target_mean,6,BULL_TREND
SC_IDX,synthetic,2015-09-21 23:00:00,2015-09-21 23:00:00,SHORT,1,610.0,604.77,30.5,30.238500000000002,200.0,5230.000000000018,5169.261500000018,target_mean,0,BULL_TREND
SC_IDX,synthetic,2015-09-22 01:15:00,2015-09-22 03:00:00,SHORT,1,609.3,608.82,30.465,30.441000000000003,200.0,479.9999999999045,419.09399999990455,target_mean,7,BULL_TREND
SC_IDX,synthetic,2015-09-22 07:30:00,2015-09-22 07:30:00,LONG,1,616.5000000000001,616.3000000000001,30.825000000000006,30.81500000000001,200.0,-200.00000000004547,-261.6400000000455,target_mean,0,BULL_TREND
SC_IDX,synthetic,2015-09-22 08:45:00,2015-09-22 09:00:00,SHORT,1,619.9,614.495,30.995,30.72475,200.0,5404.999999999973,5343.2802499999725,target_mean,1,BULL_TREND
SC_IDX,synthetic,2015-09-22 19:15:00,2015-09-22 20:30:00,SHORT,1,633.7,630.46,31.685000000000002,31.523000000000003,200.0,3240.000000000009,3176.792000000009,target_mean,5,BULL_TREND
SC_IDX,synthetic,2015-09-23 10:30:00,2015-09-23 11:30:00,LONG,1,629.1,633.145,31.455000000000002,31.65725,200.0,4044.999999999959,3981.887749999959,target_mean,4,BULL_TREND
SC_IDX,synthetic,2015-09-23 20:15:00,2015-09-23 23:15:00,SHORT,1,659.0,664.2142857142857,32.95,33.21071428571429,200.0,-5214.285714285666,-5280.446428571379,stop,12,BULL_TREND
SC_IDX,synthetic,2015-09-23 23:45:00,2015-09-24 01:30:00,SHORT,1,667.9,673.4142857142857,33.395,33.67071428571428,200.0,-5514.285714285734,-5581.351428571448,stop,7,BULL_TREND
SC_IDX,synthetic,2015-09-24 01:45:00,2015-09-24 01:45:00,SHORT,1,670.4,677.4685714285715,33.52,33.873428571428576,200.0,-7068.571428571545,-7135.964857142973,stop,0,BULL_TREND
SC_IDX,synthetic,2015-09-24 17:30:00,2015-09-24 17:45:00,SHORT,1,698.0,697.6864285714286,34.9,34.884321428571425,200.0,313.5714285714357,243.78710714286433,stop,1,BULL_TREND
SC_IDX,synthetic,2015-09-25 15:15:00,2015-09-25 16:15:00,SHORT,1,701.3000000000001,691.965,35.065000000000005,34.59825,200.0,9335.000000000036,9265.336750000037,target_mean,4,BULL_TREND
SC_IDX,synthetic,2015-09-26 15:45:00,2015-09-26 19:15:00,LONG,1,690.5000000000001,681.1285714285714,34.525000000000006,34.05642857142857,200.0,-9371.428571428736,-9440.010000000164,stop,14,BULL_TREND
SC_IDX,synthetic,2015-09-26 20:00:00,2015-09-26 20:15:00,LONG,1,680.8000000000001,677.4,34.040000000000006,33.870000000000005,200.0,-3400.000000000091,-3467.910000000091,stop,1,BULL_TREND
SC_IDX,synthetic,2015-09-27 01:45:00,2015-09-27 01:45:00,SHORT,1,694.4,694.6,34.72,34.730000000000004,200.0,-200.00000000004547,-269.45000000004546,stop,0,BULL_TREND
SC_IDX,synthetic,2015-09-27 09:30:00,2015-09-27 10:15:00,LONG,1,659.9000000000001,668.05,32.995000000000005,33.4025,200.0,8149.999999999864,8083.6024999998635,target_mean,3,BULL_TREND
SC_IDX,synthetic,2015-09-27 20:00:00,2015-09-27 20:00:00,SHORT,1,672.5,681.51,33.625,34.0755,200.0,-9009.99999999999,-9077.700499999992,stop,0,BULL_TREND
SC_IDX,synthetic,2015-09-27 21:00:00,2015-09-27 21:00:00,SHORT,1,675.7,675.9000000000001,33.785000000000004,33.79500000000001,200.0,-200.00000000004547,-267.58000000004546,stop,0,BULL_TREND
SC_IDX,synthetic,2015-09-27 23:15:00,2015-09-27 23:30:00,SHORT,1,685.7,678.325,34.285000000000004,33.916250000000005,200.0,7375.0,7306.79875,target_mean,1,BULL_TREND
SC_IDX,synthetic,2015-09-28 02:30:00,2015-09-28 04:15:00,LONG,1,661.1,654.1571428571431,33.055,32.70785714285716,200.0,-6942.857142856951,-7008.619999999809,stop,7,BULL_TREND
SC_IDX,synthetic,2015-09-28 08:15:00,2015-09-28 10:15:00,SHORT,1,677.3000000000001,666.2,33.86500000000001,33.31,200.0,11100.000000000022,11032.825000000023,target_mean,8,BULL_TREND
SC_IDX,synthetic,2015-09-28 16:30:00,2015-09-28 17:30:00,SHORT,1,697.9,693.565,34.895,34.67825,200.0,4334.999999999923,4265.426749999922,target_mean,4,BULL_TREND
SC_IDX,synthetic,2015-09-28 18:30:00,2015-09-28 18:45:00,LONG,1,680.9000000000001,673.0142857142856,34.04500000000001,33.65071428571428,200.0,-7885.714285714471,-7953.410000000185,stop,1,BULL_TREND
SC_IDX,synthetic,2015-09-29 09:30:00,2015-09-29 10:00:00,SHORT,1,717.0,725.1428571428572,35.85,36.25714285714287,200.0,-8142.857142857224,-8214.964285714368,stop,2,BULL_TREND
SC_IDX,synthetic,2015-09-29 10:45:00,2015-09-29 11:00:00,SHORT,1,718.3000000000001,712.7400000000001,35.915000000000006,35.63700000000001,200.0,5559.999999999945,5488.447999999946,target_mean,1,BULL_TREND
SC_IDX,synthetic,2015-09-29 22:15:00,2015-09-29 22:30:00,SHORT,1,701.9,699.24,35.095,34.962,200.0,2659.999999999968,2589.9429999999684,target_mean,1,BULL_TREND
SC_IDX,synthetic,2015-09-30 00:45:00,2015-09-30 01:00:00,LONG,1,688.1,688.49,34.405,34.4245,200.0,389.99999999998636,321.17049999998636,stop,1,BULL_TREND
SC_IDX,synthetic,2015-09-30 16:45:00,2015-09-30 17:15:00,SHORT,1,715.2,724.3514285714286,35.760000000000005,36.21757142857143,200.0,-9151.428571428596,-9223.406142857168,stop,2,BULL_TREND
SC_IDX,synthetic,2015-10-01 03:30:00,2015-10-01 05:45:00,SHORT,1,723.8000000000001,730.6714285714286,36.190000000000005,36.53357142857143,200.0,-6871.42857142851,-6944.15214285708,stop,9,BULL_TREND
SC_IDX,synthetic,2015-10-02 07:45:00,2015-10-02 09:00:00,SHORT,1,726.3000000000001,717.19,36.315000000000005,35.859500000000004,200.0,9110.000000000015,9037.825500000014,target_mean,5,BULL_TREND
SC_IDX,synthetic,2015-10-02 15:15:00,2015-10-02 16:00:00,SHORT,1,725.2,723.4200000000001,36.260000000000005,36.17100000000001,200.0,1779.9999999999727,1707.5689999999727,target_mean,3,BULL_TREND
SC_IDX,synthetic,2015-10-02 20:30:00,2015-10-02 21:30:00,SHORT,1,735.6,729.755,36.78,36.48775,200.0,5845.000000000027,5771.732250000027,target_mean,4,BULL_TREND
SC_IDX,synthetic,2015-10-03 01:45:00,2015-10-03 02:15:00,SHORT,1,750.5,741.7900000000001,37.525,37.08950000000001,200.0,8709.999999999924,8635.385499999924,target_mean,2,BULL_TREND
SC_IDX,synthetic,2015-10-03 07:00:00,2015-10-03 09:15:00,LONG,1,708.8000000000001,701.6571428571428,35.440000000000005,35.082857142857144,200.0,-7142.857142857224,-7213.380000000081,stop,9,BULL_TREND
SC_IDX,synthetic,2015-10-03 09:45:00,2015-10-03 11:45:00,LONG,1,699.3000000000001,693.4428571428572,34.96500000000001,34.67214285714286,200.0,-5857.14285714289,-5926.7800000000325,stop,8,BULL_TREND
SC_IDX,synthetic,2015-10-03 13:00:00,2015-10-03 13:15:00,LONG,1,682.2,682.59,34.11,34.1295,200.0,389.99999999998636,321.76049999998634,stop,1,BULL_TREND
SC_IDX,synthetic,2015-10-03 16:45:00,2015-10-03 17:00:00,LONG,1,670.8000000000001,671.1,33.540000000000006,33.555,200.0,299.9999999999545,232.9049999999545,stop,1,BULL_TREND
SC_IDX,synthetic,2015-10-03 19:45:00,2015-10-03 21:45:00,LONG,1,662.0000000000001,662.382142857143,33.10000000000001,33.119107142857146,200.0,382.1428571428669,315.9237500000097,stop,8,BULL_TREND
SC_IDX,synthetic,2015-10-03 22:45:00,2015-10-03 23:00:00,LONG,1,658.3000000000001,650.5500000000001,32.915000000000006,32.52750000000001,200.0,-7750.0,-7815.4425,stop,1,BULL_TREND
SC_IDX,synthetic,2015-10-03 23:45:00,2015-10-04 00:15:00,LONG,1,650.1,642.7428571428571,32.505,32.13714285714286,200.0,-7357.14285714289,-7421.785000000033,stop,2,BULL_TREND
SC_IDX,synthetic,2015-10-04 13:30:00,2015-10-04 14:15:00,SHORT,1,660.1,667.7,33.005,33.385000000000005,200.0,-7600.000000000023,-7666.390000000023,stop,3,BULL_TREND
SC_IDX,synthetic,2015-10-04 19:30:00,2015-10-04 19:45:00,SHORT,1,691.0,686.9050000000001,34.550000000000004,34.34525000000001,200.0,4094.9999999999136,4026.1047499999136,target_mean,1,BULL_TREND
SC_IDX,synthetic,2015-10-05 04:00:00,2015-10-05 04:45:00,SHORT,1,685.4,687.7,34.27,34.385000000000005,200.0,-2300.000000000068,-2368.6550000000684,stop,3,BULL_TREND
SC_IDX,synthetic,2015-10-05 13:30:00,2015-10-05 14:15:00,SHORT,1,696.9,692.58,34.845,34.629000000000005,200.0,4319.999999999936,4250.525999999936,target_mean,3,BULL_TREND
SC_IDX,synthetic,2015-10-05 18:30:00,2015-10-05 19:00:00,SHORT,1,702.2,694.11,35.11,34.7055,200.0,8090.000000000032,8020.184500000032,target_mean,2,BULL_TREND
SC_IDX,synthetic,2015-10-06 00:00:00,2015-10-06 00:45:00,SHORT,1,701.7,698.5600000000001,35.085,34.928000000000004,200.0,3139.9999999999864,3069.9869999999864,target_mean,3,BULL_TREND
SC_IDX,synthetic,2015-10-06 04:45:00,2015-10-06 06:45:00,SHORT,1,724.9,732.2571428571429,36.245000000000005,36.612857142857145,200.0,-7357.14285714289,-7430.000714285747,stop,8,BULL_TREND
SC_IDX,synthetic,2015-10-06 07:00:00,2015-10-06 07:15:00,SHORT,1,727.6,735.7742857142857,36.38,36.788714285714285,200.0,-8174.285714285702,-8247.454428571416,stop,1,BULL_TREND
SC_IDX,synthetic,2015-10-06 13:00:00,2015-10-06 13:15:00,SHORT,1,737.8000000000001,747.3114285714287,36.89000000000001,37.365571428571435,200.0,-9511.428571428609,-9585.684142857179,stop,1,BULL_TREND
SC_IDX,synthetic,2015-10-06 14:15:00,2015-10-06 14:45:00,SHORT,1,746.2,754.9142857142857,37.31,37.745714285714286,200.0,-8714.285714285666,-8789.34142857138,stop,2,BULL_TREND
SC_IDX,synthetic,2015-10-06 15:15:00,2015-10-06 16:15:00,SHORT,1,751.1,763.9000000000001,37.555,38.19500000000001,200.0,-12800.00000000007,-12875.75000000007,stop,4,BULL_TREND
SC_IDX,synthetic,2015-10-06 16:45:00,2015-10-06 17:15:00,SHORT,1,760.7,770.8571428571429,38.035000000000004,38.542857142857144,200.0,-10157.142857142844,-10233.7207142857,stop,2,BULL_TREND
SC_IDX,synthetic,2015-10-06 19:30:00,2015-10-06 19:45:00,SHORT,1,774.4,784.9142857142858,38.72,39.24571428571429,200.0,-10514.285714285848,-10592.251428571562,stop,1,BULL_TREND
SC_IDX,synthetic,2015-10-06 20:45:00,2015-10-06 21:45:00,SHORT,1,781.0,780.6092857142858,39.050000000000004,39.030464285714295,200.0,390.71428571423894,312.63382142852464,stop,4,BULL_TREND
SC_IDX,synthetic,2015-10-06 22:45:00,2015-10-07 00:15:00,SHORT,1,784.6,792.4714285714286,39.230000000000004,39.62357142857143,200.0,-7871.428571428623,-7950.282142857194,stop,6,BULL_TREND
SC_IDX,synthetic,2015-10-07 01:30:00,2015-10-07 02:00:00,SHORT,1,795.7,788.325,39.785000000000004,39.416250000000005,200.0,7375.0,7295.79875,target_mean,2,BULL_TREND
SC_IDX,synthetic,2015-10-07 07:15:00,2015-10-07 07:15:00,LONG,1,787.9000000000001,782.742857142857,39.39500000000001,39.137142857142855,200.0,-5157.1428571430715,-5235.675000000215,stop,0,BULL_TREND
SC_IDX,synthetic,2015-10-07 09:15:00,2015-10-07 10:00:00,LONG,1,769.0000000000001,760.1285714285714,38.45000000000001,38.00642857142857,200.0,-8871.428571428736,-8947.885000000166,stop,3,BULL_TREND
SC_IDX,synthetic,2015-10-07 10:30:00,2015-10-07 12:45:00,LONG,1,763.9000000000001,769.3750000000001,38.19500000000001,38.46875000000001,200.0,5475.000000000023,5398.336250000023,target_mean,9,BULL_TREND
SC_IDX,synthetic,2015-10-07 21:00:00,2015-10-07 21:45:00,SHORT,1,791.8000000000001,779.9500000000002,39.59000000000001,38.99750000000001,200.0,11849.999999999909,11771.41249999991,target_mean,3,BULL_TREND
SC_IDX,synthetic,2015-10-08 00:00:00,2015-10-08 00:45:00,SHORT,1,812.4,829.157142857143,40.620000000000005,41.45785714285715,200.0,-16757.14285714298,-16839.220714285835,stop,3,BULL_TREND
SC_IDX,synthetic,2015-10-08 03:30:00,2015-10-08 04:30:00,SHORT,1,832.1,827.515,41.605000000000004,41.375750000000004,200.0,4585.000000000036,4502.019250000037,target_mean,4,BULL_TREND
SC_IDX,synthetic,2015-10-08 06:30:00,2015-10-08 07:00:00,SHORT,1,834.4,832.7950000000001,41.72,41.63975000000001,200.0,1604.9999999999045,1521.6402499999044,target_mean,2,BULL_TREND
SC_IDX,synthetic,2015-10-08 14:15:00,2015-10-08 16:15:00,LONG,1,817.4000000000001,806.6414285714286,40.870000000000005,40.33207142857143,200.0,-10758.571428571486,-10839.773500000058,stop,8,BULL_TREND
SC_IDX,synthetic,2015-10-08 21:15:00,2015-10-08 22:15:00,SHORT,1,849.2,860.2,42.46,43.010000000000005,200.0,-11000.0,-11085.47,stop,4,BULL_TREND
SC_IDX,synthetic,2015-10-08 23:45:00,2015-10-09 00:00:00,SHORT,1,860.3000000000001,859.8585714285715,43.01500000000001,42.99292857142858,200.0,441.42857142855974,355.42064285713116,stop,1,BULL_TREND
SC_IDX,synthetic,2015-10-09 05:00:00,2015-10-09 05:15:00,SHORT,1,855.8000000000001,851.7450000000001,42.790000000000006,42.587250000000004,200.0,4054.99999999995,3969.62274999995,target_mean,1,BULL_TREND
SC_IDX,synthetic,2015-10-09 06:30:00,2015-10-09 07:30:00,LONG,1,842.6,848.96,42.13,42.448,200.0,6360.000000000014,6275.422000000013,target_mean,4,BULL_TREND
SC_IDX,synthetic,2015-10-09 10:30:00,2015-10-09 11:30:00,SHORT,1,862.8000000000001,864.1,43.14000000000001,43.205000000000005,200.0,-1299.9999999999545,-1386.3449999999546,stop,4,BULL_TREND
SC_IDX,synthetic,2015-10-09 19:15:00,2015-10-09 21:00:00,LONG,1,842.3000000000001,831.6285714285714,42.11500000000001,41.58142857142857,200.0,-10671.428571428693,-10755.12500000012,stop,7,BULL_TREND
SC_IDX,synthetic,2015-10-09 21:30:00,2015-10-09 21:30:00,LONG,1,833.0000000000001,821.2900000000001,41.650000000000006,41.06450000000001,200.0,-11710.000000000036,-11792.714500000036,stop,0,BULL_TREND
SC_IDX,synthetic,2015-10-10 04:30:00,2015-10-10 05:30:00,SHORT,1,855.5,866.1171428571429,42.775,43.30585714285714,200.0,-10617.14285714288,-10703.223714285738,stop,4,BULL_TREND
SC_IDX,synthetic,2015-10-10 16:15:00,2015-10-10 16:30:00,SHORT,1,873.0,872.6685714285715,43.65,43.633428571428574,200.0,331.4285714285461,244.14514285711755,stop,1,BULL_TREND
SC_IDX,synthetic,2015-10-10 19:30:00,2015-10-10 20:45:00,SHORT,1,890.1,901.657142857143,44.505,45.08285714285715,200.0,-11557.142857142935,-11646.730714285792,stop,5,BULL_TREND
SC_IDX,synthetic,2015-10-11 06:45:00,2015-10-11 07:00:00,LONG,1,883.7,888.135,44.185,44.40675,200.0,4434.999999999945,4346.408249999945,target_mean,1,BULL_TREND
SC_IDX,synthetic,2015-10-11 08:00:00,2015-10-11 08:00:00,SHORT,1,888.2,888.25,44.410000000000004,44.4125,200.0,-49.999999999954525,-138.82249999995452,target_mean,0,BULL_TREND
SC_IDX,synthetic,2015-10-11 09:00:00,2015-10-11 09:45:00,LONG,1,881.1,884.875,44.055,44.24375,200.0,3774.9999999999773,3686.7012499999773,target_mean,3,BULL_TREND
SC_IDX,synthetic,2015-10-11 11:45:00,2015-10-11 12:15:00,LONG,1,861.0000000000001,861.4864285714286,43.05000000000001,43.07432142857144,200.0,486.4285714285188,400.3042499999474,stop,2,BULL_TREND
SC_IDX,synthetic,2015-10-12 13:15:00,2015-10-12 14:00:00,SHORT,1,913.4,912.7214285714285,45.67,45.63607142857143,200.0,678.5714285714448,587.2653571428734,stop,3,BULL_TREND
SC_IDX,synthetic,2015-10-12 16:00:00,2015-10-12 16:00:00,SHORT,1,938.0,938.2,46.900000000000006,46.910000000000004,200.0,-200.00000000004547,-293.8100000000455,stop,0,BULL_TREND
SC_IDX,synthetic,2015-10-13 04:15:00,2015-10-13 04:30:00,SHORT,1,964.6,962.9500000000002,48.230000000000004,48.14750000000001,200.0,1649.9999999998636,1553.6224999998635,target_mean,1,BULL_TREND
SC_IDX,synthetic,2015-10-13 07:15:00,2015-10-13 07:30:00,SHORT,1,973.3000000000001,987.3114285714287,48.665000000000006,49.365571428571435,200.0,-14011.428571428609,-14109.45914285718,stop,1,BULL_TREND
SC_IDX,synthetic,2015-10-13 08:15:00,2015-10-13 08:15:00,SHORT,1,989.3000000000001,989.5000000000001,49.46500000000001,49.47500000000001,200.0,-200.00000000004547,-298.9400000000455,stop,0,BULL_TREND
SC_IDX,synthetic,2015-10-13 11:30:00,2015-10-13 12:00:00,SHORT,1,1001.6,1000.7914285714286,50.080000000000005,50.039571428571435,200.0,808.5714285714403,708.4518571428688,stop,2,BULL_TREND
SC_IDX,synthetic,2015-10-13 12:45:00,2015-10-13 13:45:00,SHORT,1,1006.8000000000001,1010.4000000000001,50.34000000000001,50.52000000000001,200.0,-3600.0000000000227,-3700.860000000023,stop,4,BULL_TREND
SC_IDX,synthetic,2015-10-13 15:30:00,2015-10-13 17:30:00,SHORT,1,1021.1,1031.1714285714284,51.055,51.558571428571426,200.0,-10071.428571428329,-10174.0421428569,stop,8,BULL_TREND
SC_IDX,synthetic,2015-10-13 18:15:00,2015-10-13 19:15:00,SHORT,1,1025.3000000000002,1036.1,51.265000000000015,51.805,200.0,-10799.999999999727,-10903.069999999727,stop,4,BULL_TREND
SC_IDX,synthetic,2015-10-13 19:45:00,2015-10-13 20:00:00,SHORT,1,1034.8000000000002,1025.58,51.740000000000016,51.278999999999996,200.0,9220.000000000255,9116.981000000254,target_mean,1,BULL_TREND
SC_IDX,synthetic,2015-10-14 14:30:00,2015-10-14 14:45:00,SHORT,1,1034.4,1058.0,51.720000000000006,52.900000000000006,200.0,-23599.99999999991,-23704.61999999991,stop,1,BULL_TREND
SC_IDX,synthetic,2015-10-14 23:15:00,2015-10-14 23:15:00,LONG,1,1034.2,1025.314285714286,51.71,51.265714285714296,200.0,-8885.71428571413,-8988.689999999844,stop,0,BULL_TREND
SC_IDX,synthetic,2015-10-15 00:30:00,2015-10-15 02:30:00,LONG,1,1012.5000000000001,1013.1614285714287,50.62500000000001,50.65807142857144,200.0,661.428571428587,560.1455000000155,stop,8,BULL_TREND
SC_IDX,synthetic,2015-10-15 03:00:00,2015-10-15 06:00:00,LONG,1,1004.0000000000001,994.6142857142858,50.20000000000001,49.73071428571429,200.0,-9385.714285714357,-9485.645000000071,stop,12,BULL_TREND
SC_IDX,synthetic,2015-10-15 06:30:00,2015-10-15 08:00:00,LONG,1,990.5000000000001,978.9185714285716,49.525000000000006,48.94592857142858,200.0,-11581.428571428547,-11679.899499999976,stop,6,BULL_TREND
SC_IDX,synthetic,2015-10-15 08:15:00,2015-10-15 08:30:00,LONG,1,979.7,968.1442857142857,48.985,48.40721428571429,200.0,-11555.714285714315,-11653.10650000003,stop,1,BULL_TREND
SC_IDX,synthetic,2015-10-15 10:15:00,2015-10-15 11:15:00,LONG,1,968.3000000000001,976.0,48.415000000000006,48.800000000000004,200.0,7699.999999999932,7602.784999999932,target_mean,4,BULL_TREND
SC_IDX,synthetic,2015-10-16 00:15:00,2015-10-16 00:30:00,SHORT,1,1000.9,1011.3571428571429,50.045,50.56785714285714,200.0,-10457.142857142913,-10557.755714285771,stop,1,BULL_TREND
SC_IDX,synthetic,2015-10-16 01:15:00,2015-10-16 01:45:00,SHORT,1,1004.2,997.235,50.21,49.86175,200.0,6965.000000000032,6864.928250000032,target_mean,2,BULL_TREND
SC_IDX,synthetic,2015-10-16 07:45:00,2015-10-16 08:15:00,SHORT,1,1023.6,1023.1,51.18,51.155,200.0,500.0,397.66499999999996,stop,2,BULL_TREND
SC_IDX,synthetic,2015-10-16 19:45:00,2015-10-16 19:45:00,SHORT,1,996.5,1007.9914285714286,49.825,50.399571428571434,200.0,-11491.428571428627,-11591.6531428572,stop,0,BULL_TREND
SC_IDX,synthetic,2015-10-16 22:45:00,2015-10-16 23:15:00,SHORT,1,1007.8000000000001,999.3450000000001,50.39000000000001,49.96725000000001,200.0,8454.999999999927,8354.642749999928,target_mean,2,BULL_TREND
SC_IDX,synthetic,2015-10-17 10:00:00,2015-10-17 10:00:00,LONG,1,949.8000000000001,949.6,47.49000000000001,47.480000000000004,200.0,-200.00000000004547,-294.9700000000455,stop,0,BULL_TREND
SC_IDX,synthetic,2015-10-17 17:15:00,2015-10-17 18:30:00,SHORT,1,973.2,974.6,48.660000000000004,48.730000000000004,200.0,-1399.9999999999773,-1497.3899999999774,stop,5,BULL_TREND
SC_IDX,synthetic,2015-10-17 18:45:00,2015-10-17 19:00:00,SHORT,1,969.8000000000001,965.3300000000002,48.49000000000001,48.26650000000001,200.0,4469.999999999914,4373.243499999914,target_mean,1,BULL_TREND
SC_IDX,synthetic,2015-10-19 05:15:00,2015-10-19 06:30:00,LONG,1,959.6,964.175,47.980000000000004,48.20875,200.0,4574.999999999932,4478.811249999932,target_mean,5,BULL_TREND
SC_IDX,synthetic,2015-10-19 10:15:00,2015-10-19 12:00:00,SHORT,1,975.3000000000001,986.0285714285716,48.76500000000001,49.30142857142858,200.0,-10728.571428571513,-10826.637857142941,stop,7,BULL_TREND
SC_IDX,synthetic,2015-10-19 15:30:00,2015-10-19 15:30:00,LONG,1,972.9000000000001,973.6550000000001,48.64500000000001,48.682750000000006,200.0,754.9999999999955,657.6722499999954,target_mean,0,BULL_TREND
SC_IDX,synthetic,2015-10-19 19:45:00,2015-10-19 20:15:00,SHORT,1,1004.5,1014.7142857142859,50.225,50.735714285714295,200.0,-10214.285714285892,-10315.246428571607,stop,2,BULL_TREND
SC_IDX,synthetic,2015-10-19 22:00:00,2015-10-19 22:15:00,SHORT,1,1016.1,1015.5221428571429,50.805,50.77610714285714,200.0,577.8571428571695,476.2760357143124,stop,1,BULL_TREND
SC_IDX,synthetic,2015-10-20 10:45:00,2015-10-20 12:30:00,SHORT,1,1038.6000000000001,1038.6,51.93000000000001,51.93,200.0,2.2737367544323206e-10,-103.85999999977264,stop,7,BULL_TREND
SC_IDX,synthetic,2015-10-21 00:30:00,2015-10-21 03:00:00,LONG,1,980.9000000000001,981.647142857143,49.04500000000001,49.08235714285715,200.0,747.142857142876,649.0155000000188,stop,10,BULL_TREND
SC_IDX,synthetic,2015-10-21 04:15:00,2015-10-21 04:45:00,LONG,1,975.4000000000001,979.1149999999999,48.77000000000001,48.955749999999995,200.0,3714.9999999998045,3617.2742499998044,target_mean,2,BULL_TREND
SC_IDX,synthetic,2015-10-21 06:30:00,2015-10-21 07:15:00,LONG,1,966.6,957.8,48.330000000000005,47.89,200.0,-8800.00000000007,-8896.220000000068,stop,3,BULL_TREND
SC_IDX,synthetic,2015-10-21 14:15:00,2015-10-21 15:30:00,LONG,1,892.4000000000001,883.3714285714285,44.620000000000005,44.168571428571425,200.0,-9028.57142857158,-9117.360000000153,stop,5,BULL_TREND
SC_IDX,synthetic,2015-10-21 17:30:00,2015-10-21 18:30:00,LONG,1,878.7,865.3571428571429,43.935,43.267857142857146,200.0,-13342.857142857156,-13430.060000000012,stop,4,BULL_TREND
SC_IDX,synthetic,2015-10-22 15:15:00,2015-10-22 15:15:00,SHORT,1,833.1,833.3000000000001,41.655,41.665000000000006,200.0,-200.00000000004547,-283.32000000004547,stop,0,BULL_TREND
SC_IDX,synthetic,2015-10-22 20:45:00,2015-10-22 23:00:00,SHORT,1,898.3000000000001,908.3571428571429,44.915000000000006,45.417857142857144,200.0,-10057.142857142822,-10147.47571428568,stop,9,BULL_TREND
SC_IDX,synthetic,2015-10-22 23:30:00,2015-10-23 00:30:00,SHORT,1,901.8000000000001,899.4050000000001,45.09000000000001,44.97025000000001,200.0,2394.999999999982,2304.939749999982,target_mean,4,BULL_TREND
SC_IDX,synthetic,2015-10-23 20:30:00,2015-10-23 20:45:00,SHORT,1,907.9,900.525,45.395,45.026250000000005,200.0,7375.0,7284.57875,target_mean,1,BULL_TREND
SC_IDX,synthetic,2015-10-23 22:45:00,2015-10-23 23:15:00,SHORT,1,921.0,934.0471428571428,46.050000000000004,46.702357142857146,200.0,-13047.14285714283,-13139.895214285685,stop,2,BULL_TREND
SC_IDX,synthetic,2015-10-24 00:00:00,2015-10-24 00:30:00,SHORT,1,934.1,943.8714285714285,46.705000000000005,47.19357142857143,200.0,-9771.428571428487,-9865.327142857059,stop,2,BULL_TREND
SC_IDX,synthetic,2015-10-24 09:15:00,2015-10-24 09:15:00,SHORT,1,936.0,936.2,46.800000000000004,46.81,200.0,-200.00000000004547,-293.6100000000455,stop,0,BULL_TREND
SC_IDX,synthetic,2015-10-24 12:45:00,2015-10-24 13:30:00,SHORT,1,945.6,956.4100000000001,47.28,47.82050000000001,200.0,-10810.000000000058,-10905.100500000059,stop,3,BULL_TREND
SC_IDX,synthetic,2015-10-25 04:45:00,2015-10-25 06:00:00,LONG,1,1000.2,990.1142857142858,50.010000000000005,49.50571428571429,200.0,-10085.71428571429,-10185.230000000005,stop,5,BULL_TREND
SC_IDX,synthetic,2015-10-25 16:15:00,2015-10-25 18:15:00,SHORT,1,1029.3000000000002,1025.675,51.46500000000002,51.283750000000005,200.0,3625.0000000002274,3522.251250000227,target_mean,8,BULL_TREND
SC_IDX,synthetic,2015-10-26 07:15:00,2015-10-26 08:15:00,LONG,1,1000.4000000000001,1003.9649999999999,50.02000000000001,50.198249999999994,200.0,3564.999999999827,3464.7817499998273,target_mean,4,BULL_TREND
SC_IDX,synthetic,2015-10-26 11:00:00,2015-10-26 12:00:00,SHORT,1,1015.7,1029.6214285714286,50.785000000000004,51.48107142857143,200.0,-13921.428571428578,-14023.69464285715,stop,4,BULL_TREND
SC_IDX,synthetic,2015-10-26 14:45:00,2015-10-26 15:15:00,SHORT,1,1040.5000000000002,1039.947142857143,52.02500000000001,51.997357142857155,200.0,552.8571428571922,448.83478571433506,stop,2,BULL_TREND
SC_IDX,synthetic,2015-10-26 18:30:00,2015-10-26 18:45:00,SHORT,1,1076.4,1092.43,53.82,54.621500000000005,200.0,-16029.999999999973,-16138.441499999972,stop,1,BULL_TREND
SC_IDX,synthetic,2015-10-27 00:45:00,2015-10-27 01:00:00,SHORT,1,1092.1000000000001,1070.7,54.60500000000001,53.535000000000004,200.0,21400.00000000009,21291.86000000009,target_mean,1,BULL_TREND
SC_IDX,synthetic,2015-10-27 07:30:00,2015-10-27 07:30:00,SHORT,1,1084.0000000000002,1084.2,54.20000000000002,54.21,200.0,-199.9999999998181,-308.4099999998181,stop,0,BULL_TREND
SC_IDX,synthetic,2015-10-28 01:30:00,2015-10-28 03:45:00,SHORT,1,1121.2,1131.8,56.06,56.59,200.0,-10599.999999999909,-10712.649999999909,stop,9,BULL_TREND
SC_IDX,synthetic,2015-10-28 07:30:00,2015-10-28 07:30:00,LONG,1,1090.0,1089.8000000000002,54.5,54.490000000000016,200.0,-199.9999999998181,-308.9899999998181,stop,0,BULL_TREND
SC_IDX,synthetic,2015-10-28 14:00:00,2015-10-28 15:00:00,SHORT,1,1102.1000000000001,1096.21,55.10500000000001,54.810500000000005,200.0,5890.0000000001,5780.084500000101,target_mean,4,BULL_TREND
SC_IDX,synthetic,2015-10-29 04:00:00,2015-10-29 05:45:00,SHORT,1,1172.0000000000002,1160.54,58.600000000000016,58.027,200.0,11460.000000000264,11343.373000000263,target_mean,7,BULL_TREND
SC_IDX,synthetic,2015-10-29 11:00:00,2015-10-29 11:45:00,SHORT,1,1191.2,1175.8799999999999,59.56,58.79399999999999,200.0,15320.000000000164,15201.646000000164,target_mean,3,BULL_TREND
SC_IDX,synthetic,2015-10-30 13:00:00,2015-10-30 14:15:00,LONG,1,1157.3999999999999,1165.9750000000001,57.86999999999999,58.29875000000001,200.0,8575.000000000273,8458.831250000272,target_mean,5,BULL_TREND
SC_IDX,synthetic,2015-10-30 20:00:00,2015-10-30 21:45:00,SHORT,1,1211.9,1213.3,60.595000000000006,60.665000000000006,200.0,-1399.9999999998636,-1521.2599999998636,stop,7,BULL_TREND
SC_IDX,synthetic,2015-10-31 08:45:00,2015-10-31 11:30:00,SHORT,1,1234.4,1234.895,61.720000000000006,61.74475,200.0,-494.99999999989086,-618.4647499998908,target_mean,11,BULL_TREND
SC_IDX,synthetic,2015-10-31 19:30:00,2015-10-31 20:15:00,SHORT,1,1254.7000000000003,1253.795,62.735000000000014,62.689750000000004,200.0,905.0000000002001,779.5752500002001,stop,3,BULL_TREND
SC_IDX,synthetic,2015-11-01 03:15:00,2015-11-01 04:30:00,LONG,1,1213.7,1223.0600000000004,60.685,61.15300000000003,200.0,9360.000000000355,9238.162000000355,target_mean,5,BULL_TREND
SC_IDX,synthetic,2015-11-01 06:00:00,2015-11-01 06:15:00,LONG,1,1205.0,1189.3714285714289,60.25,59.468571428571444,200.0,-15628.57142857115,-15748.28999999972,stop,1,BULL_TREND
SC_IDX,synthetic,2015-11-01 07:00:00,2015-11-01 07:00:00,LONG,1,1194.7,1194.5000000000002,59.735,59.725000000000016,200.0,-199.9999999998181,-319.45999999981814,stop,0,BULL_TREND
SC_IDX,synthetic,2015-11-01 10:45:00,2015-11-01 10:45:00,LONG,1,1198.7,1198.5000000000002,59.935,59.92500000000001,200.0,-199.9999999998181,-319.8599999998181,target_mean,0,BULL_TREND
SC_IDX,synthetic,2015-11-01 20:15:00,2015-11-01 21:15:00,LONG,1,1207.3,1194.8057142857142,60.365,59.740285714285704,200.0,-12494.285714285752,-12614.391000000038,stop,4,BULL_TREND
SC_IDX,synthetic,2015-11-01 22:30:00,2015-11-01 22:30:00,LONG,1,1190.0,1189.8000000000002,59.5,59.490000000000016,200.0,-199.9999999998181,-318.9899999998181,stop,0,BULL_TREND
SC_IDX,synthetic,2015-11-02 05:30:00,2015-11-02 05:45:00,SHORT,1,1231.9,1231.2635714285714,61.595000000000006,61.56317857142857,200.0,636.4285714287234,513.2703928572948,stop,1,BULL_TREND
SC_IDX,synthetic,2015-11-02 14:00:00,2015-11-02 16:30:00,LONG,1,1159.8999999999999,1184.825,57.99499999999999,59.24125,200.0,24925.000000000182,24807.763750000184,target_mean,10,BULL_TREND
SC_IDX,synthetic,2015-11-02 20:30:00,2015-11-02 21:15:00,SHORT,1,1182.2,1177.8799999999999,59.11,58.89399999999999,200.0,4320.000000000164,4201.996000000164,target_mean,3,BULL_TREND
SC_IDX,synthetic,2015-11-03 02:00:00,2015-11-03 03:00:00,SHORT,1,1205.7,1221.0571428571427,60.285000000000004,61.05285714285714,200.0,-15357.142857142662,-15478.480714285519,stop,4,BULL_TREND
SC_IDX,synthetic,2015-11-03 07:30:00,2015-11-03 09:45:00,SHORT,1,1244.7000000000003,1238.1599999999999,62.235000000000014,61.907999999999994,200.0,6540.000000000418,6415.857000000418,target_mean,9,BULL_TREND
SC_IDX,synthetic,2015-11-03 11:15:00,2015-11-03 13:15:00,SHORT,1,1284.1000000000001,1266.665,64.20500000000001,63.33325,200.0,17435.000000000175,17307.461750000173,target_mean,8,BULL_TREND
SC_IDX,synthetic,2015-11-03 20:15:00,2015-11-03 21:15:00,SHORT,1,1297.2000000000003,1285.63,64.86000000000001,64.28150000000001,200.0,11570.000000000164,11440.858500000164,target_mean,4,BULL_TREND
SC_IDX,synthetic,2015-11-04 04:45:00,2015-11-04 05:00:00,LONG,1,1255.3,1256.0707142857143,62.765,62.80353571428572,200.0,770.7142857143481,645.1457500000623,stop,1,BULL_TREND
SC_IDX,synthetic,2015-11-04 13:00:00,2015-11-04 13:30:00,SHORT,1,1324.5000000000002,1336.2142857142858,66.22500000000001,66.81071428571428,200.0,-11714.285714285552,-11847.321428571266,stop,2,BULL_TREND
SC_IDX,synthetic,2015-11-04 15:45:00,2015-11-04 17:30:00,SHORT,1,1353.4,1365.0857142857144,67.67,68.25428571428571,200.0,-11685.714285714312,-11821.638571428597,stop,7,BULL_TREND
SC_IDX,synthetic,2015-11-04 20:45:00,2015-11-04 21:15:00,SHORT,1,1384.0000000000002,1382.959285714286,69.20000000000002,69.1479642857143,200.0,1040.71428571433,902.3663214286155,stop,2,BULL_TREND
SC_IDX,synthetic,2015-11-05 01:00:00,2015-11-05 02:30:00,SHORT,1,1402.0000000000002,1421.9,70.10000000000001,71.095,200.0,-19899.99999999986,-20041.19499999986,stop,6,BULL_TREND
SC_IDX,synthetic,2015-11-05 03:15:00,2015-11-05 03:45:00,SHORT,1,1426.1000000000001,1406.765,71.30500000000002,70.33825,200.0,19335.000000000036,19193.356750000035,target_mean,2,BULL_TREND
SC_IDX,synthetic,2015-11-05 06:15:00,2015-11-05 06:15:00,SHORT,1,1429.8000000000002,1419.735,71.49000000000001,70.98675,200.0,10065.000000000282,9922.523250000282,target_mean,0,BULL_TREND
SC_IDX,synthetic,2015-11-05 16:45:00,2015-11-05 16:45:00,SHORT,1,1391.0000000000002,1391.2,69.55000000000001,69.56,200.0,-199.9999999998181,-339.1099999998181,target_mean,0,BULL_TREND
SC_IDX,synthetic,2015-11-05 21:15:00,2015-11-05 21:15:00,LONG,1,1385.2,1395.3050000000003,69.26,69.76525000000001,200.0,10105.000000000246,9965.974750000245,target_mean,0,BULL_TREND
SC_IDX,synthetic,2015-11-05 22:15:00,2015-11-05 22:15:00,SHORT,1,1395.2000000000003,1395.4,69.76000000000002,69.77000000000001,200.0,-199.9999999998181,-339.5299999998181,target_mean,0,BULL_TREND
SC_IDX,synthetic,2015-11-05 23:15:00,2015-11-05 23:15:00,SHORT,1,1395.9,1396.1,69.795,69.805,200.0,-199.9999999998181,-339.5999999998181,target_mean,0,BULL_TREND
SC_IDX,synthetic,2015-11-06 02:00:00,2015-11-06 03:30:00,SHORT,1,1438.5000000000002,1437.3864285714287,71.92500000000001,71.86932142857144,200.0,1113.571428571504,969.7771071429326,stop,6,BULL_TREND
SC_IDX,synthetic,2015-11-06 06:00:00,2015-11-06 06:00:00,SHORT,1,1447.1000000000001,1460.9714285714285,72.35500000000002,73.04857142857144,200.0,-13871.428571428396,-14016.832142856967,stop,0,BULL_TREND
SC_IDX,synthetic,2015-11-06 12:15:00,2015-11-06 12:15:00,SHORT,1,1476.1000000000001,1476.3,73.80500000000002,73.815,200.0,-199.9999999998181,-347.6199999998181,stop,0,BULL_TREND
SC_IDX,synthetic,2015-11-07 02:15:00,2015-11-07 02:45:00,SHORT,1,1500.4,1518.0999999999997,75.02000000000001,75.90499999999999,200.0,-17699.999999999593,-17850.92499999959,stop,2,BULL_TREND
SC_IDX,synthetic,2015-11-07 11:15:00,2015-11-07 14:30:00,LONG,1,1451.2,1435.3857142857146,72.56,71.76928571428573,200.0,-15814.285714285461,-15958.614999999747,stop,13,BULL_TREND
SC_IDX,synthetic,2015-11-07 20:15:00,2015-11-07 21:30:00,LONG,1,1361.6,1359.2800000000002,68.08,67.96400000000001,200.0,-2319.999999999709,-2456.043999999709,target_mean,5,BULL_TREND
SC_IDX,synthetic,2015-11-08 00:15:00,2015-11-08 00:15:00,SHORT,1,1358.3000000000002,1357.93,67.91500000000002,67.8965,200.0,370.00000000011823,234.1885000001182,target_mean,0,BULL_TREND
SC_IDX,synthetic,2015-11-08 01:30:00,2015-11-08 01:30:00,LONG,1,1354.4,1356.2800000000002,67.72,67.81400000000002,200.0,1880.0000000001091,1744.466000000109,target_mean,0,BULL_TREND
SC_IDX,synthetic,2015-11-08 03:45:00,2015-11-08 03:45:00,SHORT,1,1374.3000000000002,1359.16,68.71500000000002,67.958,200.0,15140.0000000001,15003.3270000001,target_mean,0,BULL_TREND
SC_IDX,synthetic,2015-11-08 11:30:00,2015-11-08 13:15:00,LONG,1,1289.5,1269.8000000000004,64.47500000000001,63.49000000000002,200.0,-19699.999999999593,-19827.964999999593,stop,7,BULL_TREND
SC_IDX,synthetic,2015-11-08 20:15:00,2015-11-08 23:00:00,LONG,1,1236.5,1226.9000000000003,61.825,61.34500000000001,200.0,-9599.999999999682,-9723.169999999682,stop,11,BULL_TREND
SC_IDX,synthetic,2015-11-09 00:15:00,2015-11-09 00:15:00,LONG,1,1226.1,1216.7428571428572,61.305,60.837142857142865,200.0,-9357.142857142662,-9479.284999999805,stop,0,BULL_TREND
SC_IDX,synthetic,2015-11-09 11:30:00,2015-11-09 12:15:00,SHORT,1,1194.0000000000002,1208.8714285714286,59.70000000000002,60.44357142857144,200.0,-14871.428571428396,-14991.572142856969,stop,3,BULL_TREND
SC_IDX,synthetic,2015-11-09 13:00:00,2015-11-09 13:45:00,SHORT,1,1210.9,1191.485,60.545,59.574250000000006,200.0,19415.00000000019,19294.88075000019,target_mean,3,BULL_TREND
SC_IDX,synthetic,2015-11-09 19:30:00,2015-11-09 20:00:00,LONG,1,1149.5,1140.957142857143,57.475,57.04785714285715,200.0,-8542.857142856974,-8657.379999999832,stop,2,BULL_TREND
SC_IDX,synthetic,2015-11-09 20:45:00,2015-11-09 21:15:00,LONG,1,1142.1,1135.5857142857144,57.105000000000004,56.77928571428572,200.0,-6514.285714285506,-6628.169999999792,stop,2,BULL_TREND
SC_IDX,synthetic,2015-11-10 00:00:00,2015-11-10 00:45:00,LONG,1,1103.2,1121.985,55.160000000000004,56.099250000000005,200.0,18784.999999999854,18673.740749999855,target_mean,3,WHIPSAW_RANGE
SC_IDX,synthetic,2015-11-10 01:00:00,2015-11-10 01:15:00,LONG,1,1116.3,1119.3500000000004,55.815000000000005,55.96750000000002,200.0,3050.0000000004093,2938.217500000409,target_mean,1,WHIPSAW_RANGE
SC_IDX,synthetic,2015-11-10 05:00:00,2015-11-10 05:45:00,SHORT,1,1138.0000000000002,1154.3,56.90000000000001,57.715,200.0,-16299.999999999727,-16414.614999999725,stop,3,WHIPSAW_RANGE
SC_IDX,synthetic,2015-11-10 12:00:00,2015-11-10 12:30:00,LONG,1,1146.1,1144.5000000000002,57.305,57.225000000000016,200.0,-1599.9999999996817,-1714.5299999996816,stop,2,WHIPSAW_RANGE
SC_IDX,synthetic,2015-11-11 00:15:00,2015-11-11 01:30:00,SHORT,1,1173.1000000000001,1166.17,58.655000000000015,58.3085,200.0,6930.000000000064,6813.036500000064,target_mean,5,WHIPSAW_RANGE
SC_IDX,synthetic,2015-11-11 17:15:00,2015-11-11 18:00:00,SHORT,1,1159.8000000000002,1139.425,57.990000000000016,56.971250000000005,200.0,20375.000000000226,20260.038750000225,target_mean,3,WHIPSAW_RANGE
SC_IDX,synthetic,2015-11-11 23:30:00,2015-11-11 23:45:00,SHORT,1,1147.7,1138.7949999999998,57.385000000000005,56.93974999999999,200.0,8905.0000000002,8790.6752500002,target_mean,1,WHIPSAW_RANGE
SC_IDX,synthetic,2015-11-12 04:45:00,2015-11-12 04:45:00,SHORT,1,1173.8000000000002,1153.66,58.69000000000001,57.683,200.0,20140.000000000102,20023.627000000102,target_mean,0,WHIPSAW_RANGE
SC_IDX,synthetic,2015-11-12 07:30:00,2015-11-12 08:15:00,LONG,1,1136.1,1137.6021428571428,56.805,56.88010714285714,200.0,1502.1428571428714,1388.4577500000141,stop,3,WHIPSAW_RANGE
SC_IDX,synthetic,2015-11-13 09:30:00,2015-11-13 10:15:00,LONG,1,1149.1,1159.3600000000001,57.455000000000005,57.96800000000002,200.0,10260.000000000218,10144.577000000218,target_mean,3,WHIPSAW_RANGE
SC_IDX,synthetic,2015-11-13 19:00:00,2015-11-13 20:00:00,LONG,1,1097.6,1099.182857142857,54.88,54.95914285714286,200.0,1582.857142857165,1473.018000000022,stop,4,WHIPSAW_RANGE
SC_IDX,synthetic,2015-11-14 00:45:00,2015-11-14 03:45:00,LONG,1,1087.5,1054.5000000000002,54.375,52.725000000000016,200.0,-32999.999999999774,-33107.09999999977,stop,12,WHIPSAW_RANGE
SC_IDX,synthetic,2015-11-14 04:15:00,2015-11-14 05:00:00,LONG,1,1062.5,1071.665,53.125,53.58325,200.0,9164.999999999964,9058.291749999964,target_mean,3,WHIPSAW_RANGE
SC_IDX,synthetic,2015-11-14 13:15:00,2015-11-14 14:45:00,SHORT,1,1108.0000000000002,1123.3714285714286,55.40000000000001,56.16857142857143,200.0,-15371.428571428396,-15482.997142856968,stop,6,WHIPSAW_RANGE
SC_IDX,synthetic,2015-11-14 15:30:00,2015-11-14 15:30:00,SHORT,1,1123.9,1124.1,56.195,56.205000000000005,200.0,-199.9999999998181,-312.3999999998181,stop,0,WHIPSAW_RANGE
SC_IDX,synthetic,2015-11-15 06:15:00,2015-11-15 06:45:00,LONG,1,1118.8,1134.7400000000002,55.940000000000005,56.737000000000016,200.0,15940.000000000282,15827.323000000282,target_mean,2,WHIPSAW_RANGE
SC_IDX,synthetic,2015-11-15 10:15:00,2015-11-15 11:30:00,SHORT,1,1176.8000000000002,1157.32,58.84000000000002,57.866,200.0,19480.000000000247,19363.294000000245,target_mean,5,WHIPSAW_RANGE
SC_IDX,synthetic,2015-11-16 05:15:00,2015-11-16 06:15:00,LONG,1,1143.6,1151.21,57.18,57.560500000000005,200.0,7610.000000000127,7495.259500000127,target_mean,4,WHIPSAW_RANGE
SC_IDX,synthetic,2015-11-16 10:15:00,2015-11-16 12:15:00,SHORT,1,1210.6000000000001,1208.9471428571428,60.530000000000015,60.447357142857136,200.0,1652.8571428573287,1531.8797857144716,stop,8,WHIPSAW_RANGE
SC_IDX,synthetic,2015-11-17 12:30:00,2015-11-17 13:15:00,LONG,1,1153.2,1161.8000000000002,57.660000000000004,58.09000000000002,200.0,8600.000000000136,8484.250000000136,target_mean,3,WHIPSAW_RANGE
SC_IDX,synthetic,2015-11-17 15:45:00,2015-11-17 19:15:00,SHORT,1,1190.6000000000001,1186.23,59.530000000000015,59.3115,200.0,4370.000000000118,4251.158500000119,target_mean,14,WHIPSAW_RANGE
SC_IDX,synthetic,2015-11-17 23:00:00,2015-11-17 23:30:00,LONG,1,1156.1,1176.4750000000001,57.805,58.82375000000001,200.0,20375.000000000226,20258.371250000226,target_mean,2,WHIPSAW_RANGE
SC_IDX,synthetic,2015-11-18 02:00:00,2015-11-18 03:15:00,LONG,1,1145.8999999999999,1144.5500000000002,57.294999999999995,57.22750000000001,200.0,-1349.9999999996817,-1464.5224999996817,target_mean,5,WHIPSAW_RANGE
SC_IDX,synthetic,2015-11-18 06:30:00,2015-11-18 08:00:00,LONG,1,1098.3999999999999,1117.125,54.91999999999999,55.85625,200.0,18725.00000000014,18614.22375000014,target_mean,6,WHIPSAW_RANGE
SC_IDX,synthetic,2015-11-18 17:00:00,2015-11-18 18:30:00,SHORT,1,1138.0000000000002,1130.4399999999998,56.90000000000001,56.52199999999999,200.0,7560.0000000004,7446.578000000401,target_mean,6,WHIPSAW_RANGE
SC_IDX,synthetic,2015-11-18 22:00:00,2015-11-18 22:30:00,SHORT,1,1156.1000000000001,1178.2,57.805000000000014,58.910000000000004,200.0,-22099.99999999991,-22216.71499999991,stop,2,WHIPSAW_RANGE
SC_IDX,synthetic,2015-11-19 05:45:00,2015-11-19 05:45:00,LONG,1,1156.7,1156.5000000000002,57.835,57.82500000000002,200.0,-199.9999999998181,-315.65999999981807,target_mean,0,WHIPSAW_RANGE
SC_IDX,synthetic,2015-11-20 11:00:00,2015-11-20 11:45:00,LONG,1,1055.7,1057.3592857142858,52.785000000000004,52.86796428571429,200.0,1659.2857142857156,1553.6327500000011,stop,3,WHIPSAW_RANGE
SC_IDX,synthetic,2015-11-20 20:30:00,2015-11-20 22:15:00,SHORT,1,1161.2,1176.542857142857,58.06,58.82714285714285,200.0,-15342.857142856928,-15459.74428571407,stop,7,WHIPSAW_RANGE
SC_IDX,synthetic,2015-11-20 22:45:00,2015-11-21 00:00:00,SHORT,1,1172.8000000000002,1158.67,58.640000000000015,57.9335,200.0,14130.00000000011,14013.42650000011,target_mean,5,WHIPSAW_RANGE
SC_IDX,synthetic,2015-11-21 04:15:00,2015-11-21 05:30:00,LONG,1,1101.7,1121.7300000000002,55.085,56.086500000000015,200.0,20030.0000000002,19918.8285000002,target_mean,5,WHIPSAW_RANGE
SC_IDX,synthetic,2015-11-21 08:30:00,2015-11-21 08:45:00,LONG,1,1107.8999999999999,1111.76,55.39499999999999,55.588,200.0,3860.0000000001273,3749.017000000127,target_mean,1,WHIPSAW_RANGE
SC_IDX,synthetic,2015-11-21 09:45:00,2015-11-21 09:45:00,LONG,1,1083.0,1082.8000000000002,54.150000000000006,54.140000000000015,200.0,-199.9999999998181,-308.2899999998181,stop,0,WHIPSAW_RANGE
SC_IDX,synthetic,2015-11-21 18:45:00,2015-11-21 18:45:00,SHORT,1,1146.9,1159.5571428571427,57.345000000000006,57.97785714285714,200.0,-12657.142857142617,-12772.465714285474,stop,0,WHIPSAW_RANGE
SC_IDX,synthetic,2015-11-21 20:00:00,2015-11-21 20:15:00,SHORT,1,1174.9,1179.1,58.745000000000005,58.955000000000005,200.0,-4199.999999999818,-4317.699999999818,stop,1,WHIPSAW_RANGE
SC_IDX,synthetic,2015-11-22 01:45:00,2015-11-22 01:45:00,LONG,1,1142.1,1121.3714285714286,57.105000000000004,56.06857142857143,200.0,-20728.571428571286,-20841.744999999857,stop,0,WHIPSAW_RANGE
SC_IDX,synthetic,2015-11-22 03:15:00,2015-11-22 03:30:00,LONG,1,1120.5,1147.4650000000001,56.025000000000006,57.37325000000001,200.0,26965.000000000146,26851.601750000144,target_mean,1,WHIPSAW_RANGE
SC_IDX,synthetic,2015-11-22 12:00:00,2015-11-22 13:00:00,LONG,1,1182.8999999999999,1202.0000000000002,59.14499999999999,60.100000000000016,200.0,19100.000000000364,18980.755000000365,target_mean,4,WHIPSAW_RANGE
SC_IDX,synthetic,2015-11-22 13:15:00,2015-11-22 13:15:00,LONG,1,1202.6,1202.4,60.13,60.120000000000005,200.0,-199.9999999998181,-320.2499999998181,target_mean,0,WHIPSAW_RANGE
SC_IDX,synthetic,2015-11-22 23:15:00,2015-11-22 23:15:00,LONG,1,1162.3999999999999,1162.2,58.11999999999999,58.11,200.0,-199.9999999998181,-316.2299999998181,stop,0,WHIPSAW_RANGE
SC_IDX,synthetic,2015-11-23 06:45:00,2015-11-23 07:15:00,LONG,1,1149.2,1171.4250000000002,57.46,58.57125000000001,200.0,22225.00000000014,22108.96875000014,target_mean,2,WHIPSAW_RANGE
SC_IDX,synthetic,2015-11-23 20:15:00,2015-11-23 20:30:00,SHORT,1,1160.7,1186.4142857142856,58.035000000000004,59.32071428571429,200.0,-25714.28571428555,-25831.641428571264,stop,1,WHIPSAW_RANGE
SC_IDX,synthetic,2015-11-24 11:00:00,2015-11-24 12:00:00,LONG,1,1134.7,1117.0285714285717,56.735,55.851428571428585,200.0,-17671.42857142835,-17784.01499999978,stop,4,WHIPSAW_RANGE
SC_IDX,synthetic,2015-11-24 15:00:00,2015-11-24 15:30:00,LONG,1,1072.7,1088.1800000000003,53.635000000000005,54.40900000000001,200.0,15480.000000000246,15371.956000000246,target_mean,2,WHIPSAW_RANGE
SC_IDX,synthetic,2015-11-24 20:15:00,2015-11-24 20:45:00,SHORT,1,1120.1000000000001,1144.474285714286,56.00500000000002,57.2237142857143,200.0,-24374.285714285863,-24487.51442857158,stop,2,WHIPSAW_RANGE
SC_IDX,synthetic,2015-11-24 21:30:00,2015-11-24 22:15:00,SHORT,1,1138.2,1140.7,56.910000000000004,57.035000000000004,200.0,-2500.0,-2613.9449999999997,stop,3,WHIPSAW_RANGE
SC_IDX,synthetic,2015-11-25 07:15:00,2015-11-25 08:30:00,SHORT,1,1134.7,1118.9850000000001,56.735,55.94925000000001,200.0,15714.999999999918,15602.315749999918,target_mean,5,WHIPSAW_RANGE
SC_IDX,synthetic,2015-11-25 17:30:00,2015-11-25 19:30:00,SHORT,1,1137.0000000000002,1134.89,56.850000000000016,56.7445,200.0,2110.0000000001273,1996.4055000001274,target_mean,8,WHIPSAW_RANGE
SC_IDX,synthetic,2015-11-25 22:30:00,2015-11-25 23:45:00,LONG,1,1123.5,1106.7285714285715,56.175000000000004,55.336428571428584,200.0,-16771.428571428485,-16882.93999999991,stop,5,WHIPSAW_RANGE
SC_IDX,synthetic,2015-11-26 09:45:00,2015-11-26 11:30:00,SHORT,1,1139.5000000000002,1165.7571428571428,56.975000000000016,58.28785714285714,200.0,-26257.142857142528,-26372.40571428538,stop,7,WHIPSAW_RANGE
SC_IDX,synthetic,2015-11-26 19:00:00,2015-11-26 20:30:00,SHORT,1,1147.3000000000002,1145.7621428571429,57.365000000000016,57.28810714285715,200.0,1537.8571428573196,1423.2040357144624,stop,6,WHIPSAW_RANGE
SC_IDX,synthetic,2015-11-26 23:15:00,2015-11-27 00:00:00,SHORT,1,1182.8000000000002,1198.185714285714,59.140000000000015,59.90928571428571,200.0,-15385.714285713902,-15504.763571428188,stop,3,WHIPSAW_RANGE
SC_IDX,synthetic,2015-11-27 06:45:00,2015-11-27 09:00:00,LONG,1,1146.6,1156.2150000000001,57.330000000000005,57.81075000000001,200.0,9615.000000000236,9499.859250000236,target_mean,9,WHIPSAW_RANGE
SC_IDX,synthetic,2015-11-28 08:15:00,2015-11-28 09:15:00,SHORT,1,1131.4,1130.067857142857,56.57,56.503392857142856,200.0,1332.142857143026,1219.0694642858832,stop,4,WHIPSAW_RANGE
SC_IDX,synthetic,2015-11-28 19:45:00,2015-11-28 21:15:00,LONG,1,1080.8,1102.6750000000002,54.04,55.13375000000001,200.0,21875.000000000226,21765.826250000224,target_mean,6,WHIPSAW_RANGE
SC_IDX,synthetic,2015-11-29 02:45:00,2015-11-29 02:45:00,SHORT,1,1092.1000000000001,1108.4999999999998,54.60500000000001,55.42499999999999,200.0,-16399.999999999636,-16510.029999999635,stop,0,WHIPSAW_RANGE
SC_IDX,synthetic,2015-11-29 11:45:00,2015-11-29 12:30:00,SHORT,1,1184.9,1203.6571428571428,59.245000000000005,60.18285714285715,200.0,-18757.142857142753,-18876.570714285608,stop,3,WHIPSAW_RANGE
SC_IDX,synthetic,2015-11-29 12:45:00,2015-11-29 13:30:00,SHORT,1,1188.7,1207.542857142857,59.435,60.37714285714286,200.0,-18842.857142856927,-18962.66928571407,stop,3,WHIPSAW_RANGE
SC_IDX,synthetic,2015-11-29 19:15:00,2015-11-29 20:30:00,LONG,1,1090.2,1069.5428571428574,54.510000000000005,53.47714285714288,200.0,-20657.142857142615,-20765.129999999757,stop,5,WHIPSAW_RANGE
SC_IDX,synthetic,2015-11-30 04:45:00,2015-11-30 04:45:00,SHORT,1,1157.6000000000001,1188.7,57.88000000000002,59.435,200.0,-31099.99999999991,-31217.31499999991,stop,0,WHIPSAW_RANGE
SC_IDX,synthetic,2015-11-30 07:30:00,2015-11-30 09:45:00,SHORT,1,1179.7,1212.1,58.985,60.605000000000004,200.0,-32399.99999999986,-32519.589999999862,stop,9,WHIPSAW_RANGE
SC_IDX,synthetic,2015-11-30 10:30:00,2015-11-30 10:45:00,SHORT,1,1223.9,1243.9999999999998,61.195,62.19999999999999,200.0,-20099.99999999968,-20223.39499999968,stop,1,WHIPSAW_RANGE
SC_IDX,synthetic,2015-11-30 15:45:00,2015-11-30 16:15:00,LONG,1,1142.1,1135.4,57.105000000000004,56.77,200.0,-6699.999999999818,-6813.874999999818,stop,2,WHIPSAW_RANGE
SC_IDX,synthetic,2015-12-01 01:00:00,2015-12-01 02:15:00,LONG,1,1149.2,1160.3150000000003,57.46,58.01575000000001,200.0,11115.000000000236,10999.524250000237,target_mean,5,WHIPSAW_RANGE
SC_IDX,synthetic,2015-12-01 13:45:00,2015-12-01 14:45:00,SHORT,1,1163.2,1162.2,58.160000000000004,58.11,200.0,1000.0,883.73,stop,4,WHIPSAW_RANGE
SC_IDX,synthetic,2015-12-01 15:00:00,2015-12-01 15:15:00,SHORT,1,1154.6000000000001,1180.8714285714284,57.73000000000001,59.043571428571425,200.0,-26271.42857142826,-26388.20214285683,stop,1,WHIPSAW_RANGE
SC_IDX,synthetic,2015-12-01 16:15:00,2015-12-01 17:15:00,SHORT,1,1184.3000000000002,1206.2428571428572,59.21500000000002,60.31214285714287,200.0,-21942.857142857065,-22062.384285714208,stop,4,WHIPSAW_RANGE
SC_IDX,synthetic,2015-12-02 01:30:00,2015-12-02 01:45:00,SHORT,1,1192.8000000000002,1221.4942857142858,59.640000000000015,61.074714285714286,200.0,-28694.285714285572,-28815.000428571286,stop,1,WHIPSAW_RANGE
SC_IDX,synthetic,2015-12-02 02:30:00,2015-12-02 05:00:00,SHORT,1,1217.5000000000002,1204.52,60.875000000000014,60.226000000000006,200.0,12980.000000000246,12858.899000000245,target_mean,10,WHIPSAW_RANGE
SC_IDX,synthetic,2015-12-02 10:00:00,2015-12-02 10:00:00,LONG,1,1202.3,1205.545,60.115,60.27725,200.0,3245.0000000001182,3124.6077500001184,target_mean,0,WHIPSAW_RANGE
SC_IDX,synthetic,2015-12-02 11:00:00,2015-12-02 11:00:00,SHORT,1,1199.8000000000002,1200.0,59.990000000000016,60.0,200.0,-199.9999999998181,-319.9899999998181,target_mean,0,WHIPSAW_RANGE
SC_IDX,synthetic,2015-12-02 13:30:00,2015-12-02 13:30:00,LONG,1,1192.0,1199.6750000000002,59.6,59.983750000000015,200.0,7675.000000000182,7555.416250000181,target_mean,0,WHIPSAW_RANGE
SC_IDX,synthetic,2015-12-02 15:30:00,2015-12-02 16:15:00,LONG,1,1174.8999999999999,1187.6500000000003,58.74499999999999,59.382500000000014,200.0,12750.000000000455,12631.872500000454,target_mean,3,WHIPSAW_RANGE
SC_IDX,synthetic,2015-12-02 17:15:00,2015-12-02 18:30:00,SHORT,1,1225.5000000000002,1224.1364285714287,61.27500000000001,61.20682142857144,200.0,1363.571428571504,1241.0896071429324,stop,5,WHIPSAW_RANGE
SC_IDX,synthetic,2015-12-02 21:30:00,2015-12-02 22:00:00,SHORT,1,1249.8000000000002,1232.415,62.490000000000016,61.62075,200.0,17385.00000000022,17260.88925000022,target_mean,2,WHIPSAW_RANGE
SC_IDX,synthetic,2015-12-03 02:15:00,2015-12-03 02:30:00,LONG,1,1159.6,1156.6000000000001,57.980000000000004,57.83000000000001,200.0,-2999.9999999997726,-3115.8099999997726,stop,1,WHIPSAW_RANGE
SC_IDX,synthetic,2015-12-03 09:00:00,2015-12-03 09:15:00,LONG,1,1156.8999999999999,1132.0857142857144,57.84499999999999,56.604285714285716,200.0,-24814.285714285463,-24928.73499999975,stop,1,WHIPSAW_RANGE
SC_IDX,synthetic,2015-12-03 10:15:00,2015-12-03 10:30:00,LONG,1,1110.7,1079.7714285714287,55.535000000000004,53.98857142857143,200.0,-30928.571428571333,-31038.094999999903,stop,1,WHIPSAW_RANGE
SC_IDX,synthetic,2015-12-04 10:00:00,2015-12-04 11:15:00,LONG,1,1136.3,1120.2571428571432,56.815000000000005,56.012857142857165,200.0,-16042.857142856747,-16155.684999999605,stop,5,WHIPSAW_RANGE
SC_IDX,synthetic,2015-12-05 09:00:00,2015-12-05 12:15:00,SHORT,1,1186.8000000000002,1174.105,59.34000000000002,58.70525,200.0,12695.000000000164,12576.954750000163,target_mean,13,WHIPSAW_RANGE
SC_IDX,synthetic,2015-12-05 16:45:00,2015-12-05 17:15:00,LONG,1,1131.6,1132.9178571428572,56.580000000000005,56.64589285714287,200.0,1317.8571428572923,1204.6312500001495,stop,2,WHIPSAW_RANGE
SC_IDX,synthetic,2015-12-05 20:15:00,2015-12-05 20:15:00,LONG,1,1123.1,1122.9,56.155,56.145,200.0,-199.9999999998181,-312.29999999981806,stop,0,WHIPSAW_RANGE
SC_IDX,synthetic,2015-12-06 01:30:00,2015-12-06 02:00:00,SHORT,1,1142.8000000000002,1166.3142857142855,57.140000000000015,58.31571428571428,200.0,-23514.28571428528,-23629.741428570993,stop,2,WHIPSAW_RANGE
SC_IDX,synthetic,2015-12-06 02:30:00,2015-12-06 03:45:00,SHORT,1,1178.0000000000002,1176.2235714285716,58.90000000000001,58.811178571428584,200.0,1776.4285714285961,1658.7173928571674,stop,5,WHIPSAW_RANGE
SC_IDX,synthetic,2015-12-06 10:30:00,2015-12-06 11:00:00,SHORT,1,1175.6000000000001,1196.8885714285714,58.780000000000015,59.84442857142857,200.0,-21288.57142857123,-21407.19585714266,stop,2,WHIPSAW_RANGE
SC_IDX,synthetic,2015-12-06 18:15:00,2015-12-06 19:15:00,LONG,1,1116.8999999999999,1118.1392857142857,55.84499999999999,55.90696428571429,200.0,1239.2857142858702,1127.5337500001558,stop,4,WHIPSAW_RANGE
SC_IDX,synthetic,2015-12-06 23:45:00,2015-12-07 01:00:00,SHORT,1,1160.4,1178.9,58.02,58.945,200.0,-18500.0,-18616.965,stop,5,WHIPSAW_RANGE
SC_IDX,synthetic,2015-12-07 03:00:00,2015-12-07 05:00:00,SHORT,1,1197.9,1198.8999999999999,59.895,59.94499999999999,200.0,-999.9999999997726,-1119.8399999997725,stop,8,WHIPSAW_RANGE
SC_IDX,synthetic,2015-12-07 16:15:00,2015-12-07 16:15:00,SHORT,1,1206.7,1206.8999999999999,60.335,60.34499999999999,200.0,-199.9999999998181,-320.67999999981805,stop,0,WHIPSAW_RANGE
SC_IDX,synthetic,2015-12-07 17:30:00,2015-12-07 19:30:00,SHORT,1,1208.2,1200.53,60.410000000000004,60.026500000000006,200.0,7670.000000000073,7549.563500000073,target_mean,8,WHIPSAW_RANGE
SC_IDX,synthetic,2015-12-08 06:30:00,2015-12-08 06:45:00,SHORT,1,1204.5000000000002,1209.3,60.225000000000016,60.465,200.0,-4799.999999999727,-4920.689999999728,stop,1,WHIPSAW_RANGE
SC_IDX,synthetic,2015-12-08 16:45:00,2015-12-08 17:30:00,LONG,1,1136.1,1204.4,56.805,60.220000000000006,200.0,68300.00000000017,68182.97500000018,target_mean,3,WHIPSAW_RANGE
SC_IDX,synthetic,2015-12-08 22:00:00,2015-12-08 22:00:00,SHORT,1,1222.7,1222.8999999999999,61.135000000000005,61.14499999999999,200.0,-199.9999999998181,-322.2799999998181,stop,0,WHIPSAW_RANGE
SC_IDX,synthetic,2015-12-09 03:45:00,2015-12-09 05:30:00,SHORT,1,1255.9,1239.9899999999998,62.795,61.99949999999999,200.0,15910.00000000031,15785.20550000031,target_mean,7,WHIPSAW_RANGE
SC_IDX,synthetic,2015-12-09 15:00:00,2015-12-09 16:15:00,LONG,1,1151.1,1133.257142857143,57.555,56.66285714285715,200.0,-17842.857142856927,-17957.074999999782,stop,5,WHIPSAW_RANGE
SC_IDX,synthetic,2015-12-09 17:00:00,2015-12-09 19:00:00,LONG,1,1131.6,1114.3857142857146,56.580000000000005,55.71928571428573,200.0,-17214.285714285325,-17326.584999999614,stop,8,WHIPSAW_RANGE
SC_IDX,synthetic,2015-12-10 02:30:00,2015-12-10 02:30:00,SHORT,1,1135.0000000000002,1129.3500000000001,56.750000000000014,56.467500000000015,200.0,5650.000000000091,5536.782500000091,target_mean,0,WHIPSAW_RANGE
SC_IDX,synthetic,2015-12-10 07:15:00,2015-12-10 07:30:00,LONG,1,1110.6,1124.305,55.53,56.215250000000005,200.0,13705.000000000155,13593.254750000155,target_mean,1,WHIPSAW_RANGE
SC_IDX,synthetic,2015-12-10 08:30:00,2015-12-10 08:30:00,LONG,1,1102.3,1102.1000000000001,55.115,55.10500000000001,200.0,-199.9999999998181,-310.2199999998181,stop,0,WHIPSAW_RANGE
SC_IDX,synthetic,2015-12-10 09:30:00,2015-12-10 09:45:00,LONG,1,1089.6,1090.96,54.480000000000004,54.548,200.0,1360.0000000001273,1250.9720000001273,stop,1,WHIPSAW_RANGE
SC_IDX,synthetic,2015-12-10 15:00:00,2015-12-10 15:00:00,SHORT,1,1110.0000000000002,1110.2,55.500000000000014,55.510000000000005,200.0,-199.9999999998181,-311.0099999998181,target_mean,0,WHIPSAW_RANGE
SC_IDX,synthetic,2015-12-10 18:30:00,2015-12-10 20:00:00,SHORT,1,1149.9,1164.7285714285713,57.495000000000005,58.23642857142857,200.0,-14828.571428571195,-14944.302857142624,stop,6,WHIPSAW_RANGE
SC_IDX,synthetic,2015-12-11 04:15:00,2015-12-11 06:30:00,SHORT,1,1168.0000000000002,1196.6714285714284,58.40000000000001,59.833571428571425,200.0,-28671.42857142812,-28789.662142856694,stop,9,WHIPSAW_RANGE
SC_IDX,synthetic,2015-12-11 16:45:00,2015-12-11 17:45:00,LONG,1,1143.0,1124.8714285714289,57.150000000000006,56.24357142857145,200.0,-18128.57142857115,-18241.964999999724,stop,4,WHIPSAW_RANGE
SC_IDX,synthetic,2015-12-11 18:15:00,2015-12-11 18:15:00,LONG,1,1145.8,1145.6000000000001,57.290000000000006,57.280000000000015,200.0,-199.9999999998181,-314.56999999981815,stop,0,WHIPSAW_RANGE
SC_IDX,synthetic,2015-12-11 23:30:00,2015-12-11 23:30:00,LONG,1,1157.0,1156.8000000000002,57.85,57.84000000000002,200.0,-199.9999999998181,-315.68999999981816,target_mean,0,WHIPSAW_RANGE
SC_IDX,synthetic,2015-12-12 00:30:00,2015-12-12 00:30:00,LONG,1,1148.2,1153.6400000000003,57.410000000000004,57.682000000000016,200.0,5440.000000000282,5324.908000000282,target_mean,0,WHIPSAW_RANGE
SC_IDX,synthetic,2015-12-12 01:45:00,2015-12-12 02:15:00,SHORT,1,1170.4,1194.7142857142856,58.52,59.73571428571427,200.0,-24314.285714285463,-24432.541428571178,stop,2,WHIPSAW_RANGE
SC_IDX,synthetic,2015-12-12 02:45:00,2015-12-12 02:45:00,SHORT,1,1172.6000000000001,1159.2150000000001,58.63000000000002,57.96075000000001,200.0,13384.99999999999,13268.409249999992,target_mean,0,WHIPSAW_RANGE
SC_IDX,synthetic,2015-12-12 11:45:00,2015-12-12 13:00:00,LONG,1,1129.5,1116.6571428571433,56.475,55.832857142857165,200.0,-12842.857142856701,-12955.164999999559,stop,5,WHIPSAW_RANGE
SC_IDX,synthetic,2015-12-12 18:45:00,2015-12-12 20:15:00,SHORT,1,1144.0000000000002,1144.0699999999997,57.20000000000002,57.20349999999999,200.0,-69.99999999948159,-184.4034999994816,target_mean,6,WHIPSAW_RANGE
SC_IDX,synthetic,2015-12-13 13:30:00,2015-12-13 14:15:00,SHORT,1,1167.0000000000002,1152.1,58.350000000000016,57.605000000000004,200.0,14900.000000000318,14784.045000000318,target_mean,3,WHIPSAW_RANGE
SC_IDX,synthetic,2015-12-13 18:30:00,2015-12-13 18:30:00,LONG,1,1165.3999999999999,1165.2,58.26999999999999,58.260000000000005,200.0,-199.9999999998181,-316.5299999998181,target_mean,0,WHIPSAW_RANGE
SC_IDX,synthetic,2015-12-14 00:15:00,2015-12-14 00:30:00,SHORT,1,1180.4,1169.595,59.02,58.47975,200.0,10805.000000000064,10687.500250000063,target_mean,1,WHIPSAW_RANGE
SC_IDX,synthetic,2015-12-14 01:15:00,2015-12-14 02:30:00,LONG,1,1151.8,1129.0000000000002,57.59,56.45000000000002,200.0,-22799.999999999727,-22914.039999999728,stop,5,WHIPSAW_RANGE
SC_IDX,synthetic,2015-12-14 02:45:00,2015-12-14 03:00:00,LONG,1,1142.8999999999999,1159.03,57.14499999999999,57.9515,200.0,16130.00000000011,16014.90350000011,target_mean,1,WHIPSAW_RANGE
SC_IDX,synthetic,2015-12-14 14:00:00,2015-12-14 14:00:00,LONG,1,1131.6,1133.525,56.580000000000005,56.67625,200.0,1925.000000000182,1811.743750000182,target_mean,0,WHIPSAW_RANGE
SC_IDX,synthetic,2015-12-14 22:30:00,2015-12-14 23:45:00,SHORT,1,1169.5000000000002,1163.915,58.475000000000016,58.195750000000004,200.0,5585.000000000264,5468.3292500002635,target_mean,5,WHIPSAW_RANGE
SC_IDX,synthetic,2015-12-15 01:45:00,2015-12-15 01:45:00,LONG,1,1128.7,1128.5000000000002,56.435,56.42500000000001,200.0,-199.9999999998181,-312.8599999998181,stop,0,WHIPSAW_RANGE
SC_IDX,synthetic,2015-12-15 09:15:00,2015-12-15 10:00:00,LONG,1,1105.3,1086.3857142857144,55.265,54.31928571428572,200.0,-18914.285714285597,-19023.869999999883,stop,3,WHIPSAW_RANGE
SC_IDX,synthetic,2015-12-15 10:15:00,2015-12-15 11:00:00,LONG,1,1083.3,1057.8457142857144,54.165,52.89228571428572,200.0,-25454.28571428556,-25561.342999999848,stop,3,WHIPSAW_RANGE
SC_IDX,synthetic,2015-12-16 00:00:00,2015-12-16 01:00:00,SHORT,1,1146.7,1130.605,57.335,56.53025,200.0,16095.000000000027,15981.134750000028,target_mean,4,WHIPSAW_RANGE
SC_IDX,synthetic,2015-12-16 09:00:00,2015-12-16 09:45:00,SHORT,1,1165.1000000000001,1180.6285714285714,58.25500000000002,59.03142857142857,200.0,-15528.57142857124,-15645.857857142668,stop,3,WHIPSAW_RANGE
SC_IDX,synthetic,2015-12-16 20:30:00,2015-12-16 22:15:00,SHORT,1,1197.4,1182.62,59.870000000000005,59.131,200.0,14780.0000000002,14660.9990000002,target_mean,7,WHIPSAW_RANGE
SC_IDX,synthetic,2015-12-17 04:30:00,2015-12-17 05:00:00,LONG,1,1137.3,1118.4,56.865,55.92,200.0,-18899.99999999986,-19012.78499999986,stop,2,WHIPSAW_RANGE
SC_IDX,synthetic,2015-12-17 05:30:00,2015-12-17 05:30:00,LONG,1,1117.7,1117.5000000000002,55.885000000000005,55.875000000000014,200.0,-199.9999999998181,-311.7599999998181,stop,0,WHIPSAW_RANGE
SC_IDX,synthetic,2015-12-17 07:45:00,2015-12-17 08:45:00,LONG,1,1097.0,1095.3000000000002,54.85,54.765000000000015,200.0,-1699.999999999818,-1809.614999999818,stop,4,WHIPSAW_RANGE
SC_IDX,synthetic,2015-12-17 19:00:00,2015-12-17 20:45:00,LONG,1,1113.5,1123.0100000000002,55.675000000000004,56.150500000000015,200.0,9510.000000000218,9398.17450000022,target_mean,7,WHIPSAW_RANGE
SC_IDX,synthetic,2015-12-19 03:30:00,2015-12-19 05:00:00,SHORT,1,1125.3000000000002,1124.0057142857145,56.265000000000015,56.200285714285734,200.0,1294.2857142857065,1181.8204285714207,stop,6,WHIPSAW_RANGE
SC_IDX,synthetic,2015-12-19 09:00:00,2015-12-19 09:00:00,SHORT,1,1133.4,1133.6,56.67,56.68,200.0,-199.9999999998181,-313.3499999998181,stop,0,WHIPSAW_RANGE
SC_IDX,synthetic,2015-12-19 11:45:00,2015-12-19 12:15:00,SHORT,1,1146.3000000000002,1133.5149999999999,57.31500000000001,56.675749999999994,200.0,12785.00000000031,12671.009250000308,target_mean,2,WHIPSAW_RANGE
SC_IDX,synthetic,2015-12-19 22:15:00,2015-12-19 23:30:00,SHORT,1,1180.3000000000002,1205.3,59.015000000000015,60.265,200.0,-24999.999999999774,-25119.279999999773,stop,5,WHIPSAW_RANGE
SC_IDX,synthetic,2015-12-20 00:00:00,2015-12-20 00:30:00,SHORT,1,1199.8000000000002,1198.3300000000002,59.990000000000016,59.91650000000001,200.0,1470.0000000000273,1350.0935000000272,stop,2,WHIPSAW_RANGE
SC_IDX,synthetic,2015-12-20 15:00:00,2015-12-20 15:15:00,SHORT,1,1167.3000000000002,1154.495,58.365000000000016,57.72475,200.0,12805.000000000291,12688.910250000292,target_mean,1,WHIPSAW_RANGE
SC_IDX,synthetic,2015-12-20 17:30:00,2015-12-20 18:45:00,LONG,1,1118.7,1143.3500000000001,55.935,57.16750000000001,200.0,24650.00000000009,24536.89750000009,target_mean,5,WHIPSAW_RANGE
SC_IDX,synthetic,2015-12-20 19:15:00,2015-12-20 20:30:00,LONG,1,1085.0,1086.6907142857144,54.25,54.33453571428572,200.0,1690.7142857144208,1582.1297500001351,stop,5,WHIPSAW_RANGE
SC_IDX,synthetic,2015-12-21 12:30:00,2015-12-21 13:15:00,LONG,1,1148.3999999999999,1157.5800000000002,57.419999999999995,57.87900000000001,200.0,9180.000000000291,9064.70100000029,target_mean,3,WHIPSAW_RANGE
SC_IDX,synthetic,2015-12-21 14:15:00,2015-12-21 14:45:00,LONG,1,1135.5,1151.6950000000002,56.775000000000006,57.584750000000014,200.0,16195.000000000164,16080.640250000164,target_mean,2,WHIPSAW_RANGE
SC_IDX,synthetic,2015-12-21 17:00:00,2015-12-21 17:15:00,SHORT,1,1163.1000000000001,1149.205,58.155000000000015,57.46025,200.0,13895.00000000021,13779.384750000208,target_mean,1,WHIPSAW_RANGE
SC_IDX,synthetic,2015-12-21 19:30:00,2015-12-21 20:00:00,LONG,1,1126.1,1094.9499999999998,56.305,54.74749999999999,200.0,-31150.00000000009,-31261.052500000093,stop,2,WHIPSAW_RANGE
SC_IDX,synthetic,2015-12-21 20:30:00,2015-12-21 22:15:00,LONG,1,1065.0,1066.8335714285715,53.25,53.34167857142858,200.0,1833.5714285715312,1726.9797500001027,stop,7,WHIPSAW_RANGE
SC_IDX,synthetic,2015-12-21 22:45:00,2015-12-22 00:00:00,LONG,1,1072.8999999999999,1082.025,53.64499999999999,54.10125,200.0,9125.000000000227,9017.253750000227,target_mean,5,WHIPSAW_RANGE
SC_IDX,synthetic,2015-12-22 04:00:00,2015-12-22 04:30:00,SHORT,1,1099.4,1086.0649999999998,54.970000000000006,54.30324999999999,200.0,13335.000000000264,13225.726750000264,target_mean,2,WHIPSAW_RANGE
SC_IDX,synthetic,2015-12-22 05:15:00,2015-12-22 05:15:00,SHORT,1,1089.6000000000001,1088.04,54.48000000000001,54.402,200.0,1560.0000000001728,1451.1180000001727,target_mean,0,WHIPSAW_RANGE
SC_IDX,synthetic,2015-12-22 06:15:00,2015-12-22 06:45:00,SHORT,1,1134.9,1164.9285714285713,56.745000000000005,58.246428571428574,200.0,-30028.57142857124,-30143.562857142664,stop,2,WHIPSAW_RANGE
SC_IDX,synthetic,2015-12-22 07:30:00,2015-12-22 08:30:00,SHORT,1,1147.3000000000002,1126.8549999999998,57.365000000000016,56.34274999999999,200.0,20445.000000000393,20331.29225000039,target_mean,4,WHIPSAW_RANGE
SC_IDX,synthetic,2015-12-22 15:00:00,2015-12-22 15:15:00,LONG,1,1118.1,1121.765,55.905,56.08825,200.0,3665.000000000191,3553.006750000191,target_mean,1,WHIPSAW_RANGE
SC_IDX,synthetic,2015-12-22 17:30:00,2015-12-22 19:00:00,SHORT,1,1142.4,1163.742857142857,57.120000000000005,58.18714285714285,200.0,-21342.857142856927,-21458.16428571407,stop,6,WHIPSAW_RANGE
SC_IDX,synthetic,2015-12-23 04:00:00,2015-12-23 04:15:00,LONG,1,1086.3999999999999,1082.7,54.31999999999999,54.135000000000005,200.0,-3699.999999999818,-3808.4549999998185,stop,1,WHIPSAW_RANGE
SC_IDX,synthetic,2015-12-23 11:15:00,2015-12-23 11:15:00,SHORT,1,1114.0000000000002,1103.32,55.70000000000002,55.166000000000004,200.0,10680.000000000291,10569.134000000291,target_mean,0,WHIPSAW_RANGE
SC_IDX,synthetic,2015-12-23 17:45:00,2015-12-23 19:30:00,SHORT,1,1132.0000000000002,1152.085714285714,56.600000000000016,57.604285714285695,200.0,-20085.714285713722,-20199.918571428007,stop,7,WHIPSAW_RANGE
SC_IDX,synthetic,2015-12-23 20:00:00,2015-12-23 21:00:00,SHORT,1,1156.3000000000002,1134.855,57.81500000000001,56.74275,200.0,21445.000000000164,21330.442250000164,target_mean,4,WHIPSAW_RANGE
SC_IDX,synthetic,2015-12-23 23:30:00,2015-12-23 23:45:00,SHORT,1,1181.4,1203.2714285714285,59.07,60.16357142857142,200.0,-21871.428571428398,-21990.66214285697,stop,1,WHIPSAW_RANGE
SC_IDX,synthetic,2015-12-24 00:30:00,2015-12-24 02:30:00,SHORT,1,1203.2,1186.685,60.160000000000004,59.334250000000004,200.0,16515.000000000102,16395.505750000102,target_mean,8,WHIPSAW_RANGE
SC_IDX,synthetic,2015-12-24 04:15:00,2015-12-24 04:30:00,SHORT,1,1216.0000000000002,1201.33,60.80000000000001,60.066500000000005,200.0,14670.0000000003,14549.1335000003,target_mean,1,WHIPSAW_RANGE
SC_IDX,synthetic,2015-12-24 08:15:00,2015-12-24 08:15:00,LONG,1,1142.8999999999999,1142.7,57.14499999999999,57.135000000000005,200.0,-199.9999999998181,-314.2799999998181,stop,0,WHIPSAW_RANGE
SC_IDX,synthetic,2015-12-24 22:45:00,2015-12-24 23:30:00,LONG,1,1130.6,1132.0985714285714,56.53,56.60492857142857,200.0,1498.5714285714948,1385.4365000000662,stop,3,WHIPSAW_RANGE
SC_IDX,synthetic,2015-12-25 06:15:00,2015-12-25 06:15:00,SHORT,1,1159.3000000000002,1148.155,57.96500000000002,57.40775,200.0,11145.00000000021,11029.627250000209,target_mean,0,WHIPSAW_RANGE
SC_IDX,synthetic,2015-12-25 11:45:00,2015-12-25 11:45:00,LONG,1,1124.1,1148.625,56.205000000000005,57.431250000000006,200.0,24525.00000000009,24411.363750000088,target_mean,0,WHIPSAW_RANGE
SC_IDX,synthetic,2015-12-25 13:45:00,2015-12-25 15:00:00,SHORT,1,1183.0000000000002,1181.2264285714286,59.15000000000001,59.06132142857143,200.0,1773.5714285715858,1655.3601071430144,stop,5,WHIPSAW_RANGE
SC_IDX,synthetic,2015-12-26 03:45:00,2015-12-26 03:45:00,LONG,1,1134.8,1134.6000000000001,56.74,56.73000000000001,200.0,-199.9999999998181,-313.4699999998181,stop,0,WHIPSAW_RANGE
SC_IDX,synthetic,2015-12-26 10:00:00,2015-12-26 10:15:00,LONG,1,1142.0,1143.2857142857144,57.1,57.16428571428573,200.0,1285.7142857144481,1171.4500000001624,stop,1,WHIPSAW_RANGE
SC_IDX,synthetic,2015-12-26 11:45:00,2015-12-26 12:00:00,LONG,1,1107.6,1108.972142857143,55.38,55.44860714285715,200.0,1372.1428571429897,1261.3142500001325,stop,1,WHIPSAW_RANGE
SC_IDX,synthetic,2015-12-26 13:30:00,2015-12-26 14:00:00,LONG,1,1104.8,1116.6600000000003,55.24,55.83300000000001,200.0,11860.000000000355,11748.927000000354,target_mean,2,WHIPSAW_RANGE
SC_IDX,synthetic,2015-12-27 01:00:00,2015-12-27 01:15:00,SHORT,1,1156.8000000000002,1156.3,57.84000000000002,57.815000000000005,200.0,500.0000000002274,384.34500000022734,stop,1,WHIPSAW_RANGE
SC_IDX,synthetic,2015-12-27 12:30:00,2015-12-27 14:00:00,LONG,1,1112.2,1128.915,55.61,56.445750000000004,200.0,16714.99999999992,16602.94424999992,target_mean,6,WHIPSAW_RANGE
SC_IDX,synthetic,2015-12-27 23:15:00,2015-12-28 00:00:00,LONG,1,1114.2,1087.0871428571431,55.71,54.35435714285716,200.0,-27112.857142856912,-27222.921499999768,stop,3,WHIPSAW_RANGE
SC_IDX,synthetic,2015-12-28 05:00:00,2015-12-28 06:15:00,LONG,1,1085.1,1104.5900000000001,54.255,55.229500000000016,200.0,19490.000000000236,19380.515500000234,target_mean,5,WHIPSAW_RANGE
SC_IDX,synthetic,2015-12-28 09:30:00,2015-12-28 12:30:00,SHORT,1,1130.6000000000001,1157.242857142857,56.530000000000015,57.86214285714286,200.0,-26642.857142856883,-26757.249285714024,stop,12,WHIPSAW_RANGE
SC_IDX,synthetic,2015-12-28 12:45:00,2015-12-28 13:30:00,SHORT,1,1150.2,1166.6000000000001,57.510000000000005,58.33000000000001,200.0,-16400.00000000009,-16515.84000000009,stop,3,WHIPSAW_RANGE
SC_IDX,synthetic,2015-12-28 15:30:00,2015-12-28 17:00:00,SHORT,1,1178.9,1198.4999999999998,58.945,59.92499999999999,200.0,-19599.99999999968,-19718.86999999968,stop,6,WHIPSAW_RANGE
SC_IDX,synthetic,2015-12-28 19:30:00,2015-12-28 20:30:00,SHORT,1,1199.2,1193.405,59.96,59.67025,200.0,5795.000000000073,5675.369750000073,target_mean,4,WHIPSAW_RANGE
SC_IDX,synthetic,2015-12-29 03:30:00,2015-12-29 04:30:00,SHORT,1,1224.5000000000002,1190.39,61.225000000000016,59.5195,200.0,34110.00000000013,33989.25550000013,target_mean,4,WHIPSAW_RANGE
SC_IDX,synthetic,2015-12-29 08:15:00,2015-12-29 08:30:00,LONG,1,1151.7,1171.8100000000002,57.585,58.59050000000001,200.0,20110.000000000127,19993.82450000013,target_mean,1,WHIPSAW_RANGE
SC_IDX,synthetic,2015-12-29 13:30:00,2015-12-29 14:00:00,LONG,1,1157.7,1125.5000000000002,57.885000000000005,56.27500000000001,200.0,-32199.999999999818,-32314.159999999818,stop,2,WHIPSAW_RANGE
SC_IDX,synthetic,2015-12-29 20:00:00,2015-12-29 21:45:00,LONG,1,1073.3999999999999,1098.25,53.66999999999999,54.9125,200.0,24850.00000000014,24741.41750000014,target_mean,7,WHIPSAW_RANGE
SC_IDX,synthetic,2015-12-30 10:15:00,2015-12-30 10:45:00,SHORT,1,1202.6000000000001,1187.795,60.13000000000002,59.38975,200.0,14805.000000000064,14685.480250000064,target_mean,2,WHIPSAW_RANGE
SC_IDX,synthetic,2015-12-30 15:00:00,2015-12-30 16:00:00,SHORT,1,1218.5000000000002,1217.3014285714287,60.92500000000001,60.86507142857143,200.0,1198.5714285715403,1076.781357142969,stop,4,WHIPSAW_RANGE
SC_IDX,synthetic,2015-12-30 16:30:00,2015-12-30 17:15:00,SHORT,1,1212.8000000000002,1206.465,60.640000000000015,60.32325,200.0,6335.000000000264,6214.036750000263,target_mean,3,WHIPSAW_RANGE
SC_IDX,synthetic,2015-12-30 23:45:00,2015-12-31 00:30:00,LONG,1,1106.6,1077.5428571428574,55.330000000000005,53.87714285714288,200.0,-29057.14285714248,-29166.349999999624,stop,3,WHIPSAW_RANGE
SC_IDX,synthetic,2015-12-31 01:00:00,2015-12-31 03:15:00,LONG,1,1089.1,1094.7350000000001,54.455000000000005,54.736750000000015,200.0,5635.000000000218,5525.808250000218,target_mean,9,WHIPSAW_RANGE
SC_IDX,synthetic,2015-12-31 04:30:00,2015-12-31 05:00:00,SHORT,1,1116.4,1138.0614285714287,55.82,56.90307142857144,200.0,-21661.428571428587,-21774.15164285716,stop,2,WHIPSAW_RANGE
SC_IDX,synthetic,2015-12-31 05:30:00,2015-12-31 05:45:00,SHORT,1,1138.5000000000002,1165.2,56.92500000000001,58.260000000000005,200.0,-26699.999999999818,-26815.184999999816,stop,1,WHIPSAW_RANGE
SC_IDX,synthetic,2015-12-31 17:15:00,2015-12-31 18:45:00,SHORT,1,1176.8000000000002,1152.27,58.84000000000002,57.6135,200.0,24530.0000000002,24413.5465000002,target_mean,6,WHIPSAW_RANGE
SC_IDX,synthetic,2016-01-01 05:00:00,2016-01-01 05:45:00,LONG,1,1149.8,1151.265,57.49,57.563250000000004,200.0,1465.0000000001455,1349.9467500001456,stop,3,PANIC_CRASH
SC_IDX,synthetic,2016-01-01 06:00:00,2016-01-01 06:00:00,LONG,1,1163.5,1134.6257142857144,58.175000000000004,56.73128571428572,200.0,-28874.285714285634,-28989.19199999992,stop,0,PANIC_CRASH
SC_IDX,synthetic,2016-01-01 07:00:00,2016-01-01 07:45:00,LONG,1,1161.3,1161.9900000000002,58.065000000000005,58.09950000000001,200.0,690.000000000282,573.8355000002819,target_mean,3,PANIC_CRASH
SC_IDX,synthetic,2016-01-01 12:00:00,2016-01-01 12:15:00,SHORT,1,1179.5000000000002,1172.02,58.975000000000016,58.601000000000006,200.0,7480.000000000246,7362.4240000002455,target_mean,1,PANIC_CRASH
SC_IDX,synthetic,2016-01-01 15:30:00,2016-01-01 15:45:00,LONG,1,1139.2,1169.83,56.96,58.4915,200.0,30629.999999999884,30514.548499999884,target_mean,1,PANIC_CRASH
SC_IDX,synthetic,2016-01-01 20:00:00,2016-01-01 20:15:00,LONG,1,1150.7,1124.6714285714288,57.535000000000004,56.233571428571445,200.0,-26028.57142857124,-26142.33999999981,stop,1,PANIC_CRASH
SC_IDX,synthetic,2016-01-02 05:00:00,2016-01-02 06:00:00,LONG,1,1064.8999999999999,1066.4685714285713,53.24499999999999,53.32342857142857,200.0,1568.5714285714312,1462.0030000000027,stop,4,PANIC_CRASH
SC_IDX,synthetic,2016-01-02 15:15:00,2016-01-02 16:15:00,SHORT,1,1224.6000000000001,1209.9449999999997,61.23000000000001,60.497249999999994,200.0,14655.000000000427,14533.272750000428,target_mean,4,PANIC_CRASH
SC_IDX,synthetic,2016-01-03 02:15:00,2016-01-03 02:15:00,SHORT,1,1337.9,1364.3,66.89500000000001,68.215,200.0,-26399.99999999986,-26535.109999999862,stop,0,PANIC_CRASH
SC_IDX,synthetic,2016-01-03 15:30:00,2016-01-03 16:15:00,LONG,1,1231.3,1257.755,61.565000000000005,62.887750000000004,200.0,26455.000000000153,26330.547250000152,target_mean,3,PANIC_CRASH
SC_IDX,synthetic,2016-01-03 23:00:00,2016-01-03 23:45:00,SHORT,1,1324.4,1347.0714285714284,66.22,67.35357142857143,200.0,-22671.42857142835,-22805.002142856923,stop,3,PANIC_CRASH
SC_IDX,synthetic,2016-01-04 15:30:00,2016-01-04 15:45:00,LONG,1,1276.2,1276.0000000000002,63.81,63.80000000000001,200.0,-199.9999999998181,-327.6099999998181,stop,1,PANIC_CRASH
SC_IDX,synthetic,2016-01-04 20:00:00,2016-01-04 21:30:00,SHORT,1,1370.0000000000002,1340.9899999999998,68.50000000000001,67.0495,200.0,29010.000000000444,28874.450500000443,target_mean,6,PANIC_CRASH
SC_IDX,synthetic,2016-01-05 02:00:00,2016-01-05 02:30:00,LONG,1,1277.9,1313.8000000000002,63.895,65.69000000000001,200.0,35900.00000000009,35770.41500000009,target_mean,2,PANIC_CRASH
SC_IDX,synthetic,2016-01-05 10:30:00,2016-01-05 10:45:00,LONG,1,1236.7,1238.2757142857145,61.835,61.91378571428573,200.0,1575.7142857144117,1451.965500000126,stop,1,PANIC_CRASH
SC_IDX,synthetic,2016-01-05 23:45:00,2016-01-05 23:45:00,LONG,1,1226.8999999999999,1226.7,61.34499999999999,61.335,200.0,-199.9999999998181,-322.67999999981805,stop,0,PANIC_CRASH
SC_IDX,synthetic,2016-01-06 11:45:00,2016-01-06 12:00:00,SHORT,1,1288.7000000000003,1273.27,64.43500000000002,63.663500000000006,200.0,15430.000000000291,15301.901500000291,target_mean,1,PANIC_CRASH
SC_IDX,synthetic,2016-01-06 12:45:00,2016-01-06 13:00:00,SHORT,1,1300.0000000000002,1281.37,65.00000000000001,64.0685,200.0,18630.000000000335,18500.931500000333,target_mean,1,PANIC_CRASH
SC_IDX,synthetic,2016-01-06 18:00:00,2016-01-06 19:15:00,LONG,1,1234.8,1236.1971428571428,61.74,61.80985714285714,200.0,1397.1428571428532,1273.5929999999962,stop,5,PANIC_CRASH
SC_IDX,synthetic,2016-01-07 03:30:00,2016-01-07 04:00:00,SHORT,1,1375.6000000000001,1370.7571428571428,68.78000000000002,68.53785714285713,200.0,4842.857142857383,4705.539285714526,stop,2,PANIC_CRASH
SC_IDX,synthetic,2016-01-07 05:45:00,2016-01-07 06:45:00,SHORT,1,1388.1000000000001,1410.5571428571427,69.40500000000002,70.52785714285714,200.0,-22457.14285714257,-22597.075714285427,stop,4,PANIC_CRASH
SC_IDX,synthetic,2016-01-07 21:00:00,2016-01-07 21:15:00,SHORT,1,1444.5000000000002,1479.142857142857,72.22500000000001,73.95714285714286,200.0,-34642.85714285688,-34789.039285714025,stop,1,PANIC_CRASH
SC_IDX,synthetic,2016-01-08 05:30:00,2016-01-08 06:00:00,LONG,1,1429.9,1390.0285714285717,71.495,69.50142857142858,200.0,-39871.4285714284,-40012.42499999983,stop,2,PANIC_CRASH
SC_IDX,synthetic,2016-01-08 09:30:00,2016-01-08 11:45:00,LONG,1,1342.9,1313.4857142857145,67.14500000000001,65.67428571428573,200.0,-29414.285714285597,-29547.104999999883,stop,9,PANIC_CRASH
SC_IDX,synthetic,2016-01-08 12:15:00,2016-01-08 12:30:00,LONG,1,1313.2,1302.7000000000003,65.66,65.13500000000002,200.0,-10499.999999999773,-10630.794999999773,stop,1,PANIC_CRASH
SC_IDX,synthetic,2016-01-08 13:45:00,2016-01-08 13:45:00,LONG,1,1349.4,1349.2000000000003,67.47,67.46000000000001,200.0,-199.9999999998181,-334.92999999981816,target_mean,0,PANIC_CRASH
SC_IDX,synthetic,2016-01-08 21:00:00,2016-01-08 22:30:00,LONG,1,1298.3,1275.757142857143,64.915,63.78785714285715,200.0,-22542.857142856974,-22671.55999999983,stop,6,PANIC_CRASH
SC_IDX,synthetic,2016-01-09 00:15:00,2016-01-09 02:15:00,LONG,1,1233.5,1235.1564285714287,61.675000000000004,61.75782142857143,200.0,1656.4285714287053,1532.995750000134,stop,8,PANIC_CRASH
SC_IDX,synthetic,2016-01-09 14:45:00,2016-01-09 15:45:00,LONG,1,1150.0,1128.7285714285717,57.5,56.43642857142859,200.0,-21271.42857142826,-21385.36499999969,stop,4,PANIC_CRASH
SC_IDX,synthetic,2016-01-10 00:15:00,2016-01-10 01:30:00,LONG,1,1011.8000000000001,1011.6,50.59000000000001,50.580000000000005,200.0,-200.00000000004547,-301.1700000000455,stop,5,PANIC_CRASH
SC_IDX,synthetic,2016-01-10 01:45:00,2016-01-10 01:45:00,LONG,1,1018.8000000000001,1002.4571428571429,50.940000000000005,50.12285714285715,200.0,-16342.857142857156,-16443.920000000013,stop,0,PANIC_CRASH
SC_IDX,synthetic,2016-01-10 09:15:00,2016-01-10 10:00:00,SHORT,1,1052.0000000000002,1030.955,52.600000000000016,51.54774999999999,200.0,21045.0000000003,20940.8522500003,target_mean,3,PANIC_CRASH
SC_IDX,synthetic,2016-01-10 19:45:00,2016-01-10 19:45:00,LONG,1,993.4000000000001,999.89,49.67000000000001,49.9945,200.0,6489.999999999895,6390.335499999896,target_mean,0,PANIC_CRASH
SC_IDX,synthetic,2016-01-11 02:30:00,2016-01-11 02:30:00,LONG,1,994.1,1000.2950000000001,49.705000000000005,50.01475000000001,200.0,6195.00000000005,6095.28025000005,target_mean,0,PANIC_CRASH
SC_IDX,synthetic,2016-01-11 04:00:00,2016-01-11 04:30:00,SHORT,1,1016.4,1008.07,50.82,50.4035,200.0,8329.999999999927,8228.776499999927,target_mean,2,PANIC_CRASH
SC_IDX,synthetic,2016-01-11 22:30:00,2016-01-11 23:30:00,LONG,1,858.3000000000001,842.0,42.915000000000006,42.1,200.0,-16300.00000000007,-16385.01500000007,stop,4,PANIC_CRASH
SC_IDX,synthetic,2016-01-12 02:30:00,2016-01-12 03:15:00,LONG,1,805.7,786.7514285714286,40.285000000000004,39.33757142857144,200.0,-18948.571428571428,-19028.194,stop,3,PANIC_CRASH
SC_IDX,synthetic,2016-01-12 08:45:00,2016-01-12 11:00:00,LONG,1,724.0000000000001,724.6999999999999,36.20000000000001,36.235,200.0,699.9999999998181,627.564999999818,target_mean,9,PANIC_CRASH
SC_IDX,synthetic,2016-01-12 12:45:00,2016-01-12 13:00:00,LONG,1,690.7,690.9,34.535000000000004,34.545,200.0,199.9999999999318,130.9199999999318,stop,1,PANIC_CRASH
SC_IDX,synthetic,2016-01-12 15:00:00,2016-01-12 15:45:00,LONG,1,669.3000000000001,648.0142857142857,33.46500000000001,32.40071428571429,200.0,-21285.714285714334,-21351.58000000005,stop,3,PANIC_CRASH
SC_IDX,synthetic,2016-01-12 18:15:00,2016-01-12 19:00:00,LONG,1,628.6,609.4071428571428,31.430000000000003,30.470357142857143,200.0,-19192.857142857178,-19254.757500000036,stop,3,PANIC_CRASH
SC_IDX,synthetic,2016-01-12 22:15:00,2016-01-12 22:30:00,LONG,1,591.9000000000001,590.8,29.595000000000006,29.540000000000003,200.0,-1100.0000000001364,-1159.1350000001364,stop,1,PANIC_CRASH
SC_IDX,synthetic,2016-01-13 00:30:00,2016-01-13 00:30:00,LONG,1,574.8000000000001,574.6,28.740000000000006,28.73,200.0,-200.00000000004547,-257.4700000000455,stop,0,PANIC_CRASH
SC_IDX,synthetic,2016-01-13 06:00:00,2016-01-13 08:00:00,LONG,1,533.5,542.5600000000001,26.675,27.128000000000007,200.0,9060.000000000058,9006.197000000058,target_mean,8,PANIC_CRASH
SC_IDX,synthetic,2016-01-14 17:00:00,2016-01-14 17:30:00,LONG,1,535.3000000000001,557.2,26.765000000000008,27.860000000000003,200.0,21899.999999999978,21845.374999999978,target_mean,2,PANIC_CRASH
SC_IDX,synthetic,2016-01-14 20:45:00,2016-01-14 22:45:00,LONG,1,540.6,528.8771428571429,27.03,26.443857142857144,200.0,-11722.857142857152,-11776.33100000001,stop,8,PANIC_CRASH
SC_IDX,synthetic,2016-01-15 00:30:00,2016-01-15 01:00:00,LONG,1,526.3000000000001,526.8264285714287,26.31500000000001,26.341321428571433,200.0,526.4285714285961,473.77225000002466,stop,2,PANIC_CRASH
SC_IDX,synthetic,2016-01-15 02:00:00,2016-01-15 02:30:00,LONG,1,514.2,525.765,25.710000000000004,26.28825,200.0,11564.999999999942,11513.001749999943,target_mean,2,PANIC_CRASH
SC_IDX,synthetic,2016-01-15 03:00:00,2016-01-15 03:00:00,LONG,1,546.6,546.4,27.330000000000002,27.32,200.0,-200.00000000004547,-254.65000000004548,target_mean,0,PANIC_CRASH
SC_IDX,synthetic,2016-01-15 20:45:00,2016-01-15 21:15:00,SHORT,1,577.7,597.5,28.885,29.875,200.0,-19799.999999999956,-19858.759999999955,stop,2,PANIC_CRASH
SC_IDX,synthetic,2016-01-16 00:00:00,2016-01-16 02:15:00,SHORT,1,609.6,606.4050000000001,30.48,30.32025000000001,200.0,3194.9999999999363,3134.199749999936,target_mean,9,PANIC_CRASH
SC_IDX,synthetic,2016-01-16 04:00:00,2016-01-16 04:00:00,SHORT,1,632.7,612.255,31.635,30.612750000000002,200.0,20445.00000000005,20382.752250000052,target_mean,0,PANIC_CRASH
SC_IDX,synthetic,2016-01-16 05:15:00,2016-01-16 05:30:00,SHORT,1,631.0,620.79,31.55,31.0395,200.0,10210.000000000036,10147.410500000036,target_mean,1,PANIC_CRASH
SC_IDX,synthetic,2016-01-16 10:00:00,2016-01-16 12:00:00,LONG,1,608.0,593.0142857142857,30.400000000000002,29.650714285714287,200.0,-14985.714285714266,-15045.76499999998,stop,8,PANIC_CRASH
SC_IDX,synthetic,2016-01-16 14:00:00,2016-01-16 14:30:00,LONG,1,584.8000000000001,576.2428571428571,29.240000000000006,28.81214285714286,200.0,-8557.142857142935,-8615.195000000078,stop,2,PANIC_CRASH
SC_IDX,synthetic,2016-01-16 15:15:00,2016-01-16 16:45:00,LONG,1,570.9000000000001,584.365,28.54500000000001,29.21825,200.0,13464.999999999918,13407.236749999918,target_mean,6,PANIC_CRASH
SC_IDX,synthetic,2016-01-16 19:15:00,2016-01-16 19:30:00,SHORT,1,599.6,608.0142857142857,29.98,30.400714285714287,200.0,-8414.28571428571,-8474.666428571423,stop,1,PANIC_CRASH
SC_IDX,synthetic,2016-01-17 03:00:00,2016-01-17 03:00:00,LONG,1,544.4000000000001,544.2,27.220000000000006,27.21,200.0,-200.00000000004547,-254.43000000004548,stop,0,PANIC_CRASH
SC_IDX,synthetic,2016-01-17 11:45:00,2016-01-17 12:30:00,SHORT,1,595.4,608.8428571428572,29.770000000000003,30.44214285714286,200.0,-13442.857142857178,-13503.06928571432,stop,3,PANIC_CRASH
SC_IDX,synthetic,2016-01-17 13:00:00,2016-01-17 13:00:00,SHORT,1,600.1,600.3000000000001,30.005000000000003,30.015000000000008,200.0,-200.00000000004547,-260.02000000004546,stop,0,PANIC_CRASH
SC_IDX,synthetic,2016-01-17 16:45:00,2016-01-17 17:15:00,SHORT,1,643.4,642.3242857142857,32.17,32.116214285714285,200.0,1075.714285714298,1011.4280714285837,stop,2,PANIC_CRASH
SC_IDX,synthetic,2016-01-17 19:15:00,2016-01-17 19:45:00,SHORT,1,647.5,626.5550000000001,32.375,31.32775000000001,200.0,20944.999999999935,20881.297249999934,target_mean,2,PANIC_CRASH
SC_IDX,synthetic,2016-01-18 05:15:00,2016-01-18 05:15:00,LONG,1,600.7,600.5,30.035,30.025000000000002,200.0,-200.00000000004547,-260.0600000000455,stop,0,PANIC_CRASH
SC_IDX,synthetic,2016-01-18 17:15:00,2016-01-18 18:15:00,LONG,1,616.3000000000001,618.5600000000001,30.81500000000001,30.928000000000008,200.0,2259.999999999991,2198.256999999991,target_mean,4,PANIC_CRASH
SC_IDX,synthetic,2016-01-18 21:45:00,2016-01-18 22:00:00,LONG,1,600.7,598.4,30.035,29.92,200.0,-2300.000000000068,-2359.955000000068,stop,1,PANIC_CRASH
SC_IDX,synthetic,2016-01-18 23:00:00,2016-01-19 00:00:00,LONG,1,590.6,591.1235714285714,29.53,29.55617857142857,200.0,523.5714285713584,464.48524999992986,stop,4,PANIC_CRASH
SC_IDX,synthetic,2016-01-19 02:00:00,2016-01-19 03:00:00,LONG,1,575.3000000000001,575.9678571428572,28.765000000000008,28.798392857142858,200.0,667.8571428570876,610.2937499999448,stop,4,PANIC_CRASH
SC_IDX,synthetic,2016-01-19 07:00:00,2016-01-19 08:00:00,LONG,1,562.2,562.7635714285715,28.110000000000003,28.138178571428575,200.0,563.5714285714357,507.32325000000714,stop,4,PANIC_CRASH
SC_IDX,synthetic,2016-01-19 08:45:00,2016-01-19 09:30:00,LONG,1,551.7,537.0714285714286,27.585,26.853571428571428,200.0,-14628.57142857149,-14683.01000000006,stop,3,PANIC_CRASH
SC_IDX,synthetic,2016-01-19 10:15:00,2016-01-19 12:00:00,LONG,1,541.5,542.0378571428571,27.075000000000003,27.101892857142854,200.0,537.8571428570922,483.68024999994935,stop,7,PANIC_CRASH
SC_IDX,synthetic,2016-01-19 13:00:00,2016-01-19 13:30:00,LONG,1,534.0,526.1571428571427,26.700000000000003,26.307857142857138,200.0,-7842.8571428572695,-7895.865000000126,stop,2,PANIC_CRASH
SC_IDX,synthetic,2016-01-20 01:45:00,2016-01-20 02:45:00,LONG,1,515.8000000000001,510.1,25.790000000000003,25.505000000000003,200.0,-5700.0000000000455,-5751.295000000046,stop,4,PANIC_CRASH
SC_IDX,synthetic,2016-01-20 14:30:00,2016-01-20 14:30:00,LONG,1,531.3000000000001,531.1,26.56500000000001,26.555,200.0,-200.00000000004547,-253.12000000004548,stop,0,PANIC_CRASH
SC_IDX,synthetic,2016-01-20 15:30:00,2016-01-20 16:00:00,LONG,1,522.0,510.59999999999997,26.1,25.529999999999998,200.0,-11400.000000000035,-11451.630000000036,stop,2,PANIC_CRASH
SC_IDX,synthetic,2016-01-20 21:45:00,2016-01-20 22:00:00,SHORT,1,539.2,547.3714285714287,26.96,27.36857142857144,200.0,-8171.428571428692,-8225.757142857263,stop,1,PANIC_CRASH
SC_IDX,synthetic,2016-01-21 07:45:00,2016-01-21 08:15:00,LONG,1,510.80000000000007,519.675,25.540000000000003,25.983749999999997,200.0,8874.999999999887,8823.476249999887,target_mean,2,PANIC_CRASH
SC_IDX,synthetic,2016-01-21 13:15:00,2016-01-21 14:00:00,SHORT,1,543.1,542.4835714285715,27.155,27.124178571428576,200.0,616.4285714285143,562.1493928570857,stop,3,PANIC_CRASH
SC_IDX,synthetic,2016-01-21 19:15:00,2016-01-21 20:15:00,SHORT,1,566.6,580.657142857143,28.330000000000002,29.03285714285715,200.0,-14057.142857142935,-14114.505714285791,stop,4,PANIC_CRASH
SC_IDX,synthetic,2016-01-22 19:00:00,2016-01-22 20:30:00,LONG,1,508.6,497.0999999999999,25.43,24.854999999999997,200.0,-11500.000000000113,-11550.285000000113,stop,6,PANIC_CRASH
SC_IDX,synthetic,2016-01-23 04:15:00,2016-01-23 04:30:00,LONG,1,480.80000000000007,472.7571428571428,24.040000000000003,23.63785714285714,200.0,-8042.857142857258,-8090.535000000114,stop,1,PANIC_CRASH
SC_IDX,synthetic,2016-01-23 13:00:00,2016-01-23 13:00:00,LONG,1,478.90000000000003,482.555,23.945000000000004,24.127750000000002,200.0,3654.9999999999727,3606.9272499999724,target_mean,0,PANIC_CRASH
SC_IDX,synthetic,2016-01-23 15:45:00,2016-01-23 17:30:00,LONG,1,461.00000000000006,453.65714285714284,23.050000000000004,22.68285714285714,200.0,-7342.857142857212,-7388.590000000069,stop,7,PANIC_CRASH
SC_IDX,synthetic,2016-01-23 22:30:00,2016-01-23 23:30:00,LONG,1,442.20000000000005,452.485,22.110000000000003,22.62425,200.0,10284.999999999967,10240.265749999966,target_mean,4,PANIC_CRASH
SC_IDX,synthetic,2016-01-24 04:30:00,2016-01-24 05:15:00,LONG,1,435.50000000000006,427.8857142857143,21.775000000000006,21.39428571428572,200.0,-7614.2857142857565,-7657.455000000042,stop,3,PANIC_CRASH
SC_IDX,synthetic,2016-01-24 12:15:00,2016-01-24 12:30:00,LONG,1,395.6,396.12857142857143,19.78,19.806428571428572,200.0,528.5714285714107,488.98499999998216,stop,1,PANIC_CRASH
SC_IDX,synthetic,2016-01-24 20:00:00,2016-01-24 20:15:00,SHORT,1,432.0,424.11000000000007,21.6,21.205500000000004,200.0,7889.999999999929,7847.194499999929,target_mean,1,PANIC_CRASH
SC_IDX,synthetic,2016-01-25 01:15:00,2016-01-25 02:30:00,SHORT,1,439.4,431.61500000000007,21.970000000000002,21.580750000000005,200.0,7784.999999999911,7741.4492499999105,target_mean,5,PANIC_CRASH
SC_IDX,synthetic,2016-01-25 11:00:00,2016-01-25 11:30:00,LONG,1,390.30000000000007,389.2,19.515000000000004,19.46,200.0,-1100.0000000000796,-1138.9750000000797,stop,2,PANIC_CRASH
SC_IDX,synthetic,2016-01-25 13:00:00,2016-01-25 13:30:00,LONG,1,389.6,394.59999999999997,19.48,19.729999999999997,200.0,4999.999999999944,4960.7899999999445,target_mean,2,PANIC_CRASH
SC_IDX,synthetic,2016-01-25 15:15:00,2016-01-25 16:15:00,LONG,1,378.50000000000006,370.12,18.925000000000004,18.506,200.0,-8380.000000000053,-8417.431000000051,stop,4,PANIC_CRASH
SC_IDX,synthetic,2016-01-25 23:15:00,2016-01-26 00:30:00,LONG,1,368.40000000000003,363.01428571428573,18.420000000000005,18.150714285714287,200.0,-5385.714285714301,-5422.285000000015,stop,5,PANIC_CRASH
SC_IDX,synthetic,2016-01-26 01:00:00,2016-01-26 01:15:00,LONG,1,364.6,370.24,18.23,18.512,200.0,5639.999999999986,5603.257999999987,target_mean,1,PANIC_CRASH
SC_IDX,synthetic,2016-01-26 02:45:00,2016-01-26 04:00:00,LONG,1,353.80000000000007,361.82,17.690000000000005,18.091,200.0,8019.999999999925,7984.2189999999255,target_mean,5,PANIC_CRASH
SC_IDX,synthetic,2016-01-26 13:00:00,2016-01-26 13:45:00,LONG,1,339.1,344.22499999999997,16.955000000000002,17.211249999999996,200.0,5124.999999999944,5090.833749999943,target_mean,3,PANIC_CRASH
SC_IDX,synthetic,2016-01-26 15:15:00,2016-01-26 15:15:00,SHORT,1,351.8,358.4285714285715,17.59,17.921428571428574,200.0,-6628.57142857149,-6664.082857142919,stop,0,PANIC_CRASH
SC_IDX,synthetic,2016-01-27 05:15:00,2016-01-27 06:00:00,SHORT,1,374.6,379.9428571428571,18.73,18.997142857142855,200.0,-5342.8571428570995,-5380.584285714242,stop,3,PANIC_CRASH
SC_IDX,synthetic,2016-01-27 06:30:00,2016-01-27 07:15:00,SHORT,1,382.3,388.91428571428577,19.115000000000002,19.44571428571429,200.0,-6614.2857142857565,-6652.846428571471,stop,3,PANIC_CRASH
SC_IDX,synthetic,2016-01-27 19:30:00,2016-01-27 19:30:00,SHORT,1,387.0,385.21000000000004,19.35,19.260500000000004,200.0,1789.9999999999636,1751.3894999999636,target_mean,0,PANIC_CRASH
SC_IDX,synthetic,2016-01-27 21:45:00,2016-01-27 21:45:00,LONG,1,380.50000000000006,384.71000000000004,19.025000000000002,19.235500000000005,200.0,4209.99999999998,4171.739499999981,target_mean,0,PANIC_CRASH
SC_IDX,synthetic,2016-01-27 23:15:00,2016-01-27 23:45:00,SHORT,1,391.3,386.79,19.565,19.3395,200.0,4509.999999999991,4471.095499999991,target_mean,2,PANIC_CRASH
SC_IDX,synthetic,2016-01-28 00:15:00,2016-01-28 00:15:00,SHORT,1,376.2,376.40000000000003,18.810000000000002,18.820000000000004,200.0,-200.00000000004547,-237.63000000004547,target_mean,0,PANIC_CRASH
SC_IDX,synthetic,2016-01-28 01:15:00,2016-01-28 01:30:00,LONG,1,382.20000000000005,383.815,19.110000000000003,19.19075,200.0,1614.9999999999523,1576.6992499999524,target_mean,1,PANIC_CRASH
SC_IDX,synthetic,2016-01-28 09:15:00,2016-01-28 10:00:00,SHORT,1,386.8,381.02500000000003,19.34,19.051250000000003,200.0,5774.999999999977,5736.608749999977,target_mean,3,PANIC_CRASH
SC_IDX,synthetic,2016-01-28 20:30:00,2016-01-28 21:00:00,LONG,1,373.30000000000007,366.47142857142853,18.665000000000003,18.323571428571427,200.0,-6828.571428571536,-6865.560000000107,stop,2,PANIC_CRASH
SC_IDX,synthetic,2016-01-29 15:30:00,2016-01-29 15:45:00,LONG,1,352.40000000000003,353.79999999999995,17.620000000000005,17.689999999999998,200.0,1399.9999999999204,1364.6899999999205,stop,1,PANIC_CRASH
SC_IDX,synthetic,2016-01-30 00:00:00,2016-01-30 00:45:00,SHORT,1,366.0,373.38571428571436,18.3,18.66928571428572,200.0,-7385.714285714357,-7422.6835714286435,stop,3,PANIC_CRASH
SC_IDX,synthetic,2016-01-30 01:30:00,2016-01-30 02:00:00,SHORT,1,374.9,374.46214285714285,18.745,18.723107142857142,200.0,437.8571428571263,400.38903571426914,stop,2,PANIC_CRASH
SC_IDX,synthetic,2016-01-30 07:45:00,2016-01-30 07:45:00,SHORT,1,375.0,370.78000000000003,18.75,18.539000000000005,200.0,4219.999999999971,4182.710999999971,target_mean,0,PANIC_CRASH
SC_IDX,synthetic,2016-01-30 17:45:00,2016-01-30 19:30:00,LONG,1,343.70000000000005,350.70000000000005,17.185000000000002,17.535000000000004,200.0,7000.0,6965.28,target_mean,7,PANIC_CRASH
SC_IDX,synthetic,2016-01-30 22:00:00,2016-01-31 01:30:00,LONG,1,311.40000000000003,305.3,15.570000000000004,15.265,200.0,-6100.000000000023,-6130.835000000023,time_stop,14,PANIC_CRASH
SC_IDX,synthetic,2016-01-31 04:45:00,2016-01-31 05:00:00,LONG,1,302.1,295.96999999999997,15.105,14.798499999999997,200.0,-6130.000000000053,-6159.903500000052,stop,1,PANIC_CRASH
SC_IDX,synthetic,2016-01-31 06:00:00,2016-01-31 06:00:00,LONG,1,291.90000000000003,285.61571428571426,14.595000000000004,14.280785714285713,200.0,-6284.285714285772,-6313.161500000058,stop,0,PANIC_CRASH
SC_IDX,synthetic,2016-01-31 12:00:00,2016-01-31 12:15:00,LONG,1,289.8,284.0857142857143,14.49,14.204285714285714,200.0,-5714.285714285723,-5742.980000000009,stop,1,PANIC_CRASH
SC_IDX,synthetic,2016-01-31 13:00:00,2016-01-31 13:00:00,LONG,1,280.3,280.09999999999997,14.015,14.004999999999997,200.0,-200.00000000004547,-228.02000000004546,stop,0,PANIC_CRASH
SC_IDX,synthetic,2016-01-31 14:00:00,2016-01-31 15:15:00,LONG,1,275.90000000000003,283.375,13.795000000000003,14.168750000000001,200.0,7474.999999999965,7447.036249999966,target_mean,5,PANIC_CRASH
SC_IDX,synthetic,2016-01-31 21:00:00,2016-01-31 23:00:00,LONG,1,274.00000000000006,278.29499999999996,13.700000000000003,13.914749999999998,200.0,4294.999999999902,4267.385249999902,target_mean,8,PANIC_CRASH
SC_IDX,synthetic,2016-02-01 08:45:00,2016-02-01 10:45:00,LONG,1,274.50000000000006,274.82000000000005,13.725000000000003,13.741000000000003,200.0,319.9999999999932,292.53399999999317,stop,8,PANIC_CRASH
SC_IDX,synthetic,2016-02-01 12:00:00,2016-02-01 12:30:00,SHORT,1,293.59999999999997,293.32642857142855,14.679999999999998,14.666321428571427,200.0,273.57142857141525,244.22510714284383,stop,2,PANIC_CRASH
SC_IDX,synthetic,2016-02-02 02:30:00,2016-02-02 02:30:00,SHORT,1,323.7,323.90000000000003,16.185000000000002,16.195000000000004,200.0,-200.00000000004547,-232.38000000004547,stop,0,PANIC_CRASH
SC_IDX,synthetic,2016-02-02 17:00:00,2016-02-02 18:45:00,SHORT,1,292.3,288.915,14.615,14.44575,200.0,3384.999999999991,3355.9392499999913,target_mean,7,PANIC_CRASH
SC_IDX,synthetic,2016-02-03 06:15:00,2016-02-03 07:45:00,LONG,1,269.20000000000005,273.61999999999995,13.460000000000004,13.680999999999997,200.0,4419.999999999902,4392.858999999902,target_mean,6,PANIC_CRASH
SC_IDX,synthetic,2016-02-03 19:45:00,2016-02-03 20:30:00,SHORT,1,279.8,286.0,13.99,14.3,200.0,-6199.999999999989,-6228.289999999989,stop,3,PANIC_CRASH
SC_IDX,synthetic,2016-02-03 21:00:00,2016-02-03 21:45:00,SHORT,1,285.9,279.20000000000005,14.295,13.960000000000004,200.0,6699.999999999932,6671.744999999932,target_mean,3,PANIC_CRASH
SC_IDX,synthetic,2016-02-04 02:45:00,2016-02-04 03:00:00,SHORT,1,300.5,300.70000000000005,15.025,15.035000000000004,200.0,-200.00000000004547,-230.06000000004548,stop,1,PANIC_CRASH
SC_IDX,synthetic,2016-02-04 08:15:00,2016-02-04 09:15:00,SHORT,1,304.8,304.50428571428574,15.24,15.225214285714287,200.0,295.7142857142685,265.2490714285542,stop,4,PANIC_CRASH
SC_IDX,synthetic,2016-02-04 10:00:00,2016-02-04 10:30:00,SHORT,1,315.4,315.30000000000007,15.770000000000001,15.765000000000004,200.0,99.99999999990905,68.46499999990905,stop,2,PANIC_CRASH
SC_IDX,synthetic,2016-02-04 16:00:00,2016-02-04 16:45:00,LONG,1,301.8,308.9,15.09,15.445,200.0,7099.999999999965,7069.464999999966,target_mean,3,PANIC_CRASH
SC_IDX,synthetic,2016-02-05 00:00:00,2016-02-05 02:15:00,LONG,1,304.1,298.7142857142857,15.205,14.935714285714287,200.0,-5385.714285714301,-5415.855000000015,stop,9,PANIC_CRASH
SC_IDX,synthetic,2016-02-05 03:15:00,2016-02-05 04:30:00,LONG,1,296.1,300.05499999999995,14.805000000000001,15.002749999999997,200.0,3954.9999999999272,3925.1922499999273,target_mean,5,PANIC_CRASH
SC_IDX,synthetic,2016-02-05 09:30:00,2016-02-05 10:15:00,SHORT,1,309.0,308.64500000000004,15.450000000000001,15.432250000000003,200.0,354.99999999996135,324.11774999996135,stop,3,PANIC_CRASH
SC_IDX,synthetic,2016-02-05 12:15:00,2016-02-05 13:15:00,SHORT,1,317.4,317.01928571428573,15.870000000000001,15.850964285714287,200.0,380.71428571424804,348.99332142853376,stop,4,PANIC_CRASH
SC_IDX,synthetic,2016-02-05 22:15:00,2016-02-05 23:30:00,LONG,1,300.90000000000003,306.07,15.045000000000003,15.303500000000001,200.0,5169.999999999959,5139.651499999959,target_mean,5,PANIC_CRASH
SC_IDX,synthetic,2016-02-06 09:15:00,2016-02-06 09:15:00,SHORT,1,306.9,305.76500000000004,15.345,15.288250000000003,200.0,1134.999999999934,1104.366749999934,target_mean,0,PANIC_CRASH
SC_IDX,synthetic,2016-02-06 11:45:00,2016-02-06 12:30:00,SHORT,1,314.5,321.9428571428572,15.725000000000001,16.09714285714286,200.0,-7442.857142857179,-7474.679285714322,stop,3,PANIC_CRASH
SC_IDX,synthetic,2016-02-06 13:00:00,2016-02-06 13:15:00,SHORT,1,320.9,320.90000000000003,16.045,16.045000000000005,200.0,-5.6843418860808015e-11,-32.09000000005685,stop,1,PANIC_CRASH
SC_IDX,synthetic,2016-02-06 20:00:00,2016-02-06 21:15:00,LONG,1,302.3,294.6528571428571,15.115,14.732642857142856,200.0,-7647.14285714291,-7676.990500000053,stop,5,PANIC_CRASH
SC_IDX,synthetic,2016-02-07 08:00:00,2016-02-07 09:00:00,LONG,1,253.8,257.26,12.690000000000001,12.863000000000001,200.0,3459.9999999999795,3434.4469999999797,target_mean,4,PANIC_CRASH
SC_IDX,synthetic,2016-02-07 14:45:00,2016-02-07 16:00:00,SHORT,1,278.0,277.60857142857145,13.9,13.880428571428574,200.0,391.42857142854837,363.6481428571198,stop,5,PANIC_CRASH
SC_IDX,synthetic,2016-02-07 20:00:00,2016-02-07 22:15:00,SHORT,1,290.8,296.67142857142863,14.540000000000001,14.833571428571432,200.0,-5871.428571428623,-5900.802142857195,stop,9,PANIC_CRASH
SC_IDX,synthetic,2016-02-07 23:00:00,2016-02-07 23:00:00,SHORT,1,293.2,291.0450000000001,14.66,14.552250000000004,200.0,2154.999999999916,2125.787749999916,target_mean,0,PANIC_CRASH
SC_IDX,synthetic,2016-02-08 05:45:00,2016-02-08 07:00:00,SHORT,1,304.0,303.8,15.200000000000001,15.190000000000001,200.0,199.99999999998863,169.60999999998864,stop,5,PANIC_CRASH
SC_IDX,synthetic,2016-02-08 13:00:00,2016-02-08 14:15:00,LONG,1,277.1,287.76,13.855,14.388,200.0,10659.999999999967,10631.756999999967,target_mean,5,PANIC_CRASH
SC_IDX,synthetic,2016-02-08 19:30:00,2016-02-08 20:00:00,LONG,1,274.3,274.09999999999997,13.715,13.704999999999998,200.0,-200.00000000004547,-227.4200000000455,stop,2,PANIC_CRASH
SC_IDX,synthetic,2016-02-08 22:00:00,2016-02-08 22:30:00,LONG,1,269.90000000000003,275.98,13.495000000000003,13.799000000000001,200.0,6079.999999999984,6052.705999999984,target_mean,2,PANIC_CRASH
SC_IDX,synthetic,2016-02-09 02:30:00,2016-02-09 02:45:00,LONG,1,250.8,243.85714285714286,12.540000000000001,12.192857142857145,200.0,-6942.85714285715,-6967.590000000007,stop,1,PANIC_CRASH
SC_IDX,synthetic,2016-02-09 03:30:00,2016-02-09 04:30:00,LONG,1,252.0,252.42000000000004,12.600000000000001,12.621000000000004,200.0,420.00000000004434,394.77900000004433,target_mean,4,PANIC_CRASH
SC_IDX,synthetic,2016-02-09 08:45:00,2016-02-09 09:00:00,LONG,1,247.3,241.32857142857145,12.365,12.066428571428572,200.0,-5971.428571428561,-5995.859999999989,stop,1,PANIC_CRASH
SC_IDX,synthetic,2016-02-09 09:45:00,2016-02-09 09:45:00,LONG,1,241.8,241.60000000000002,12.09,12.080000000000002,200.0,-199.99999999998863,-224.16999999998865,stop,0,PANIC_CRASH
SC_IDX,synthetic,2016-02-09 13:15:00,2016-02-09 15:00:00,LONG,1,239.1,240.48000000000002,11.955,12.024000000000003,200.0,1380.0000000000239,1356.0210000000238,target_mean,7,PANIC_CRASH
SC_IDX,synthetic,2016-02-09 16:45:00,2016-02-09 17:00:00,LONG,1,228.1,228.37142857142857,11.405000000000001,11.418571428571429,200.0,271.42857142857224,248.60500000000084,stop,1,PANIC_CRASH
SC_IDX,synthetic,2016-02-10 00:30:00,2016-02-10 02:15:00,LONG,1,217.70000000000002,213.02857142857144,10.885000000000002,10.651428571428573,200.0,-4671.428571428578,-4692.9650000000065,stop,7,PANIC_CRASH
SC_IDX,synthetic,2016-02-10 02:45:00,2016-02-10 02:45:00,LONG,1,215.1,210.65428571428572,10.755,10.532714285714286,200.0,-4445.714285714274,-4467.001999999989,stop,0,PANIC_CRASH
SC_IDX,synthetic,2016-02-10 08:00:00,2016-02-10 09:45:00,LONG,1,211.70000000000002,218.585,10.585000000000003,10.92925,200.0,6884.999999999991,6863.485749999991,target_mean,7,PANIC_CRASH
SC_IDX,synthetic,2016-02-10 23:15:00,2016-02-10 23:45:00,LONG,1,203.1,207.35,10.155000000000001,10.3675,200.0,4250.0,4229.4775,target_mean,2,PANIC_CRASH
SC_IDX,synthetic,2016-02-11 01:45:00,2016-02-11 02:15:00,LONG,1,203.1,200.01428571428573,10.155000000000001,10.000714285714288,200.0,-3085.7142857142608,-3105.8699999999753,stop,2,PANIC_CRASH
SC_IDX,synthetic,2016-02-11 12:15:00,2016-02-11 12:45:00,SHORT,1,212.4,217.58571428571426,10.620000000000001,10.879285714285713,200.0,-5185.714285714255,-5207.2135714285405,stop,2,PANIC_CRASH
SC_IDX,synthetic,2016-02-12 11:00:00,2016-02-12 11:45:00,SHORT,1,211.20000000000002,214.82857142857142,10.560000000000002,10.741428571428571,200.0,-3628.571428571405,-3649.8728571428333,stop,3,PANIC_CRASH
SC_IDX,synthetic,2016-02-12 14:15:00,2016-02-12 15:15:00,SHORT,1,217.10000000000002,214.3,10.855000000000002,10.715,200.0,2800.0000000000114,2778.430000000011,target_mean,4,PANIC_CRASH
SC_IDX,synthetic,2016-02-12 19:45:00,2016-02-12 20:15:00,SHORT,1,221.20000000000002,223.81428571428572,11.060000000000002,11.190714285714286,200.0,-2614.2857142856997,-2636.536428571414,stop,2,PANIC_CRASH
SC_IDX,synthetic,2016-02-12 20:45:00,2016-02-12 21:00:00,SHORT,1,220.8,219.54999999999998,11.040000000000001,10.9775,200.0,1250.0000000000284,1227.9825000000285,target_mean,1,PANIC_CRASH
SC_IDX,synthetic,2016-02-12 23:00:00,2016-02-12 23:45:00,LONG,1,211.20000000000002,211.46357142857144,10.560000000000002,10.573178571428572,200.0,263.57142857142435,242.43824999999578,stop,3,PANIC_CRASH
SC_IDX,synthetic,2016-02-13 16:15:00,2016-02-13 16:15:00,SHORT,1,219.9,219.47000000000003,10.995000000000001,10.973500000000001,200.0,429.9999999999784,408.0314999999784,target_mean,0,PANIC_CRASH
SC_IDX,synthetic,2016-02-13 18:15:00,2016-02-13 19:15:00,SHORT,1,236.20000000000002,241.58571428571426,11.810000000000002,12.079285714285714,200.0,-5385.7142857142435,-5409.60357142853,stop,4,PANIC_CRASH
SC_IDX,synthetic,2016-02-13 22:15:00,2016-02-13 22:30:00,SHORT,1,252.50000000000003,259.41428571428577,12.625000000000002,12.970714285714289,200.0,-6914.285714285739,-6939.881428571453,stop,1,PANIC_CRASH
SC_IDX,synthetic,2016-02-14 00:45:00,2016-02-14 01:00:00,SHORT,1,260.2,255.2,13.01,12.76,200.0,5000.0,4974.23,target_mean,1,PANIC_CRASH
SC_IDX,synthetic,2016-02-14 15:00:00,2016-02-14 15:15:00,LONG,1,233.4,228.07142857142858,11.67,11.40357142857143,200.0,-5328.571428571422,-5351.644999999993,stop,1,PANIC_CRASH
SC_IDX,synthetic,2016-02-14 21:00:00,2016-02-14 21:00:00,LONG,1,234.6,238.06000000000003,11.73,11.903000000000002,200.0,3460.0000000000364,3436.3670000000366,target_mean,0,PANIC_CRASH
SC_IDX,synthetic,2016-02-14 23:15:00,2016-02-14 23:30:00,LONG,1,236.1,237.0,11.805,11.850000000000001,200.0,900.0000000000057,876.3450000000057,target_mean,1,PANIC_CRASH
SC_IDX,synthetic,2016-02-15 04:15:00,2016-02-15 05:15:00,LONG,1,220.70000000000002,214.63428571428574,11.035000000000002,10.731714285714288,200.0,-6065.714285714279,-6087.480999999993,stop,4,PANIC_CRASH
SC_IDX,synthetic,2016-02-15 05:45:00,2016-02-15 08:00:00,LONG,1,214.1,216.34500000000003,10.705,10.817250000000001,200.0,2245.0000000000327,2223.4777500000328,target_mean,9,PANIC_CRASH
SC_IDX,synthetic,2016-02-15 10:15:00,2016-02-15 11:30:00,LONG,1,205.5,203.10000000000002,10.275,10.155000000000001,200.0,-2399.9999999999773,-2420.4299999999776,stop,5,PANIC_CRASH
SC_IDX,synthetic,2016-02-15 17:00:00,2016-02-15 17:45:00,SHORT,1,229.10000000000002,228.80928571428572,11.455000000000002,11.440464285714286,200.0,290.71428571430147,267.81882142858717,stop,3,PANIC_CRASH
SC_IDX,synthetic,2016-02-15 18:30:00,2016-02-15 19:30:00,SHORT,1,231.10000000000002,233.70000000000002,11.555000000000001,11.685000000000002,200.0,-2599.9999999999945,-2623.2399999999943,stop,4,PANIC_CRASH
SC_IDX,synthetic,2016-02-15 20:00:00,2016-02-15 20:15:00,SHORT,1,230.50000000000003,226.66000000000003,11.525000000000002,11.333000000000002,200.0,3840.0000000000036,3817.1420000000035,target_mean,1,PANIC_CRASH
SC_IDX,synthetic,2016-02-16 03:45:00,2016-02-16 04:00:00,LONG,1,205.3,205.8,10.265,10.290000000000001,200.0,500.0,479.445,target_mean,1,PANIC_CRASH
SC_IDX,synthetic,2016-02-16 07:30:00,2016-02-16 09:45:00,SHORT,1,214.3,209.89000000000001,10.715,10.494500000000002,200.0,4409.999999999996,4388.790499999996,target_mean,9,PANIC_CRASH
SC_IDX,synthetic,2016-02-16 14:30:00,2016-02-16 14:45:00,SHORT,1,217.10000000000002,213.34500000000003,10.855000000000002,10.667250000000003,200.0,3754.9999999999955,3733.4777499999955,target_mean,1,PANIC_CRASH
SC_IDX,synthetic,2016-02-16 17:45:00,2016-02-16 18:00:00,LONG,1,207.9,207.8,10.395000000000001,10.39,200.0,-99.99999999999432,-120.78499999999431,stop,1,PANIC_CRASH
SC_IDX,synthetic,2016-02-16 23:30:00,2016-02-17 00:45:00,SHORT,1,211.3,217.4,10.565000000000001,10.870000000000001,200.0,-6099.9999999999945,-6121.434999999994,stop,5,PANIC_CRASH
SC_IDX,synthetic,2016-02-17 03:15:00,2016-02-17 03:15:00,SHORT,1,219.4,219.6,10.97,10.98,200.0,-199.99999999998863,-221.94999999998862,stop,0,PANIC_CRASH
SC_IDX,synthetic,2016-02-17 20:00:00,2016-02-17 20:45:00,LONG,1,203.1,207.1,10.155000000000001,10.355,200.0,4000.0,3979.49,target_mean,3,PANIC_CRASH
SC_IDX,synthetic,2016-02-18 03:30:00,2016-02-18 04:30:00,SHORT,1,211.70000000000002,224.5,10.585000000000003,11.225000000000001,200.0,-12799.999999999984,-12821.809999999983,stop,4,PANIC_CRASH
SC_IDX,synthetic,2016-02-18 07:15:00,2016-02-18 07:30:00,SHORT,1,223.9,229.67,11.195,11.483500000000001,200.0,-5769.999999999982,-5792.678499999982,stop,1,PANIC_CRASH
SC_IDX,synthetic,2016-02-18 08:45:00,2016-02-18 11:00:00,SHORT,1,233.70000000000002,237.1142857142857,11.685000000000002,11.855714285714287,200.0,-3414.285714285683,-3437.826428571397,stop,9,PANIC_CRASH
SC_IDX,synthetic,2016-02-18 16:30:00,2016-02-18 19:15:00,LONG,1,220.8,215.45714285714288,11.040000000000001,10.772857142857143,200.0,-5342.857142857128,-5364.669999999985,stop,11,PANIC_CRASH
SC_IDX,synthetic,2016-02-18 20:00:00,2016-02-18 21:00:00,LONG,1,212.6,217.25500000000002,10.63,10.862750000000002,200.0,4655.000000000029,4633.507250000029,target_mean,4,PANIC_CRASH
SC_IDX,synthetic,2016-02-19 04:30:00,2016-02-19 05:00:00,SHORT,1,226.10000000000002,226.1,11.305000000000001,11.305,200.0,2.8421709430404007e-11,-22.609999999971578,stop,2,PANIC_CRASH
SC_IDX,synthetic,2016-02-19 05:45:00,2016-02-19 07:00:00,SHORT,1,228.20000000000002,224.48500000000004,11.410000000000002,11.224250000000001,200.0,3714.999999999975,3692.365749999975,target_mean,5,PANIC_CRASH
SC_IDX,synthetic,2016-02-19 16:30:00,2016-02-19 16:45:00,SHORT,1,230.3,226.155,11.515,11.30775,200.0,4145.00000000001,4122.17725000001,target_mean,1,PANIC_CRASH
SC_IDX,synthetic,2016-02-19 18:30:00,2016-02-19 19:00:00,SHORT,1,231.4,231.14714285714285,11.57,11.557357142857143,200.0,252.85714285715244,229.7297857142953,stop,2,PANIC_CRASH
SC_IDX,synthetic,2016-02-19 23:45:00,2016-02-20 02:00:00,LONG,1,204.0,203.78500000000003,10.200000000000001,10.189250000000001,200.0,-214.999999999975,-235.389249999975,target_mean,9,PANIC_CRASH
SC_IDX,synthetic,2016-02-20 05:15:00,2016-02-20 08:15:00,SHORT,1,207.8,211.97142857142856,10.39,10.598571428571429,200.0,-4171.42857142855,-4192.417142857122,stop,12,PANIC_CRASH
SC_IDX,synthetic,2016-02-20 09:00:00,2016-02-20 09:45:00,SHORT,1,211.20000000000002,209.58,10.560000000000002,10.479000000000001,200.0,1620.0000000000045,1598.9610000000046,target_mean,3,PANIC_CRASH
SC_IDX,synthetic,2016-02-20 21:15:00,2016-02-20 21:30:00,SHORT,1,218.10000000000002,215.91,10.905000000000001,10.7955,200.0,2190.0000000000264,2168.299500000026,target_mean,1,PANIC_CRASH
SC_IDX,synthetic,2016-02-21 04:00:00,2016-02-21 04:00:00,SHORT,1,224.10000000000002,224.3,11.205000000000002,11.215,200.0,-199.99999999998863,-222.41999999998865,stop,0,PANIC_CRASH
SC_IDX,synthetic,2016-02-21 07:15:00,2016-02-21 07:45:00,SHORT,1,227.4,220.885,11.370000000000001,11.04425,200.0,6515.000000000015,6492.585750000015,target_mean,2,PANIC_CRASH
SC_IDX,synthetic,2016-02-21 10:15:00,2016-02-21 11:00:00,SHORT,1,228.4,224.375,11.42,11.21875,200.0,4025.0000000000055,4002.3612500000054,target_mean,3,PANIC_CRASH
SC_IDX,synthetic,2016-02-21 19:00:00,2016-02-21 21:00:00,LONG,1,208.20000000000002,208.38285714285718,10.410000000000002,10.41914285714286,200.0,182.85714285715926,162.0280000000164,stop,8,PANIC_CRASH
SC_IDX,synthetic,2016-02-22 05:00:00,2016-02-22 05:15:00,SHORT,3,215.4,215.18499999999997,32.31,32.27775,600.0,645.0000000000955,580.4122500000956,target_mean,1,GRINDING_CHOP
SC_IDX,synthetic,2016-02-22 07:15:00,2016-02-22 07:30:00,LONG,2,213.6,214.57,21.36,21.457,400.0,1939.9999999999977,1897.1829999999977,target_mean,1,GRINDING_CHOP
SC_IDX,synthetic,2016-02-22 13:45:00,2016-02-22 14:15:00,SHORT,3,216.00000000000003,215.385,32.400000000000006,32.30775,600.0,1845.0000000001125,1780.2922500001125,target_mean,2,GRINDING_CHOP
SC_IDX,synthetic,2016-02-22 16:45:00,2016-02-22 16:45:00,SHORT,2,215.50000000000003,215.625,21.550000000000004,21.5625,400.0,-249.99999999994316,-293.11249999994317,target_mean,0,GRINDING_CHOP
SC_IDX,synthetic,2016-02-23 00:15:00,2016-02-23 00:15:00,SHORT,3,215.60000000000002,214.79,32.34000000000001,32.2185,600.0,2430.000000000092,2365.4415000000918,target_mean,0,GRINDING_CHOP
SC_IDX,synthetic,2016-02-23 02:00:00,2016-02-23 02:00:00,SHORT,2,216.4,218.17142857142855,21.64,21.817142857142855,400.0,-3542.8571428570876,-3586.31428571423,stop,0,GRINDING_CHOP
SC_IDX,synthetic,2016-02-23 09:15:00,2016-02-23 09:15:00,SHORT,3,215.9,216.1,32.385,32.415,600.0,-599.9999999999659,-664.7999999999658,target_mean,0,GRINDING_CHOP
SC_IDX,synthetic,2016-02-23 10:45:00,2016-02-23 12:30:00,LONG,2,216.20000000000002,214.22285714285718,21.620000000000005,21.42228571428572,400.0,-3954.2857142856747,-3997.3279999999604,stop,7,GRINDING_CHOP
SC_IDX,synthetic,2016-02-23 14:00:00,2016-02-23 14:00:00,LONG,4,214.4,214.20000000000002,42.88,42.84000000000001,800.0,-799.9999999999545,-885.7199999999546,stop,0,GRINDING_CHOP
SC_IDX,synthetic,2016-02-24 04:15:00,2016-02-24 05:45:00,SHORT,2,214.8,214.80142857142857,21.48,21.48014285714286,400.0,-2.8571428571240176,-45.81728571426687,stop,6,GRINDING_CHOP
SC_IDX,synthetic,2016-02-24 11:00:00,2016-02-24 11:00:00,LONG,3,213.20000000000002,213.65500000000003,31.980000000000008,32.04825000000001,600.0,1365.0000000000375,1300.9717500000374,target_mean,0,GRINDING_CHOP
SC_IDX,synthetic,2016-02-24 14:15:00,2016-02-24 15:45:00,SHORT,2,215.50000000000003,215.5,21.550000000000004,21.55,400.0,5.6843418860808015e-11,-43.099999999943165,stop,6,GRINDING_CHOP
SC_IDX,synthetic,2016-02-25 13:30:00,2016-02-25 16:00:00,SHORT,2,219.00000000000003,217.69,21.900000000000006,21.769000000000002,400.0,2620.0000000000614,2576.3310000000615,target_mean,10,GRINDING_CHOP
SC_IDX,synthetic,2016-02-25 19:15:00,2016-02-25 20:00:00,LONG,3,215.0,214.99,32.25,32.2485,600.0,-29.999999999972715,-94.49849999997272,stop,3,GRINDING_CHOP
SC_IDX,synthetic,2016-02-25 20:15:00,2016-02-25 21:15:00,LONG,3,215.9,214.3571428571429,32.385,32.15357142857143,600.0,-4628.571428571348,-4693.10999999992,stop,4,GRINDING_CHOP
SC_IDX,synthetic,2016-02-26 04:45:00,2016-02-26 05:00:00,SHORT,3,217.50000000000003,218.1,32.62500000000001,32.715,600.0,-1799.9999999998977,-1865.3399999998976,stop,1,GRINDING_CHOP
SC_IDX,synthetic,2016-02-26 18:45:00,2016-02-26 20:00:00,SHORT,3,214.4,213.98500000000004,32.160000000000004,32.097750000000005,600.0,1244.9999999998909,1180.7422499998909,target_mean,5,GRINDING_CHOP
SC_IDX,synthetic,2016-02-27 05:30:00,2016-02-27 05:45:00,SHORT,4,214.8,214.13000000000002,42.96,42.82600000000001,800.0,2679.99999999995,2594.21399999995,target_mean,1,GRINDING_CHOP
SC_IDX,synthetic,2016-02-27 12:15:00,2016-02-27 13:30:00,SHORT,4,214.9,216.18285714285713,42.980000000000004,43.23657142857143,800.0,-5131.428571428501,-5217.645142857072,stop,5,GRINDING_CHOP
SC_IDX,synthetic,2016-02-28 00:45:00,2016-02-28 00:45:00,LONG,2,213.5,213.635,21.35,21.363500000000002,400.0,269.9999999999818,227.2864999999818,target_mean,0,GRINDING_CHOP
SC_IDX,synthetic,2016-02-28 03:00:00,2016-02-28 03:30:00,SHORT,2,215.00000000000003,214.09,21.500000000000004,21.409000000000002,400.0,1820.00000000005,1777.09100000005,target_mean,2,GRINDING_CHOP
SC_IDX,synthetic,2016-02-28 11:00:00,2016-02-28 14:30:00,LONG,2,212.9,210.94285714285715,21.290000000000003,21.094285714285718,400.0,-3914.285714285711,-3956.669999999997,stop,14,GRINDING_CHOP
SC_IDX,synthetic,2016-02-28 14:45:00,2016-02-28 15:15:00,LONG,2,211.6,212.44000000000003,21.16,21.244000000000003,400.0,1680.0000000000637,1637.5960000000637,target_mean,2,GRINDING_CHOP
SC_IDX,synthetic,2016-02-29 06:15:00,2016-02-29 07:30:00,SHORT,3,214.8,216.39999999999998,32.22,32.459999999999994,600.0,-4799.999999999898,-4864.679999999898,stop,5,GRINDING_CHOP
SC_IDX,synthetic,2016-02-29 08:00:00,2016-02-29 09:00:00,SHORT,3,216.00000000000003,215.14499999999998,32.400000000000006,32.27175,600.0,2565.00000000014,2500.32825000014,target_mean,4,GRINDING_CHOP
SC_IDX,synthetic,2016-02-29 18:15:00,2016-02-29 18:15:00,SHORT,3,215.00000000000003,215.165,32.25000000000001,32.274750000000004,600.0,-494.99999999989086,-559.5247499998909,target_mean,0,GRINDING_CHOP
SC_IDX,synthetic,2016-02-29 20:15:00,2016-02-29 22:00:00,LONG,3,213.6,212.5571428571429,32.04,31.883571428571432,600.0,-3128.571428571263,-3192.4949999998344,stop,7,GRINDING_CHOP
SC_IDX,synthetic,2016-03-01 09:15:00,2016-03-01 09:30:00,LONG,2,210.3,210.00000000000003,21.03,21.000000000000004,400.0,-599.9999999999659,-642.0299999999659,stop,1,GRINDING_CHOP
SC_IDX,synthetic,2016-03-01 11:45:00,2016-03-01 12:45:00,LONG,2,210.1,210.77000000000004,21.01,21.077000000000005,400.0,1340.0000000000887,1297.9130000000887,target_mean,4,GRINDING_CHOP
SC_IDX,synthetic,2016-03-02 02:30:00,2016-03-02 03:00:00,SHORT,3,215.70000000000002,215.8,32.355000000000004,32.370000000000005,600.0,-299.99999999998295,-364.72499999998297,stop,2,GRINDING_CHOP
SC_IDX,synthetic,2016-03-02 15:00:00,2016-03-02 15:15:00,SHORT,2,214.60000000000002,213.98500000000004,21.460000000000004,21.398500000000006,400.0,1229.9999999999613,1187.1414999999613,target_mean,1,GRINDING_CHOP
SC_IDX,synthetic,2016-03-03 00:45:00,2016-03-03 00:45:00,SHORT,3,216.50000000000003,216.70000000000002,32.47500000000001,32.50500000000001,600.0,-599.9999999999659,-664.9799999999659,stop,0,GRINDING_CHOP
SC_IDX,synthetic,2016-03-03 06:15:00,2016-03-03 06:30:00,SHORT,2,215.9,215.705,21.59,21.570500000000003,400.0,389.99999999998636,346.8394999999864,target_mean,1,GRINDING_CHOP
SC_IDX,synthetic,2016-03-03 10:15:00,2016-03-03 10:45:00,LONG,3,214.1,215.17000000000004,32.115,32.275500000000015,600.0,3210.00000000015,3145.60950000015,target_mean,2,GRINDING_CHOP
SC_IDX,synthetic,2016-03-03 18:00:00,2016-03-03 18:15:00,SHORT,3,215.8,215.24500000000003,32.370000000000005,32.286750000000005,600.0,1664.9999999999352,1600.343249999935,target_mean,1,GRINDING_CHOP
SC_IDX,synthetic,2016-03-03 19:00:00,2016-03-03 19:00:00,LONG,2,214.4,214.85,21.44,21.485,400.0,899.9999999999773,857.0749999999772,target_mean,0,GRINDING_CHOP
SC_IDX,synthetic,2016-03-03 20:45:00,2016-03-03 22:15:00,SHORT,2,216.4,215.98500000000004,21.64,21.598500000000005,400.0,829.9999999999272,786.7614999999272,target_mean,6,GRINDING_CHOP
SC_IDX,synthetic,2016-03-04 00:00:00,2016-03-04 01:15:00,SHORT,3,218.3,217.575,32.745000000000005,32.636250000000004,600.0,2175.000000000068,2109.6187500000683,target_mean,5,GRINDING_CHOP
SC_IDX,synthetic,2016-03-04 10:30:00,2016-03-04 11:00:00,SHORT,2,217.10000000000002,216.14499999999998,21.710000000000004,21.6145,400.0,1910.0000000000819,1866.675500000082,target_mean,2,GRINDING_CHOP
SC_IDX,synthetic,2016-03-04 16:45:00,2016-03-04 17:30:00,LONG,3,213.9,214.59,32.085,32.188500000000005,600.0,2069.999999999993,2005.7264999999932,target_mean,3,GRINDING_CHOP
SC_IDX,synthetic,2016-03-05 06:00:00,2016-03-05 07:30:00,SHORT,2,214.20000000000002,213.33,21.420000000000005,21.333000000000002,400.0,1740.000000000009,1697.247000000009,target_mean,6,GRINDING_CHOP
SC_IDX,synthetic,2016-03-05 13:30:00,2016-03-05 13:30:00,SHORT,3,214.50000000000003,214.70000000000002,32.175000000000004,32.205000000000005,600.0,-599.9999999999659,-664.3799999999659,target_mean,0,GRINDING_CHOP
SC_IDX,synthetic,2016-03-05 17:30:00,2016-03-05 18:15:00,SHORT,2,216.3,214.8,21.630000000000003,21.48,400.0,3000.0,2956.89,target_mean,3,GRINDING_CHOP
SC_IDX,synthetic,2016-03-06 01:30:00,2016-03-06 03:15:00,LONG,2,212.4,213.38500000000005,21.240000000000002,21.338500000000007,400.0,1970.0000000000841,1927.421500000084,target_mean,7,GRINDING_CHOP
SC_IDX,synthetic,2016-03-06 19:00:00,2016-03-06 19:00:00,SHORT,3,216.10000000000002,216.3,32.415000000000006,32.445,600.0,-599.9999999999659,-664.8599999999659,stop,0,GRINDING_CHOP
SC_IDX,synthetic,2016-03-06 21:00:00,2016-03-06 22:45:00,SHORT,3,216.9,216.33499999999998,32.535000000000004,32.45025,600.0,1695.0000000000784,1630.0147500000783,target_mean,7,GRINDING_CHOP
SC_IDX,synthetic,2016-03-07 15:00:00,2016-03-07 15:30:00,LONG,2,213.8,212.0714285714286,21.380000000000003,21.207142857142863,400.0,-3457.1428571427987,-3499.729999999942,stop,2,GRINDING_CHOP
SC_IDX,synthetic,2016-03-07 16:15:00,2016-03-07 16:45:00,LONG,2,213.8,214.73499999999999,21.380000000000003,21.473499999999998,400.0,1869.9999999999477,1827.1464999999475,target_mean,2,GRINDING_CHOP
SC_IDX,synthetic,2016-03-08 03:00:00,2016-03-08 03:15:00,LONG,3,213.4,213.70000000000002,32.01,32.05500000000001,600.0,900.0000000000341,835.935000000034,target_mean,1,GRINDING_CHOP
SC_IDX,synthetic,2016-03-08 04:30:00,2016-03-08 04:45:00,SHORT,3,214.4,215.45714285714286,32.160000000000004,32.31857142857143,600.0,-3171.4285714285497,-3235.907142857121,stop,1,GRINDING_CHOP
SC_IDX,synthetic,2016-03-08 06:00:00,2016-03-08 07:00:00,SHORT,2,214.9,214.395,21.490000000000002,21.439500000000002,400.0,1009.9999999999909,967.070499999991,target_mean,4,GRINDING_CHOP
SC_IDX,synthetic,2016-03-08 23:30:00,2016-03-09 00:00:00,LONG,3,215.20000000000002,215.59,32.28000000000001,32.3385,600.0,1169.999999999959,1105.381499999959,target_mean,2,GRINDING_CHOP
SC_IDX,synthetic,2016-03-09 01:15:00,2016-03-09 01:45:00,SHORT,3,216.50000000000003,215.8,32.47500000000001,32.370000000000005,600.0,2100.000000000051,2035.1550000000511,target_mean,2,GRINDING_CHOP
SC_IDX,synthetic,2016-03-09 02:30:00,2016-03-09 05:30:00,LONG,2,214.1,214.23499999999999,21.41,21.423499999999997,400.0,269.9999999999818,227.16649999998182,target_mean,12,GRINDING_CHOP
SC_IDX,synthetic,2016-03-09 15:15:00,2016-03-09 16:30:00,LONG,3,213.9,213.88928571428573,32.085,32.08339285714287,600.0,-32.14285714281573,-96.3112499999586,stop,5,GRINDING_CHOP
SC_IDX,synthetic,2016-03-10 04:45:00,2016-03-10 04:45:00,LONG,3,214.6,214.51500000000001,32.190000000000005,32.17725000000001,600.0,-254.9999999999386,-319.3672499999386,target_mean,0,GRINDING_CHOP
SC_IDX,synthetic,2016-03-10 06:15:00,2016-03-10 07:45:00,SHORT,2,216.4,215.645,21.64,21.564500000000002,400.0,1509.999999999991,1466.7954999999909,target_mean,6,GRINDING_CHOP
SC_IDX,synthetic,2016-03-10 21:00:00,2016-03-10 21:15:00,SHORT,3,215.50000000000003,214.69500000000002,32.32500000000001,32.20425000000001,600.0,2415.0000000000205,2350.4707500000204,target_mean,1,GRINDING_CHOP
SC_IDX,synthetic,2016-03-10 22:15:00,2016-03-10 22:30:00,LONG,3,213.20000000000002,213.10000000000002,31.980000000000008,31.965000000000007,600.0,-299.99999999998295,-363.944999999983,stop,1,GRINDING_CHOP
SC_IDX,synthetic,2016-03-11 04:15:00,2016-03-11 05:00:00,SHORT,2,217.9,219.0142857142857,21.790000000000003,21.90142857142857,400.0,-2228.5714285713993,-2272.2628571428277,stop,3,GRINDING_CHOP
SC_IDX,synthetic,2016-03-11 05:45:00,2016-03-11 06:45:00,SHORT,2,218.8,221.02142857142857,21.880000000000003,22.10214285714286,400.0,-4442.857142857121,-4486.839285714264,stop,4,GRINDING_CHOP
SC_IDX,synthetic,2016-03-11 07:15:00,2016-03-11 08:15:00,SHORT,2,220.00000000000003,218.84500000000003,22.000000000000004,21.884500000000003,400.0,2310.0000000000023,2266.115500000002,target_mean,4,GRINDING_CHOP
SC_IDX,synthetic,2016-03-11 13:45:00,2016-03-11 14:15:00,LONG,2,217.0,215.21428571428575,21.7,21.521428571428576,400.0,-3571.4285714284983,-3614.649999999927,stop,2,GRINDING_CHOP
SC_IDX,synthetic,2016-03-11 23:00:00,2016-03-11 23:15:00,LONG,3,213.1,213.73499999999999,31.965,32.060249999999996,600.0,1904.9999999999727,1840.9747499999728,target_mean,1,GRINDING_CHOP
SC_IDX,synthetic,2016-03-12 03:15:00,2016-03-12 03:15:00,SHORT,4,215.50000000000003,216.7057142857143,43.10000000000001,43.34114285714286,800.0,-4822.85714285706,-4909.298285714203,stop,0,GRINDING_CHOP
SC_IDX,synthetic,2016-03-12 04:30:00,2016-03-12 04:30:00,SHORT,4,217.10000000000002,217.3,43.42000000000001,43.46,800.0,-799.9999999999545,-886.8799999999545,stop,0,GRINDING_CHOP
SC_IDX,synthetic,2016-03-12 13:45:00,2016-03-12 14:15:00,SHORT,3,218.3,218.30928571428572,32.745000000000005,32.74639285714286,600.0,-27.857142857129702,-93.34853571427257,stop,2,GRINDING_CHOP
SC_IDX,synthetic,2016-03-13 01:30:00,2016-03-13 02:30:00,SHORT,2,217.4,219.10000000000002,21.740000000000002,21.910000000000004,400.0,-3400.000000000034,-3443.6500000000337,stop,4,GRINDING_CHOP
SC_IDX,synthetic,2016-03-13 03:00:00,2016-03-13 03:00:00,SHORT,2,218.20000000000002,217.11000000000004,21.820000000000004,21.711000000000006,400.0,2179.99999999995,2136.46899999995,target_mean,0,GRINDING_CHOP
SC_IDX,synthetic,2016-03-13 19:00:00,2016-03-13 19:45:00,LONG,3,213.70000000000002,215.635,32.05500000000001,32.34525,600.0,5804.999999999922,5740.599749999921,target_mean,3,GRINDING_CHOP
SC_IDX,synthetic,2016-03-15 01:00:00,2016-03-15 01:00:00,LONG,4,215.4,214.05285714285716,43.080000000000005,42.810571428571436,800.0,-5388.5714285713675,-5474.461999999939,stop,0,GRINDING_CHOP
SC_IDX,synthetic,2016-03-15 02:15:00,2016-03-15 03:30:00,LONG,3,213.3,214.34,31.995,32.151,600.0,3119.9999999999764,3055.8539999999766,target_mean,5,GRINDING_CHOP
SC_IDX,synthetic,2016-03-15 20:00:00,2016-03-15 22:00:00,SHORT,4,212.70000000000002,212.58,42.540000000000006,42.516000000000005,800.0,480.0000000000182,394.94400000001815,target_mean,8,GRINDING_CHOP
SC_IDX,synthetic,2016-03-15 22:30:00,2016-03-15 22:30:00,LONG,3,211.70000000000002,212.29000000000002,31.755000000000006,31.843500000000006,600.0,1770.0000000000102,1706.4015000000102,target_mean,0,GRINDING_CHOP
SC_IDX,synthetic,2016-03-16 02:30:00,2016-03-16 02:30:00,LONG,3,212.6,212.4,31.89,31.860000000000003,600.0,-599.9999999999659,-663.7499999999659,target_mean,0,GRINDING_CHOP
SC_IDX,synthetic,2016-03-16 04:00:00,2016-03-16 04:00:00,SHORT,3,213.3,213.5,31.995,32.025,600.0,-599.9999999999659,-664.0199999999659,stop,0,GRINDING_CHOP
SC_IDX,synthetic,2016-03-16 06:15:00,2016-03-16 06:30:00,SHORT,4,213.8,215.0285714285714,42.760000000000005,43.005714285714284,800.0,-4914.285714285597,-5000.051428571312,stop,1,GRINDING_CHOP
SC_IDX,synthetic,2016-03-16 15:00:00,2016-03-16 15:15:00,SHORT,2,216.00000000000003,216.4,21.600000000000005,21.64,400.0,-799.9999999999545,-843.2399999999545,stop,1,GRINDING_CHOP
SC_IDX,synthetic,2016-03-16 22:30:00,2016-03-16 22:30:00,SHORT,3,216.9,216.51000000000002,32.535000000000004,32.47650000000001,600.0,1169.999999999959,1104.988499999959,target_mean,0,GRINDING_CHOP
SC_IDX,synthetic,2016-03-17 10:00:00,2016-03-17 10:45:00,LONG,3,213.20000000000002,213.55,31.980000000000008,32.0325,600.0,1049.999999999983,985.9874999999829,target_mean,3,GRINDING_CHOP
SC_IDX,synthetic,2016-03-17 17:45:00,2016-03-17 18:15:00,SHORT,3,214.3,214.31785714285715,32.145,32.14767857142858,600.0,-53.57142857141639,-117.86410714284497,stop,2,GRINDING_CHOP
SC_IDX,synthetic,2016-03-17 19:00:00,2016-03-17 19:00:00,SHORT,3,213.4,213.6,32.01,32.04,600.0,-599.9999999999659,-664.0499999999658,target_mean,0,GRINDING_CHOP
SC_IDX,synthetic,2016-03-18 00:15:00,2016-03-18 00:15:00,SHORT,3,215.10000000000002,214.14000000000001,32.26500000000001,32.12100000000001,600.0,2880.0000000000236,2815.6140000000237,target_mean,0,GRINDING_CHOP
SC_IDX,synthetic,2016-03-18 07:00:00,2016-03-18 08:45:00,LONG,3,214.8,213.36285714285717,32.22,32.004428571428576,600.0,-4311.428571428536,-4375.652999999965,stop,7,GRINDING_CHOP
SC_IDX,synthetic,2016-03-18 09:45:00,2016-03-18 10:00:00,LONG,3,212.9,211.98571428571432,31.935000000000002,31.79785714285715,600.0,-2742.8571428570476,-2806.5899999999046,stop,1,GRINDING_CHOP
SC_IDX,synthetic,2016-03-18 17:45:00,2016-03-18 18:00:00,LONG,3,212.0,212.74,31.8,31.911,600.0,2220.0000000000273,2156.289000000027,target_mean,1,GRINDING_CHOP
SC_IDX,synthetic,2016-03-19 00:45:00,2016-03-19 01:30:00,SHORT,3,215.8,217.3657142857143,32.370000000000005,32.60485714285714,600.0,-4697.142857142836,-4762.117714285693,stop,3,GRINDING_CHOP
SC_IDX,synthetic,2016-03-19 12:15:00,2016-03-19 12:45:00,SHORT,3,218.4,217.91000000000003,32.760000000000005,32.68650000000001,600.0,1469.999999999942,1404.553499999942,target_mean,2,GRINDING_CHOP
SC_IDX,synthetic,2016-03-19 16:30:00,2016-03-19 18:00:00,LONG,3,216.6,215.3714285714286,32.49,32.305714285714295,600.0,-3685.714285714198,-3750.509999999912,stop,6,GRINDING_CHOP
SC_IDX,synthetic,2016-03-19 19:00:00,2016-03-19 21:00:00,LONG,3,215.5,215.60000000000005,32.325,32.34000000000001,600.0,300.0000000001535,235.33500000015349,target_mean,8,GRINDING_CHOP
SC_IDX,synthetic,2016-03-20 03:30:00,2016-03-20 03:30:00,SHORT,5,216.3,216.22000000000003,54.075,54.055000000000014,1000.0,399.9999999999204,291.8699999999204,target_mean,0,GRINDING_CHOP
SC_IDX,synthetic,2016-03-20 06:45:00,2016-03-20 07:30:00,LONG,3,215.5,215.885,32.325,32.38275,600.0,1154.9999999999727,1090.2922499999727,target_mean,3,GRINDING_CHOP
SC_IDX,synthetic,2016-03-21 01:00:00,2016-03-21 01:00:00,SHORT,3,216.3,217.67285714285714,32.445,32.65092857142857,600.0,-4118.571428571386,-4183.667357142814,stop,0,GRINDING_CHOP
SC_IDX,synthetic,2016-03-21 15:45:00,2016-03-21 16:00:00,LONG,3,214.0,214.67000000000004,32.1,32.20050000000001,600.0,2010.000000000133,1945.6995000001332,target_mean,1,GRINDING_CHOP
SC_IDX,synthetic,2016-03-21 17:45:00,2016-03-21 18:15:00,SHORT,3,217.00000000000003,215.49500000000003,32.550000000000004,32.324250000000006,600.0,4514.999999999986,4450.1257499999865,target_mean,2,GRINDING_CHOP
SC_IDX,synthetic,2016-03-21 19:30:00,2016-03-21 20:00:00,SHORT,3,217.3,217.31142857142856,32.595,32.596714285714285,600.0,-34.28571428565874,-99.47742857137303,stop,2,GRINDING_CHOP
SC_IDX,synthetic,2016-03-22 01:30:00,2016-03-22 02:30:00,LONG,3,214.9,215.49,32.235,32.3235,600.0,1770.0000000000102,1705.4415000000104,target_mean,4,GRINDING_CHOP
SC_IDX,synthetic,2016-03-22 21:45:00,2016-03-22 22:30:00,LONG,2,215.70000000000002,216.54000000000002,21.570000000000004,21.654000000000003,400.0,1680.0000000000068,1636.776000000007,target_mean,3,GRINDING_CHOP
SC_IDX,synthetic,2016-03-23 16:15:00,2016-03-23 16:30:00,LONG,2,213.5,213.73000000000002,21.35,21.373000000000005,400.0,460.0000000000364,417.27700000003637,target_mean,1,GRINDING_CHOP
SC_IDX,synthetic,2016-03-24 06:30:00,2016-03-24 07:00:00,LONG,2,213.3,214.69500000000002,21.330000000000002,21.469500000000004,400.0,2790.0000000000205,2747.2005000000204,target_mean,2,GRINDING_CHOP
SC_IDX,synthetic,2016-03-24 12:30:00,2016-03-24 13:45:00,LONG,2,212.20000000000002,212.615,21.220000000000002,21.2615,400.0,829.9999999999841,787.5184999999841,target_mean,5,GRINDING_CHOP
SC_IDX,synthetic,2016-03-24 17:15:00,2016-03-24 18:45:00,LONG,3,211.0,211.84500000000003,31.650000000000002,31.776750000000007,600.0,2535.000000000082,2471.5732500000818,target_mean,6,GRINDING_CHOP
SC_IDX,synthetic,2016-03-25 04:15:00,2016-03-25 04:15:00,LONG,3,211.5,212.335,31.725,31.850250000000003,600.0,2505.0000000000236,2441.424750000024,target_mean,0,GRINDING_CHOP
SC_IDX,synthetic,2016-03-25 12:30:00,2016-03-25 12:30:00,SHORT,2,212.8,213.0,21.28,21.3,400.0,-399.99999999997726,-442.57999999997725,target_mean,0,GRINDING_CHOP
SC_IDX,synthetic,2016-03-25 13:45:00,2016-03-25 14:45:00,SHORT,2,214.20000000000002,213.665,21.420000000000005,21.366500000000002,400.0,1070.00000000005,1027.2135000000499,target_mean,4,GRINDING_CHOP
SC_IDX,synthetic,2016-03-25 17:00:00,2016-03-25 18:45:00,SHORT,2,215.9,217.42857142857144,21.59,21.742857142857147,400.0,-3057.1428571428783,-3100.4757142857356,stop,7,GRINDING_CHOP
SC_IDX,synthetic,2016-03-26 00:45:00,2016-03-26 02:15:00,LONG,3,214.9,215.33500000000004,32.235,32.300250000000005,600.0,1305.000000000092,1240.4647500000922,target_mean,6,GRINDING_CHOP
SC_IDX,synthetic,2016-03-26 12:45:00,2016-03-26 14:15:00,LONG,2,212.3,210.92857142857144,21.23,21.092857142857145,400.0,-2742.857142857133,-2785.1799999999903,stop,6,GRINDING_CHOP
SC_IDX,synthetic,2016-03-26 19:45:00,2016-03-26 20:15:00,SHORT,4,214.70000000000002,214.8,42.940000000000005,42.96,800.0,-399.99999999997726,-485.89999999997724,stop,2,GRINDING_CHOP
SC_IDX,synthetic,2016-03-27 06:00:00,2016-03-27 06:00:00,LONG,2,214.9,214.70000000000002,21.490000000000002,21.470000000000002,400.0,-399.99999999997726,-442.9599999999773,target_mean,0,GRINDING_CHOP
SC_IDX,synthetic,2016-03-27 08:00:00,2016-03-27 08:00:00,LONG,3,213.8,212.2214285714286,32.07,31.833214285714284,600.0,-4735.714285714266,-4799.61749999998,stop,0,GRINDING_CHOP
SC_IDX,synthetic,2016-03-27 16:00:00,2016-03-27 18:30:00,SHORT,3,216.00000000000003,215.5,32.400000000000006,32.325,600.0,1500.0000000000853,1435.2750000000851,target_mean,10,GRINDING_CHOP
SC_IDX,synthetic,2016-03-27 22:30:00,2016-03-27 22:30:00,LONG,3,212.8,212.60000000000002,31.92,31.890000000000008,600.0,-599.9999999999659,-663.8099999999658,stop,0,GRINDING_CHOP
SC_IDX,synthetic,2016-03-28 06:15:00,2016-03-28 06:15:00,SHORT,3,214.60000000000002,215.96,32.190000000000005,32.394,600.0,-4079.9999999999554,-4144.583999999955,stop,0,GRINDING_CHOP
SC_IDX,synthetic,2016-03-28 11:15:00,2016-03-28 14:00:00,LONG,2,213.6,212.31428571428575,21.36,21.231428571428577,400.0,-2571.4285714284983,-2614.019999999927,stop,11,GRINDING_CHOP
SC_IDX,synthetic,2016-03-28 14:30:00,2016-03-28 15:00:00,LONG,2,211.70000000000002,211.60000000000002,21.170000000000005,21.160000000000004,400.0,-199.99999999998863,-242.32999999998864,stop,2,GRINDING_CHOP
SC_IDX,synthetic,2016-03-29 02:30:00,2016-03-29 03:15:00,SHORT,2,217.20000000000002,216.045,21.720000000000002,21.6045,400.0,2310.000000000059,2266.6755000000594,target_mean,3,GRINDING_CHOP
SC_IDX,synthetic,2016-03-29 04:30:00,2016-03-29 05:15:00,LONG,3,214.1,213.8,32.115,32.07,600.0,-899.9999999999488,-964.1849999999489,stop,3,GRINDING_CHOP
SC_IDX,synthetic,2016-03-30 00:00:00,2016-03-30 00:45:00,SHORT,3,215.00000000000003,214.155,32.25000000000001,32.12325,600.0,2535.000000000082,2470.6267500000818,target_mean,3,GRINDING_CHOP
SC_IDX,synthetic,2016-03-30 02:15:00,2016-03-30 02:15:00,SHORT,3,215.10000000000002,214.51999999999998,32.26500000000001,32.178,600.0,1740.0000000001228,1675.5570000001226,target_mean,0,GRINDING_CHOP
SC_IDX,synthetic,2016-03-30 07:30:00,2016-03-30 08:45:00,LONG,4,213.5,214.285,42.7,42.857,800.0,3139.9999999999864,3054.4429999999866,target_mean,5,GRINDING_CHOP
SC_IDX,synthetic,2016-03-30 11:00:00,2016-03-30 11:30:00,LONG,3,212.3,211.9,31.845000000000002,31.785,600.0,-1200.000000000017,-1263.6300000000172,stop,2,GRINDING_CHOP
SC_IDX,synthetic,2016-03-30 21:45:00,2016-03-30 21:45:00,SHORT,4,213.8,214.0,42.760000000000005,42.800000000000004,800.0,-799.9999999999545,-885.5599999999545,target_mean,0,GRINDING_CHOP
SC_IDX,synthetic,2016-03-30 23:45:00,2016-03-31 00:30:00,SHORT,3,214.60000000000002,214.49,32.190000000000005,32.173500000000004,600.0,330.0000000000409,265.63650000004094,target_mean,3,GRINDING_CHOP
SC_IDX,synthetic,2016-03-31 01:00:00,2016-03-31 01:15:00,LONG,2,213.9,214.14500000000004,21.39,21.414500000000004,400.0,490.00000000006594,447.195500000066,target_mean,1,GRINDING_CHOP
SC_IDX,synthetic,2016-03-31 03:00:00,2016-03-31 03:15:00,LONG,2,213.6,214.06,21.36,21.406000000000002,400.0,920.0000000000159,877.234000000016,target_mean,1,GRINDING_CHOP
SC_IDX,synthetic,2016-03-31 11:00:00,2016-03-31 11:30:00,LONG,3,212.70000000000002,212.86000000000004,31.90500000000001,31.929000000000006,600.0,480.00000000007503,416.166000000075,target_mean,2,GRINDING_CHOP
SC_IDX,synthetic,2016-03-31 13:00:00,2016-03-31 13:45:00,SHORT,3,215.20000000000002,215.4,32.28000000000001,32.31,600.0,-599.9999999999659,-664.5899999999658,stop,3,GRINDING_CHOP
SC_IDX,synthetic,2016-03-31 23:45:00,2016-04-01 01:00:00,LONG,2,213.6,214.04000000000002,21.36,21.404000000000003,400.0,880.0000000000523,837.2360000000523,target_mean,5,GRINDING_CHOP
SC_IDX,synthetic,2016-04-01 01:15:00,2016-04-01 01:15:00,LONG,2,214.4,214.20000000000002,21.44,21.420000000000005,400.0,-399.99999999997726,-442.8599999999773,target_mean,0,GRINDING_CHOP
SC_IDX,synthetic,2016-04-01 04:00:00,2016-04-01 05:00:00,SHORT,2,215.20000000000002,214.44499999999996,21.520000000000003,21.444499999999998,400.0,1510.0000000001046,1467.0355000001045,target_mean,4,GRINDING_CHOP
SC_IDX,synthetic,2016-04-01 10:15:00,2016-04-01 10:45:00,SHORT,2,215.10000000000002,217.05142857142857,21.510000000000005,21.70514285714286,400.0,-3902.8571428571013,-3946.0722857142446,stop,2,GRINDING_CHOP
SC_IDX,synthetic,2016-04-01 11:15:00,2016-04-01 11:45:00,SHORT,2,217.00000000000003,215.705,21.700000000000003,21.570500000000003,400.0,2590.000000000032,2546.729500000032,target_mean,2,GRINDING_CHOP
SC_IDX,synthetic,2016-04-01 16:45:00,2016-04-01 16:45:00,LONG,3,214.1,212.80000000000004,32.115,31.92000000000001,600.0,-3899.9999999998636,-3964.0349999998634,stop,0,GRINDING_CHOP
SC_IDX,synthetic,2016-04-01 22:45:00,2016-04-01 23:15:00,LONG,3,213.1,214.4,31.965,32.160000000000004,600.0,3900.000000000034,3835.875000000034,target_mean,2,GRINDING_CHOP
SC_IDX,synthetic,2016-04-01 23:45:00,2016-04-01 23:45:00,SHORT,3,214.20000000000002,213.785,32.13000000000001,32.067750000000004,600.0,1245.0000000000614,1180.8022500000613,target_mean,0,GRINDING_CHOP
SC_IDX,synthetic,2016-04-02 10:00:00,2016-04-02 11:00:00,LONG,2,212.70000000000002,213.36999999999998,21.270000000000003,21.337,400.0,1339.9999999999181,1297.3929999999182,target_mean,4,GRINDING_CHOP
SC_IDX,synthetic,2016-04-02 16:30:00,2016-04-02 18:15:00,SHORT,3,213.50000000000003,215.2,32.025000000000006,32.28,600.0,-5099.999999999881,-5164.30499999988,stop,7,GRINDING_CHOP
SC_IDX,synthetic,2016-04-03 11:30:00,2016-04-03 11:30:00,SHORT,2,215.70000000000002,215.9,21.570000000000004,21.59,400.0,-399.99999999997726,-443.15999999997723,stop,0,GRINDING_CHOP
SC_IDX,synthetic,2016-04-03 22:00:00,2016-04-03 22:00:00,SHORT,3,215.10000000000002,216.6657142857143,32.26500000000001,32.499857142857145,600.0,-4697.142857142836,-4761.907714285693,stop,0,GRINDING_CHOP
SC_IDX,synthetic,2016-04-04 16:30:00,2016-04-04 16:30:00,SHORT,3,215.00000000000003,214.385,32.25000000000001,32.15775,600.0,1845.0000000001125,1780.5922500001125,target_mean,0,GRINDING_CHOP
SC_IDX,synthetic,2016-04-04 19:30:00,2016-04-04 20:00:00,LONG,3,213.9,214.18000000000004,32.085,32.12700000000001,600.0,840.0000000000887,775.7880000000887,target_mean,2,GRINDING_CHOP
SC_IDX,synthetic,2016-04-04 21:15:00,2016-04-04 23:00:00,LONG,2,212.6,213.0,21.26,21.3,400.0,800.0000000000114,757.4400000000114,target_mean,7,GRINDING_CHOP
SC_IDX,synthetic,2016-04-05 04:15:00,2016-04-05 04:15:00,SHORT,3,212.20000000000002,212.37000000000003,31.83000000000001,31.855500000000006,600.0,-510.00000000004775,-573.6855000000478,target_mean,0,GRINDING_CHOP
SC_IDX,synthetic,2016-04-05 07:30:00,2016-04-05 09:45:00,SHORT,3,213.10000000000002,213.2,31.965000000000007,31.98,600.0,-299.9999999998977,-363.94499999989773,target_mean,9,GRINDING_CHOP
SC_IDX,synthetic,2016-04-05 14:45:00,2016-04-05 18:00:00,SHORT,2,216.10000000000002,215.51000000000002,21.610000000000003,21.551000000000005,400.0,1180.0000000000068,1136.839000000007,target_mean,13,GRINDING_CHOP
SC_IDX,synthetic,2016-04-05 23:00:00,2016-04-06 00:00:00,LONG,2,212.9,212.89357142857145,21.290000000000003,21.289357142857146,400.0,-12.857142857114923,-55.43649999997207,stop,4,GRINDING_CHOP
SC_IDX,synthetic,2016-04-06 06:15:00,2016-04-06 07:00:00,SHORT,3,214.50000000000003,215.71428571428572,32.175000000000004,32.35714285714286,600.0,-3642.857142857082,-3707.389285714225,stop,3,GRINDING_CHOP
SC_IDX,synthetic,2016-04-06 07:15:00,2016-04-06 07:45:00,SHORT,3,214.60000000000002,214.02,32.190000000000005,32.103,600.0,1740.0000000000375,1675.7070000000374,target_mean,2,GRINDING_CHOP
SC_IDX,synthetic,2016-04-06 17:15:00,2016-04-06 18:00:00,SHORT,2,215.3,216.75714285714287,21.53,21.67571428571429,400.0,-2914.285714285711,-2957.4914285714253,stop,3,GRINDING_CHOP
SC_IDX,synthetic,2016-04-07 01:30:00,2016-04-07 01:30:00,LONG,3,216.9,216.70000000000002,32.535000000000004,32.50500000000001,600.0,-599.9999999999659,-665.0399999999659,target_mean,0,GRINDING_CHOP
SC_IDX,synthetic,2016-04-07 02:45:00,2016-04-07 03:00:00,SHORT,3,216.50000000000003,216.50500000000002,32.47500000000001,32.475750000000005,600.0,-14.999999999986358,-79.95074999998637,target_mean,1,GRINDING_CHOP
SC_IDX,synthetic,2016-04-07 06:00:00,2016-04-07 06:00:00,LONG,3,214.4,214.20000000000002,32.160000000000004,32.13000000000001,600.0,-599.9999999999659,-664.2899999999659,stop,0,GRINDING_CHOP
SC_IDX,synthetic,2016-04-07 21:00:00,2016-04-07 23:15:00,SHORT,2,216.8,216.285,21.68,21.628500000000003,400.0,1030.0000000000296,986.6915000000296,target_mean,9,GRINDING_CHOP
SC_IDX,synthetic,2016-04-08 03:45:00,2016-04-08 05:30:00,LONG,2,214.5,213.00000000000003,21.45,21.300000000000004,400.0,-2999.999999999943,-3042.749999999943,stop,7,GRINDING_CHOP
SC_IDX,synthetic,2016-04-08 06:15:00,2016-04-08 08:15:00,LONG,2,213.0,213.53500000000005,21.3,21.353500000000007,400.0,1070.0000000001069,1027.346500000107,target_mean,8,GRINDING_CHOP
SC_IDX,synthetic,2016-04-09 00:45:00,2016-04-09 00:45:00,LONG,3,215.9,216.54500000000004,32.385,32.48175000000001,600.0,1935.000000000116,1870.133250000116,target_mean,0,GRINDING_CHOP
SC_IDX,synthetic,2016-04-09 02:00:00,2016-04-09 02:30:00,LONG,3,215.70000000000002,216.24,32.355000000000004,32.436,600.0,1619.9999999999761,1555.2089999999762,target_mean,2,GRINDING_CHOP
SC_IDX,synthetic,2016-04-09 04:00:00,2016-04-09 04:00:00,LONG,3,215.5,216.02000000000004,32.325,32.403000000000006,600.0,1560.000000000116,1495.272000000116,target_mean,0,GRINDING_CHOP
SC_IDX,synthetic,2016-04-09 09:30:00,2016-04-09 10:00:00,SHORT,2,217.20000000000002,216.74,21.720000000000002,21.674,400.0,920.0000000000159,876.6060000000159,target_mean,2,GRINDING_CHOP
SC_IDX,synthetic,2016-04-09 11:45:00,2016-04-09 12:00:00,LONG,3,214.4,212.77,32.160000000000004,31.9155,600.0,-4889.999999999986,-4954.075499999986,stop,1,GRINDING_CHOP
SC_IDX,synthetic,2016-04-09 22:45:00,2016-04-09 23:30:00,LONG,2,212.6,213.675,21.26,21.3675,400.0,2150.000000000034,2107.372500000034,target_mean,3,GRINDING_CHOP
SC_IDX,synthetic,2016-04-10 08:00:00,2016-04-10 08:00:00,SHORT,2,217.70000000000002,217.9,21.770000000000003,21.790000000000003,400.0,-399.99999999997726,-443.55999999997726,stop,0,GRINDING_CHOP
SC_IDX,synthetic,2016-04-10 14:00:00,2016-04-10 14:30:00,LONG,4,214.5,213.1914285714286,42.9,42.638285714285715,800.0,-5234.285714285647,-5319.823999999932,stop,2,GRINDING_CHOP
SC_IDX,synthetic,2016-04-10 15:15:00,2016-04-10 16:15:00,LONG,4,213.70000000000002,212.84285714285716,42.74000000000001,42.56857142857143,800.0,-3428.571428571445,-3513.880000000016,stop,4,GRINDING_CHOP
SC_IDX,synthetic,2016-04-11 03:15:00,2016-04-11 04:00:00,SHORT,2,215.3,214.46999999999997,21.53,21.447,400.0,1660.0000000000819,1617.023000000082,target_mean,3,GRINDING_CHOP
SC_IDX,synthetic,2016-04-11 07:30:00,2016-04-11 07:30:00,LONG,3,215.0,214.8,32.25,32.22,600.0,-599.9999999999659,-664.4699999999659,target_mean,0,GRINDING_CHOP
SC_IDX,synthetic,2016-04-11 09:30:00,2016-04-11 10:30:00,LONG,3,214.4,214.48000000000002,32.160000000000004,32.172000000000004,600.0,240.00000000003752,175.66800000003752,target_mean,4,GRINDING_CHOP
SC_IDX,synthetic,2016-04-11 21:45:00,2016-04-11 21:45:00,SHORT,3,214.20000000000002,214.4,32.13000000000001,32.160000000000004,600.0,-599.9999999999659,-664.2899999999659,target_mean,0,GRINDING_CHOP
SC_IDX,synthetic,2016-04-11 23:45:00,2016-04-11 23:45:00,SHORT,3,214.20000000000002,214.4,32.13000000000001,32.160000000000004,600.0,-599.9999999999659,-664.2899999999659,target_mean,0,GRINDING_CHOP
SC_IDX,synthetic,2016-04-12 02:30:00,2016-04-12 02:30:00,SHORT,3,214.8,214.85999999999999,32.22,32.229,600.0,-179.99999999992156,-244.44899999992157,target_mean,0,GRINDING_CHOP
SC_IDX,synthetic,2016-04-12 08:00:00,2016-04-12 08:00:00,LONG,4,214.1,214.17000000000004,42.82,42.83400000000001,800.0,280.0000000002001,194.3460000002001,target_mean,0,GRINDING_CHOP
SC_IDX,synthetic,2016-04-12 09:45:00,2016-04-12 11:00:00,LONG,3,212.9,213.675,31.935000000000002,32.05125,600.0,2325.0000000000173,2261.0137500000174,target_mean,5,GRINDING_CHOP
SC_IDX,synthetic,2016-04-12 11:45:00,2016-04-12 14:00:00,LONG,2,212.6,211.3,21.26,21.130000000000003,400.0,-2599.999999999966,-2642.389999999966,stop,9,GRINDING_CHOP
SC_IDX,synthetic,2016-04-12 14:30:00,2016-04-12 15:30:00,LONG,2,211.0,212.03500000000005,21.1,21.203500000000005,400.0,2070.000000000107,2027.6965000001069,target_mean,4,GRINDING_CHOP
SC_IDX,synthetic,2016-04-12 21:15:00,2016-04-12 22:00:00,SHORT,3,213.00000000000003,211.9,31.950000000000006,31.785,600.0,3300.000000000068,3236.2650000000685,target_mean,3,GRINDING_CHOP
SC_IDX,synthetic,2016-04-13 04:00:00,2016-04-13 04:15:00,SHORT,3,214.4,215.4142857142857,32.160000000000004,32.31214285714286,600.0,-3042.857142857116,-3107.3292857142587,stop,1,GRINDING_CHOP
SC_IDX,synthetic,2016-04-13 12:15:00,2016-04-13 13:45:00,SHORT,2,215.20000000000002,216.78571428571428,21.520000000000003,21.67857142857143,400.0,-3171.428571428521,-3214.6271428570926,stop,6,GRINDING_CHOP
SC_IDX,synthetic,2016-04-13 20:30:00,2016-04-13 20:30:00,LONG,3,212.6,211.28571428571428,31.89,31.692857142857143,600.0,-3942.8571428571504,-4006.4400000000073,stop,0,GRINDING_CHOP
SC_IDX,synthetic,2016-04-14 10:00:00,2016-04-14 10:15:00,LONG,1,207.4,209.93500000000003,10.370000000000001,10.496750000000002,200.0,2535.000000000025,2514.1332500000253,target_mean,1,NEW_BULL_WAVE
SC_IDX,synthetic,2016-04-14 11:30:00,2016-04-14 12:45:00,SHORT,1,210.50000000000003,210.205,10.525000000000002,10.510250000000001,200.0,295.0000000000159,273.96475000001595,target_mean,5,NEW_BULL_WAVE
SC_IDX,synthetic,2016-04-14 17:30:00,2016-04-14 17:45:00,LONG,1,208.8,210.26,10.440000000000001,10.513,200.0,1459.9999999999795,1439.0469999999796,target_mean,1,NEW_BULL_WAVE
SC_IDX,synthetic,2016-04-14 18:45:00,2016-04-14 19:30:00,LONG,1,207.6,209.31000000000003,10.38,10.465500000000002,200.0,1710.0000000000364,1689.1545000000363,target_mean,3,NEW_BULL_WAVE
SC_IDX,synthetic,2016-04-15 01:15:00,2016-04-15 02:45:00,SHORT,2,211.60000000000002,213.29999999999998,21.160000000000004,21.33,400.0,-3399.9999999999204,-3442.48999999992,stop,6,NEW_BULL_WAVE
SC_IDX,synthetic,2016-04-15 03:15:00,2016-04-15 03:30:00,SHORT,1,214.4,217.0857142857143,10.72,10.854285714285716,200.0,-2685.7142857142835,-2707.288571428569,stop,1,NEW_BULL_WAVE
SC_IDX,synthetic,2016-04-15 04:15:00,2016-04-15 04:15:00,SHORT,1,213.4,212.38000000000002,10.67,10.619000000000002,200.0,1019.9999999999818,998.7109999999818,target_mean,0,NEW_BULL_WAVE
SC_IDX,synthetic,2016-04-15 13:30:00,2016-04-15 14:15:00,LONG,1,205.6,208.205,10.280000000000001,10.410250000000001,200.0,2605.000000000018,2584.309750000018,target_mean,3,NEW_BULL_WAVE
SC_IDX,synthetic,2016-04-15 19:00:00,2016-04-15 20:00:00,SHORT,1,214.9,214.83714285714285,10.745000000000001,10.741857142857143,200.0,62.85714285715471,41.370285714297566,stop,4,NEW_BULL_WAVE
SC_IDX,synthetic,2016-04-15 21:45:00,2016-04-15 22:15:00,SHORT,1,216.9,214.69,10.845,10.7345,200.0,2210.000000000008,2188.4205000000084,target_mean,2,NEW_BULL_WAVE
SC_IDX,synthetic,2016-04-16 03:45:00,2016-04-16 04:30:00,SHORT,1,220.70000000000002,218.055,11.035000000000002,10.902750000000001,200.0,2645.00000000001,2623.06225000001,target_mean,3,NEW_BULL_WAVE
SC_IDX,synthetic,2016-04-16 07:00:00,2016-04-16 07:45:00,SHORT,1,223.70000000000002,224.8,11.185000000000002,11.24,200.0,-1099.9999999999943,-1122.4249999999943,stop,3,NEW_BULL_WAVE
SC_IDX,synthetic,2016-04-16 15:30:00,2016-04-16 16:30:00,SHORT,1,236.8,241.20714285714286,11.84,12.060357142857145,200.0,-4407.142857142844,-4431.043214285702,stop,4,NEW_BULL_WAVE
SC_IDX,synthetic,2016-04-16 23:15:00,2016-04-17 00:00:00,SHORT,1,242.00000000000003,244.98571428571427,12.100000000000001,12.249285714285714,200.0,-2985.714285714238,-3010.0635714285236,stop,3,NEW_BULL_WAVE
SC_IDX,synthetic,2016-04-17 00:30:00,2016-04-17 01:45:00,SHORT,1,243.9,242.74500000000003,12.195,12.137250000000002,200.0,1154.9999999999727,1130.6677499999728,target_mean,5,NEW_BULL_WAVE
SC_IDX,synthetic,2016-04-17 12:15:00,2016-04-17 14:45:00,SHORT,1,231.70000000000002,234.65714285714287,11.585000000000003,11.732857142857144,200.0,-2957.1428571428555,-2980.4607142857126,stop,10,NEW_BULL_WAVE
SC_IDX,synthetic,2016-04-17 20:45:00,2016-04-17 22:30:00,SHORT,1,240.50000000000003,244.2,12.025000000000002,12.21,200.0,-3699.99999999996,-3724.23499999996,stop,7,NEW_BULL_WAVE
SC_IDX,synthetic,2016-04-17 22:45:00,2016-04-17 23:15:00,SHORT,1,242.10000000000002,242.0471428571429,12.105000000000002,12.102357142857146,200.0,52.857142857135386,28.649785714278238,stop,2,NEW_BULL_WAVE
SC_IDX,synthetic,2016-04-18 00:00:00,2016-04-18 01:00:00,SHORT,2,243.00000000000003,241.84,24.300000000000004,24.184,400.0,2320.00000000005,2271.5160000000496,target_mean,4,NEW_BULL_WAVE
SC_IDX,synthetic,2016-04-18 09:00:00,2016-04-18 10:45:00,SHORT,1,245.20000000000002,248.17142857142858,12.260000000000002,12.40857142857143,200.0,-2971.4285714285606,-2996.0971428571324,stop,7,NEW_BULL_WAVE
SC_IDX,synthetic,2016-04-18 11:15:00,2016-04-18 12:15:00,SHORT,1,249.9,253.45714285714286,12.495000000000001,12.672857142857143,200.0,-3557.1428571428496,-3582.3107142857066,stop,4,NEW_BULL_WAVE
SC_IDX,synthetic,2016-04-19 10:30:00,2016-04-19 10:30:00,LONG,1,250.5,250.31500000000003,12.525,12.515750000000002,200.0,-184.99999999997385,-210.04074999997385,target_mean,0,NEW_BULL_WAVE
SC_IDX,synthetic,2016-04-19 11:30:00,2016-04-19 11:30:00,SHORT,1,251.70000000000002,250.875,12.585000000000003,12.543750000000001,200.0,825.000000000017,799.871250000017,target_mean,0,NEW_BULL_WAVE
SC_IDX,synthetic,2016-04-20 01:45:00,2016-04-20 02:00:00,SHORT,1,259.5,252.8,12.975000000000001,12.64,200.0,6699.999999999989,6674.384999999988,target_mean,1,NEW_BULL_WAVE
SC_IDX,synthetic,2016-04-20 09:00:00,2016-04-20 10:00:00,SHORT,1,261.4,265.6014285714286,13.069999999999999,13.28007142857143,200.0,-4201.428571428607,-4227.778642857178,stop,4,NEW_BULL_WAVE
SC_IDX,synthetic,2016-04-20 10:15:00,2016-04-20 10:15:00,SHORT,1,264.8,261.69000000000005,13.24,13.084500000000004,200.0,3109.999999999957,3083.675499999957,target_mean,0,NEW_BULL_WAVE
SC_IDX,synthetic,2016-04-20 18:30:00,2016-04-20 19:15:00,SHORT,1,263.4,262.30500000000006,13.17,13.115250000000003,200.0,1094.9999999999136,1068.7147499999135,target_mean,3,NEW_BULL_WAVE
SC_IDX,synthetic,2016-04-20 22:00:00,2016-04-20 23:15:00,SHORT,1,265.9,269.2428571428572,13.295,13.462142857142862,200.0,-3342.8571428572127,-3369.6142857143554,stop,5,NEW_BULL_WAVE
SC_IDX,synthetic,2016-04-21 00:00:00,2016-04-21 01:15:00,SHORT,1,271.4,275.62714285714287,13.57,13.781357142857146,200.0,-4227.142857142894,-4254.494214285751,stop,5,NEW_BULL_WAVE
SC_IDX,synthetic,2016-04-21 08:45:00,2016-04-21 09:15:00,SHORT,1,279.4,279.275,13.97,13.963750000000001,200.0,125.0,97.06625,stop,2,NEW_BULL_WAVE
SC_IDX,synthetic,2016-04-21 18:45:00,2016-04-21 19:15:00,SHORT,1,283.7,282.99500000000006,14.185,14.149750000000003,200.0,704.9999999999272,676.6652499999273,target_mean,2,NEW_BULL_WAVE
SC_IDX,synthetic,2016-04-21 22:15:00,2016-04-21 22:30:00,SHORT,1,287.3,289.8285714285715,14.365,14.491428571428575,200.0,-2528.5714285714675,-2557.427857142896,stop,1,NEW_BULL_WAVE
SC_IDX,synthetic,2016-04-22 13:15:00,2016-04-22 14:00:00,LONG,1,282.90000000000003,286.96,14.145000000000003,14.348,200.0,4059.9999999999454,4031.5069999999455,target_mean,3,NEW_BULL_WAVE
SC_IDX,synthetic,2016-04-22 15:30:00,2016-04-22 17:15:00,LONG,1,282.70000000000005,283.16,14.135000000000003,14.158000000000001,200.0,459.99999999997954,431.70699999997953,target_mean,7,NEW_BULL_WAVE
SC_IDX,synthetic,2016-04-22 22:30:00,2016-04-22 22:30:00,LONG,1,272.70000000000005,272.5,13.635000000000003,13.625,200.0,-200.00000000004547,-227.26000000004547,stop,0,NEW_BULL_WAVE
SC_IDX,synthetic,2016-04-23 06:45:00,2016-04-23 07:30:00,SHORT,1,288.5,288.3342857142857,14.425,14.416714285714288,200.0,165.71428571427305,136.87257142855876,stop,3,NEW_BULL_WAVE
SC_IDX,synthetic,2016-04-25 00:15:00,2016-04-25 00:15:00,SHORT,1,311.0,311.20000000000005,15.55,15.560000000000004,200.0,-200.00000000004547,-231.1100000000455,target_mean,0,NEW_BULL_WAVE
SC_IDX,synthetic,2016-04-25 03:15:00,2016-04-25 04:30:00,LONG,1,308.20000000000005,311.9,15.410000000000004,15.595,200.0,3699.999999999932,3668.994999999932,target_mean,5,NEW_BULL_WAVE
SC_IDX,synthetic,2016-04-25 10:45:00,2016-04-25 10:45:00,SHORT,1,326.0,330.7000000000001,16.3,16.535000000000007,200.0,-4700.000000000102,-4732.835000000102,stop,0,NEW_BULL_WAVE
SC_IDX,synthetic,2016-04-25 14:15:00,2016-04-25 15:00:00,SHORT,1,340.5,334.12500000000006,17.025000000000002,16.706250000000004,200.0,6374.999999999944,6341.268749999944,target_mean,3,NEW_BULL_WAVE
SC_IDX,synthetic,2016-04-26 11:15:00,2016-04-26 12:15:00,LONG,1,314.20000000000005,314.34285714285716,15.710000000000004,15.717142857142859,200.0,142.85714285711038,111.4299999999675,stop,4,NEW_BULL_WAVE
SC_IDX,synthetic,2016-04-26 16:00:00,2016-04-26 18:30:00,LONG,1,306.90000000000003,311.945,15.345000000000004,15.59725,200.0,5044.999999999959,5014.057749999959,target_mean,10,NEW_BULL_WAVE
SC_IDX,synthetic,2016-04-27 02:30:00,2016-04-27 04:00:00,LONG,1,297.00000000000006,297.845,14.850000000000003,14.89225,200.0,844.9999999999704,815.2577499999704,target_mean,6,NEW_BULL_WAVE
SC_IDX,synthetic,2016-04-28 05:45:00,2016-04-28 08:30:00,SHORT,1,318.3,316.93500000000006,15.915000000000001,15.846750000000004,200.0,1364.9999999999523,1333.2382499999524,target_mean,11,NEW_BULL_WAVE
SC_IDX,synthetic,2016-04-28 12:15:00,2016-04-28 12:15:00,LONG,1,319.30000000000007,319.1,15.965000000000003,15.955,200.0,-200.00000000004547,-231.9200000000455,target_mean,0,NEW_BULL_WAVE
SC_IDX,synthetic,2016-04-28 13:30:00,2016-04-28 16:00:00,SHORT,1,327.4,327.19714285714286,16.37,16.35985714285714,200.0,202.85714285711265,170.1272857142555,stop,10,NEW_BULL_WAVE
SC_IDX,synthetic,2016-04-28 17:30:00,2016-04-28 17:30:00,SHORT,1,334.2,334.40000000000003,16.71,16.720000000000002,200.0,-200.00000000004547,-233.43000000004548,stop,0,NEW_BULL_WAVE
SC_IDX,synthetic,2016-04-29 02:30:00,2016-04-29 03:00:00,SHORT,1,330.7,330.58714285714285,16.535,16.529357142857144,200.0,112.85714285713766,79.79278571428051,stop,2,NEW_BULL_WAVE
SC_IDX,synthetic,2016-04-29 03:45:00,2016-04-29 04:00:00,SHORT,1,332.2,336.71,16.61,16.8355,200.0,-4509.999999999991,-4543.445499999991,stop,1,NEW_BULL_WAVE
SC_IDX,synthetic,2016-04-29 08:00:00,2016-04-29 08:15:00,SHORT,1,340.3,337.4100000000001,17.015,16.870500000000003,200.0,2889.9999999999295,2856.1144999999296,target_mean,1,NEW_BULL_WAVE
SC_IDX,synthetic,2016-04-29 14:45:00,2016-04-29 17:15:00,SHORT,1,342.7,348.3285714285715,17.135,17.416428571428575,200.0,-5628.57142857149,-5663.122857142919,stop,10,NEW_BULL_WAVE
SC_IDX,synthetic,2016-04-30 00:45:00,2016-04-30 02:00:00,LONG,1,338.20000000000005,340.435,16.910000000000004,17.02175,200.0,2234.999999999957,2201.068249999957,target_mean,5,NEW_BULL_WAVE
SC_IDX,synthetic,2016-04-30 09:30:00,2016-04-30 09:45:00,SHORT,1,346.6,343.845,17.330000000000002,17.19225,200.0,2754.9999999999955,2720.4777499999955,target_mean,1,NEW_BULL_WAVE
SC_IDX,synthetic,2016-04-30 13:15:00,2016-04-30 14:00:00,SHORT,1,352.3,357.3285714285715,17.615000000000002,17.866428571428575,200.0,-5028.571428571468,-5064.052857142896,stop,3,NEW_BULL_WAVE
SC_IDX,synthetic,2016-05-01 06:00:00,2016-05-01 06:15:00,LONG,1,366.70000000000005,353.5,18.335000000000004,17.675,200.0,-13200.000000000045,-13236.010000000044,stop,1,NEW_BULL_WAVE
SC_IDX,synthetic,2016-05-01 09:15:00,2016-05-01 09:30:00,LONG,1,351.40000000000003,350.1,17.570000000000004,17.505000000000003,200.0,-1300.0000000000114,-1335.0750000000114,stop,1,NEW_BULL_WAVE
SC_IDX,synthetic,2016-05-01 10:30:00,2016-05-01 11:00:00,LONG,1,353.50000000000006,354.48,17.675000000000004,17.724,200.0,979.9999999999613,944.6009999999613,target_mean,2,NEW_BULL_WAVE
SC_IDX,synthetic,2016-05-01 14:00:00,2016-05-01 15:45:00,SHORT,1,365.3,361.91,18.265,18.0955,200.0,3389.9999999999864,3353.6394999999866,target_mean,7,NEW_BULL_WAVE
SC_IDX,synthetic,2016-05-02 04:00:00,2016-05-02 04:30:00,LONG,1,353.30000000000007,349.11428571428576,17.665000000000003,17.455714285714286,200.0,-4185.714285714312,-4220.8350000000255,stop,2,NEW_BULL_WAVE
SC_IDX,synthetic,2016-05-02 06:30:00,2016-05-02 09:15:00,LONG,1,345.1,345.515,17.255000000000003,17.275750000000002,200.0,414.9999999999636,380.4692499999636,target_mean,11,NEW_BULL_WAVE
SC_IDX,synthetic,2016-05-02 13:45:00,2016-05-02 16:30:00,SHORT,1,351.8,355.22857142857146,17.59,17.761428571428574,200.0,-3428.571428571445,-3463.9228571428735,stop,11,NEW_BULL_WAVE
SC_IDX,synthetic,2016-05-02 21:00:00,2016-05-02 21:30:00,SHORT,1,384.8,392.84571428571434,19.240000000000002,19.642285714285716,200.0,-8045.714285714325,-8084.596571428611,stop,2,NEW_BULL_WAVE
SC_IDX,synthetic,2016-05-02 22:00:00,2016-05-02 23:30:00,SHORT,1,391.4,396.84285714285716,19.57,19.84214285714286,200.0,-5442.857142857179,-5482.269285714321,stop,6,NEW_BULL_WAVE
SC_IDX,synthetic,2016-05-03 03:45:00,2016-05-03 04:00:00,SHORT,1,410.3,416.5457142857143,20.515,20.82728571428572,200.0,-6245.7142857143135,-6287.056571428599,stop,1,NEW_BULL_WAVE
SC_IDX,synthetic,2016-05-03 09:30:00,2016-05-03 10:30:00,SHORT,1,423.1,414.94,21.155,20.747,200.0,8160.0000000000255,8118.098000000025,target_mean,4,NEW_BULL_WAVE
SC_IDX,synthetic,2016-05-03 18:45:00,2016-05-03 18:45:00,LONG,1,386.6,386.4,19.330000000000002,19.32,200.0,-200.00000000004547,-238.65000000004548,stop,0,NEW_BULL_WAVE
SC_IDX,synthetic,2016-05-03 20:00:00,2016-05-03 20:45:00,LONG,1,385.90000000000003,380.2857142857143,19.295000000000005,19.014285714285712,200.0,-5614.2857142857565,-5652.595000000042,stop,3,NEW_BULL_WAVE
SC_IDX,synthetic,2016-05-03 21:15:00,2016-05-03 23:30:00,LONG,1,382.20000000000005,376.8428571428571,19.110000000000003,18.842142857142857,200.0,-5357.142857142946,-5395.0950000000885,stop,9,NEW_BULL_WAVE
SC_IDX,synthetic,2016-05-04 01:30:00,2016-05-04 02:30:00,LONG,1,375.50000000000006,378.235,18.775000000000002,18.91175,200.0,2734.999999999957,2697.3132499999565,target_mean,4,NEW_BULL_WAVE
SC_IDX,synthetic,2016-05-04 03:15:00,2016-05-04 05:15:00,SHORT,1,387.9,380.79,19.395,19.0395,200.0,7109.999999999956,7071.565499999956,target_mean,8,NEW_BULL_WAVE
SC_IDX,synthetic,2016-05-04 09:30:00,2016-05-04 10:00:00,SHORT,1,389.0,388.8178571428572,19.45,19.44089285714286,200.0,182.1428571428214,143.25196428567855,stop,2,NEW_BULL_WAVE
SC_IDX,synthetic,2016-05-04 16:00:00,2016-05-04 17:00:00,SHORT,1,396.9,401.6571428571429,19.845000000000002,20.082857142857147,200.0,-4757.142857142924,-4797.070714285782,stop,4,NEW_BULL_WAVE
SC_IDX,synthetic,2016-05-05 03:45:00,2016-05-05 03:45:00,SHORT,1,402.7,402.90000000000003,20.135,20.145000000000003,200.0,-200.00000000004547,-240.28000000004548,stop,0,NEW_BULL_WAVE
SC_IDX,synthetic,2016-05-05 13:45:00,2016-05-05 14:15:00,LONG,1,391.30000000000007,386.4142857142857,19.565000000000005,19.32071428571429,200.0,-4885.714285714357,-4924.600000000071,stop,2,NEW_BULL_WAVE
SC_IDX,synthetic,2016-05-05 18:45:00,2016-05-05 20:30:00,LONG,1,377.40000000000003,381.885,18.870000000000005,19.094250000000002,200.0,4484.999999999956,4447.035749999956,target_mean,7,NEW_BULL_WAVE
SC_IDX,synthetic,2016-05-07 01:30:00,2016-05-07 01:45:00,LONG,1,358.90000000000003,355.91428571428565,17.945000000000004,17.795714285714286,200.0,-2985.71428571438,-3021.4550000000945,stop,1,NEW_BULL_WAVE
SC_IDX,synthetic,2016-05-07 02:30:00,2016-05-07 02:30:00,LONG,1,357.1,353.7142857142857,17.855,17.685714285714287,200.0,-3385.7142857143003,-3421.2550000000147,stop,0,NEW_BULL_WAVE
SC_IDX,synthetic,2016-05-07 03:30:00,2016-05-07 03:30:00,LONG,1,357.6,359.17,17.880000000000003,17.9585,200.0,1569.9999999999932,1534.161499999993,target_mean,0,NEW_BULL_WAVE
SC_IDX,synthetic,2016-05-07 12:15:00,2016-05-07 13:00:00,LONG,1,356.50000000000006,350.5428571428572,17.825000000000003,17.527142857142863,200.0,-5957.142857142855,-5992.494999999998,stop,3,NEW_BULL_WAVE
SC_IDX,synthetic,2016-05-08 00:15:00,2016-05-08 02:00:00,LONG,1,335.30000000000007,336.285,16.765000000000004,16.81425,200.0,984.9999999999568,951.4207499999568,target_mean,7,NEW_BULL_WAVE
SC_IDX,synthetic,2016-05-08 07:45:00,2016-05-08 11:00:00,LONG,1,318.40000000000003,322.195,15.920000000000003,16.109750000000002,200.0,3794.999999999959,3762.970249999959,target_mean,13,NEW_BULL_WAVE
SC_IDX,synthetic,2016-05-08 15:15:00,2016-05-08 15:15:00,LONG,1,313.30000000000007,313.1,15.665000000000004,15.655000000000001,200.0,-200.00000000004547,-231.32000000004547,stop,0,NEW_BULL_WAVE
SC_IDX,synthetic,2016-05-09 01:30:00,2016-05-09 01:30:00,LONG,1,320.00000000000006,319.8,16.000000000000004,15.99,200.0,-200.00000000004547,-231.99000000004548,target_mean,0,NEW_BULL_WAVE
SC_IDX,synthetic,2016-05-09 03:00:00,2016-05-09 04:00:00,SHORT,1,322.2,327.37857142857143,16.11,16.368928571428572,200.0,-5178.571428571445,-5211.0503571428735,stop,4,NEW_BULL_WAVE
SC_IDX,synthetic,2016-05-09 07:15:00,2016-05-09 07:45:00,SHORT,1,335.9,335.7264285714286,16.795,16.78632142857143,200.0,173.57142857139252,139.99010714282107,stop,2,NEW_BULL_WAVE
SC_IDX,synthetic,2016-05-09 12:00:00,2016-05-09 13:30:00,SHORT,1,339.8,335.69000000000005,16.990000000000002,16.784500000000005,200.0,4109.999999999956,4076.2254999999564,target_mean,6,NEW_BULL_WAVE
SC_IDX,synthetic,2016-05-10 11:45:00,2016-05-10 12:45:00,SHORT,1,340.6,338.665,17.03,16.93325,200.0,1935.0000000000023,1901.0367500000023,target_mean,4,NEW_BULL_WAVE
SC_IDX,synthetic,2016-05-10 15:45:00,2016-05-10 17:45:00,LONG,1,330.1,331.28,16.505000000000003,16.564,200.0,1179.99999999995,1146.9309999999498,target_mean,8,NEW_BULL_WAVE
SC_IDX,synthetic,2016-05-10 22:45:00,2016-05-11 00:15:00,SHORT,1,335.7,334.27000000000004,16.785,16.713500000000003,200.0,1429.99999999995,1396.5014999999498,target_mean,6,NEW_BULL_WAVE
SC_IDX,synthetic,2016-05-11 05:15:00,2016-05-11 06:45:00,LONG,1,329.20000000000005,330.4,16.460000000000004,16.52,200.0,1199.9999999999318,1167.0199999999318,target_mean,6,NEW_BULL_WAVE
SC_IDX,synthetic,2016-05-11 10:00:00,2016-05-11 10:15:00,SHORT,1,336.1,335.9385714285715,16.805,16.796928571428573,200.0,161.42857142853018,127.8266428571016,stop,1,NEW_BULL_WAVE
SC_IDX,synthetic,2016-05-11 18:00:00,2016-05-11 18:00:00,SHORT,1,335.8,336.00000000000006,16.79,16.800000000000004,200.0,-200.00000000004547,-233.59000000004548,stop,0,NEW_BULL_WAVE
SC_IDX,synthetic,2016-05-12 00:00:00,2016-05-12 00:00:00,SHORT,1,338.2,334.68000000000006,16.91,16.734000000000005,200.0,3519.999999999925,3486.355999999925,target_mean,0,NEW_BULL_WAVE
SC_IDX,synthetic,2016-05-12 17:00:00,2016-05-12 17:00:00,LONG,1,316.70000000000005,314.0571428571428,15.835000000000004,15.702857142857143,200.0,-2642.857142857224,-2674.3950000000814,stop,0,NEW_BULL_WAVE
SC_IDX,synthetic,2016-05-13 03:00:00,2016-05-13 04:00:00,LONG,1,306.70000000000005,303.90000000000003,15.335000000000004,15.195000000000004,200.0,-2800.0000000000114,-2830.5300000000116,stop,4,NEW_BULL_WAVE
SC_IDX,synthetic,2016-05-13 14:45:00,2016-05-13 14:45:00,SHORT,1,321.1,321.30000000000007,16.055,16.065000000000005,200.0,-200.00000000004547,-232.12000000004548,stop,0,NEW_BULL_WAVE
SC_IDX,synthetic,2016-05-13 22:15:00,2016-05-13 22:30:00,LONG,1,306.40000000000003,306.51714285714286,15.320000000000004,15.325857142857142,200.0,117.14285714282369,86.49699999996653,stop,1,NEW_BULL_WAVE
SC_IDX,synthetic,2016-05-13 23:45:00,2016-05-13 23:45:00,LONG,1,305.70000000000005,302.54285714285714,15.285000000000004,15.127142857142859,200.0,-3157.142857142901,-3187.5550000000435,stop,0,NEW_BULL_WAVE
SC_IDX,synthetic,2016-05-14 00:45:00,2016-05-14 00:45:00,LONG,1,304.70000000000005,300.8071428571429,15.235000000000003,15.040357142857145,200.0,-3892.857142857167,-3923.1325000000243,stop,0,NEW_BULL_WAVE
SC_IDX,synthetic,2016-05-14 01:45:00,2016-05-14 01:45:00,LONG,1,298.70000000000005,298.5,14.935000000000004,14.925,200.0,-200.00000000004547,-229.8600000000455,stop,0,NEW_BULL_WAVE
SC_IDX,synthetic,2016-05-14 05:45:00,2016-05-14 07:15:00,LONG,1,294.8,291.49999999999994,14.74,14.574999999999998,200.0,-3300.000000000068,-3329.315000000068,stop,6,NEW_BULL_WAVE
SC_IDX,synthetic,2016-05-14 09:45:00,2016-05-14 10:15:00,LONG,1,286.8,290.615,14.34,14.530750000000001,200.0,3814.9999999999977,3786.1292499999977,target_mean,2,NEW_BULL_WAVE
SC_IDX,synthetic,2016-05-15 01:15:00,2016-05-15 02:00:00,SHORT,1,308.4,311.68571428571437,15.42,15.58428571428572,200.0,-3285.7142857143913,-3316.718571428677,stop,3,NEW_BULL_WAVE
SC_IDX,synthetic,2016-05-15 03:00:00,2016-05-15 03:30:00,SHORT,1,315.5,319.5857142857143,15.775,15.979285714285714,200.0,-4085.714285714289,-4117.468571428574,stop,2,NEW_BULL_WAVE
SC_IDX,synthetic,2016-05-15 10:15:00,2016-05-15 10:15:00,SHORT,1,325.8,322.6500000000001,16.29,16.132500000000007,200.0,3149.9999999999204,3117.5774999999203,target_mean,0,NEW_BULL_WAVE
SC_IDX,synthetic,2016-05-16 00:00:00,2016-05-16 00:45:00,SHORT,1,315.0,321.15571428571434,15.75,16.057785714285718,200.0,-6155.714285714339,-6187.522071428624,stop,3,NEW_BULL_WAVE
SC_IDX,synthetic,2016-05-17 00:15:00,2016-05-17 01:00:00,SHORT,1,302.2,305.3857142857143,15.110000000000001,15.269285714285717,200.0,-3185.7142857143117,-3216.0935714285974,stop,3,NEW_BULL_WAVE
SC_IDX,synthetic,2016-05-17 02:00:00,2016-05-17 03:15:00,SHORT,1,304.4,302.6,15.22,15.13,200.0,1799.9999999999545,1769.6499999999544,target_mean,5,NEW_BULL_WAVE
SC_IDX,synthetic,2016-05-17 05:15:00,2016-05-17 05:30:00,SHORT,1,306.8,305.235,15.34,15.261750000000001,200.0,1564.9999999999977,1534.398249999998,target_mean,1,NEW_BULL_WAVE
SC_IDX,synthetic,2016-05-17 20:30:00,2016-05-17 23:30:00,SHORT,1,308.7,308.18000000000006,15.435,15.409000000000004,200.0,519.999999999925,489.155999999925,target_mean,12,NEW_BULL_WAVE
SC_IDX,synthetic,2016-05-18 04:45:00,2016-05-18 05:45:00,LONG,1,298.20000000000005,293.2914285714286,14.910000000000004,14.66457142857143,200.0,-4908.571428571463,-4938.146000000034,stop,4,NEW_BULL_WAVE
SC_IDX,synthetic,2016-05-18 06:30:00,2016-05-18 07:30:00,LONG,1,291.20000000000005,286.71428571428567,14.560000000000004,14.335714285714285,200.0,-4485.71428571438,-4514.610000000094,stop,4,NEW_BULL_WAVE
SC_IDX,synthetic,2016-05-18 09:45:00,2016-05-18 10:45:00,LONG,1,284.70000000000005,288.44499999999994,14.235000000000003,14.422249999999998,200.0,3744.999999999891,3716.3427499998907,target_mean,4,NEW_BULL_WAVE
SC_IDX,synthetic,2016-05-18 15:00:00,2016-05-18 17:15:00,LONG,1,276.50000000000006,271.8571428571429,13.825000000000003,13.592857142857145,200.0,-4642.857142857167,-4670.275000000023,stop,9,NEW_BULL_WAVE
SC_IDX,synthetic,2016-05-18 18:00:00,2016-05-18 19:00:00,LONG,1,270.3,270.45714285714286,13.515,13.522857142857143,200.0,157.14285714284415,130.10499999998703,stop,4,NEW_BULL_WAVE
SC_IDX,synthetic,2016-05-19 00:30:00,2016-05-19 02:00:00,SHORT,1,279.4,275.16,13.97,13.758000000000001,200.0,4239.999999999953,4212.271999999953,target_mean,6,NEW_BULL_WAVE
SC_IDX,synthetic,2016-05-20 05:00:00,2016-05-20 05:45:00,LONG,1,264.40000000000003,268.3,13.220000000000004,13.415000000000001,200.0,3899.9999999999773,3873.3649999999775,target_mean,3,NEW_BULL_WAVE
SC_IDX,synthetic,2016-05-20 07:45:00,2016-05-20 08:00:00,SHORT,1,275.8,275.8,13.790000000000001,13.790000000000001,200.0,-0.0,-27.580000000000002,stop,1,NEW_BULL_WAVE
SC_IDX,synthetic,2016-05-21 00:15:00,2016-05-21 00:15:00,SHORT,1,272.7,276.1,13.635,13.805000000000001,200.0,-3400.000000000034,-3427.440000000034,stop,0,NEW_BULL_WAVE
SC_IDX,synthetic,2016-05-21 01:15:00,2016-05-21 01:15:00,SHORT,1,277.0,277.20000000000005,13.850000000000001,13.860000000000003,200.0,-200.00000000004547,-227.71000000004548,stop,0,NEW_BULL_WAVE
SC_IDX,synthetic,2016-05-21 02:45:00,2016-05-21 02:45:00,SHORT,1,277.8,273.99,13.89,13.6995,200.0,3810.0000000000023,3782.4105000000022,target_mean,0,NEW_BULL_WAVE
SC_IDX,synthetic,2016-05-21 05:15:00,2016-05-21 07:00:00,SHORT,1,282.59999999999997,279.34000000000003,14.129999999999997,13.967000000000004,200.0,3259.999999999934,3231.902999999934,target_mean,7,NEW_BULL_WAVE
SC_IDX,synthetic,2016-05-21 11:30:00,2016-05-21 11:30:00,LONG,1,275.6,275.4,13.780000000000001,13.770000000000001,200.0,-200.00000000004547,-227.5500000000455,stop,0,NEW_BULL_WAVE
SC_IDX,synthetic,2016-05-21 20:15:00,2016-05-21 20:45:00,LONG,1,274.70000000000005,276.705,13.735000000000003,13.83525,200.0,2004.9999999999386,1977.4297499999386,target_mean,2,NEW_BULL_WAVE
SC_IDX,synthetic,2016-05-21 22:00:00,2016-05-21 23:00:00,LONG,1,274.70000000000005,271.7285714285714,13.735000000000003,13.586428571428572,200.0,-2971.428571428646,-2998.750000000075,stop,4,NEW_BULL_WAVE
SC_IDX,synthetic,2016-05-22 10:15:00,2016-05-22 11:15:00,LONG,1,253.3,253.44000000000003,12.665000000000001,12.672000000000002,200.0,140.00000000001478,114.66300000001478,stop,4,NEW_BULL_WAVE
SC_IDX,synthetic,2016-05-22 22:30:00,2016-05-23 00:00:00,LONG,1,255.5,256.34,12.775,12.816999999999998,200.0,839.999999999975,814.407999999975,target_mean,6,NEW_BULL_WAVE
SC_IDX,synthetic,2016-05-23 00:15:00,2016-05-23 00:30:00,LONG,1,253.9,255.92000000000004,12.695,12.796000000000003,200.0,2020.0000000000387,1994.5090000000387,target_mean,1,NEW_BULL_WAVE
SC_IDX,synthetic,2016-05-24 02:00:00,2016-05-24 02:30:00,SHORT,1,255.00000000000003,252.00500000000002,12.750000000000002,12.600250000000003,200.0,2995.0000000000045,2969.6497500000046,target_mean,2,NEW_BULL_WAVE
SC_IDX,synthetic,2016-05-24 05:00:00,2016-05-24 08:30:00,SHORT,1,261.3,262.1,13.065000000000001,13.105000000000002,200.0,-800.0000000000114,-826.1700000000114,time_stop,14,NEW_BULL_WAVE
SC_IDX,synthetic,2016-05-24 13:30:00,2016-05-24 13:30:00,LONG,1,253.5,249.35000000000002,12.675,12.467500000000003,200.0,-4149.999999999977,-4175.142499999977,stop,0,NEW_BULL_WAVE
SC_IDX,synthetic,2016-05-24 15:30:00,2016-05-24 17:15:00,LONG,1,245.8,249.06000000000003,12.290000000000001,12.453000000000001,200.0,3260.000000000019,3235.257000000019,target_mean,7,NEW_BULL_WAVE
SC_IDX,synthetic,2016-05-24 21:30:00,2016-05-24 21:45:00,SHORT,1,255.3,251.405,12.765,12.570250000000001,200.0,3895.00000000001,3869.66475000001,target_mean,1,NEW_BULL_WAVE
SC_IDX,synthetic,2016-05-25 08:30:00,2016-05-25 08:45:00,SHORT,1,273.4,274.8,13.67,13.74,200.0,-1400.000000000034,-1427.4100000000342,stop,1,NEW_BULL_WAVE
SC_IDX,synthetic,2016-05-25 09:30:00,2016-05-25 09:30:00,SHORT,1,268.7,268.90000000000003,13.435,13.445000000000004,200.0,-200.00000000004547,-226.88000000004547,target_mean,0,NEW_BULL_WAVE
SC_IDX,synthetic,2016-05-25 14:45:00,2016-05-25 15:00:00,LONG,1,256.8,252.71428571428572,12.84,12.635714285714286,200.0,-4085.714285714289,-4111.190000000003,stop,1,NEW_BULL_WAVE
SC_IDX,synthetic,2016-05-25 18:15:00,2016-05-25 18:15:00,LONG,1,253.70000000000002,253.53000000000003,12.685000000000002,12.676500000000003,200.0,-169.9999999999875,-195.3614999999875,target_mean,0,NEW_BULL_WAVE
SC_IDX,synthetic,2016-05-26 08:15:00,2016-05-26 09:30:00,SHORT,1,259.09999999999997,257.19000000000005,12.954999999999998,12.859500000000004,200.0,1909.9999999999113,1884.1854999999114,target_mean,5,NEW_BULL_WAVE
SC_IDX,synthetic,2016-05-26 11:30:00,2016-05-26 12:30:00,LONG,1,252.1,248.48571428571432,12.605,12.424285714285716,200.0,-3614.285714285671,-3639.314999999957,stop,4,NEW_BULL_WAVE
SC_IDX,synthetic,2016-05-27 02:30:00,2016-05-27 02:45:00,SHORT,1,261.7,261.8,13.085,13.09,200.0,-100.00000000002274,-126.17500000002275,stop,1,NEW_BULL_WAVE
SC_IDX,synthetic,2016-05-27 07:00:00,2016-05-27 07:15:00,SHORT,1,265.7,265.645,13.285,13.282250000000001,200.0,55.00000000000682,28.432750000006823,stop,1,NEW_BULL_WAVE
SC_IDX,synthetic,2016-05-27 08:30:00,2016-05-27 08:45:00,SHORT,1,267.09999999999997,267.03,13.354999999999997,13.351500000000001,200.0,69.99999999999318,43.29349999999318,stop,1,NEW_BULL_WAVE
SC_IDX,synthetic,2016-05-27 12:45:00,2016-05-27 13:30:00,SHORT,1,270.2,272.5428571428572,13.51,13.62714285714286,200.0,-2342.8571428572127,-2369.9942857143556,stop,3,NEW_BULL_WAVE
SC_IDX,synthetic,2016-05-27 17:15:00,2016-05-27 19:00:00,LONG,1,266.00000000000006,261.55714285714294,13.300000000000004,13.077857142857146,200.0,-4442.857142857121,-4469.234999999979,stop,7,NEW_BULL_WAVE
SC_IDX,synthetic,2016-05-28 10:00:00,2016-05-28 11:00:00,LONG,1,258.8,258.9135714285714,12.940000000000001,12.94567857142857,200.0,113.57142857139024,87.68574999996167,stop,4,NEW_BULL_WAVE
SC_IDX,synthetic,2016-05-28 13:30:00,2016-05-28 16:30:00,SHORT,1,267.9,265.76000000000005,13.395000000000001,13.288000000000004,200.0,2139.9999999999295,2113.3169999999295,target_mean,12,NEW_BULL_WAVE
SC_IDX,synthetic,2016-05-28 18:15:00,2016-05-28 19:00:00,SHORT,1,269.4,273.2857142857143,13.47,13.664285714285713,200.0,-3885.7142857143003,-3912.8485714285857,stop,3,NEW_BULL_WAVE
SC_IDX,synthetic,2016-05-29 00:00:00,2016-05-29 00:30:00,SHORT,1,272.7,270.895,13.635,13.54475,200.0,1805.0000000000068,1777.8202500000068,target_mean,2,NEW_BULL_WAVE
SC_IDX,synthetic,2016-05-29 05:00:00,2016-05-29 05:00:00,LONG,1,265.90000000000003,261.5571428571429,13.295000000000003,13.077857142857145,200.0,-4342.857142857156,-4369.230000000013,stop,0,NEW_BULL_WAVE
SC_IDX,synthetic,2016-05-29 19:45:00,2016-05-29 22:15:00,LONG,1,250.5,247.8714285714286,12.525,12.39357142857143,200.0,-2628.571428571405,-2653.489999999976,stop,10,NEW_BULL_WAVE
SC_IDX,synthetic,2016-05-30 07:00:00,2016-05-30 08:00:00,LONG,1,242.70000000000002,242.20000000000002,12.135000000000002,12.110000000000001,200.0,-500.0,-524.245,stop,4,NEW_BULL_WAVE
SC_IDX,synthetic,2016-05-30 16:45:00,2016-05-30 18:00:00,SHORT,1,258.4,255.68499999999997,12.92,12.784249999999998,200.0,2715.0000000000036,2689.2957500000034,target_mean,5,NEW_BULL_WAVE
SC_IDX,synthetic,2016-05-30 19:15:00,2016-05-30 20:15:00,SHORT,1,259.2,261.4714285714286,12.96,13.07357142857143,200.0,-2271.4285714286007,-2297.4621428571722,stop,4,NEW_BULL_WAVE
SC_IDX,synthetic,2016-05-31 06:15:00,2016-05-31 07:00:00,SHORT,1,260.5,259.175,13.025,12.95875,200.0,1324.9999999999886,1299.0162499999885,target_mean,3,NEW_BULL_WAVE
SC_IDX,synthetic,2016-05-31 08:45:00,2016-05-31 09:45:00,SHORT,1,261.9,260.55,13.094999999999999,13.0275,200.0,1349.999999999966,1323.877499999966,target_mean,4,NEW_BULL_WAVE
SC_IDX,synthetic,2016-05-31 19:15:00,2016-05-31 19:30:00,SHORT,1,264.7,263.88000000000005,13.235000000000001,13.194000000000004,200.0,819.9999999999363,793.5709999999364,target_mean,1,NEW_BULL_WAVE
SC_IDX,synthetic,2016-06-01 13:30:00,2016-06-01 13:30:00,LONG,1,256.90000000000003,256.7,12.845000000000002,12.835,200.0,-200.00000000004547,-225.68000000004548,stop,0,NEW_BULL_WAVE
SC_IDX,synthetic,2016-06-01 21:15:00,2016-06-01 21:45:00,LONG,1,250.0,252.65,12.5,12.6325,200.0,2650.0000000000055,2624.8675000000053,target_mean,2,NEW_BULL_WAVE
SC_IDX,synthetic,2016-06-02 19:00:00,2016-06-02 19:00:00,LONG,1,256.0,256.54,12.8,12.827000000000002,200.0,540.0000000000205,514.3730000000205,target_mean,0,NEW_BULL_WAVE
SC_IDX,synthetic,2016-06-03 01:00:00,2016-06-03 01:00:00,SHORT,1,262.3,261.235,13.115,13.06175,200.0,1064.9999999999977,1038.8232499999976,target_mean,0,NEW_BULL_WAVE
SC_IDX,synthetic,2016-06-03 07:15:00,2016-06-03 09:30:00,LONG,1,253.4,255.80500000000004,12.67,12.790250000000002,200.0,2405.0000000000296,2379.5397500000295,target_mean,9,NEW_BULL_WAVE
SC_IDX,synthetic,2016-06-03 10:30:00,2016-06-03 11:00:00,SHORT,1,261.09999999999997,261.50000000000006,13.055,13.075000000000003,200.0,-400.00000000009095,-426.13000000009094,stop,2,NEW_BULL_WAVE
SC_IDX,synthetic,2016-06-03 14:00:00,2016-06-03 15:15:00,SHORT,1,271.4,275.7428571428572,13.57,13.787142857142861,200.0,-4342.857142857212,-4370.214285714354,stop,5,NEW_BULL_WAVE
SC_IDX,synthetic,2016-06-03 22:15:00,2016-06-03 22:30:00,SHORT,1,278.8,275.40500000000003,13.940000000000001,13.770250000000004,200.0,3394.999999999982,3367.2897499999817,target_mean,1,NEW_BULL_WAVE
SC_IDX,synthetic,2016-06-04 00:15:00,2016-06-04 00:15:00,SHORT,1,276.2,276.24,13.81,13.812000000000001,200.0,-40.000000000020464,-67.62200000002046,target_mean,0,NEW_BULL_WAVE
SC_IDX,synthetic,2016-06-04 01:45:00,2016-06-04 01:45:00,LONG,1,274.50000000000006,276.04499999999996,13.725000000000003,13.802249999999997,200.0,1544.9999999999022,1517.4727499999024,target_mean,0,NEW_BULL_WAVE
SC_IDX,synthetic,2016-06-04 12:15:00,2016-06-04 12:30:00,SHORT,1,279.3,274.20000000000005,13.965,13.710000000000004,200.0,5099.999999999965,5072.324999999965,target_mean,1,NEW_BULL_WAVE
SC_IDX,synthetic,2016-06-04 14:30:00,2016-06-04 14:45:00,LONG,1,266.40000000000003,266.4,13.320000000000004,13.32,200.0,-5.6843418860808015e-11,-26.640000000056848,stop,1,NEW_BULL_WAVE
SC_IDX,synthetic,2016-06-04 16:45:00,2016-06-04 17:30:00,LONG,1,262.00000000000006,267.515,13.100000000000003,13.37575,200.0,5514.999999999929,5488.5242499999285,target_mean,3,NEW_BULL_WAVE
SC_IDX,synthetic,2016-06-04 21:45:00,2016-06-04 21:45:00,LONG,1,264.00000000000006,265.09,13.200000000000003,13.2545,200.0,1089.9999999999181,1063.545499999918,target_mean,0,NEW_BULL_WAVE
SC_IDX,synthetic,2016-06-05 03:45:00,2016-06-05 03:45:00,LONG,1,252.1,254.57000000000002,12.605,12.728500000000002,200.0,2470.0000000000273,2444.666500000027,target_mean,0,NEW_BULL_WAVE
